2026-08-26 14:27:01 | INFO | tradehull_pro | TradeHull Pro Platform v3 — Sprint 4.0 paper-position lifecycle starting
2026-08-26 14:27:01 | INFO | tradehull_pro | Platform version=4.0.1-sprint4
2026-08-26 14:27:01 | INFO | tradehull_pro | Config module=/Users/srinivas/DhanHQ/tradehull_pro_platform_v3_sprint4_0_1/config.py
2026-08-26 14:27:01 | INFO | tradehull_pro | DRY_RUN=True
2026-08-26 14:27:01 | INFO | tradehull_pro | Sprint 4.0 scope: paper entries + persistent positions + partial exits + breakeven/trailing + 15:15 square-off; NO LIVE ORDERS
2026-08-26 14:27:04 | INFO | tradehull_pro | Native Dhan market-data adapter: READY | source=TRADEHULL_AUTHENTICATED_NATIVE_DHAN | detail=tradehull.Dhan
2026-08-26 14:27:06 | INFO | tradehull_pro | Instrument resolver: TradeHull/Dhan instrument master normalized and cached
2026-08-26 14:27:06 | INFO | tradehull_pro | Instrument master | raw rows=207442 | options=182222 | underlyings=229 | expiries=103 | range=2024-08-23..2031-06-26 | cache=BUILT
2026-08-26 14:27:06 | INFO | tradehull_pro | Instrument schema | underlying=SM_SYMBOL_NAME | trading_symbol=SEM_TRADING_SYMBOL | expiry=SEM_EXPIRY_DATE | strike=SEM_STRIKE_PRICE | option_type=SEM_OPTION_TYPE
2026-08-26 14:27:09 | INFO | tradehull_pro | Session start balance: ₹179179.69
2026-08-26 14:27:09 | INFO | tradehull_pro | Strategy capital base: ₹150000.00
2026-08-26 14:27:09 | INFO | tradehull_pro | Strategy daily loss threshold: ₹2250.00
2026-08-26 14:27:09 | INFO | tradehull_pro | Account P&L: ₹29864.25
2026-08-26 14:27:09 | INFO | tradehull_pro | Position ownership | managed=0 | external=0 | strategy P&L=₹0.00 | external P&L=₹0.00
2026-08-26 14:27:09 | INFO | tradehull_pro | Paper portfolio | open=0 | strategy P&L=₹0.00 | daily trades=0/5
2026-08-26 14:27:09 | INFO | tradehull_pro | Execution path: normalized instrument master -> native Dhan security-ID quotes -> verified scoring; symbol quote fallback is diagnostics-only
2026-08-26 14:27:09 | INFO | tradehull_pro | Native Dhan diagnostic | type=dhanhq.dhanhq.dhanhq | source=TRADEHULL_AUTHENTICATED_NATIVE_DHAN | methods=quote_data
2026-08-26 14:27:12 | INFO | tradehull_pro | Scan 14:27 | Account P&L ₹29864.25 | Paper P&L ₹0.00 | Paper 0/2 | External 0 | Trades 0/5 | Risk=OK
2026-08-26 14:27:14 | INFO | tradehull_pro | Near BEAR TATACONSUM: 80% | Blocked by: ENTRY_TRIGGER | Trigger detail: VWAP[TOUCH] | BREAKOUT[BREAKOUT] | TREND_CONT[ADX,PROGRESS]
2026-08-26 14:27:16 | INFO | tradehull_pro | Near BULL HINDALCO: 80% | Blocked by: ENTRY_TRIGGER | Trigger detail: VWAP[TOUCH,BODY,WICK] | BREAKOUT[BREAKOUT] | TREND_CONT[DIRECTION,CLOSE_LOCATION,PROGRESS,STRUCTURE]
2026-08-26 14:27:21 | INFO | tradehull_pro | Near BULL DRREDDY: 80% | Blocked by: MACRO_BULL
2026-08-26 14:27:24 | INFO | tradehull_pro | Near BEAR COALINDIA: 80% | Blocked by: MACRO_BEAR
2026-08-26 14:27:28 | INFO | tradehull_pro | 🌟 BULL signal JSWSTEEL | score 100 | model=BREAKOUT_CONTINUATION
2026-08-26 14:27:28 | INFO | tradehull_pro | JSWSTEEL resolver: 9 nearby contracts from instrument master
2026-08-26 14:27:28 | WARNING | tradehull_pro | NATIVE_QUOTE_DEBUG | symbol=JSWSTEEL | segment=NSE_FNO | requested_ids=['86805', '119288', '119290', '86803', '86807', '119286', '119292', '86799', '86809'] | response_type=dict | raw={'status': 'success', 'remarks': '', 'data': {'data': {'NSE_FNO': {'119286': {'52_week_high': 0, '52_week_low': 0, 'average_price': 64.45, 'buy_quantity': 402300, 'depth': {'buy': [{'quantity': 675, 'orders': 1, 'price': 69.95}, {'quantity': 675, 'orders': 1, 'price': 69.9}, {'quantity': 675, 'orders': 1, 'price': 69.5}, {'quantity': 1350, 'orders': 1, 'price': 69.2}, {'quantity': 675, 'orders': 1, 'price': 69.15}], 'sell': [{'quantity': 675, 'orders': 1, 'price': 71.5}, {'quantity': 675, 'orders': 1, 'price': 71.55}, {'quantity': 675, 'orders': 1, 'price': 71.7}, {'quantity': 1350, 'orders': 1, 'price': 72.05}, {'quantity': 675, 'orders': 1, 'price': 72.3}]}, 'last_price': 69.45, 'last_quantity': 675, 'last_trade_time': '26/08/2026 14:22:59', 'lower_circuit_limit': 19.5, 'net_change': 9.5, 'ohlc': {'open': 59.95, 'close': 59.95, 'high': 70, 'low': 55.45}, 'oi': 113400, 'oi_day_high': 113400, 'oi_day_low': 89100, 'sell_quantity': 418500, 'upper_circuit_limit': 100.4, 'volume': 57375}, '119288': {'52_week_high': 0, '52_week_low': 0, 'average_price': 35.39, 'buy_quantity': 453600, 'depth': {'buy': [{'quantity': 675, 'orders': 1, 'price': 42}, {'quantity': 675, 'orders': 1, 'price': 41.8}, {'quantity': 675, 'orders': 1, 'price': 41.75}, {'quantity': 675, 'orders': 1, 'price': 41.65}, {'quantity': 2700, 'orders': 3, 'price': 41.55}], 'sell': [{'quantity': 1350, 'orders': 2, 'price': 42.35}, {'quantity': 675, 'orders': 1, 'price': 42.5}, {'quantity': 675, 'orders': 1, 'price': 42.55}, {'quantity': 675, 'orders': 1, 'price': 42.6}, {'quantity': 1350, 'orders': 1, 'price': 42.7}]}, 'last_price': 42, 'last_quantity': 675, 'last_trade_time': '26/08/2026 14:27:18', 'lower_circuit_limit': 0.85, 'net_change': 8.55, 'ohlc': {'open': 33.5, 'close': 33.45, 'high': 43.65, 'low': 30.4}, 'oi': 477225, 'oi_day_high': 560925, 'oi_day_low': 477225, 'sell_quantity': 429300, 'upper_circuit_limit': 66.05, 'volume': 940950}, '119290': {'52_week_high': 0, '52_week_low': 0, 'average_price': 17.89, 'buy_quantity': 552825, 'depth': {'buy': [{'quantity': 1350, 'orders': 2, 'price': 22.05}, {'quantity': 2025, 'orders': 3, 'price': 22}, {'quantity': 1350, 'orders': 2, 'price': 21.95}, {'quantity': 2700, 'orders': 4, 'price': 21.85}, {'quantity': 675, 'orders': 1, 'price': 21.8}], 'sell': [{'quantity': 675, 'orders': 1, 'price': 22.25}, {'quantity': 2700, 'orders': 2, 'price': 22.3}, {'quantity': 675, 'orders': 1, 'price': 22.35}, {'quantity': 1350, 'orders': 2, 'price': 22.4}, {'quantity': 675, 'orders': 1, 'price': 22.45}]}, 'last_price': 22.25, 'last_quantity': 675, 'last_trade_time': '26/08/2026 14:27:25', 'lower_circuit_limit': 0.05, 'net_change': 4.95, 'ohlc': {'open': 17.3, 'close': 17.3, 'high': 23, 'low': 15.35}, 'oi': 398250, 'oi_day_high': 402300, 'oi_day_low': 361125, 'sell_quantity': 460350, 'upper_circuit_limit': 42, 'volume': 861975}, '119292': {'52_week_high': 0, '52_week_low': 0, 'average_price': 8.34, 'buy_quantity': 602100, 'depth': {'buy': [{'quantity': 3375, 'orders': 4, 'price': 10.25}, {'quantity': 4725, 'orders': 4, 'price': 10.2}, {'quantity': 3375, 'orders': 4, 'price': 10.15}, {'quantity': 7425, 'orders': 8, 'price': 10.1}, {'quantity': 2025, 'orders': 2, 'price': 10.05}], 'sell': [{'quantity': 2700, 'orders': 4, 'price': 10.4}, {'quantity': 2025, 'orders': 3, 'price': 10.45}, {'quantity': 3375, 'orders': 4, 'price': 10.5}, {'quantity': 4050, 'orders': 5, 'price': 10.55}, {'quantity': 2700, 'orders': 3, 'price': 10.6}]}, 'last_price': 10.4, 'last_quantity': 675, 'last_trade_time': '26/08/2026 14:27:13', 'lower_circuit_limit': 0.05, 'net_change': 1.8, 'ohlc': {'open': 7.85, 'close': 8.6, 'high': 10.9, 'low': 6.5}, 'oi': 332100, 'oi_day_high': 332100, 'oi_day_low': 261900, 'sell_quantity': 536625, 'upper_circuit_limit': 28.6, 'volume': 607500}, '86799': {'52_week_high': 0, '52_week_low': 0, 'average_price': 75.62, 'buy_quantity': 257850, 'depth': {'buy': [{'quantity': 2025, 'orders': 3, 'price': 84.95}, {'quantity': 675, 'orders': 1, 'price': 84.9}, {'quantity': 2025, 'orders': 1, 'price': 84.85}, {'quantity': 4050, 'orders': 1, 'price': 84.65}, {'quantity': 2700, 'orders': 1, 'price': 83.35}], 'sell': [{'quantity': 675, 'orders': 1, 'price': 89.1}, {'quantity': 675, 'orders': 1, 'price': 89.15}, {'quantity': 675, 'orders': 1, 'price': 89.2}, {'quantity': 4050, 'orders': 1, 'price': 89.8}, {'quantity': 2025, 'orders': 1, 'price': 91.75}]}, 'last_price': 75.25, 'last_quantity': 675, 'last_trade_time': '26/08/2026 11:15:39', 'lower_circuit_limit': 27.4, 'net_change': 3.75, 'ohlc': {'open': 76, 'close': 71.5, 'high': 76, 'low': 75.25}, 'oi': 41850, 'oi_day_high': 41850, 'oi_day_low': 41850, 'sell_quantity': 242325, 'upper_circuit_limit': 115.6, 'volume': 1350}, '86803': {'52_week_high': 0, '52_week_low': 0, 'average_price': 46.22, 'buy_quantity': 425250, 'depth': {'buy': [{'quantity': 675, 'orders': 1, 'price': 55.05}, {'quantity': 675, 'orders': 1, 'price': 55}, {'quantity': 675, 'orders': 1, 'price': 54.95}, {'quantity': 675, 'orders': 1, 'price': 54.7}, {'quantity': 675, 'orders': 1, 'price': 54.65}], 'sell': [{'quantity': 675, 'orders': 1, 'price': 55.55}, {'quantity': 675, 'orders': 1, 'price': 55.6}, {'quantity': 675, 'orders': 1, 'price': 55.85}, {'quantity': 675, 'orders': 1, 'price': 55.95}, {'quantity': 675, 'orders': 1, 'price': 56}]}, 'last_price': 56.15, 'last_quantity': 675, 'last_trade_time': '26/08/2026 14:26:54', 'lower_circuit_limit': 8.45, 'net_change': 11.1, 'ohlc': {'open': 45.6, 'close': 45.05, 'high': 56.5, 'low': 41}, 'oi': 273375, 'oi_day_high': 348975, 'oi_day_low': 273375, 'sell_quantity': 420525, 'upper_circuit_limit': 81.65, 'volume': 371250}, '86805': {'52_week_high': 0, '52_week_low': 0, 'average_price': 26.45, 'buy_quantity': 531900, 'depth': {'buy': [{'quantity': 675, 'orders': 1, 'price': 30.95}, {'quantity': 675, 'orders': 1, 'price': 30.9}, {'quantity': 675, 'orders': 1, 'price': 30.85}, {'quantity': 675, 'orders': 1, 'price': 30.8}, {'quantity': 1350, 'orders': ...<truncated>
2026-08-26 14:27:28 | INFO | tradehull_pro | JSWSTEEL | master=JSWSTEEL-Sep2026-1340-CE | broker=JSWSTEEL 29 SEP 1340 CALL | exch=NSE/NSE_FNO | sec=86805 | strike=1340.0 | quote=DHAN_SECURITY_ID | grade=A+ health=89 conf=A spread=1.1% | ACCEPT
2026-08-26 14:27:28 | INFO | tradehull_pro | JSWSTEEL | master=JSWSTEEL-Sep2026-1320-CE | broker=JSWSTEEL 29 SEP 1320 CALL | exch=NSE/NSE_FNO | sec=119288 | strike=1320.0 | quote=DHAN_SECURITY_ID | grade=A+ health=89 conf=A spread=0.8% | ACCEPT
2026-08-26 14:27:28 | INFO | tradehull_pro | JSWSTEEL | master=JSWSTEEL-Sep2026-1360-CE | broker=JSWSTEEL 29 SEP 1360 CALL | exch=NSE/NSE_FNO | sec=119290 | strike=1360.0 | quote=DHAN_SECURITY_ID | grade=A+ health=89 conf=A spread=0.9% | ACCEPT
2026-08-26 14:27:28 | INFO | tradehull_pro | JSWSTEEL | master=JSWSTEEL-Sep2026-1300-CE | broker=JSWSTEEL 29 SEP 1300 CALL | exch=NSE/NSE_FNO | sec=86803 | strike=1300.0 | quote=DHAN_SECURITY_ID | grade=A+ health=89 conf=A spread=0.9% | REJECT: NOT_EXECUTABLE
2026-08-26 14:27:28 | INFO | tradehull_pro | JSWSTEEL | master=JSWSTEEL-Sep2026-1380-CE | broker=JSWSTEEL 29 SEP 1380 CALL | exch=NSE/NSE_FNO | sec=86807 | strike=1380.0 | quote=DHAN_SECURITY_ID | grade=A health=79 conf=A spread=1.0% | REJECT: PREMIUM_OUTSIDE_20_350
2026-08-26 14:27:28 | INFO | tradehull_pro | JSWSTEEL | master=JSWSTEEL-Sep2026-1280-CE | broker=JSWSTEEL 29 SEP 1280 CALL | exch=NSE/NSE_FNO | sec=119286 | strike=1280.0 | quote=DHAN_SECURITY_ID | grade=A health=82 conf=A spread=2.2% | REJECT: NOT_EXECUTABLE
2026-08-26 14:27:28 | INFO | tradehull_pro | JSWSTEEL | master=JSWSTEEL-Sep2026-1400-CE | broker=JSWSTEEL 29 SEP 1400 CALL | exch=NSE/NSE_FNO | sec=119292 | strike=1400.0 | quote=DHAN_SECURITY_ID | grade=A health=83 conf=A spread=1.4% | REJECT: PREMIUM_OUTSIDE_20_350
2026-08-26 14:27:28 | INFO | tradehull_pro | JSWSTEEL | master=JSWSTEEL-Sep2026-1260-CE | broker=JSWSTEEL 29 SEP 1260 CALL | exch=NSE/NSE_FNO | sec=86799 | strike=1260.0 | quote=DHAN_SECURITY_ID | grade=C health=61 conf=A spread=4.8% | REJECT: NOT_EXECUTABLE
2026-08-26 14:27:28 | INFO | tradehull_pro | JSWSTEEL | master=JSWSTEEL-Sep2026-1420-CE | broker=JSWSTEEL 29 SEP 1420 CALL | exch=NSE/NSE_FNO | sec=86809 | strike=1420.0 | quote=DHAN_SECURITY_ID | grade=A health=79 conf=A spread=1.5% | REJECT: PREMIUM_OUTSIDE_20_350
2026-08-26 14:27:28 | INFO | tradehull_pro | 🏆 PAPER ENTRY JSWSTEEL | JSWSTEEL-Sep2026-1320-CE | A+ health 89 conf A | qty 675 | entry 42.43 | target1 48.79 | stop 39.25 | trade_id=PAPER-20260826-142728-548640
2026-08-26 14:27:31 | INFO | tradehull_pro | Near BEAR ETERNAL: 80% | Blocked by: ENTRY_TRIGGER | Trigger detail: DIRECTION_SANITY | VWAP[TOUCH] | BREAKOUT[BREAKOUT]
2026-08-26 14:27:34 | INFO | tradehull_pro | Near BULL AXISBANK: 80% | Blocked by: ENTRY_TRIGGER | Trigger detail: DIRECTION_SANITY | VWAP[TOUCH,BODY] | BREAKOUT[BREAKOUT]
2026-08-26 14:27:37 | INFO | tradehull_pro | Near BULL TATASTEEL: 80% | Blocked by: MACRO_BULL
2026-08-26 14:27:40 | INFO | tradehull_pro | Near BULL ULTRACEMCO: 80% | Blocked by: ENTRY_TRIGGER | Trigger detail: VWAP[TOUCH,WICK] | BREAKOUT[BREAKOUT] | TREND_CONT[CLOSE_LOCATION]
2026-08-26 14:27:42 | INFO | tradehull_pro | Scan complete | full signals=1 | near signals=8 | execution candidates=1
2026-08-26 14:27:42 | INFO | tradehull_pro | Next completed-candle scan in 141s
2026-08-26 14:30:07 | INFO | tradehull_pro | Scan 14:30 | Account P&L ₹29864.25 | Paper P&L ₹-20.25 | Paper 1/2 | External 0 | Trades 1/5 | Risk=OK
2026-08-26 14:30:10 | INFO | tradehull_pro | Near BULL BAJFINANCE: 80% | Blocked by: RVOL
2026-08-26 14:30:10 | INFO | tradehull_pro | Near BULL HINDALCO: 80% | Blocked by: ENTRY_TRIGGER | Trigger detail: VWAP[TOUCH] | BREAKOUT[BREAKOUT] | TREND_CONT[EXTENSION,CLOSE_LOCATION]
2026-08-26 14:30:12 | INFO | tradehull_pro | Near BEAR SBILIFE: 80% | Blocked by: BELOW_WVWAP
2026-08-26 14:30:19 | INFO | tradehull_pro | Near BULL COALINDIA: 80% | Blocked by: ST_BULL
2026-08-26 14:30:22 | INFO | tradehull_pro | Near BULL JSWSTEEL: 80% | Blocked by: ENTRY_TRIGGER | Trigger detail: VWAP[TOUCH,BODY] | BREAKOUT[COMPACT,BREAKOUT] | TREND_CONT[DIRECTION,EXTENSION,CLOSE_LOCATION,PROGRESS,STRUCTURE]
2026-08-26 14:30:27 | INFO | tradehull_pro | 🌟 BULL signal GRASIM | score 100 | model=VWAP_PULLBACK
2026-08-26 14:30:27 | INFO | tradehull_pro | GRASIM resolver: 9 nearby contracts from instrument master
2026-08-26 14:30:27 | INFO | tradehull_pro | GRASIM | master=GRASIM-Sep2026-3300-CE | broker=GRASIM 29 SEP 3300 CALL | exch=NSE/NSE_FNO | sec=76841 | strike=3300.0 | quote=DHAN_SECURITY_ID | grade=A+ health=89 conf=A spread=1.6% | ACCEPT
2026-08-26 14:30:27 | INFO | tradehull_pro | GRASIM | master=GRASIM-Sep2026-3280-CE | broker=GRASIM 29 SEP 3280 CALL | exch=NSE/NSE_FNO | sec=107466 | strike=3280.0 | quote=DHAN_SECURITY_ID | grade=A health=84 conf=A spread=1.5% | ACCEPT
2026-08-26 14:30:27 | INFO | tradehull_pro | GRASIM | master=GRASIM-Sep2026-3320-CE | broker=GRASIM 29 SEP 3320 CALL | exch=NSE/NSE_FNO | sec=107571 | strike=3320.0 | quote=DHAN_SECURITY_ID | grade=A health=81 conf=A spread=1.7% | ACCEPT
2026-08-26 14:30:27 | INFO | tradehull_pro | GRASIM | master=GRASIM-Sep2026-3260-CE | broker=GRASIM 29 SEP 3260 CALL | exch=NSE/NSE_FNO | sec=76839 | strike=3260.0 | quote=DHAN_SECURITY_ID | grade=A health=84 conf=A spread=1.4% | ACCEPT
2026-08-26 14:30:27 | INFO | tradehull_pro | GRASIM | master=GRASIM-Sep2026-3340-CE | broker=GRASIM 29 SEP 3340 CALL | exch=NSE/NSE_FNO | sec=76843 | strike=3340.0 | quote=DHAN_SECURITY_ID | grade=A health=76 conf=A spread=2.4% | ACCEPT
2026-08-26 14:30:27 | INFO | tradehull_pro | GRASIM | master=GRASIM-Sep2026-3240-CE | broker=GRASIM 29 SEP 3240 CALL | exch=NSE/NSE_FNO | sec=107447 | strike=3240.0 | quote=DHAN_SECURITY_ID | grade=B health=65 conf=A spread=2.8% | ACCEPT
2026-08-26 14:30:27 | INFO | tradehull_pro | GRASIM | master=GRASIM-Sep2026-3360-CE | broker=GRASIM 29 SEP 3360 CALL | exch=NSE/NSE_FNO | sec=107599 | strike=3360.0 | quote=DHAN_SECURITY_ID | grade=D health=23 conf=A spread=54.4% | REJECT: CATASTROPHIC_SPREAD,HEALTH_23_BELOW_55
2026-08-26 14:30:27 | INFO | tradehull_pro | GRASIM | master=GRASIM-Sep2026-3220-CE | broker=GRASIM 29 SEP 3220 CALL | exch=NSE/NSE_FNO | sec=76837 | strike=3220.0 | quote=DHAN_SECURITY_ID | grade=D health=24 conf=A spread=14.6% | REJECT: HEALTH_24_BELOW_55
2026-08-26 14:30:27 | INFO | tradehull_pro | GRASIM | master=GRASIM-Sep2026-3380-CE | broker=GRASIM 29 SEP 3380 CALL | exch=NSE/NSE_FNO | sec=76845 | strike=3380.0 | quote=DHAN_SECURITY_ID | grade=A health=76 conf=A spread=2.5% | ACCEPT
2026-08-26 14:30:27 | INFO | tradehull_pro | 🏆 PAPER ENTRY GRASIM | GRASIM-Sep2026-3300-CE | A+ health 89 conf A | qty 250 | entry 70.99 | target1 81.64 | stop 65.67 | trade_id=PAPER-20260826-143027-b28497
2026-08-26 14:30:28 | INFO | tradehull_pro | Near BULL AXISBANK: 80% | Blocked by: ENTRY_TRIGGER | Trigger detail: DIRECTION_SANITY | VWAP[TOUCH,BODY] | BREAKOUT[BREAKOUT]
2026-08-26 14:30:29 | INFO | tradehull_pro | Near BEAR POWERGRID: 80% | Blocked by: ENTRY_TRIGGER | Trigger detail: DIRECTION_SANITY | VWAP[TOUCH,BODY,WICK] | BREAKOUT[BREAKOUT]
2026-08-26 14:30:37 | INFO | tradehull_pro | Scan complete | full signals=1 | near signals=7 | execution candidates=1
2026-08-26 14:30:37 | INFO | tradehull_pro | Next completed-candle scan in 266s
2026-08-26 14:35:07 | INFO | tradehull_pro | Scan 14:35 | Account P&L ₹29864.25 | Paper P&L ₹2164.75 | Paper 2/2 | External 0 | Trades 2/5 | Risk=MAX_MANAGED_OPEN_POSITIONS
2026-08-26 14:35:10 | INFO | tradehull_pro | Near BULL BAJFINANCE: 80% | Blocked by: ENTRY_TRIGGER | Trigger detail: VWAP[BODY,WICK] | BREAKOUT[BREAKOUT] | TREND_CONT[ADX,DIRECTION,BODY_ATR,CLOSE_LOCATION]
2026-08-26 14:35:10 | INFO | tradehull_pro | Near BULL HINDALCO: 80% | Blocked by: ENTRY_TRIGGER | Trigger detail: VWAP[TOUCH] | BREAKOUT[BREAKOUT] | TREND_CONT[RSI_BAND,EXTENSION]
2026-08-26 14:35:13 | INFO | tradehull_pro | Near BEAR HINDUNILVR: 80% | Blocked by: MACRO_BEAR
2026-08-26 14:35:18 | INFO | tradehull_pro | Near BULL EICHERMOT: 80% | Blocked by: ENTRY_TRIGGER | Trigger detail: DIRECTION_SANITY | BREAKOUT[BREAKOUT] | TREND_CONT[DIRECTION,BODY_ATR,PROGRESS]
2026-08-26 14:35:22 | INFO | tradehull_pro | Near BULL JSWSTEEL: 80% | Blocked by: ENTRY_TRIGGER | Trigger detail: VWAP[TOUCH] | BREAKOUT[COMPACT] | TREND_CONT[RSI_BAND,EXTENSION]
2026-08-26 14:35:24 | INFO | tradehull_pro | Near BEAR BHARTIARTL: 80% | Blocked by: ENTRY_TRIGGER | Trigger detail: DIRECTION_SANITY | VWAP[TOUCH,BODY] | BREAKOUT[BREAKOUT]
2026-08-26 14:35:25 | INFO | tradehull_pro | Near BEAR ETERNAL: 80% | Blocked by: ENTRY_TRIGGER | Trigger detail: DIRECTION_SANITY | VWAP[TOUCH,BODY] | BREAKOUT[BREAKOUT]
2026-08-26 14:35:27 | INFO | tradehull_pro | Near BULL AXISBANK: 80% | Blocked by: ENTRY_TRIGGER | Trigger detail: DIRECTION_SANITY | VWAP[TOUCH] | BREAKOUT[BREAKOUT]
2026-08-26 14:35:31 | INFO | tradehull_pro | Near BULL TATASTEEL: 80% | Blocked by: MACRO_BULL
2026-08-26 14:35:34 | INFO | tradehull_pro | Near BULL ULTRACEMCO: 80% | Blocked by: ENTRY_TRIGGER | Trigger detail: VWAP[TOUCH] | BREAKOUT[BREAKOUT] | TREND_CONT[BODY_ATR,CLOSE_LOCATION]
2026-08-26 14:35:36 | INFO | tradehull_pro | Scan complete | full signals=0 | near signals=10 | execution candidates=0
2026-08-26 14:35:36 | INFO | tradehull_pro | Next completed-candle scan in 267s
2026-08-26 14:40:07 | INFO | tradehull_pro | Scan 14:40 | Account P&L ₹29864.25 | Paper P&L ₹3798.50 | Paper 2/2 | External 0 | Trades 2/5 | Risk=MAX_MANAGED_OPEN_POSITIONS
2026-08-26 14:40:10 | INFO | tradehull_pro | 🌟 BULL signal HINDALCO | score 100 | model=BREAKOUT_CONTINUATION
2026-08-26 14:40:10 | INFO | tradehull_pro | HINDALCO execution skipped: risk gate MAX_MANAGED_OPEN_POSITIONS
2026-08-26 14:40:18 | INFO | tradehull_pro | Near BULL EICHERMOT: 80% | Blocked by: ENTRY_TRIGGER | Trigger detail: DIRECTION_SANITY | VWAP[BODY] | BREAKOUT[BREAKOUT]
2026-08-26 14:40:21 | INFO | tradehull_pro | Near BULL KOTAKBANK: 80% | Blocked by: RVOL
2026-08-26 14:40:23 | INFO | tradehull_pro | Near BULL JSWSTEEL: 80% | Blocked by: ENTRY_TRIGGER | Trigger detail: VWAP[TOUCH] | BREAKOUT[COMPACT] | TREND_CONT[RSI_BAND,EXTENSION]
2026-08-26 14:40:27 | INFO | tradehull_pro | Near BEAR SHRIRAMFIN: 80% | Blocked by: ENTRY_TRIGGER | Trigger detail: DIRECTION_SANITY | VWAP[TOUCH,BODY] | BREAKOUT[BREAKOUT]
2026-08-26 14:40:28 | INFO | tradehull_pro | Near BULL AXISBANK: 80% | Blocked by: ENTRY_TRIGGER | Trigger detail: DIRECTION_SANITY | VWAP[TOUCH,BODY] | BREAKOUT[BREAKOUT]
2026-08-26 14:40:29 | INFO | tradehull_pro | Near BEAR POWERGRID: 80% | Blocked by: ENTRY_TRIGGER | Trigger detail: DIRECTION_SANITY | VWAP[TOUCH,BODY] | BREAKOUT[BREAKOUT]
2026-08-26 14:40:32 | INFO | tradehull_pro | Near BULL TATASTEEL: 80% | Blocked by: MACRO_BULL
2026-08-26 14:40:35 | INFO | tradehull_pro | 🌟 BULL signal ULTRACEMCO | score 100 | model=BREAKOUT_CONTINUATION
2026-08-26 14:40:35 | INFO | tradehull_pro | ULTRACEMCO execution skipped: risk gate MAX_MANAGED_OPEN_POSITIONS
2026-08-26 14:40:37 | INFO | tradehull_pro | Scan complete | full signals=2 | near signals=7 | execution candidates=0
2026-08-26 14:40:37 | INFO | tradehull_pro | Next completed-candle scan in 266s
2026-08-26 14:45:07 | INFO | tradehull_pro | Scan 14:45 | Account P&L ₹29864.25 | Paper P&L ₹2991.00 | Paper 2/2 | External 0 | Trades 2/5 | Risk=MAX_MANAGED_OPEN_POSITIONS
2026-08-26 14:45:20 | INFO | tradehull_pro | Near BULL KOTAKBANK: 80% | Blocked by: ENTRY_TRIGGER | Trigger detail: DIRECTION_SANITY | VWAP[TOUCH,BODY] | BREAKOUT[BREAKOUT]
2026-08-26 14:45:22 | INFO | tradehull_pro | Near BULL JSWSTEEL: 80% | Blocked by: ENTRY_TRIGGER | Trigger detail: VWAP[TOUCH,BODY] | BREAKOUT[COMPACT,BREAKOUT] | TREND_CONT[DIRECTION,EXTENSION,CLOSE_LOCATION,PROGRESS,STRUCTURE]
2026-08-26 14:45:25 | INFO | tradehull_pro | Near BEAR ETERNAL: 80% | Blocked by: ENTRY_TRIGGER | Trigger detail: DIRECTION_SANITY | VWAP[TOUCH,BODY] | BREAKOUT[BREAKOUT]
2026-08-26 14:45:27 | INFO | tradehull_pro | 🌟 BULL signal GRASIM | score 100 | model=VWAP_PULLBACK
2026-08-26 14:45:27 | INFO | tradehull_pro | GRASIM execution skipped: ENTRY_CUTOFF 14:45 reached (signal retained for research)
2026-08-26 14:45:28 | INFO | tradehull_pro | Near BULL AXISBANK: 80% | Blocked by: ENTRY_TRIGGER | Trigger detail: DIRECTION_SANITY | VWAP[TOUCH] | BREAKOUT[BREAKOUT]
2026-08-26 14:45:31 | INFO | tradehull_pro | Near BULL TATASTEEL: 80% | Blocked by: ENTRY_TRIGGER | Trigger detail: VWAP[TOUCH,BODY] | BREAKOUT[COMPACT,BREAKOUT] | TREND_CONT[ADX,DIRECTION,RSI_BAND,EXTENSION,CLOSE_LOCATION,PROGRESS,STRUCTURE]
2026-08-26 14:45:34 | INFO | tradehull_pro | 🌟 BULL signal ULTRACEMCO | score 100 | model=BREAKOUT_CONTINUATION
2026-08-26 14:45:34 | INFO | tradehull_pro | ULTRACEMCO execution skipped: ENTRY_CUTOFF 14:45 reached (signal retained for research)
2026-08-26 14:45:37 | INFO | tradehull_pro | Near BEAR SUNPHARMA: 80% | Blocked by: MACRO_BEAR
2026-08-26 14:45:37 | INFO | tradehull_pro | Scan complete | full signals=2 | near signals=6 | execution candidates=0
2026-08-26 14:45:37 | INFO | tradehull_pro | Next completed-candle scan in 266s
2026-08-26 14:50:06 | INFO | tradehull_pro | Scan 14:50 | Account P&L ₹29864.25 | Paper P&L ₹3074.75 | Paper 2/2 | External 0 | Trades 2/5 | Risk=MAX_MANAGED_OPEN_POSITIONS
2026-08-26 14:50:09 | INFO | tradehull_pro | Near BULL BAJFINANCE: 80% | Blocked by: MACRO_BULL
2026-08-26 14:50:10 | INFO | tradehull_pro | Near BULL HINDALCO: 80% | Blocked by: ENTRY_TRIGGER | Trigger detail: VWAP[TOUCH] | BREAKOUT[BREAKOUT] | TREND_CONT[RSI_BAND,EXTENSION,CLOSE_LOCATION]
2026-08-26 14:50:14 | INFO | tradehull_pro | Near BULL TMPV: 80% | Blocked by: MACRO_BULL
2026-08-26 14:50:14 | INFO | tradehull_pro | Near BULL ADANIPORTS: 80% | Blocked by: MACRO_BULL
2026-08-26 14:50:20 | INFO | tradehull_pro | Near BULL KOTAKBANK: 80% | Blocked by: RVOL
2026-08-26 14:50:24 | INFO | tradehull_pro | Near BEAR BHARTIARTL: 80% | Blocked by: ENTRY_TRIGGER | Trigger detail: DIRECTION_SANITY | VWAP[TOUCH] | BREAKOUT[BREAKOUT]
2026-08-26 14:50:27 | INFO | tradehull_pro | Near BULL GRASIM: 80% | Blocked by: ENTRY_TRIGGER | Trigger detail: VWAP[BODY] | BREAKOUT[BREAKOUT] | TREND_CONT[DIRECTION,CLOSE_LOCATION,PROGRESS,STRUCTURE]
2026-08-26 14:50:27 | INFO | tradehull_pro | 🌟 BULL signal AXISBANK | score 100 | model=BREAKOUT_CONTINUATION
2026-08-26 14:50:27 | INFO | tradehull_pro | AXISBANK execution skipped: ENTRY_CUTOFF 14:45 reached (signal retained for research)
2026-08-26 14:50:28 | INFO | tradehull_pro | Near BEAR POWERGRID: 80% | Blocked by: ENTRY_TRIGGER | Trigger detail: DIRECTION_SANITY | VWAP[TOUCH,BODY] | BREAKOUT[BREAKOUT]
2026-08-26 14:50:29 | INFO | tradehull_pro | Near BULL ADANIENT: 80% | Blocked by: MACRO_BULL
2026-08-26 14:50:31 | INFO | tradehull_pro | Near BULL TATASTEEL: 80% | Blocked by: ENTRY_TRIGGER | Trigger detail: VWAP[TOUCH] | BREAKOUT[COMPACT,BREAKOUT] | TREND_CONT[ADX,RSI_BAND,EXTENSION]
2026-08-26 14:50:34 | INFO | tradehull_pro | Near BULL ULTRACEMCO: 80% | Blocked by: ENTRY_TRIGGER | Trigger detail: VWAP[TOUCH] | BREAKOUT[COMPACT] | TREND_CONT[RSI_BAND,EXTENSION]
2026-08-26 14:50:37 | INFO | tradehull_pro | Near BEAR SUNPHARMA: 80% | Blocked by: MACRO_BEAR
2026-08-26 14:50:37 | INFO | tradehull_pro | Scan complete | full signals=1 | near signals=12 | execution candidates=0
2026-08-26 14:50:37 | INFO | tradehull_pro | Next completed-candle scan in 266s
2026-08-26 14:55:06 | INFO | tradehull_pro | 📘 PAPER PARTIAL_EXIT | JSWSTEEL | JSWSTEEL-Sep2026-1320-CE | qty 675 @ 48.80 | pnl ₹4299.75 | reason=TARGET1 | remaining=0 | stop=39.25
2026-08-26 14:55:06 | INFO | tradehull_pro | Scan 14:55 | Account P&L ₹29864.25 | Paper P&L ₹4364.75 | Paper 1/2 | External 0 | Trades 2/5 | Risk=OK
2026-08-26 14:55:07 | INFO | tradehull_pro | Near BEAR TATACONSUM: 80% | Blocked by: ENTRY_TRIGGER | Trigger detail: DIRECTION_SANITY | VWAP[BODY] | BREAKOUT[BREAKOUT]
2026-08-26 14:55:10 | INFO | tradehull_pro | Near BULL HINDALCO: 80% | Blocked by: ENTRY_TRIGGER | Trigger detail: VWAP[TOUCH] | BREAKOUT[BREAKOUT] | TREND_CONT[RSI_BAND,EXTENSION]
2026-08-26 14:55:14 | INFO | tradehull_pro | Near BULL TMPV: 80% | Blocked by: MACRO_BULL
2026-08-26 14:55:19 | INFO | tradehull_pro | Near BULL BAJAJFINSV: 80% | Blocked by: MACRO_BULL
2026-08-26 14:55:20 | INFO | tradehull_pro | 🌟 BULL signal KOTAKBANK | score 100 | model=BREAKOUT_CONTINUATION
2026-08-26 14:55:20 | INFO | tradehull_pro | KOTAKBANK execution skipped: ENTRY_CUTOFF 14:45 reached (signal retained for research)
2026-08-26 14:55:20 | INFO | tradehull_pro | Near BULL APOLLOHOSP: 80% | Blocked by: MACRO_BULL
2026-08-26 14:55:21 | INFO | tradehull_pro | Near BULL JSWSTEEL: 80% | Blocked by: ENTRY_TRIGGER | Trigger detail: VWAP[TOUCH] | BREAKOUT[COMPACT,BREAKOUT] | TREND_CONT[RSI_BAND,EXTENSION]
2026-08-26 14:55:24 | INFO | tradehull_pro | Near BEAR BHARTIARTL: 80% | Blocked by: ENTRY_TRIGGER | Trigger detail: DIRECTION_SANITY | VWAP[TOUCH,BODY] | BREAKOUT[BREAKOUT]
2026-08-26 14:55:26 | INFO | tradehull_pro | Near BULL SHRIRAMFIN: 80% | Blocked by: MACRO_BULL
2026-08-26 14:55:26 | INFO | tradehull_pro | 🌟 BULL signal GRASIM | score 100 | model=VWAP_PULLBACK
2026-08-26 14:55:26 | INFO | tradehull_pro | GRASIM execution skipped: ENTRY_CUTOFF 14:45 reached (signal retained for research)
2026-08-26 14:55:27 | INFO | tradehull_pro | Near BEAR POWERGRID: 80% | Blocked by: ENTRY_TRIGGER | Trigger detail: DIRECTION_SANITY | VWAP[TOUCH] | BREAKOUT[BREAKOUT]
2026-08-26 14:55:28 | INFO | tradehull_pro | Near BULL ADANIENT: 80% | Blocked by: MACRO_BULL
2026-08-26 14:55:30 | INFO | tradehull_pro | Near BULL TATASTEEL: 80% | Blocked by: ENTRY_TRIGGER | Trigger detail: VWAP[TOUCH] | BREAKOUT[COMPACT] | TREND_CONT[ADX,RSI_BAND,EXTENSION]
2026-08-26 14:55:31 | INFO | tradehull_pro | Near BULL TITAN: 80% | Blocked by: MACRO_BULL
2026-08-26 14:55:33 | INFO | tradehull_pro | Near BULL ULTRACEMCO: 80% | Blocked by: ENTRY_TRIGGER | Trigger detail: VWAP[TOUCH,WICK] | BREAKOUT[COMPACT,BREAKOUT] | TREND_CONT[RSI_BAND,EXTENSION,CLOSE_LOCATION]
2026-08-26 14:55:34 | INFO | tradehull_pro | Near BEAR RELIANCE: 80% | Blocked by: MACRO_BEAR
2026-08-26 14:55:36 | INFO | tradehull_pro | Near BEAR SUNPHARMA: 80% | Blocked by: MACRO_BEAR
2026-08-26 14:55:36 | INFO | tradehull_pro | Scan complete | full signals=2 | near signals=15 | execution candidates=0
2026-08-26 14:55:36 | INFO | tradehull_pro | Next completed-candle scan in 263s
2026-08-26 15:00:02 | INFO | tradehull_pro | Scan 14:59 | Account P&L ₹29864.25 | Paper P&L ₹4177.25 | Paper 1/2 | External 0 | Trades 2/5 | Risk=OK
2026-08-26 15:00:05 | INFO | tradehull_pro | Near BULL BAJFINANCE: 80% | Blocked by: ENTRY_TRIGGER | Trigger detail: DIRECTION_SANITY | VWAP[BODY,CLOSE_VS_VWAP] | BREAKOUT[BREAKOUT]
2026-08-26 15:00:06 | INFO | tradehull_pro | Near BULL HINDALCO: 80% | Blocked by: ENTRY_TRIGGER | Trigger detail: VWAP[TOUCH,BODY] | BREAKOUT[BREAKOUT] | TREND_CONT[DIRECTION,EXTENSION,CLOSE_LOCATION,PROGRESS,STRUCTURE]
2026-08-26 15:00:10 | INFO | tradehull_pro | Near BULL TMPV: 80% | Blocked by: ENTRY_TRIGGER | Trigger detail: VWAP[BODY,WICK] | BREAKOUT[BREAKOUT] | TREND_CONT[ADX,DIRECTION,BODY_ATR,CLOSE_LOCATION,PROGRESS]
2026-08-26 15:00:11 | INFO | tradehull_pro | Near BULL ADANIPORTS: 80% | Blocked by: ENTRY_TRIGGER | Trigger detail: VWAP[BODY,CLOSE_VS_VWAP] | BREAKOUT[BREAKOUT] | TREND_CONT[DIRECTION,BODY_ATR,PROGRESS,STRUCTURE]
2026-08-26 15:00:16 | INFO | tradehull_pro | Near BULL KOTAKBANK: 80% | Blocked by: ENTRY_TRIGGER | Trigger detail: VWAP[TOUCH,WICK] | BREAKOUT[BREAKOUT] | TREND_CONT[BODY_ATR,EXTENSION,CLOSE_LOCATION]
2026-08-26 15:00:17 | INFO | tradehull_pro | Near BULL APOLLOHOSP: 80% | Blocked by: RVOL
2026-08-26 15:00:18 | INFO | tradehull_pro | Near BULL JSWSTEEL: 80% | Blocked by: ENTRY_TRIGGER | Trigger detail: VWAP[TOUCH,BODY] | BREAKOUT[BREAKOUT] | TREND_CONT[DIRECTION,EXTENSION,CLOSE_LOCATION,PROGRESS,STRUCTURE]
2026-08-26 15:00:21 | INFO | tradehull_pro | Near BEAR BHARTIARTL: 80% | Blocked by: ENTRY_TRIGGER | Trigger detail: DIRECTION_SANITY | VWAP[TOUCH,BODY,WICK] | BREAKOUT[BREAKOUT]
2026-08-26 15:00:23 | INFO | tradehull_pro | Near BULL GRASIM: 80% | Blocked by: ENTRY_TRIGGER | Trigger detail: VWAP[TOUCH,BODY] | BREAKOUT[BREAKOUT] | TREND_CONT[DIRECTION,CLOSE_LOCATION,PROGRESS,STRUCTURE]
2026-08-26 15:00:24 | INFO | tradehull_pro | Near BULL AXISBANK: 80% | Blocked by: ENTRY_TRIGGER | Trigger detail: VWAP[TOUCH] | BREAKOUT[BREAKOUT] | TREND_CONT[BODY_ATR,CLOSE_LOCATION]
2026-08-26 15:00:25 | INFO | tradehull_pro | Near BEAR POWERGRID: 80% | Blocked by: ENTRY_TRIGGER | Trigger detail: DIRECTION_SANITY | VWAP[TOUCH] | BREAKOUT[BREAKOUT]
2026-08-26 15:00:28 | INFO | tradehull_pro | Near BULL TATASTEEL: 80% | Blocked by: ENTRY_TRIGGER | Trigger detail: VWAP[TOUCH,BODY] | BREAKOUT[COMPACT,BREAKOUT] | TREND_CONT[DIRECTION,RSI_BAND,EXTENSION,CLOSE_LOCATION,PROGRESS,STRUCTURE]
2026-08-26 15:00:28 | INFO | tradehull_pro | Near BULL TITAN: 80% | Blocked by: ENTRY_TRIGGER | Trigger detail: VWAP[BODY,CLOSE_VS_VWAP] | BREAKOUT[BREAKOUT] | TREND_CONT[DIRECTION,CLOSE_LOCATION,PROGRESS,STRUCTURE]
2026-08-26 15:00:31 | INFO | tradehull_pro | Near BULL ULTRACEMCO: 80% | Blocked by: ENTRY_TRIGGER | Trigger detail: VWAP[TOUCH,BODY] | BREAKOUT[COMPACT,BREAKOUT] | TREND_CONT[DIRECTION,EXTENSION,CLOSE_LOCATION,PROGRESS,STRUCTURE]
2026-08-26 15:00:33 | INFO | tradehull_pro | Scan complete | full signals=0 | near signals=14 | execution candidates=0
2026-08-26 15:00:33 | INFO | tradehull_pro | Next completed-candle scan in 270s
2026-08-26 15:05:07 | INFO | tradehull_pro | Scan 15:05 | Account P&L ₹29864.25 | Paper P&L ₹4077.25 | Paper 1/2 | External 0 | Trades 2/5 | Risk=OK
2026-08-26 15:05:07 | INFO | tradehull_pro | Near BEAR BEL: 80% | Blocked by: MACRO_BEAR
2026-08-26 15:05:08 | INFO | tradehull_pro | Near BEAR TATACONSUM: 80% | Blocked by: ENTRY_TRIGGER | Trigger detail: DIRECTION_SANITY | VWAP[BODY] | BREAKOUT[BREAKOUT]
2026-08-26 15:05:10 | INFO | tradehull_pro | Near BULL BAJFINANCE: 80% | Blocked by: ENTRY_TRIGGER | Trigger detail: DIRECTION_SANITY | VWAP[BODY,WICK,CLOSE_VS_VWAP] | BREAKOUT[BREAKOUT]
2026-08-26 15:05:10 | INFO | tradehull_pro | Near BULL HINDALCO: 80% | Blocked by: ENTRY_TRIGGER | Trigger detail: VWAP[TOUCH] | BREAKOUT[BREAKOUT] | TREND_CONT[EXTENSION,STRUCTURE]
2026-08-26 15:05:14 | INFO | tradehull_pro | Near BULL TMPV: 80% | Blocked by: ENTRY_TRIGGER | Trigger detail: DIRECTION_SANITY | VWAP[BODY,CLOSE_VS_VWAP] | BREAKOUT[BREAKOUT]
2026-08-26 15:05:15 | INFO | tradehull_pro | Near BULL ADANIPORTS: 80% | Blocked by: ENTRY_TRIGGER | Trigger detail: VWAP[BODY,CLOSE_VS_VWAP] | BREAKOUT[BREAKOUT] | TREND_CONT[DIRECTION,BODY_ATR,CLOSE_LOCATION,PROGRESS,STRUCTURE]
2026-08-26 15:05:19 | INFO | tradehull_pro | Near BULL BAJAJFINSV: 80% | Blocked by: MACRO_BULL
2026-08-26 15:05:21 | INFO | tradehull_pro | Near BULL KOTAKBANK: 80% | Blocked by: ENTRY_TRIGGER | Trigger detail: VWAP[TOUCH] | BREAKOUT[BREAKOUT] | TREND_CONT[EXTENSION]
2026-08-26 15:05:21 | INFO | tradehull_pro | Near BULL APOLLOHOSP: 80% | Blocked by: ENTRY_TRIGGER | Trigger detail: DIRECTION_SANITY | VWAP[BODY] | BREAKOUT[BREAKOUT]
2026-08-26 15:05:22 | INFO | tradehull_pro | Near BULL JSWSTEEL: 80% | Blocked by: ENTRY_TRIGGER | Trigger detail: VWAP[TOUCH] | BREAKOUT[BREAKOUT] | TREND_CONT[EXTENSION]
2026-08-26 15:05:24 | INFO | tradehull_pro | Near BULL INDIGO: 80% | Blocked by: MACRO_BULL
2026-08-26 15:05:25 | INFO | tradehull_pro | Near BEAR BHARTIARTL: 80% | Blocked by: ENTRY_TRIGGER | Trigger detail: DIRECTION_SANITY | VWAP[TOUCH] | BREAKOUT[BREAKOUT]
2026-08-26 15:05:27 | INFO | tradehull_pro | Near BULL SHRIRAMFIN: 80% | Blocked by: MACRO_BULL
2026-08-26 15:05:27 | INFO | tradehull_pro | Near BULL GRASIM: 80% | Blocked by: ENTRY_TRIGGER | Trigger detail: VWAP[TOUCH,WICK] | BREAKOUT[BREAKOUT] | TREND_CONT[BODY_ATR,CLOSE_LOCATION,STRUCTURE]
2026-08-26 15:05:28 | INFO | tradehull_pro | Near BULL AXISBANK: 80% | Blocked by: ENTRY_TRIGGER | Trigger detail: VWAP[TOUCH,BODY] | BREAKOUT[BREAKOUT] | TREND_CONT[DIRECTION,CLOSE_LOCATION,PROGRESS,STRUCTURE]
2026-08-26 15:05:28 | INFO | tradehull_pro | Near BEAR POWERGRID: 80% | Blocked by: ENTRY_TRIGGER | Trigger detail: VWAP[TOUCH] | BREAKOUT[BREAKOUT] | TREND_CONT[ADX,BODY_ATR,PROGRESS]
2026-08-26 15:05:32 | INFO | tradehull_pro | Near BULL TATASTEEL: 80% | Blocked by: ENTRY_TRIGGER | Trigger detail: VWAP[TOUCH] | BREAKOUT[COMPACT,BREAKOUT] | TREND_CONT[RSI_BAND,EXTENSION]
2026-08-26 15:05:32 | INFO | tradehull_pro | 🌟 BULL signal TITAN | score 100 | model=VWAP_PULLBACK
2026-08-26 15:05:32 | INFO | tradehull_pro | TITAN execution skipped: ENTRY_CUTOFF 14:45 reached (signal retained for research)
2026-08-26 15:05:37 | INFO | tradehull_pro | Scan complete | full signals=1 | near signals=17 | execution candidates=0
2026-08-26 15:05:37 | INFO | tradehull_pro | Next completed-candle scan in 266s
2026-08-26 15:10:06 | INFO | tradehull_pro | Scan 15:10 | Account P&L ₹29864.25 | Paper P&L ₹4027.25 | Paper 1/2 | External 0 | Trades 2/5 | Risk=OK
2026-08-26 15:10:09 | INFO | tradehull_pro | Near BULL BAJFINANCE: 80% | Blocked by: ENTRY_TRIGGER | Trigger detail: DIRECTION_SANITY | VWAP[BODY,CLOSE_VS_VWAP] | BREAKOUT[BREAKOUT]
2026-08-26 15:10:10 | INFO | tradehull_pro | Near BULL HINDALCO: 80% | Blocked by: ENTRY_TRIGGER | Trigger detail: VWAP[TOUCH,BODY] | BREAKOUT[BREAKOUT] | TREND_CONT[DIRECTION,CLOSE_LOCATION,PROGRESS,STRUCTURE]
2026-08-26 15:10:15 | INFO | tradehull_pro | Near BULL ADANIPORTS: 80% | Blocked by: ENTRY_TRIGGER | Trigger detail: VWAP[BODY,WICK,CLOSE_VS_VWAP] | BREAKOUT[BREAKOUT] | TREND_CONT[DIRECTION,BODY_ATR,CLOSE_LOCATION,PROGRESS,STRUCTURE]
2026-08-26 15:10:19 | INFO | tradehull_pro | Near BEAR COALINDIA: 80% | Blocked by: MACRO_BEAR
2026-08-26 15:10:20 | INFO | tradehull_pro | Near BULL KOTAKBANK: 80% | Blocked by: ENTRY_TRIGGER | Trigger detail: VWAP[TOUCH,BODY] | BREAKOUT[BREAKOUT] | TREND_CONT[DIRECTION,PROGRESS,STRUCTURE]
2026-08-26 15:10:21 | INFO | tradehull_pro | Near BULL APOLLOHOSP: 80% | Blocked by: ENTRY_TRIGGER | Trigger detail: DIRECTION_SANITY | VWAP[BODY] | BREAKOUT[BREAKOUT]
2026-08-26 15:10:22 | INFO | tradehull_pro | Near BULL JSWSTEEL: 80% | Blocked by: ENTRY_TRIGGER | Trigger detail: VWAP[TOUCH,BODY] | BREAKOUT[BREAKOUT] | TREND_CONT[DIRECTION,EXTENSION,CLOSE_LOCATION,PROGRESS,STRUCTURE]
2026-08-26 15:10:25 | INFO | tradehull_pro | Near BEAR BHARTIARTL: 80% | Blocked by: ENTRY_TRIGGER | Trigger detail: DIRECTION_SANITY | VWAP[TOUCH] | BREAKOUT[BREAKOUT]
2026-08-26 15:10:27 | INFO | tradehull_pro | 🌟 BULL signal GRASIM | score 100 | model=VWAP_PULLBACK
2026-08-26 15:10:27 | INFO | tradehull_pro | GRASIM execution skipped: ENTRY_CUTOFF 14:45 reached (signal retained for research)
2026-08-26 15:10:28 | INFO | tradehull_pro | Near BULL AXISBANK: 80% | Blocked by: ENTRY_TRIGGER | Trigger detail: VWAP[TOUCH] | BREAKOUT[BREAKOUT] | TREND_CONT[BODY_ATR,STRUCTURE]
2026-08-26 15:10:28 | INFO | tradehull_pro | 🌟 BEAR signal POWERGRID | score 100 | model=BREAKOUT_CONTINUATION
2026-08-26 15:10:28 | INFO | tradehull_pro | POWERGRID execution skipped: ENTRY_CUTOFF 14:45 reached (signal retained for research)
2026-08-26 15:10:31 | INFO | tradehull_pro | Near BULL TATASTEEL: 80% | Blocked by: ENTRY_TRIGGER | Trigger detail: VWAP[TOUCH,BODY] | BREAKOUT[COMPACT,BREAKOUT] | TREND_CONT[DIRECTION,EXTENSION,CLOSE_LOCATION,PROGRESS,STRUCTURE]
2026-08-26 15:10:32 | INFO | tradehull_pro | 🌟 BULL signal TITAN | score 100 | model=VWAP_PULLBACK
2026-08-26 15:10:32 | INFO | tradehull_pro | TITAN execution skipped: ENTRY_CUTOFF 14:45 reached (signal retained for research)
2026-08-26 15:10:34 | INFO | tradehull_pro | Near BULL ULTRACEMCO: 80% | Blocked by: ENTRY_TRIGGER | Trigger detail: VWAP[TOUCH,BODY] | BREAKOUT[BREAKOUT] | TREND_CONT[DIRECTION,CLOSE_LOCATION,PROGRESS,STRUCTURE]
2026-08-26 15:10:36 | INFO | tradehull_pro | Near BEAR M&M: 80% | Blocked by: MACRO_BEAR
2026-08-26 15:10:37 | INFO | tradehull_pro | Scan complete | full signals=3 | near signals=12 | execution candidates=0
2026-08-26 15:10:37 | INFO | tradehull_pro | Next completed-candle scan in 266s
2026-08-26 15:15:06 | INFO | tradehull_pro | 📘 PAPER EXIT | GRASIM | GRASIM-Sep2026-3300-CE | qty 250 @ 67.15 | pnl ₹-960.00 | reason=FORCE_EXIT | remaining=0 | stop=65.67
2026-08-26 15:15:06 | INFO | tradehull_pro | Scan 15:15 | Account P&L ₹29864.25 | Paper P&L ₹3339.75 | Paper 0/2 | External 0 | Trades 2/5 | Risk=OK
2026-08-26 15:15:10 | INFO | tradehull_pro | Near BULL HINDALCO: 80% | Blocked by: ENTRY_TRIGGER | Trigger detail: VWAP[TOUCH] | BREAKOUT[BREAKOUT] | TREND_CONT[EXTENSION,CLOSE_LOCATION]
2026-08-26 15:15:15 | INFO | tradehull_pro | Near BULL ADANIPORTS: 80% | Blocked by: ENTRY_TRIGGER | Trigger detail: DIRECTION_SANITY | VWAP[BODY,CLOSE_VS_VWAP] | BREAKOUT[BREAKOUT]
2026-08-26 15:15:16 | INFO | tradehull_pro | Near BEAR DRREDDY: 80% | Blocked by: MACRO_BEAR
2026-08-26 15:15:19 | INFO | tradehull_pro | Near BULL BAJAJFINSV: 80% | Blocked by: MACRO_BULL
2026-08-26 15:15:20 | INFO | tradehull_pro | Near BULL KOTAKBANK: 80% | Blocked by: ENTRY_TRIGGER | Trigger detail: VWAP[TOUCH,BODY] | BREAKOUT[BREAKOUT] | TREND_CONT[DIRECTION,CLOSE_LOCATION,PROGRESS,STRUCTURE]
2026-08-26 15:15:25 | INFO | tradehull_pro | Near BEAR BHARTIARTL: 80% | Blocked by: ENTRY_TRIGGER | Trigger detail: DIRECTION_SANITY | VWAP[TOUCH,WICK] | BREAKOUT[BREAKOUT]
2026-08-26 15:15:27 | INFO | tradehull_pro | 🌟 BULL signal GRASIM | score 100 | model=VWAP_PULLBACK
2026-08-26 15:15:27 | INFO | tradehull_pro | GRASIM execution skipped: ENTRY_CUTOFF 14:45 reached (signal retained for research)
2026-08-26 15:15:28 | INFO | tradehull_pro | Near BULL AXISBANK: 80% | Blocked by: ENTRY_TRIGGER | Trigger detail: VWAP[TOUCH,BODY] | BREAKOUT[BREAKOUT] | TREND_CONT[DIRECTION,CLOSE_LOCATION,PROGRESS,STRUCTURE]
2026-08-26 15:15:28 | INFO | tradehull_pro | 🌟 BEAR signal POWERGRID | score 100 | model=BREAKOUT_CONTINUATION
2026-08-26 15:15:28 | INFO | tradehull_pro | POWERGRID execution skipped: ENTRY_CUTOFF 14:45 reached (signal retained for research)
2026-08-26 15:15:31 | INFO | tradehull_pro | Near BULL TATASTEEL: 80% | Blocked by: ENTRY_TRIGGER | Trigger detail: VWAP[TOUCH] | BREAKOUT[COMPACT,BREAKOUT] | TREND_CONT[RSI_BAND,EXTENSION]
2026-08-26 15:15:32 | INFO | tradehull_pro | Near BULL TITAN: 80% | Blocked by: ENTRY_TRIGGER | Trigger detail: VWAP[BODY] | BREAKOUT[BREAKOUT] | TREND_CONT[DIRECTION,BODY_ATR,CLOSE_LOCATION]
2026-08-26 15:15:34 | INFO | tradehull_pro | 🌟 BULL signal ULTRACEMCO | score 100 | model=TREND_CONTINUATION
2026-08-26 15:15:34 | INFO | tradehull_pro | ULTRACEMCO execution skipped: ENTRY_CUTOFF 14:45 reached (signal retained for research)
2026-08-26 15:15:37 | INFO | tradehull_pro | Scan complete | full signals=3 | near signals=9 | execution candidates=0
2026-08-26 15:15:37 | INFO | tradehull_pro | Next completed-candle scan in 266s
2026-08-26 15:20:06 | INFO | tradehull_pro | Scan 15:20 | Account P&L ₹29864.25 | Paper P&L ₹3339.75 | Paper 0/2 | External 0 | Trades 2/5 | Risk=OK
2026-08-26 15:20:36 | INFO | tradehull_pro | Scan complete | full signals=0 | near signals=0 | execution candidates=0
2026-08-26 15:20:36 | INFO | tradehull_pro | Next completed-candle scan in 267s
2026-08-26 15:25:07 | INFO | tradehull_pro | Scan 15:25 | Account P&L ₹29864.25 | Paper P&L ₹3339.75 | Paper 0/2 | External 0 | Trades 2/5 | Risk=OK
2026-08-26 15:25:37 | INFO | tradehull_pro | Scan complete | full signals=0 | near signals=0 | execution candidates=0
2026-08-26 15:25:37 | INFO | tradehull_pro | Next completed-candle scan in 266s
2026-08-26 15:30:07 | INFO | tradehull_pro | Scan 15:30 | Account P&L ₹29864.25 | Paper P&L ₹3339.75 | Paper 0/2 | External 0 | Trades 2/5 | Risk=OK
2026-08-26 15:30:38 | INFO | tradehull_pro | Scan complete | full signals=0 | near signals=0 | execution candidates=0
2026-08-26 15:30:38 | INFO | tradehull_pro | Next completed-candle scan in 265s
2026-08-26 15:35:03 | INFO | tradehull_pro | Market closed at 15:35. Sprint 3 engine stopping.
2026-08-27 08:56:20 | INFO | tradehull_pro | TradeHull Pro Platform v3 — Sprint 4.0 paper-position lifecycle starting
2026-08-27 08:56:20 | INFO | tradehull_pro | Platform version=4.0.1-sprint4
2026-08-27 08:56:20 | INFO | tradehull_pro | Config module=/Users/srinivas/DhanHQ/tradehull_pro_platform_v3_sprint4_0_1/config.py
2026-08-27 08:56:20 | INFO | tradehull_pro | DRY_RUN=True
2026-08-27 08:56:20 | INFO | tradehull_pro | Sprint 4.0 scope: paper entries + persistent positions + partial exits + breakeven/trailing + 15:15 square-off; NO LIVE ORDERS
2026-08-27 08:56:55 | INFO | tradehull_pro | TradeHull Pro Platform v3 — Sprint 4.0 paper-position lifecycle starting
2026-08-27 08:56:55 | INFO | tradehull_pro | Platform version=4.0.1-sprint4
2026-08-27 08:56:55 | INFO | tradehull_pro | Config module=/Users/srinivas/DhanHQ/tradehull_pro_platform_v3_sprint4_0_1/config.py
2026-08-27 08:56:55 | INFO | tradehull_pro | DRY_RUN=True
2026-08-27 08:56:55 | INFO | tradehull_pro | Sprint 4.0 scope: paper entries + persistent positions + partial exits + breakeven/trailing + 15:15 square-off; NO LIVE ORDERS
2026-08-27 08:56:58 | INFO | tradehull_pro | Native Dhan market-data adapter: READY | source=TRADEHULL_AUTHENTICATED_NATIVE_DHAN | detail=tradehull.Dhan
2026-08-27 08:56:59 | INFO | tradehull_pro | Instrument resolver: TradeHull/Dhan instrument master normalized and cached
2026-08-27 08:56:59 | INFO | tradehull_pro | Instrument master | raw rows=204451 | options=179249 | underlyings=229 | expiries=105 | range=2024-08-23..2031-06-26 | cache=BUILT
2026-08-27 08:56:59 | INFO | tradehull_pro | Instrument schema | underlying=SM_SYMBOL_NAME | trading_symbol=SEM_TRADING_SYMBOL | expiry=SEM_EXPIRY_DATE | strike=SEM_STRIKE_PRICE | option_type=SEM_OPTION_TYPE
2026-08-27 08:57:01 | INFO | tradehull_pro | Session start balance: ₹192247.90
2026-08-27 08:57:01 | INFO | tradehull_pro | Strategy capital base: ₹150000.00
2026-08-27 08:57:01 | INFO | tradehull_pro | Strategy daily loss threshold: ₹2250.00
2026-08-27 08:57:01 | INFO | tradehull_pro | Account P&L: ₹0.00
2026-08-27 08:57:01 | INFO | tradehull_pro | Position ownership | managed=0 | external=0 | strategy P&L=₹0.00 | external P&L=₹0.00
2026-08-27 08:57:01 | INFO | tradehull_pro | Paper portfolio | open=0 | strategy P&L=₹3339.75 | daily trades=0/5
2026-08-27 08:57:01 | INFO | tradehull_pro | Execution path: normalized instrument master -> native Dhan security-ID quotes -> verified scoring; symbol quote fallback is diagnostics-only
2026-08-27 08:57:01 | INFO | tradehull_pro | Native Dhan diagnostic | type=dhanhq.dhanhq.dhanhq | source=TRADEHULL_AUTHENTICATED_NATIVE_DHAN | methods=quote_data
2026-08-27 08:57:01 | INFO | tradehull_pro | Market inactive at 08:57; sleeping 30s
2026-08-27 08:57:31 | INFO | tradehull_pro | Market inactive at 08:57; sleeping 30s
2026-08-27 08:58:01 | INFO | tradehull_pro | Market inactive at 08:58; sleeping 30s
2026-08-27 08:58:31 | INFO | tradehull_pro | Market inactive at 08:58; sleeping 30s
2026-08-27 08:59:01 | INFO | tradehull_pro | Market inactive at 08:59; sleeping 30s
2026-08-27 08:59:31 | INFO | tradehull_pro | Market inactive at 08:59; sleeping 28s
2026-08-27 08:59:59 | INFO | tradehull_pro | Market inactive at 08:59; sleeping 1s
2026-08-27 09:00:00 | INFO | tradehull_pro | Market inactive at 09:00; sleeping 30s
2026-08-27 09:00:30 | INFO | tradehull_pro | Market inactive at 09:00; sleeping 30s
2026-08-27 09:01:00 | INFO | tradehull_pro | Market inactive at 09:01; sleeping 30s
2026-08-27 09:01:30 | INFO | tradehull_pro | Market inactive at 09:01; sleeping 30s
2026-08-27 09:02:00 | INFO | tradehull_pro | Market inactive at 09:02; sleeping 30s
2026-08-27 09:02:30 | INFO | tradehull_pro | Market inactive at 09:02; sleeping 30s
2026-08-27 09:03:00 | INFO | tradehull_pro | Market inactive at 09:03; sleeping 30s
2026-08-27 09:03:30 | INFO | tradehull_pro | Market inactive at 09:03; sleeping 30s
2026-08-27 09:04:00 | INFO | tradehull_pro | Market inactive at 09:04; sleeping 30s
2026-08-27 09:04:30 | INFO | tradehull_pro | Market inactive at 09:04; sleeping 30s
2026-08-27 09:05:00 | INFO | tradehull_pro | Market inactive at 09:05; sleeping 30s
2026-08-27 09:05:30 | INFO | tradehull_pro | Market inactive at 09:05; sleeping 30s
2026-08-27 09:06:00 | INFO | tradehull_pro | Market inactive at 09:06; sleeping 30s
2026-08-27 09:06:30 | INFO | tradehull_pro | Market inactive at 09:06; sleeping 30s
2026-08-27 09:07:00 | INFO | tradehull_pro | Market inactive at 09:07; sleeping 30s
2026-08-27 09:07:30 | INFO | tradehull_pro | Market inactive at 09:07; sleeping 30s
2026-08-27 09:08:00 | INFO | tradehull_pro | Market inactive at 09:08; sleeping 30s
2026-08-27 09:08:30 | INFO | tradehull_pro | Market inactive at 09:08; sleeping 30s
2026-08-27 09:09:00 | INFO | tradehull_pro | Market inactive at 09:09; sleeping 30s
2026-08-27 09:09:30 | INFO | tradehull_pro | Market inactive at 09:09; sleeping 30s
2026-08-27 09:10:00 | INFO | tradehull_pro | Market inactive at 09:10; sleeping 30s
2026-08-27 09:10:30 | INFO | tradehull_pro | Market inactive at 09:10; sleeping 30s
2026-08-27 09:11:00 | INFO | tradehull_pro | Market inactive at 09:11; sleeping 30s
2026-08-27 09:11:30 | INFO | tradehull_pro | Market inactive at 09:11; sleeping 30s
2026-08-27 09:12:00 | INFO | tradehull_pro | Market inactive at 09:12; sleeping 30s
2026-08-27 09:12:30 | INFO | tradehull_pro | Market inactive at 09:12; sleeping 30s
2026-08-27 09:13:00 | INFO | tradehull_pro | Market inactive at 09:13; sleeping 30s
2026-08-27 09:13:30 | INFO | tradehull_pro | Market inactive at 09:13; sleeping 30s
2026-08-27 09:14:00 | INFO | tradehull_pro | Market inactive at 09:14; sleeping 30s
2026-08-27 09:14:30 | INFO | tradehull_pro | Market inactive at 09:14; sleeping 30s
2026-08-27 09:15:00 | INFO | tradehull_pro | Waiting for first completed 5m candle (09:20); sleeping 30s
2026-08-27 09:15:30 | INFO | tradehull_pro | Waiting for first completed 5m candle (09:20); sleeping 30s
2026-08-27 09:16:00 | INFO | tradehull_pro | Waiting for first completed 5m candle (09:20); sleeping 30s
2026-08-27 09:16:30 | INFO | tradehull_pro | Waiting for first completed 5m candle (09:20); sleeping 30s
2026-08-27 09:17:00 | INFO | tradehull_pro | Waiting for first completed 5m candle (09:20); sleeping 30s
2026-08-27 09:17:30 | INFO | tradehull_pro | Waiting for first completed 5m candle (09:20); sleeping 30s
2026-08-27 09:18:00 | INFO | tradehull_pro | Waiting for first completed 5m candle (09:20); sleeping 30s
2026-08-27 09:18:30 | INFO | tradehull_pro | Waiting for first completed 5m candle (09:20); sleeping 30s
2026-08-27 09:19:00 | INFO | tradehull_pro | Waiting for first completed 5m candle (09:20); sleeping 30s
2026-08-27 09:19:30 | INFO | tradehull_pro | Waiting for first completed 5m candle (09:20); sleeping 30s
2026-08-27 09:20:03 | INFO | tradehull_pro | Scan 09:20 | Account P&L ₹0.00 | Paper P&L ₹3339.75 | Paper 0/2 | External 0 | Trades 0/5 | Risk=OK
2026-08-27 09:20:05 | INFO | tradehull_pro | Near BULL BAJFINANCE: 80% | Blocked by: MACRO_BULL
2026-08-27 09:20:06 | INFO | tradehull_pro | Near BEAR HINDALCO: 80% | Blocked by: MACRO_BEAR
2026-08-27 09:20:06 | INFO | tradehull_pro | Near BEAR NTPC: 80% | Blocked by: MACRO_BEAR
2026-08-27 09:20:07 | INFO | tradehull_pro | Near BEAR HDFCLIFE: 80% | Blocked by: ENTRY_TRIGGER | Trigger detail: VWAP[TOUCH,BODY] | BREAKOUT[COMPACT] | TREND_CONT[DIRECTION,RSI_BAND,EXTENSION]
2026-08-27 09:20:10 | INFO | tradehull_pro | Near BULL ADANIPORTS: 80% | Blocked by: ENTRY_TRIGGER | Trigger detail: DIRECTION_SANITY | VWAP[TOUCH,BODY,CLOSE_VS_VWAP] | BREAKOUT[BREAKOUT]
2026-08-27 09:20:14 | INFO | tradehull_pro | Near BULL BAJAJFINSV: 80% | Blocked by: MACRO_BULL
2026-08-27 09:20:15 | INFO | tradehull_pro | 🌟 BULL signal KOTAKBANK | score 100 | model=BREAKOUT_CONTINUATION
2026-08-27 09:20:15 | INFO | tradehull_pro | KOTAKBANK resolver: 9 nearby contracts from instrument master
2026-08-27 09:20:15 | WARNING | tradehull_pro | NATIVE_QUOTE_DEBUG | symbol=KOTAKBANK | segment=NSE_FNO | requested_ids=['120617', '88394', '88396', '120615', '120619', '88392', '88400', '120613', '120632'] | response_type=dict | raw={'status': 'success', 'remarks': '', 'data': {'data': {'NSE_FNO': {'120613': {'52_week_high': 0, '52_week_low': 0, 'average_price': 24.18, 'buy_quantity': 1216000, 'depth': {'buy': [{'quantity': 2000, 'orders': 1, 'price': 23.7}, {'quantity': 4000, 'orders': 2, 'price': 23.65}, {'quantity': 4000, 'orders': 2, 'price': 23.6}, {'quantity': 2000, 'orders': 1, 'price': 23.55}, {'quantity': 2000, 'orders': 1, 'price': 23.5}], 'sell': [{'quantity': 4000, 'orders': 2, 'price': 24.05}, {'quantity': 2000, 'orders': 1, 'price': 24.1}, {'quantity': 4000, 'orders': 2, 'price': 24.15}, {'quantity': 2000, 'orders': 1, 'price': 24.3}, {'quantity': 2000, 'orders': 1, 'price': 24.35}]}, 'last_price': 23.65, 'last_quantity': 2000, 'last_trade_time': '27/08/2026 09:19:52', 'lower_circuit_limit': 0.8, 'net_change': 2.85, 'ohlc': {'open': 22.9, 'close': 20.8, 'high': 26.5, 'low': 22}, 'oi': 2548000, 'oi_day_high': 2548000, 'oi_day_low': 2532000, 'sell_quantity': 920000, 'upper_circuit_limit': 43.9, 'volume': 100000}, '120615': {'52_week_high': 0, '52_week_low': 0, 'average_price': 15.91, 'buy_quantity': 1536000, 'depth': {'buy': [{'quantity': 4000, 'orders': 2, 'price': 15.55}, {'quantity': 10000, 'orders': 5, 'price': 15.5}, {'quantity': 14000, 'orders': 6, 'price': 15.45}, {'quantity': 6000, 'orders': 3, 'price': 15.4}, {'quantity': 10000, 'orders': 4, 'price': 15.35}], 'sell': [{'quantity': 2000, 'orders': 1, 'price': 15.75}, {'quantity': 6000, 'orders': 3, 'price': 15.8}, {'quantity': 6000, 'orders': 3, 'price': 15.85}, {'quantity': 8000, 'orders': 4, 'price': 15.9}, {'quantity': 4000, 'orders': 2, 'price': 15.95}]}, 'last_price': 15.65, 'last_quantity': 2000, 'last_trade_time': '27/08/2026 09:20:13', 'lower_circuit_limit': 0.05, 'net_change': 2.6, 'ohlc': {'open': 11.25, 'close': 13.05, 'high': 18.2, 'low': 11.25}, 'oi': 3392000, 'oi_day_high': 3480000, 'oi_day_low': 3376000, 'sell_quantity': 1040000, 'upper_circuit_limit': 33.3, 'volume': 490000}, '120617': {'52_week_high': 0, '52_week_low': 0, 'average_price': 9.54, 'buy_quantity': 1692000, 'depth': {'buy': [{'quantity': 2000, 'orders': 1, 'price': 9.15}, {'quantity': 10000, 'orders': 5, 'price': 9.1}, {'quantity': 20000, 'orders': 9, 'price': 9.05}, {'quantity': 40000, 'orders': 17, 'price': 9}, {'quantity': 26000, 'orders': 7, 'price': 8.95}], 'sell': [{'quantity': 12000, 'orders': 6, 'price': 9.25}, {'quantity': 20000, 'orders': 10, 'price': 9.3}, {'quantity': 24000, 'orders': 9, 'price': 9.35}, {'quantity': 14000, 'orders': 6, 'price': 9.4}, {'quantity': 14000, 'orders': 5, 'price': 9.45}]}, 'last_price': 9.2, 'last_quantity': 2000, 'last_trade_time': '27/08/2026 09:20:14', 'lower_circuit_limit': 0.05, 'net_change': 1.95, 'ohlc': {'open': 7.25, 'close': 7.25, 'high': 11.35, 'low': 5.95}, 'oi': 7948000, 'oi_day_high': 7948000, 'oi_day_low': 7922000, 'sell_quantity': 1500000, 'upper_circuit_limit': 27.25, 'volume': 2226000}, '120619': {'52_week_high': 0, '52_week_low': 0, 'average_price': 5.05, 'buy_quantity': 1890000, 'depth': {'buy': [{'quantity': 20000, 'orders': 8, 'price': 4.7}, {'quantity': 28000, 'orders': 10, 'price': 4.65}, {'quantity': 48000, 'orders': 13, 'price': 4.6}, {'quantity': 28000, 'orders': 8, 'price': 4.55}, {'quantity': 30000, 'orders': 9, 'price': 4.5}], 'sell': [{'quantity': 8000, 'orders': 4, 'price': 4.8}, {'quantity': 18000, 'orders': 9, 'price': 4.85}, {'quantity': 16000, 'orders': 8, 'price': 4.9}, {'quantity': 26000, 'orders': 8, 'price': 4.95}, {'quantity': 26000, 'orders': 8, 'price': 5}]}, 'last_price': 4.7, 'last_quantity': 2000, 'last_trade_time': '27/08/2026 09:20:13', 'lower_circuit_limit': 0.05, 'net_change': 1.25, 'ohlc': {'open': 3.1, 'close': 3.45, 'high': 6.3, 'low': 3.1}, 'oi': 2512000, 'oi_day_high': 2736000, 'oi_day_low': 2500000, 'sell_quantity': 1430000, 'upper_circuit_limit': 23.45, 'volume': 1488000}, '120632': {'52_week_high': 0, '52_week_low': 0, 'average_price': 2.43, 'buy_quantity': 2114000, 'depth': {'buy': [{'quantity': 18000, 'orders': 4, 'price': 2.3}, {'quantity': 42000, 'orders': 13, 'price': 2.25}, {'quantity': 54000, 'orders': 12, 'price': 2.2}, {'quantity': 46000, 'orders': 9, 'price': 2.15}, {'quantity': 38000, 'orders': 10, 'price': 2.1}], 'sell': [{'quantity': 38000, 'orders': 14, 'price': 2.4}, {'quantity': 30000, 'orders': 11, 'price': 2.45}, {'quantity': 32000, 'orders': 11, 'price': 2.5}, {'quantity': 40000, 'orders': 8, 'price': 2.55}, {'quantity': 32000, 'orders': 6, 'price': 2.6}]}, 'last_price': 2.4, 'last_quantity': 2000, 'last_trade_time': '27/08/2026 09:19:54', 'lower_circuit_limit': 0.05, 'net_change': 0.8, 'ohlc': {'open': 2, 'close': 1.6, 'high': 3.1, 'low': 1.8}, 'oi': 1374000, 'oi_day_high': 1390000, 'oi_day_low': 1352000, 'sell_quantity': 1214000, 'upper_circuit_limit': 21.6, 'volume': 552000}, '88392': {'52_week_high': 0, '52_week_low': 0, 'average_price': 19.77, 'buy_quantity': 1224000, 'depth': {'buy': [{'quantity': 2000, 'orders': 1, 'price': 19.25}, {'quantity': 6000, 'orders': 3, 'price': 19.2}, {'quantity': 4000, 'orders': 2, 'price': 19.15}, {'quantity': 2000, 'orders': 1, 'price': 19.1}, {'quantity': 4000, 'orders': 2, 'price': 19.05}], 'sell': [{'quantity': 2000, 'orders': 1, 'price': 19.55}, {'quantity': 4000, 'orders': 2, 'price': 19.6}, {'quantity': 2000, 'orders': 1, 'price': 19.65}, {'quantity': 2000, 'orders': 1, 'price': 19.7}, {'quantity': 2000, 'orders': 1, 'price': 19.75}]}, 'last_price': 19.7, 'last_quantity': 2000, 'last_trade_time': '27/08/2026 09:19:46', 'lower_circuit_limit': 0.05, 'net_change': 2.8, 'ohlc': {'open': 20.35, 'close': 16.9, 'high': 21.95, 'low': 18.25}, 'oi': 908000, 'oi_day_high': 918000, 'oi_day_low': 908000, 'sell_quantity': 902000, 'upper_circuit_limit': 38.65, 'volume': 68000}, '88394': {'52_week_high': 0, '52_week_low': 0, 'average_price': 12.31, 'buy_quantity': 1514000, 'depth': {'buy': [{'quantity': 2000, 'orders': 1, 'price': 12.1}, {'quantity': 14000, 'orders': 7, 'price': 12.05}, {'quantity': 18000, 'orders': 9, 'price...<truncated>
2026-08-27 09:20:15 | INFO | tradehull_pro | KOTAKBANK | master=KOTAKBANK-Sep2026-420-CE | broker=KOTAKBANK 29 SEP 420 CALL | exch=NSE/NSE_FNO | sec=120617 | strike=420.0 | quote=DHAN_SECURITY_ID | grade=A health=79 conf=A spread=1.1% | REJECT: PREMIUM_OUTSIDE_20_350
2026-08-27 09:20:15 | INFO | tradehull_pro | KOTAKBANK | master=KOTAKBANK-Sep2026-415-CE | broker=KOTAKBANK 29 SEP 415 CALL | exch=NSE/NSE_FNO | sec=88394 | strike=415.0 | quote=DHAN_SECURITY_ID | grade=A health=79 conf=A spread=1.2% | REJECT: PREMIUM_OUTSIDE_20_350
2026-08-27 09:20:15 | INFO | tradehull_pro | KOTAKBANK | master=KOTAKBANK-Sep2026-425-CE | broker=KOTAKBANK 29 SEP 425 CALL | exch=NSE/NSE_FNO | sec=88396 | strike=425.0 | quote=DHAN_SECURITY_ID | grade=A health=83 conf=A spread=1.5% | REJECT: PREMIUM_OUTSIDE_20_350
2026-08-27 09:20:15 | INFO | tradehull_pro | KOTAKBANK | master=KOTAKBANK-Sep2026-410-CE | broker=KOTAKBANK 29 SEP 410 CALL | exch=NSE/NSE_FNO | sec=120615 | strike=410.0 | quote=DHAN_SECURITY_ID | grade=A health=79 conf=A spread=1.3% | REJECT: PREMIUM_OUTSIDE_20_350
2026-08-27 09:20:15 | INFO | tradehull_pro | KOTAKBANK | master=KOTAKBANK-Sep2026-430-CE | broker=KOTAKBANK 29 SEP 430 CALL | exch=NSE/NSE_FNO | sec=120619 | strike=430.0 | quote=DHAN_SECURITY_ID | grade=A health=79 conf=A spread=2.1% | REJECT: PREMIUM_OUTSIDE_20_350
2026-08-27 09:20:15 | INFO | tradehull_pro | KOTAKBANK | master=KOTAKBANK-Sep2026-405-CE | broker=KOTAKBANK 29 SEP 405 CALL | exch=NSE/NSE_FNO | sec=88392 | strike=405.0 | quote=DHAN_SECURITY_ID | grade=A health=76 conf=A spread=1.6% | REJECT: PREMIUM_OUTSIDE_20_350
2026-08-27 09:20:15 | INFO | tradehull_pro | KOTAKBANK | master=KOTAKBANK-Sep2026-435-CE | broker=KOTAKBANK 29 SEP 435 CALL | exch=NSE/NSE_FNO | sec=88400 | strike=435.0 | quote=DHAN_SECURITY_ID | grade=A health=79 conf=A spread=3.1% | REJECT: PREMIUM_OUTSIDE_20_350
2026-08-27 09:20:15 | INFO | tradehull_pro | KOTAKBANK | master=KOTAKBANK-Sep2026-400-CE | broker=KOTAKBANK 29 SEP 400 CALL | exch=NSE/NSE_FNO | sec=120613 | strike=400.0 | quote=DHAN_SECURITY_ID | grade=A+ health=89 conf=A spread=1.5% | REJECT: NOT_EXECUTABLE
2026-08-27 09:20:15 | INFO | tradehull_pro | KOTAKBANK | master=KOTAKBANK-Sep2026-440-CE | broker=KOTAKBANK 29 SEP 440 CALL | exch=NSE/NSE_FNO | sec=120632 | strike=440.0 | quote=DHAN_SECURITY_ID | grade=A health=77 conf=A spread=4.3% | REJECT: PREMIUM_OUTSIDE_20_350
2026-08-27 09:20:15 | INFO | tradehull_pro | KOTAKBANK: no contract passed verified-data execution threshold
2026-08-27 09:20:15 | INFO | tradehull_pro | Near BULL APOLLOHOSP: 80% | Blocked by: MACRO_BULL
2026-08-27 09:20:16 | INFO | tradehull_pro | 🌟 BULL signal JSWSTEEL | score 100 | model=BREAKOUT_CONTINUATION
2026-08-27 09:20:16 | INFO | tradehull_pro | JSWSTEEL resolver: 9 nearby contracts from instrument master
2026-08-27 09:20:17 | INFO | tradehull_pro | JSWSTEEL | master=JSWSTEEL-Sep2026-1340-CE | broker=JSWSTEEL 29 SEP 1340 CALL | exch=NSE/NSE_FNO | sec=86805 | strike=1340.0 | quote=DHAN_SECURITY_ID | grade=A+ health=89 conf=A spread=1.3% | ACCEPT
2026-08-27 09:20:17 | INFO | tradehull_pro | JSWSTEEL | master=JSWSTEEL-Sep2026-1320-CE | broker=JSWSTEEL 29 SEP 1320 CALL | exch=NSE/NSE_FNO | sec=119288 | strike=1320.0 | quote=DHAN_SECURITY_ID | grade=A health=83 conf=A spread=0.8% | REJECT: NOT_EXECUTABLE
2026-08-27 09:20:17 | INFO | tradehull_pro | JSWSTEEL | master=JSWSTEEL-Sep2026-1360-CE | broker=JSWSTEEL 29 SEP 1360 CALL | exch=NSE/NSE_FNO | sec=119290 | strike=1360.0 | quote=DHAN_SECURITY_ID | grade=A+ health=89 conf=A spread=1.1% | ACCEPT
2026-08-27 09:20:17 | INFO | tradehull_pro | JSWSTEEL | master=JSWSTEEL-Sep2026-1300-CE | broker=JSWSTEEL 29 SEP 1300 CALL | exch=NSE/NSE_FNO | sec=86803 | strike=1300.0 | quote=DHAN_SECURITY_ID | grade=A health=83 conf=A spread=1.3% | REJECT: NOT_EXECUTABLE
2026-08-27 09:20:17 | INFO | tradehull_pro | JSWSTEEL | master=JSWSTEEL-Sep2026-1380-CE | broker=JSWSTEEL 29 SEP 1380 CALL | exch=NSE/NSE_FNO | sec=86807 | strike=1380.0 | quote=DHAN_SECURITY_ID | grade=A+ health=86 conf=A spread=1.5% | ACCEPT
2026-08-27 09:20:17 | INFO | tradehull_pro | JSWSTEEL | master=JSWSTEEL-Sep2026-1280-CE | broker=JSWSTEEL 29 SEP 1280 CALL | exch=NSE/NSE_FNO | sec=119286 | strike=1280.0 | quote=DHAN_SECURITY_ID | grade=C health=64 conf=A spread=4.4% | REJECT: NOT_EXECUTABLE
2026-08-27 09:20:17 | INFO | tradehull_pro | JSWSTEEL | master=JSWSTEEL-Sep2026-1400-CE | broker=JSWSTEEL 29 SEP 1400 CALL | exch=NSE/NSE_FNO | sec=119292 | strike=1400.0 | quote=DHAN_SECURITY_ID | grade=A health=83 conf=A spread=1.1% | REJECT: PREMIUM_OUTSIDE_20_350
2026-08-27 09:20:17 | INFO | tradehull_pro | JSWSTEEL | master=JSWSTEEL-Sep2026-1260-CE | broker=JSWSTEEL 29 SEP 1260 CALL | exch=NSE/NSE_FNO | sec=86799 | strike=1260.0 | quote=DHAN_SECURITY_ID | grade=D health=26 conf=A spread=12.3% | REJECT: HEALTH_26_BELOW_55
2026-08-27 09:20:17 | INFO | tradehull_pro | JSWSTEEL | master=JSWSTEEL-Sep2026-1420-CE | broker=JSWSTEEL 29 SEP 1420 CALL | exch=NSE/NSE_FNO | sec=86809 | strike=1420.0 | quote=DHAN_SECURITY_ID | grade=A health=76 conf=A spread=1.6% | REJECT: PREMIUM_OUTSIDE_20_350
2026-08-27 09:20:17 | INFO | tradehull_pro | 🏆 PAPER ENTRY JSWSTEEL | JSWSTEEL-Sep2026-1360-CE | A+ health 89 conf A | qty 675 | entry 28.66 | target1 32.96 | stop 26.51 | trade_id=PAPER-20260827-092017-c46042
2026-08-27 09:20:17 | INFO | tradehull_pro | Near BEAR HCLTECH: 80% | Blocked by: MACRO_BEAR
2026-08-27 09:20:18 | INFO | tradehull_pro | 🌟 BEAR signal BHARTIARTL | score 100 | model=BREAKOUT_CONTINUATION
2026-08-27 09:20:19 | INFO | tradehull_pro | BHARTIARTL resolver: 9 nearby contracts from instrument master
2026-08-27 09:20:19 | INFO | tradehull_pro | BHARTIARTL | master=BHARTIARTL-Sep2026-1900-PE | broker=BHARTIARTL 29 SEP 1900 PUT | exch=NSE/NSE_FNO | sec=57949 | strike=1900.0 | quote=DHAN_SECURITY_ID | grade=A+ health=93 conf=A spread=1.1% | ACCEPT
2026-08-27 09:20:19 | INFO | tradehull_pro | BHARTIARTL | master=BHARTIARTL-Sep2026-1880-PE | broker=BHARTIARTL 29 SEP 1880 PUT | exch=NSE/NSE_FNO | sec=91447 | strike=1880.0 | quote=DHAN_SECURITY_ID | grade=A health=76 conf=A spread=1.3% | REJECT: PREMIUM_OUTSIDE_20_350
2026-08-27 09:20:19 | INFO | tradehull_pro | BHARTIARTL | master=BHARTIARTL-Sep2026-1920-PE | broker=BHARTIARTL 29 SEP 1920 PUT | exch=NSE/NSE_FNO | sec=91463 | strike=1920.0 | quote=DHAN_SECURITY_ID | grade=A+ health=90 conf=A spread=0.8% | ACCEPT
2026-08-27 09:20:19 | INFO | tradehull_pro | BHARTIARTL | master=BHARTIARTL-Sep2026-1860-PE | broker=BHARTIARTL 29 SEP 1860 PUT | exch=NSE/NSE_FNO | sec=57947 | strike=1860.0 | quote=DHAN_SECURITY_ID | grade=B health=73 conf=A spread=1.4% | REJECT: PREMIUM_OUTSIDE_20_350
2026-08-27 09:20:19 | INFO | tradehull_pro | BHARTIARTL | master=BHARTIARTL-Sep2026-1940-PE | broker=BHARTIARTL 29 SEP 1940 PUT | exch=NSE/NSE_FNO | sec=57952 | strike=1940.0 | quote=DHAN_SECURITY_ID | grade=A+ health=86 conf=A spread=0.7% | ACCEPT
2026-08-27 09:20:19 | INFO | tradehull_pro | BHARTIARTL | master=BHARTIARTL-Sep2026-1840-PE | broker=BHARTIARTL 29 SEP 1840 PUT | exch=NSE/NSE_FNO | sec=91445 | strike=1840.0 | quote=DHAN_SECURITY_ID | grade=A health=80 conf=A spread=1.6% | REJECT: PREMIUM_OUTSIDE_20_350
2026-08-27 09:20:19 | INFO | tradehull_pro | BHARTIARTL | master=BHARTIARTL-Sep2026-1960-PE | broker=BHARTIARTL 29 SEP 1960 PUT | exch=NSE/NSE_FNO | sec=91523 | strike=1960.0 | quote=DHAN_SECURITY_ID | grade=B health=74 conf=A spread=1.3% | ACCEPT
2026-08-27 09:20:19 | INFO | tradehull_pro | BHARTIARTL | master=BHARTIARTL-Sep2026-1820-PE | broker=BHARTIARTL 29 SEP 1820 PUT | exch=NSE/NSE_FNO | sec=57945 | strike=1820.0 | quote=DHAN_SECURITY_ID | grade=A health=80 conf=A spread=1.6% | REJECT: PREMIUM_OUTSIDE_20_350
2026-08-27 09:20:19 | INFO | tradehull_pro | BHARTIARTL | master=BHARTIARTL-Sep2026-1980-PE | broker=BHARTIARTL 29 SEP 1980 PUT | exch=NSE/NSE_FNO | sec=57955 | strike=1980.0 | quote=DHAN_SECURITY_ID | grade=B health=65 conf=A spread=3.1% | REJECT: NOT_EXECUTABLE
2026-08-27 09:20:19 | INFO | tradehull_pro | 🏆 PAPER ENTRY BHARTIARTL | BHARTIARTL-Sep2026-1900-PE | A+ health 93 conf A | qty 950 | entry 27.91 | target1 32.10 | stop 25.82 | trade_id=PAPER-20260827-092019-df7304
2026-08-27 09:20:19 | INFO | tradehull_pro | Near BULL ETERNAL: 80% | Blocked by: MACRO_BULL
2026-08-27 09:20:19 | INFO | tradehull_pro | Near BEAR LT: 80% | Blocked by: MACRO_BEAR
2026-08-27 09:20:21 | INFO | tradehull_pro | Near BULL GRASIM: 80% | Blocked by: RVOL
2026-08-27 09:20:21 | INFO | tradehull_pro | Near BULL AXISBANK: 80% | Blocked by: ENTRY_TRIGGER | Trigger detail: DIRECTION_SANITY | VWAP[BODY,CLOSE_VS_VWAP] | BREAKOUT[BREAKOUT]
2026-08-27 09:20:22 | INFO | tradehull_pro | 🌟 BEAR signal POWERGRID | score 100 | model=BREAKOUT_CONTINUATION
2026-08-27 09:20:22 | INFO | tradehull_pro | POWERGRID resolver: 9 nearby contracts from instrument master
2026-08-27 09:20:22 | INFO | tradehull_pro | POWERGRID | master=POWERGRID-Sep2026-265-PE | broker=POWERGRID 29 SEP 265 PUT | exch=NSE/NSE_FNO | sec=140826 | strike=265.0 | quote=DHAN_SECURITY_ID | grade=A health=76 conf=A spread=3.2% | REJECT: PREMIUM_OUTSIDE_20_350
2026-08-27 09:20:22 | INFO | tradehull_pro | POWERGRID | master=POWERGRID-Sep2026-262.5-PE | broker=POWERGRID 29 SEP 262.50 PUT | exch=NSE/NSE_FNO | sec=104391 | strike=262.5 | quote=DHAN_SECURITY_ID | grade=B health=71 conf=A spread=4.1% | REJECT: PREMIUM_OUTSIDE_20_350
2026-08-27 09:20:22 | INFO | tradehull_pro | POWERGRID | master=POWERGRID-Sep2026-267.5-PE | broker=POWERGRID 29 SEP 267.50 PUT | exch=NSE/NSE_FNO | sec=104395 | strike=267.5 | quote=DHAN_SECURITY_ID | grade=B health=69 conf=A spread=2.5% | REJECT: PREMIUM_OUTSIDE_20_350
2026-08-27 09:20:22 | INFO | tradehull_pro | POWERGRID | master=POWERGRID-Sep2026-260-PE | broker=POWERGRID 29 SEP 260 PUT | exch=NSE/NSE_FNO | sec=140824 | strike=260.0 | quote=DHAN_SECURITY_ID | grade=A health=76 conf=A spread=3.6% | REJECT: PREMIUM_OUTSIDE_20_350
2026-08-27 09:20:22 | INFO | tradehull_pro | POWERGRID | master=POWERGRID-Sep2026-270-PE | broker=POWERGRID 29 SEP 270 PUT | exch=NSE/NSE_FNO | sec=140828 | strike=270.0 | quote=DHAN_SECURITY_ID | grade=A health=79 conf=A spread=2.0% | REJECT: PREMIUM_OUTSIDE_20_350
2026-08-27 09:20:22 | INFO | tradehull_pro | POWERGRID | master=POWERGRID-Sep2026-257.5-PE | broker=POWERGRID 29 SEP 257.50 PUT | exch=NSE/NSE_FNO | sec=104387 | strike=257.5 | quote=DHAN_SECURITY_ID | grade=D health=23 conf=A spread=13.6% | REJECT: PREMIUM_OUTSIDE_20_350,HEALTH_23_BELOW_55
2026-08-27 09:20:22 | INFO | tradehull_pro | POWERGRID | master=POWERGRID-Sep2026-272.5-PE | broker=POWERGRID 29 SEP 272.50 PUT | exch=NSE/NSE_FNO | sec=104397 | strike=272.5 | quote=DHAN_SECURITY_ID | grade=D health=49 conf=A spread=6.0% | REJECT: PREMIUM_OUTSIDE_20_350,HEALTH_49_BELOW_55
2026-08-27 09:20:22 | INFO | tradehull_pro | POWERGRID | master=POWERGRID-Sep2026-255-PE | broker=POWERGRID 29 SEP 255 PUT | exch=NSE/NSE_FNO | sec=140822 | strike=255.0 | quote=DHAN_SECURITY_ID | grade=B health=73 conf=A spread=3.2% | REJECT: PREMIUM_OUTSIDE_20_350
2026-08-27 09:20:22 | INFO | tradehull_pro | POWERGRID | master=POWERGRID-Sep2026-275-PE | broker=POWERGRID 29 SEP 275 PUT | exch=NSE/NSE_FNO | sec=140830 | strike=275.0 | quote=DHAN_SECURITY_ID | grade=C health=60 conf=A spread=2.8% | REJECT: PREMIUM_OUTSIDE_20_350
2026-08-27 09:20:22 | INFO | tradehull_pro | POWERGRID: no contract passed verified-data execution threshold
2026-08-27 09:20:23 | INFO | tradehull_pro | Near BULL TECHM: 80% | Blocked by: MACRO_BULL
2026-08-27 09:20:24 | INFO | tradehull_pro | Near BEAR JIOFIN: 80% | Blocked by: MACRO_BEAR
2026-08-27 09:20:25 | INFO | tradehull_pro | Near BULL TATASTEEL: 80% | Blocked by: ENTRY_TRIGGER | Trigger detail: VWAP[TOUCH,WICK,CLOSE_VS_VWAP] | BREAKOUT[COMPACT,BREAKOUT] | TREND_CONT[CLOSE_LOCATION,PROGRESS,STRUCTURE]
2026-08-27 09:20:25 | INFO | tradehull_pro | Near BULL TITAN: 80% | Blocked by: ENTRY_TRIGGER | Trigger detail: DIRECTION_SANITY | VWAP[TOUCH] | BREAKOUT[BREAKOUT]
2026-08-27 09:20:28 | INFO | tradehull_pro | Near BEAR HDFCBANK: 80% | Blocked by: MACRO_BEAR
2026-08-27 09:20:29 | INFO | tradehull_pro | Near BEAR M&M: 80% | Blocked by: MACRO_BEAR
2026-08-27 09:20:29 | INFO | tradehull_pro | Scan complete | full signals=4 | near signals=18 | execution candidates=2
2026-08-27 09:20:29 | INFO | tradehull_pro | Next completed-candle scan in 274s
2026-08-27 09:25:07 | INFO | tradehull_pro | 📘 PAPER EXIT | JSWSTEEL | JSWSTEEL-Sep2026-1360-CE | qty 675 @ 25.75 | pnl ₹-1964.25 | reason=STOP | remaining=0 | stop=26.51
2026-08-27 09:25:07 | INFO | tradehull_pro | Scan 09:25 | Account P&L ₹7215.00 | Paper P&L ₹416.00 | Paper 1/2 | External 1 | Trades 2/5 | Risk=OK
2026-08-27 09:25:07 | INFO | tradehull_pro | Near BULL BEL: 80% | Blocked by: MACRO_BULL
2026-08-27 09:25:08 | INFO | tradehull_pro | Near BEAR BAJAJ-AUTO: 80% | Blocked by: MACRO_BEAR
2026-08-27 09:25:10 | INFO | tradehull_pro | Near BEAR HINDALCO: 80% | Blocked by: MACRO_BEAR
2026-08-27 09:25:14 | INFO | tradehull_pro | Near BULL ADANIPORTS: 80% | Blocked by: RVOL
2026-08-27 09:25:17 | INFO | tradehull_pro | 🌟 BEAR signal EICHERMOT | score 100 | model=VWAP_PULLBACK
2026-08-27 09:25:17 | INFO | tradehull_pro | EICHERMOT resolver: 9 nearby contracts from instrument master
2026-08-27 09:25:17 | INFO | tradehull_pro | EICHERMOT | master=EICHERMOT-Sep2026-8000-PE | broker=EICHERMOT 29 SEP 8000 PUT | exch=NSE/NSE_FNO | sec=102317 | strike=8000.0 | quote=DHAN_SECURITY_ID | grade=B health=74 conf=A spread=2.0% | ACCEPT
2026-08-27 09:25:17 | INFO | tradehull_pro | EICHERMOT | master=EICHERMOT-Sep2026-7900-PE | broker=EICHERMOT 29 SEP 7900 PUT | exch=NSE/NSE_FNO | sec=71106 | strike=7900.0 | quote=DHAN_SECURITY_ID | grade=A health=76 conf=A spread=1.3% | ACCEPT
2026-08-27 09:25:17 | INFO | tradehull_pro | EICHERMOT | master=EICHERMOT-Sep2026-8100-PE | broker=EICHERMOT 29 SEP 8100 PUT | exch=NSE/NSE_FNO | sec=71108 | strike=8100.0 | quote=DHAN_SECURITY_ID | grade=B health=67 conf=A spread=2.2% | ACCEPT
2026-08-27 09:25:17 | INFO | tradehull_pro | EICHERMOT | master=EICHERMOT-Sep2026-7800-PE | broker=EICHERMOT 29 SEP 7800 PUT | exch=NSE/NSE_FNO | sec=102315 | strike=7800.0 | quote=DHAN_SECURITY_ID | grade=B health=71 conf=A spread=1.6% | ACCEPT
2026-08-27 09:25:17 | INFO | tradehull_pro | EICHERMOT | master=EICHERMOT-Sep2026-8200-PE | broker=EICHERMOT 29 SEP 8200 PUT | exch=NSE/NSE_FNO | sec=102319 | strike=8200.0 | quote=DHAN_SECURITY_ID | grade=B health=65 conf=A spread=2.2% | ACCEPT
2026-08-27 09:25:17 | INFO | tradehull_pro | EICHERMOT | master=EICHERMOT-Sep2026-7700-PE | broker=EICHERMOT 29 SEP 7700 PUT | exch=NSE/NSE_FNO | sec=71104 | strike=7700.0 | quote=DHAN_SECURITY_ID | grade=D health=17 conf=B spread=N/A | REJECT: HEALTH_17_BELOW_55
2026-08-27 09:25:17 | INFO | tradehull_pro | EICHERMOT | master=EICHERMOT-Sep2026-8300-PE | broker=EICHERMOT 29 SEP 8300 PUT | exch=NSE/NSE_FNO | sec=71113 | strike=8300.0 | quote=DHAN_SECURITY_ID | grade=D health=48 conf=A spread=6.9% | REJECT: HEALTH_48_BELOW_55
2026-08-27 09:25:17 | INFO | tradehull_pro | EICHERMOT | master=EICHERMOT-Sep2026-7600-PE | broker=EICHERMOT 29 SEP 7600 PUT | exch=NSE/NSE_FNO | sec=102313 | strike=7600.0 | quote=DHAN_SECURITY_ID | grade=D health=17 conf=B spread=N/A | REJECT: HEALTH_17_BELOW_55
2026-08-27 09:25:17 | INFO | tradehull_pro | EICHERMOT | master=EICHERMOT-Sep2026-8400-PE | broker=EICHERMOT 29 SEP 8400 PUT | exch=NSE/NSE_FNO | sec=102321 | strike=8400.0 | quote=DHAN_SECURITY_ID | grade=D health=24 conf=A spread=10.4% | REJECT: PREMIUM_OUTSIDE_20_350,HEALTH_24_BELOW_55
2026-08-27 09:25:17 | INFO | tradehull_pro | 🏆 PAPER ENTRY EICHERMOT | EICHERMOT-Sep2026-7900-PE | A health 76 conf A | qty 200 | entry 104.91 | target1 120.65 | stop 97.04 | trade_id=PAPER-20260827-092517-91ca01
2026-08-27 09:25:19 | INFO | tradehull_pro | 🌟 BULL signal KOTAKBANK | score 100 | model=VWAP_PULLBACK
2026-08-27 09:25:19 | INFO | tradehull_pro | KOTAKBANK resolver: 9 nearby contracts from instrument master
2026-08-27 09:25:19 | INFO | tradehull_pro | KOTAKBANK | master=KOTAKBANK-Sep2026-420-CE | broker=KOTAKBANK 29 SEP 420 CALL | exch=NSE/NSE_FNO | sec=120617 | strike=420.0 | quote=DHAN_SECURITY_ID | grade=A health=83 conf=A spread=1.1% | REJECT: PREMIUM_OUTSIDE_20_350
2026-08-27 09:25:19 | INFO | tradehull_pro | KOTAKBANK | master=KOTAKBANK-Sep2026-415-CE | broker=KOTAKBANK 29 SEP 415 CALL | exch=NSE/NSE_FNO | sec=88394 | strike=415.0 | quote=DHAN_SECURITY_ID | grade=A health=79 conf=A spread=0.4% | REJECT: PREMIUM_OUTSIDE_20_350
2026-08-27 09:25:19 | INFO | tradehull_pro | KOTAKBANK | master=KOTAKBANK-Sep2026-425-CE | broker=KOTAKBANK 29 SEP 425 CALL | exch=NSE/NSE_FNO | sec=88396 | strike=425.0 | quote=DHAN_SECURITY_ID | grade=A health=83 conf=A spread=1.5% | REJECT: PREMIUM_OUTSIDE_20_350
2026-08-27 09:25:19 | INFO | tradehull_pro | KOTAKBANK | master=KOTAKBANK-Sep2026-410-CE | broker=KOTAKBANK 29 SEP 410 CALL | exch=NSE/NSE_FNO | sec=120615 | strike=410.0 | quote=DHAN_SECURITY_ID | grade=A health=83 conf=A spread=1.0% | REJECT: PREMIUM_OUTSIDE_20_350
2026-08-27 09:25:19 | INFO | tradehull_pro | KOTAKBANK | master=KOTAKBANK-Sep2026-430-CE | broker=KOTAKBANK 29 SEP 430 CALL | exch=NSE/NSE_FNO | sec=120619 | strike=430.0 | quote=DHAN_SECURITY_ID | grade=A+ health=86 conf=A spread=2.1% | REJECT: PREMIUM_OUTSIDE_20_350
2026-08-27 09:25:19 | INFO | tradehull_pro | KOTAKBANK | master=KOTAKBANK-Sep2026-405-CE | broker=KOTAKBANK 29 SEP 405 CALL | exch=NSE/NSE_FNO | sec=88392 | strike=405.0 | quote=DHAN_SECURITY_ID | grade=A health=76 conf=A spread=1.5% | REJECT: PREMIUM_OUTSIDE_20_350
2026-08-27 09:25:19 | INFO | tradehull_pro | KOTAKBANK | master=KOTAKBANK-Sep2026-435-CE | broker=KOTAKBANK 29 SEP 435 CALL | exch=NSE/NSE_FNO | sec=88400 | strike=435.0 | quote=DHAN_SECURITY_ID | grade=A+ health=86 conf=A spread=3.1% | REJECT: PREMIUM_OUTSIDE_20_350
2026-08-27 09:25:19 | INFO | tradehull_pro | KOTAKBANK | master=KOTAKBANK-Sep2026-400-CE | broker=KOTAKBANK 29 SEP 400 CALL | exch=NSE/NSE_FNO | sec=120613 | strike=400.0 | quote=DHAN_SECURITY_ID | grade=A+ health=89 conf=A spread=1.3% | REJECT: NOT_EXECUTABLE
2026-08-27 09:25:19 | INFO | tradehull_pro | KOTAKBANK | master=KOTAKBANK-Sep2026-440-CE | broker=KOTAKBANK 29 SEP 440 CALL | exch=NSE/NSE_FNO | sec=120632 | strike=440.0 | quote=DHAN_SECURITY_ID | grade=A health=83 conf=A spread=2.2% | REJECT: PREMIUM_OUTSIDE_20_350
2026-08-27 09:25:19 | INFO | tradehull_pro | KOTAKBANK: no contract passed verified-data execution threshold
2026-08-27 09:25:20 | INFO | tradehull_pro | Near BULL JSWSTEEL: 80% | Blocked by: ENTRY_TRIGGER | Trigger detail: VWAP[TOUCH,BODY,CLOSE_VS_VWAP] | BREAKOUT[COMPACT,BREAKOUT] | TREND_CONT[DIRECTION,CLOSE_LOCATION,PROGRESS,STRUCTURE]
2026-08-27 09:25:21 | INFO | tradehull_pro | Near BEAR HCLTECH: 80% | Blocked by: MACRO_BEAR
2026-08-27 09:25:22 | INFO | tradehull_pro | Near BEAR TCS: 80% | Blocked by: MACRO_BEAR
2026-08-27 09:25:22 | INFO | tradehull_pro | Near BEAR BHARTIARTL: 80% | Blocked by: ENTRY_TRIGGER | Trigger detail: VWAP[BODY] | BREAKOUT[COMPACT,BREAKOUT] | TREND_CONT[DIRECTION,RSI_BAND,BODY_ATR,EXTENSION,CLOSE_LOCATION,PROGRESS,STRUCTURE]
2026-08-27 09:25:25 | INFO | tradehull_pro | Near BULL AXISBANK: 80% | Blocked by: ENTRY_TRIGGER | Trigger detail: DIRECTION_SANITY | BREAKOUT[COMPACT,BREAKOUT] | TREND_CONT[RSI_BAND,PROGRESS,STRUCTURE]
2026-08-27 09:25:26 | INFO | tradehull_pro | Near BEAR POWERGRID: 80% | Blocked by: ENTRY_TRIGGER | Trigger detail: VWAP[BODY,CLOSE_VS_VWAP] | BREAKOUT[COMPACT,BREAKOUT] | TREND_CONT[ADX,DIRECTION,RSI_BAND,EXTENSION,CLOSE_LOCATION,PROGRESS,STRUCTURE]
2026-08-27 09:25:27 | INFO | tradehull_pro | Near BULL ICICIBANK: 80% | Blocked by: MACRO_BULL
2026-08-27 09:25:28 | INFO | tradehull_pro | Near BULL TATASTEEL: 80% | Blocked by: RVOL
2026-08-27 09:25:31 | INFO | tradehull_pro | Near BEAR HDFCBANK: 80% | Blocked by: MACRO_BEAR
2026-08-27 09:25:32 | INFO | tradehull_pro | Near BEAR M&M: 80% | Blocked by: MACRO_BEAR
2026-08-27 09:25:33 | INFO | tradehull_pro | Scan complete | full signals=2 | near signals=14 | execution candidates=1
2026-08-27 09:25:33 | INFO | tradehull_pro | Next completed-candle scan in 270s
2026-08-27 09:30:06 | INFO | tradehull_pro | Scan 09:30 | Account P&L ₹1121.25 | Paper P&L ₹2804.00 | Paper 2/2 | External 0 | Trades 3/5 | Risk=MAX_MANAGED_OPEN_POSITIONS
2026-08-27 09:30:09 | INFO | tradehull_pro | Near BULL BAJFINANCE: 80% | Blocked by: ENTRY_TRIGGER | Trigger detail: VWAP[WICK,CLOSE_VS_VWAP] | BREAKOUT[COMPACT,BREAKOUT] | TREND_CONT[BODY_ATR,CLOSE_LOCATION,STRUCTURE]
2026-08-27 09:30:11 | INFO | tradehull_pro | Near BEAR HDFCLIFE: 80% | Blocked by: RVOL
2026-08-27 09:30:16 | INFO | tradehull_pro | 🌟 BEAR signal EICHERMOT | score 100 | model=VWAP_PULLBACK
2026-08-27 09:30:16 | INFO | tradehull_pro | EICHERMOT execution skipped: risk gate MAX_MANAGED_OPEN_POSITIONS
2026-08-27 09:30:19 | INFO | tradehull_pro | 🌟 BULL signal KOTAKBANK | score 100 | model=VWAP_PULLBACK
2026-08-27 09:30:19 | INFO | tradehull_pro | KOTAKBANK execution skipped: risk gate MAX_MANAGED_OPEN_POSITIONS
2026-08-27 09:30:20 | INFO | tradehull_pro | Near BULL JSWSTEEL: 80% | Blocked by: ENTRY_TRIGGER | Trigger detail: VWAP[TOUCH,CLOSE_VS_VWAP] | BREAKOUT[COMPACT,BREAKOUT] | TREND_CONT[PROGRESS,STRUCTURE]
2026-08-27 09:30:21 | INFO | tradehull_pro | Near BEAR TCS: 80% | Blocked by: MACRO_BEAR
2026-08-27 09:30:22 | INFO | tradehull_pro | 🌟 BEAR signal BHARTIARTL | score 100 | model=VWAP_PULLBACK
2026-08-27 09:30:22 | INFO | tradehull_pro | BHARTIARTL execution skipped: risk gate MAX_MANAGED_OPEN_POSITIONS
2026-08-27 09:30:24 | INFO | tradehull_pro | 🌟 BEAR signal SHRIRAMFIN | score 100 | model=VWAP_PULLBACK
2026-08-27 09:30:24 | INFO | tradehull_pro | SHRIRAMFIN execution skipped: risk gate MAX_MANAGED_OPEN_POSITIONS
2026-08-27 09:30:25 | INFO | tradehull_pro | Near BULL AXISBANK: 80% | Blocked by: ENTRY_TRIGGER | Trigger detail: DIRECTION_SANITY | VWAP[WICK] | BREAKOUT[COMPACT,BREAKOUT]
2026-08-27 09:30:25 | INFO | tradehull_pro | Near BEAR POWERGRID: 80% | Blocked by: RVOL
2026-08-27 09:30:27 | INFO | tradehull_pro | Near BULL ICICIBANK: 80% | Blocked by: ENTRY_TRIGGER | Trigger detail: DIRECTION_SANITY | VWAP[BODY,CLOSE_VS_VWAP] | BREAKOUT[COMPACT,BREAKOUT]
2026-08-27 09:30:27 | INFO | tradehull_pro | Near BEAR JIOFIN: 80% | Blocked by: MACRO_BEAR
2026-08-27 09:30:28 | INFO | tradehull_pro | Near BULL TATASTEEL: 80% | Blocked by: ENTRY_TRIGGER | Trigger detail: VWAP[BODY] | BREAKOUT[COMPACT,BREAKOUT] | TREND_CONT[DIRECTION,CLOSE_LOCATION,PROGRESS,STRUCTURE]
2026-08-27 09:30:29 | INFO | tradehull_pro | Near BEAR INFY: 80% | Blocked by: MACRO_BEAR
2026-08-27 09:30:33 | INFO | tradehull_pro | Scan complete | full signals=4 | near signals=10 | execution candidates=0
2026-08-27 09:30:33 | INFO | tradehull_pro | Next completed-candle scan in 270s
2026-08-27 09:35:06 | INFO | tradehull_pro | Scan 09:35 | Account P&L ₹1121.25 | Paper P&L ₹1736.50 | Paper 2/2 | External 0 | Trades 3/5 | Risk=MAX_MANAGED_OPEN_POSITIONS
2026-08-27 09:35:07 | INFO | tradehull_pro | Near BULL BEL: 80% | Blocked by: MACRO_BULL
2026-08-27 09:35:10 | INFO | tradehull_pro | Near BEAR NTPC: 80% | Blocked by: MACRO_BEAR
2026-08-27 09:35:15 | INFO | tradehull_pro | Near BEAR ONGC: 80% | Blocked by: MACRO_BEAR
2026-08-27 09:35:16 | INFO | tradehull_pro | Near BEAR EICHERMOT: 80% | Blocked by: ENTRY_TRIGGER | Trigger detail: VWAP[BODY,CLOSE_VS_VWAP] | BREAKOUT[COMPACT,BREAKOUT] | TREND_CONT[DIRECTION,CLOSE_LOCATION,PROGRESS,STRUCTURE]
2026-08-27 09:35:18 | INFO | tradehull_pro | 🌟 BULL signal KOTAKBANK | score 100 | model=VWAP_PULLBACK
2026-08-27 09:35:18 | INFO | tradehull_pro | KOTAKBANK execution skipped: risk gate MAX_MANAGED_OPEN_POSITIONS
2026-08-27 09:35:22 | INFO | tradehull_pro | 🌟 BEAR signal BHARTIARTL | score 100 | model=VWAP_PULLBACK
2026-08-27 09:35:22 | INFO | tradehull_pro | BHARTIARTL execution skipped: risk gate MAX_MANAGED_OPEN_POSITIONS
2026-08-27 09:35:23 | INFO | tradehull_pro | Near BEAR SHRIRAMFIN: 80% | Blocked by: ENTRY_TRIGGER | Trigger detail: VWAP[TOUCH] | BREAKOUT[COMPACT] | TREND_CONT[RSI_BAND,EXTENSION]
2026-08-27 09:35:25 | INFO | tradehull_pro | Near BULL ADANIENT: 80% | Blocked by: ENTRY_TRIGGER | Trigger detail: VWAP[BODY,WICK,CLOSE_VS_VWAP] | BREAKOUT[COMPACT,BREAKOUT] | TREND_CONT[DIRECTION,BODY_ATR,CLOSE_LOCATION,PROGRESS,STRUCTURE]
2026-08-27 09:35:26 | INFO | tradehull_pro | Near BULL ICICIBANK: 80% | Blocked by: RVOL
2026-08-27 09:35:28 | INFO | tradehull_pro | 🌟 BULL signal TATASTEEL | score 100 | model=VWAP_PULLBACK
2026-08-27 09:35:28 | INFO | tradehull_pro | TATASTEEL execution skipped: risk gate MAX_MANAGED_OPEN_POSITIONS
2026-08-27 09:35:28 | INFO | tradehull_pro | 🌟 BEAR signal TITAN | score 100 | model=VWAP_PULLBACK
2026-08-27 09:35:28 | INFO | tradehull_pro | TITAN execution skipped: risk gate MAX_MANAGED_OPEN_POSITIONS
2026-08-27 09:35:32 | INFO | tradehull_pro | Scan complete | full signals=4 | near signals=7 | execution candidates=0
2026-08-27 09:35:32 | INFO | tradehull_pro | Next completed-candle scan in 271s
2026-08-27 09:40:07 | INFO | tradehull_pro | Scan 09:40 | Account P&L ₹1121.25 | Paper P&L ₹2411.50 | Paper 2/2 | External 0 | Trades 3/5 | Risk=MAX_MANAGED_OPEN_POSITIONS
2026-08-27 09:40:11 | INFO | tradehull_pro | Near BEAR HDFCLIFE: 80% | Blocked by: RVOL
2026-08-27 09:40:13 | INFO | tradehull_pro | Near BEAR ITC: 80% | Blocked by: RVOL
2026-08-27 09:40:17 | INFO | tradehull_pro | 🌟 BEAR signal EICHERMOT | score 100 | model=VWAP_PULLBACK
2026-08-27 09:40:17 | INFO | tradehull_pro | EICHERMOT execution skipped: risk gate MAX_MANAGED_OPEN_POSITIONS
2026-08-27 09:40:19 | INFO | tradehull_pro | 🌟 BULL signal KOTAKBANK | score 100 | model=VWAP_PULLBACK
2026-08-27 09:40:19 | INFO | tradehull_pro | KOTAKBANK execution skipped: risk gate MAX_MANAGED_OPEN_POSITIONS
2026-08-27 09:40:20 | INFO | tradehull_pro | Near BULL JSWSTEEL: 80% | Blocked by: RVOL
2026-08-27 09:40:24 | INFO | tradehull_pro | Near BEAR SHRIRAMFIN: 80% | Blocked by: ENTRY_TRIGGER | Trigger detail: VWAP[TOUCH] | BREAKOUT[COMPACT] | TREND_CONT[RSI_BAND,EXTENSION]
2026-08-27 09:40:25 | INFO | tradehull_pro | Near BULL AXISBANK: 80% | Blocked by: RVOL
2026-08-27 09:40:26 | INFO | tradehull_pro | Near BULL ADANIENT: 80% | Blocked by: RVOL
2026-08-27 09:40:28 | INFO | tradehull_pro | Near BULL TATASTEEL: 80% | Blocked by: ENTRY_TRIGGER | Trigger detail: VWAP[TOUCH] | BREAKOUT[COMPACT,BREAKOUT] | TREND_CONT[EXTENSION,CLOSE_LOCATION]
2026-08-27 09:40:33 | INFO | tradehull_pro | Scan complete | full signals=2 | near signals=7 | execution candidates=0
2026-08-27 09:40:33 | INFO | tradehull_pro | Next completed-candle scan in 270s
2026-08-27 09:45:07 | INFO | tradehull_pro | Scan 09:45 | Account P&L ₹1121.25 | Paper P&L ₹161.50 | Paper 2/2 | External 0 | Trades 3/5 | Risk=MAX_MANAGED_OPEN_POSITIONS
2026-08-27 09:45:08 | INFO | tradehull_pro | Near BEAR BAJAJ-AUTO: 80% | Blocked by: ENTRY_TRIGGER | Trigger detail: VWAP[TOUCH,BODY] | BREAKOUT[COMPACT,BREAKOUT] | TREND_CONT[ADX,DIRECTION,EXTENSION,CLOSE_LOCATION,PROGRESS,STRUCTURE]
2026-08-27 09:45:09 | INFO | tradehull_pro | Near BEAR HINDALCO: 80% | Blocked by: RVOL
2026-08-27 09:45:15 | INFO | tradehull_pro | Near BEAR ONGC: 80% | Blocked by: RVOL
2026-08-27 09:45:18 | INFO | tradehull_pro | Near BULL KOTAKBANK: 80% | Blocked by: ENTRY_TRIGGER | Trigger detail: VWAP[TOUCH] | BREAKOUT[COMPACT] | TREND_CONT[RSI_BAND,EXTENSION]
2026-08-27 09:45:19 | INFO | tradehull_pro | 🌟 BEAR signal CIPLA | score 100 | model=VWAP_PULLBACK
2026-08-27 09:45:19 | INFO | tradehull_pro | CIPLA execution skipped: risk gate MAX_MANAGED_OPEN_POSITIONS
2026-08-27 09:45:24 | INFO | tradehull_pro | Near BEAR SHRIRAMFIN: 80% | Blocked by: ENTRY_TRIGGER | Trigger detail: VWAP[TOUCH] | BREAKOUT[COMPACT,BREAKOUT] | TREND_CONT[RSI_BAND,BODY_ATR,EXTENSION]
2026-08-27 09:45:25 | INFO | tradehull_pro | Near BULL AXISBANK: 80% | Blocked by: RVOL
2026-08-27 09:45:25 | INFO | tradehull_pro | Near BEAR POWERGRID: 80% | Blocked by: RVOL
2026-08-27 09:45:26 | INFO | tradehull_pro | Near BULL ADANIENT: 80% | Blocked by: RVOL
2026-08-27 09:45:26 | INFO | tradehull_pro | Near BULL TECHM: 80% | Blocked by: MACRO_BULL
2026-08-27 09:45:28 | INFO | tradehull_pro | Near BULL TATASTEEL: 80% | Blocked by: ENTRY_TRIGGER | Trigger detail: VWAP[BODY] | BREAKOUT[COMPACT,BREAKOUT] | TREND_CONT[DIRECTION,CLOSE_LOCATION,PROGRESS,STRUCTURE]
2026-08-27 09:45:32 | INFO | tradehull_pro | Scan complete | full signals=1 | near signals=10 | execution candidates=0
2026-08-27 09:45:32 | INFO | tradehull_pro | Next completed-candle scan in 271s
2026-08-27 09:50:07 | INFO | tradehull_pro | Scan 09:50 | Account P&L ₹1121.25 | Paper P&L ₹-996.00 | Paper 2/2 | External 0 | Trades 3/5 | Risk=MAX_MANAGED_OPEN_POSITIONS
2026-08-27 09:50:23 | INFO | tradehull_pro | Near BEAR BHARTIARTL: 80% | Blocked by: ENTRY_TRIGGER | Trigger detail: VWAP[BODY] | BREAKOUT[BREAKOUT] | TREND_CONT[DIRECTION,BODY_ATR,EXTENSION,PROGRESS,STRUCTURE]
2026-08-27 09:50:24 | INFO | tradehull_pro | Near BEAR LT: 80% | Blocked by: RVOL
2026-08-27 09:50:25 | INFO | tradehull_pro | Near BEAR SHRIRAMFIN: 80% | Blocked by: ENTRY_TRIGGER | Trigger detail: VWAP[TOUCH,WICK] | BREAKOUT[COMPACT,BREAKOUT] | TREND_CONT[RSI_BAND,BODY_ATR,EXTENSION,CLOSE_LOCATION]
2026-08-27 09:50:26 | INFO | tradehull_pro | 🌟 BULL signal AXISBANK | score 100 | model=VWAP_PULLBACK
2026-08-27 09:50:26 | INFO | tradehull_pro | AXISBANK execution skipped: risk gate MAX_MANAGED_OPEN_POSITIONS
2026-08-27 09:50:27 | INFO | tradehull_pro | Near BEAR POWERGRID: 80% | Blocked by: RVOL
2026-08-27 09:50:27 | INFO | tradehull_pro | Near BULL ADANIENT: 80% | Blocked by: RVOL
2026-08-27 09:50:34 | INFO | tradehull_pro | Scan complete | full signals=1 | near signals=5 | execution candidates=0
2026-08-27 09:50:34 | INFO | tradehull_pro | Next completed-candle scan in 269s
2026-08-27 09:55:06 | INFO | tradehull_pro | 📘 PAPER EXIT | BHARTIARTL | BHARTIARTL-Sep2026-1900-PE | qty 950 @ 24.85 | pnl ₹-2907.00 | reason=STOP | remaining=0 | stop=25.82
2026-08-27 09:55:06 | INFO | tradehull_pro | Scan 09:55 | Account P&L ₹3529.50 | Paper P&L ₹-2453.50 | Paper 1/2 | External 1 | Trades 3/5 | Risk=STRATEGY_DAILY_LOSS_LIMIT
2026-08-27 09:55:08 | INFO | tradehull_pro | Near BEAR BAJAJ-AUTO: 80% | Blocked by: RVOL
2026-08-27 09:55:10 | INFO | tradehull_pro | Near BEAR HINDALCO: 80% | Blocked by: RVOL
2026-08-27 09:55:13 | INFO | tradehull_pro | Near BEAR ITC: 80% | Blocked by: RVOL
2026-08-27 09:55:15 | INFO | tradehull_pro | Near BEAR WIPRO: 80% | Blocked by: RVOL
2026-08-27 09:55:21 | INFO | tradehull_pro | Near BEAR TCS: 80% | Blocked by: MACRO_BEAR
2026-08-27 09:55:23 | INFO | tradehull_pro | Near BEAR LT: 80% | Blocked by: RVOL
2026-08-27 09:55:25 | INFO | tradehull_pro | Near BULL AXISBANK: 80% | Blocked by: ENTRY_TRIGGER | Trigger detail: VWAP[TOUCH,BODY] | BREAKOUT[BREAKOUT] | TREND_CONT[DIRECTION,BODY_ATR,CLOSE_LOCATION,PROGRESS,STRUCTURE]
2026-08-27 09:55:26 | INFO | tradehull_pro | Near BEAR POWERGRID: 80% | Blocked by: RVOL
2026-08-27 09:55:26 | INFO | tradehull_pro | Near BULL ADANIENT: 80% | Blocked by: RVOL
2026-08-27 09:55:29 | INFO | tradehull_pro | Near BEAR TITAN: 80% | Blocked by: MACRO_BEAR
2026-08-27 09:55:32 | INFO | tradehull_pro | Near BEAR M&M: 80% | Blocked by: RVOL
2026-08-27 09:55:33 | INFO | tradehull_pro | Near BEAR SUNPHARMA: 80% | Blocked by: MACRO_BEAR
2026-08-27 09:55:33 | INFO | tradehull_pro | Scan complete | full signals=0 | near signals=12 | execution candidates=0
2026-08-27 09:55:33 | INFO | tradehull_pro | Next completed-candle scan in 266s
2026-08-27 10:00:02 | INFO | tradehull_pro | Scan 09:59 | Account P&L ₹8937.50 | Paper P&L ₹-2523.50 | Paper 1/2 | External 1 | Trades 3/5 | Risk=STRATEGY_DAILY_LOSS_LIMIT
2026-08-27 10:00:06 | INFO | tradehull_pro | Near BEAR NTPC: 80% | Blocked by: RVOL
2026-08-27 10:00:08 | INFO | tradehull_pro | Near BEAR HINDUNILVR: 80% | Blocked by: MACRO_BEAR
2026-08-27 10:00:08 | INFO | tradehull_pro | 🌟 BEAR signal MARUTI | score 100 | model=VWAP_PULLBACK
2026-08-27 10:00:08 | INFO | tradehull_pro | MARUTI execution skipped: risk gate STRATEGY_DAILY_LOSS_LIMIT
2026-08-27 10:00:09 | INFO | tradehull_pro | Near BEAR ITC: 80% | Blocked by: RVOL
2026-08-27 10:00:15 | INFO | tradehull_pro | Near BEAR CIPLA: 80% | Blocked by: RVOL
2026-08-27 10:00:19 | INFO | tradehull_pro | Near BEAR LT: 80% | Blocked by: RVOL
2026-08-27 10:00:20 | INFO | tradehull_pro | Near BULL GRASIM: 80% | Blocked by: RVOL
2026-08-27 10:00:23 | INFO | tradehull_pro | Near BEAR JIOFIN: 80% | Blocked by: MACRO_BEAR
2026-08-27 10:00:27 | INFO | tradehull_pro | Near BEAR HDFCBANK: 80% | Blocked by: RVOL
2026-08-27 10:00:28 | INFO | tradehull_pro | Near BEAR M&M: 80% | Blocked by: RVOL
2026-08-27 10:00:29 | INFO | tradehull_pro | Scan complete | full signals=1 | near signals=9 | execution candidates=0
2026-08-27 10:00:29 | INFO | tradehull_pro | Next completed-candle scan in 274s
2026-08-27 10:05:06 | INFO | tradehull_pro | Scan 10:05 | Account P&L ₹15739.75 | Paper P&L ₹-543.50 | Paper 1/2 | External 1 | Trades 3/5 | Risk=OK
2026-08-27 10:05:07 | INFO | tradehull_pro | Near BEAR TATACONSUM: 80% | Blocked by: RVOL
2026-08-27 10:05:10 | INFO | tradehull_pro | Near BEAR NTPC: 80% | Blocked by: RVOL
2026-08-27 10:05:10 | INFO | tradehull_pro | Near BEAR HDFCLIFE: 80% | Blocked by: RVOL
2026-08-27 10:05:15 | INFO | tradehull_pro | Near BEAR ONGC: 80% | Blocked by: RVOL
2026-08-27 10:05:16 | INFO | tradehull_pro | Near BEAR EICHERMOT: 80% | Blocked by: RVOL
2026-08-27 10:05:19 | INFO | tradehull_pro | Near BEAR CIPLA: 80% | Blocked by: RVOL
2026-08-27 10:05:19 | INFO | tradehull_pro | Near BULL JSWSTEEL: 80% | Blocked by: RVOL
2026-08-27 10:05:24 | INFO | tradehull_pro | 🌟 BULL signal AXISBANK | score 100 | model=VWAP_PULLBACK
2026-08-27 10:05:24 | INFO | tradehull_pro | AXISBANK resolver: 9 nearby contracts from instrument master
2026-08-27 10:05:24 | INFO | tradehull_pro | AXISBANK | master=AXISBANK-Sep2026-1260-CE | broker=AXISBANK 29 SEP 1260 CALL | exch=NSE/NSE_FNO | sec=56316 | strike=1260.0 | quote=DHAN_SECURITY_ID | grade=A+ health=93 conf=A spread=0.4% | ACCEPT
2026-08-27 10:05:24 | INFO | tradehull_pro | AXISBANK | master=AXISBANK-Sep2026-1240-CE | broker=AXISBANK 29 SEP 1240 CALL | exch=NSE/NSE_FNO | sec=87119 | strike=1240.0 | quote=DHAN_SECURITY_ID | grade=A+ health=89 conf=A spread=0.9% | ACCEPT
2026-08-27 10:05:24 | INFO | tradehull_pro | AXISBANK | master=AXISBANK-Sep2026-1280-CE | broker=AXISBANK 29 SEP 1280 CALL | exch=NSE/NSE_FNO | sec=87124 | strike=1280.0 | quote=DHAN_SECURITY_ID | grade=A health=79 conf=A spread=0.8% | REJECT: PREMIUM_OUTSIDE_20_350
2026-08-27 10:05:24 | INFO | tradehull_pro | AXISBANK | master=AXISBANK-Sep2026-1220-CE | broker=AXISBANK 29 SEP 1220 CALL | exch=NSE/NSE_FNO | sec=56314 | strike=1220.0 | quote=DHAN_SECURITY_ID | grade=A+ health=89 conf=A spread=1.0% | REJECT: NOT_EXECUTABLE
2026-08-27 10:05:24 | INFO | tradehull_pro | AXISBANK | master=AXISBANK-Sep2026-1300-CE | broker=AXISBANK 29 SEP 1300 CALL | exch=NSE/NSE_FNO | sec=56318 | strike=1300.0 | quote=DHAN_SECURITY_ID | grade=A health=83 conf=A spread=0.9% | REJECT: PREMIUM_OUTSIDE_20_350
2026-08-27 10:05:24 | INFO | tradehull_pro | AXISBANK | master=AXISBANK-Sep2026-1200-CE | broker=AXISBANK 29 SEP 1200 CALL | exch=NSE/NSE_FNO | sec=87117 | strike=1200.0 | quote=DHAN_SECURITY_ID | grade=A+ health=86 conf=A spread=1.0% | REJECT: NOT_EXECUTABLE
2026-08-27 10:05:24 | INFO | tradehull_pro | AXISBANK | master=AXISBANK-Sep2026-1320-CE | broker=AXISBANK 29 SEP 1320 CALL | exch=NSE/NSE_FNO | sec=87126 | strike=1320.0 | quote=DHAN_SECURITY_ID | grade=A health=79 conf=A spread=1.5% | REJECT: PREMIUM_OUTSIDE_20_350
2026-08-27 10:05:24 | INFO | tradehull_pro | AXISBANK | master=AXISBANK-Sep2026-1180-CE | broker=AXISBANK 29 SEP 1180 CALL | exch=NSE/NSE_FNO | sec=56312 | strike=1180.0 | quote=DHAN_SECURITY_ID | grade=A health=76 conf=A spread=1.1% | REJECT: NOT_EXECUTABLE
2026-08-27 10:05:24 | INFO | tradehull_pro | AXISBANK | master=AXISBANK-Sep2026-1340-CE | broker=AXISBANK 29 SEP 1340 CALL | exch=NSE/NSE_FNO | sec=56320 | strike=1340.0 | quote=DHAN_SECURITY_ID | grade=A+ health=86 conf=A spread=2.6% | REJECT: PREMIUM_OUTSIDE_20_350
2026-08-27 10:05:24 | INFO | tradehull_pro | 🏆 PAPER ENTRY AXISBANK | AXISBANK-Sep2026-1260-CE | A+ health 93 conf A | qty 625 | entry 27.55 | target1 31.68 | stop 25.48 | trade_id=PAPER-20260827-100524-acb009
2026-08-27 10:05:25 | INFO | tradehull_pro | Near BULL ADANIENT: 80% | Blocked by: RVOL
2026-08-27 10:05:30 | INFO | tradehull_pro | Near BULL ULTRACEMCO: 80% | Blocked by: ST_BULL
2026-08-27 10:05:32 | INFO | tradehull_pro | Scan complete | full signals=1 | near signals=9 | execution candidates=1
2026-08-27 10:05:32 | INFO | tradehull_pro | Next completed-candle scan in 271s
2026-08-27 10:10:07 | INFO | tradehull_pro | Scan 10:10 | Account P&L ₹12402.00 | Paper P&L ₹-1384.75 | Paper 2/2 | External 1 | Trades 4/5 | Risk=MAX_MANAGED_OPEN_POSITIONS
2026-08-27 10:10:10 | INFO | tradehull_pro | Near BEAR NTPC: 80% | Blocked by: ENTRY_TRIGGER | Trigger detail: VWAP[TOUCH,WICK] | BREAKOUT[COMPACT] | TREND_CONT[ADX,RSI_BAND,EXTENSION,CLOSE_LOCATION]
2026-08-27 10:10:11 | INFO | tradehull_pro | Near BULL SBILIFE: 80% | Blocked by: MACRO_BULL
2026-08-27 10:10:23 | INFO | tradehull_pro | Near BEAR LT: 80% | Blocked by: RVOL
2026-08-27 10:10:25 | INFO | tradehull_pro | Near BULL AXISBANK: 80% | Blocked by: ENTRY_TRIGGER | Trigger detail: VWAP[BODY] | BREAKOUT[BREAKOUT] | TREND_CONT[DIRECTION,BODY_ATR,CLOSE_LOCATION,PROGRESS,STRUCTURE]
2026-08-27 10:10:27 | INFO | tradehull_pro | Near BULL TECHM: 80% | Blocked by: RVOL
2026-08-27 10:10:27 | INFO | tradehull_pro | Near BULL ICICIBANK: 80% | Blocked by: RVOL
2026-08-27 10:10:33 | INFO | tradehull_pro | Scan complete | full signals=0 | near signals=6 | execution candidates=0
2026-08-27 10:10:33 | INFO | tradehull_pro | Next completed-candle scan in 270s
2026-08-27 10:15:06 | INFO | tradehull_pro | Scan 10:15 | Account P&L ₹21992.75 | Paper P&L ₹-2974.75 | Paper 2/2 | External 1 | Trades 4/5 | Risk=MAX_MANAGED_OPEN_POSITIONS
2026-08-27 10:15:10 | INFO | tradehull_pro | Near BEAR HINDALCO: 80% | Blocked by: RVOL
2026-08-27 10:15:12 | INFO | tradehull_pro | 🌟 BEAR signal HINDUNILVR | score 100 | model=BREAKOUT_CONTINUATION
2026-08-27 10:15:12 | INFO | tradehull_pro | HINDUNILVR execution skipped: risk gate MAX_MANAGED_OPEN_POSITIONS
2026-08-27 10:15:25 | INFO | tradehull_pro | Near BULL AXISBANK: 80% | Blocked by: ENTRY_TRIGGER | Trigger detail: VWAP[BODY] | BREAKOUT[BREAKOUT] | TREND_CONT[DIRECTION,CLOSE_LOCATION,PROGRESS,STRUCTURE]
2026-08-27 10:15:33 | INFO | tradehull_pro | Scan complete | full signals=1 | near signals=2 | execution candidates=0
2026-08-27 10:15:33 | INFO | tradehull_pro | Next completed-candle scan in 270s
2026-08-27 10:20:06 | INFO | tradehull_pro | Scan 10:20 | Account P&L ₹16331.25 | Paper P&L ₹-3947.25 | Paper 2/2 | External 1 | Trades 4/5 | Risk=MAX_MANAGED_OPEN_POSITIONS
2026-08-27 10:20:07 | INFO | tradehull_pro | Near BEAR TATACONSUM: 80% | Blocked by: RVOL
2026-08-27 10:20:11 | INFO | tradehull_pro | Near BEAR HINDUNILVR: 80% | Blocked by: ENTRY_TRIGGER | Trigger detail: VWAP[TOUCH,BODY] | BREAKOUT[BREAKOUT] | TREND_CONT[ADX,DIRECTION,RSI_BAND,EXTENSION,CLOSE_LOCATION,PROGRESS,STRUCTURE]
2026-08-27 10:20:12 | INFO | tradehull_pro | Near BEAR ITC: 80% | Blocked by: RVOL
2026-08-27 10:20:15 | INFO | tradehull_pro | Near BEAR ONGC: 80% | Blocked by: RVOL
2026-08-27 10:20:24 | INFO | tradehull_pro | Near BULL GRASIM: 80% | Blocked by: ENTRY_TRIGGER | Trigger detail: DIRECTION_SANITY | VWAP[CLOSE_VS_VWAP] | BREAKOUT[BREAKOUT]
2026-08-27 10:20:24 | INFO | tradehull_pro | Near BULL AXISBANK: 80% | Blocked by: RVOL
2026-08-27 10:20:25 | INFO | tradehull_pro | Near BULL ADANIENT: 80% | Blocked by: RVOL
2026-08-27 10:20:26 | INFO | tradehull_pro | 🌟 BULL signal TECHM | score 100 | model=VWAP_PULLBACK
2026-08-27 10:20:26 | INFO | tradehull_pro | TECHM execution skipped: risk gate MAX_MANAGED_OPEN_POSITIONS
2026-08-27 10:20:32 | INFO | tradehull_pro | Scan complete | full signals=1 | near signals=7 | execution candidates=0
2026-08-27 10:20:32 | INFO | tradehull_pro | Next completed-candle scan in 271s
2026-08-27 10:25:07 | INFO | tradehull_pro | 📘 PAPER EXIT | EICHERMOT | EICHERMOT-Sep2026-7900-PE | qty 200 @ 95.85 | pnl ₹-1812.00 | reason=STOP | remaining=0 | stop=97.04
2026-08-27 10:25:07 | INFO | tradehull_pro | Scan 10:25 | Account P&L ₹22288.50 | Paper P&L ₹-3999.75 | Paper 1/2 | External 1 | Trades 4/5 | Risk=MAX_CONSECUTIVE_LOSSES
2026-08-27 10:25:08 | INFO | tradehull_pro | Near BEAR BAJAJ-AUTO: 80% | Blocked by: RVOL
2026-08-27 10:25:10 | INFO | tradehull_pro | Near BEAR HINDALCO: 80% | Blocked by: RVOL
2026-08-27 10:25:11 | INFO | tradehull_pro | Near BEAR HDFCLIFE: 80% | Blocked by: RVOL
2026-08-27 10:25:13 | INFO | tradehull_pro | Near BEAR ITC: 80% | Blocked by: RVOL
2026-08-27 10:25:24 | INFO | tradehull_pro | Near BEAR SHRIRAMFIN: 80% | Blocked by: RVOL
2026-08-27 10:25:25 | INFO | tradehull_pro | Near BULL AXISBANK: 80% | Blocked by: ENTRY_TRIGGER | Trigger detail: VWAP[WICK] | BREAKOUT[BREAKOUT] | TREND_CONT[CLOSE_LOCATION,STRUCTURE]
2026-08-27 10:25:26 | INFO | tradehull_pro | Near BULL TECHM: 80% | Blocked by: RVOL
2026-08-27 10:25:27 | INFO | tradehull_pro | Near BULL ICICIBANK: 80% | Blocked by: RVOL
2026-08-27 10:25:28 | INFO | tradehull_pro | Near BEAR JIOFIN: 80% | Blocked by: MACRO_BEAR
2026-08-27 10:25:33 | INFO | tradehull_pro | Scan complete | full signals=0 | near signals=9 | execution candidates=0
2026-08-27 10:25:33 | INFO | tradehull_pro | Next completed-candle scan in 270s
2026-08-27 10:30:06 | INFO | tradehull_pro | Scan 10:30 | Account P&L ₹20302.75 | Paper P&L ₹-3531.00 | Paper 1/2 | External 1 | Trades 4/5 | Risk=MAX_CONSECUTIVE_LOSSES
2026-08-27 10:30:08 | INFO | tradehull_pro | Near BEAR BAJAJ-AUTO: 80% | Blocked by: RVOL
2026-08-27 10:30:13 | INFO | tradehull_pro | Near BEAR ITC: 80% | Blocked by: ENTRY_TRIGGER | Trigger detail: VWAP[TOUCH,WICK] | BREAKOUT[BREAKOUT] | TREND_CONT[EXTENSION,CLOSE_LOCATION]
2026-08-27 10:30:24 | INFO | tradehull_pro | Near BEAR SHRIRAMFIN: 80% | Blocked by: RVOL
2026-08-27 10:30:25 | INFO | tradehull_pro | Near BULL AXISBANK: 80% | Blocked by: RVOL
2026-08-27 10:30:27 | INFO | tradehull_pro | Near BULL ICICIBANK: 80% | Blocked by: ENTRY_TRIGGER | Trigger detail: VWAP[WICK] | BREAKOUT[BREAKOUT] | TREND_CONT[BODY_ATR,CLOSE_LOCATION]
2026-08-27 10:30:29 | INFO | tradehull_pro | Near BEAR INFY: 80% | Blocked by: MACRO_BEAR
2026-08-27 10:30:30 | INFO | tradehull_pro | Near BULL ASIANPAINT: 80% | Blocked by: MACRO_BULL
2026-08-27 10:30:32 | INFO | tradehull_pro | Near BEAR M&M: 80% | Blocked by: RVOL
2026-08-27 10:30:32 | INFO | tradehull_pro | Scan complete | full signals=0 | near signals=8 | execution candidates=0
2026-08-27 10:30:32 | INFO | tradehull_pro | Next completed-candle scan in 271s
2026-08-27 10:35:07 | INFO | tradehull_pro | Scan 10:35 | Account P&L ₹16331.25 | Paper P&L ₹-3562.25 | Paper 1/2 | External 1 | Trades 4/5 | Risk=MAX_CONSECUTIVE_LOSSES
2026-08-27 10:35:11 | INFO | tradehull_pro | 🌟 BEAR signal NTPC | score 100 | model=BREAKOUT_CONTINUATION
2026-08-27 10:35:11 | INFO | tradehull_pro | NTPC execution skipped: risk gate MAX_CONSECUTIVE_LOSSES
2026-08-27 10:35:14 | INFO | tradehull_pro | Near BULL ADANIPORTS: 80% | Blocked by: MACRO_BULL
2026-08-27 10:35:22 | INFO | tradehull_pro | Near BEAR TCS: 80% | Blocked by: MACRO_BEAR
2026-08-27 10:35:24 | INFO | tradehull_pro | Near BEAR SHRIRAMFIN: 80% | Blocked by: RVOL
2026-08-27 10:35:26 | INFO | tradehull_pro | Near BULL ADANIENT: 80% | Blocked by: RVOL
2026-08-27 10:35:27 | INFO | tradehull_pro | Near BULL ICICIBANK: 80% | Blocked by: RVOL
2026-08-27 10:35:33 | INFO | tradehull_pro | Scan complete | full signals=1 | near signals=5 | execution candidates=0
2026-08-27 10:35:33 | INFO | tradehull_pro | Next completed-candle scan in 270s
2026-08-27 10:40:06 | INFO | tradehull_pro | Scan 10:40 | Account P&L ₹18697.25 | Paper P&L ₹-3593.50 | Paper 1/2 | External 1 | Trades 4/5 | Risk=MAX_CONSECUTIVE_LOSSES
2026-08-27 10:40:08 | INFO | tradehull_pro | Near BEAR TATACONSUM: 80% | Blocked by: RVOL
2026-08-27 10:40:08 | INFO | tradehull_pro | Near BEAR BAJAJ-AUTO: 80% | Blocked by: ENTRY_TRIGGER | Trigger detail: DIRECTION_SANITY | VWAP[BODY,WICK] | BREAKOUT[BREAKOUT]
2026-08-27 10:40:10 | INFO | tradehull_pro | Near BEAR NTPC: 80% | Blocked by: ENTRY_TRIGGER | Trigger detail: VWAP[TOUCH] | BREAKOUT[COMPACT,BREAKOUT] | TREND_CONT[RSI_BAND,EXTENSION]
2026-08-27 10:40:11 | INFO | tradehull_pro | Near BEAR HDFCLIFE: 80% | Blocked by: RVOL
2026-08-27 10:40:12 | INFO | tradehull_pro | Near BEAR MARUTI: 80% | Blocked by: ENTRY_TRIGGER | Trigger detail: DIRECTION_SANITY | BREAKOUT[BREAKOUT] | TREND_CONT[ADX,DIRECTION,CLOSE_LOCATION,STRUCTURE]
2026-08-27 10:40:15 | INFO | tradehull_pro | Near BEAR WIPRO: 80% | Blocked by: RVOL
2026-08-27 10:40:23 | INFO | tradehull_pro | Near BEAR LT: 80% | Blocked by: RVOL
2026-08-27 10:40:24 | INFO | tradehull_pro | Near BEAR SHRIRAMFIN: 80% | Blocked by: RVOL
2026-08-27 10:40:25 | INFO | tradehull_pro | Near BULL AXISBANK: 80% | Blocked by: RVOL
2026-08-27 10:40:27 | INFO | tradehull_pro | Near BULL ICICIBANK: 80% | Blocked by: RVOL
2026-08-27 10:40:31 | INFO | tradehull_pro | Near BEAR HDFCBANK: 80% | Blocked by: RVOL
2026-08-27 10:40:33 | INFO | tradehull_pro | Scan complete | full signals=0 | near signals=11 | execution candidates=0
2026-08-27 10:40:33 | INFO | tradehull_pro | Next completed-candle scan in 270s
2026-08-27 10:45:06 | INFO | tradehull_pro | Scan 10:45 | Account P&L ₹28034.50 | Paper P&L ₹-3812.25 | Paper 1/2 | External 1 | Trades 4/5 | Risk=MAX_CONSECUTIVE_LOSSES
2026-08-27 10:45:08 | INFO | tradehull_pro | Near BEAR BAJAJ-AUTO: 80% | Blocked by: RVOL
2026-08-27 10:45:09 | INFO | tradehull_pro | Near BEAR HINDALCO: 80% | Blocked by: RVOL
2026-08-27 10:45:10 | INFO | tradehull_pro | Near BEAR NTPC: 80% | Blocked by: ENTRY_TRIGGER | Trigger detail: VWAP[TOUCH,BODY] | BREAKOUT[COMPACT,BREAKOUT] | TREND_CONT[DIRECTION,RSI_BAND,EXTENSION,CLOSE_LOCATION,PROGRESS,STRUCTURE]
2026-08-27 10:45:10 | INFO | tradehull_pro | Near BEAR HDFCLIFE: 80% | Blocked by: RVOL
2026-08-27 10:45:12 | INFO | tradehull_pro | Near BEAR MARUTI: 80% | Blocked by: RVOL
2026-08-27 10:45:15 | INFO | tradehull_pro | Near BEAR WIPRO: 80% | Blocked by: RVOL
2026-08-27 10:45:23 | INFO | tradehull_pro | Near BEAR SHRIRAMFIN: 80% | Blocked by: RVOL
2026-08-27 10:45:29 | INFO | tradehull_pro | Near BEAR TRENT: 80% | Blocked by: MACRO_BEAR
2026-08-27 10:45:31 | INFO | tradehull_pro | Near BEAR M&M: 80% | Blocked by: RVOL
2026-08-27 10:45:31 | INFO | tradehull_pro | Scan complete | full signals=0 | near signals=9 | execution candidates=0
2026-08-27 10:45:31 | INFO | tradehull_pro | Next completed-candle scan in 272s
2026-08-27 10:50:26 | INFO | tradehull_pro | Scan 10:50 | Account P&L ₹28710.50 | Paper P&L ₹-3781.00 | Paper 1/2 | External 1 | Trades 4/5 | Risk=MAX_CONSECUTIVE_LOSSES
2026-08-27 10:50:29 | INFO | tradehull_pro | 🌟 BEAR signal HINDALCO | score 100 | model=BREAKOUT_CONTINUATION
2026-08-27 10:50:29 | INFO | tradehull_pro | HINDALCO execution skipped: risk gate MAX_CONSECUTIVE_LOSSES
2026-08-27 10:50:36 | INFO | tradehull_pro | Near BEAR EICHERMOT: 80% | Blocked by: ENTRY_TRIGGER | Trigger detail: DIRECTION_SANITY | VWAP[BODY,WICK,CLOSE_VS_VWAP] | BREAKOUT[BREAKOUT]
2026-08-27 10:50:43 | INFO | tradehull_pro | Near BEAR SHRIRAMFIN: 80% | Blocked by: RVOL
2026-08-27 10:50:46 | INFO | tradehull_pro | Near BULL TECHM: 80% | Blocked by: RVOL
2026-08-27 10:50:51 | INFO | tradehull_pro | Near BEAR HDFCBANK: 80% | Blocked by: RVOL
2026-08-27 10:50:52 | INFO | tradehull_pro | Near BEAR M&M: 80% | Blocked by: RVOL
2026-08-27 10:50:53 | INFO | tradehull_pro | Scan complete | full signals=1 | near signals=5 | execution candidates=0
2026-08-27 10:50:53 | INFO | tradehull_pro | Next completed-candle scan in 250s
2026-08-27 10:55:06 | INFO | tradehull_pro | Scan 10:55 | Account P&L ₹35850.75 | Paper P&L ₹-4031.00 | Paper 1/2 | External 1 | Trades 4/5 | Risk=MAX_CONSECUTIVE_LOSSES
2026-08-27 10:55:07 | INFO | tradehull_pro | Near BEAR TATACONSUM: 80% | Blocked by: RVOL
2026-08-27 10:55:08 | INFO | tradehull_pro | Near BEAR BAJAJ-AUTO: 80% | Blocked by: ENTRY_TRIGGER | Trigger detail: VWAP[TOUCH] | BREAKOUT[BREAKOUT] | TREND_CONT[BODY_ATR,EXTENSION]
2026-08-27 10:55:09 | INFO | tradehull_pro | 🌟 BEAR signal HINDALCO | score 100 | model=BREAKOUT_CONTINUATION
2026-08-27 10:55:09 | INFO | tradehull_pro | HINDALCO execution skipped: risk gate MAX_CONSECUTIVE_LOSSES
2026-08-27 10:55:10 | INFO | tradehull_pro | Near BEAR NTPC: 80% | Blocked by: ENTRY_TRIGGER | Trigger detail: VWAP[TOUCH,BODY] | BREAKOUT[COMPACT,BREAKOUT] | TREND_CONT[DIRECTION,EXTENSION,CLOSE_LOCATION,PROGRESS,STRUCTURE]
2026-08-27 10:55:10 | INFO | tradehull_pro | 🌟 BEAR signal HDFCLIFE | score 100 | model=BREAKOUT_CONTINUATION
2026-08-27 10:55:10 | INFO | tradehull_pro | HDFCLIFE execution skipped: risk gate MAX_CONSECUTIVE_LOSSES
2026-08-27 10:55:19 | INFO | tradehull_pro | Near BEAR CIPLA: 80% | Blocked by: RVOL
2026-08-27 10:55:24 | INFO | tradehull_pro | 🌟 BEAR signal SHRIRAMFIN | score 100 | model=BREAKOUT_CONTINUATION
2026-08-27 10:55:24 | INFO | tradehull_pro | SHRIRAMFIN execution skipped: risk gate MAX_CONSECUTIVE_LOSSES
2026-08-27 10:55:25 | INFO | tradehull_pro | Near BULL AXISBANK: 80% | Blocked by: ENTRY_TRIGGER | Trigger detail: DIRECTION_SANITY | VWAP[BODY] | BREAKOUT[BREAKOUT]
2026-08-27 10:55:25 | INFO | tradehull_pro | Near BEAR POWERGRID: 80% | Blocked by: ENTRY_TRIGGER | Trigger detail: VWAP[BODY] | BREAKOUT[BREAKOUT] | TREND_CONT[DIRECTION,PROGRESS,STRUCTURE]
2026-08-27 10:55:27 | INFO | tradehull_pro | Near BULL ICICIBANK: 80% | Blocked by: ENTRY_TRIGGER | Trigger detail: VWAP[BODY] | BREAKOUT[BREAKOUT] | TREND_CONT[DIRECTION,CLOSE_LOCATION,PROGRESS,STRUCTURE]
2026-08-27 10:55:31 | INFO | tradehull_pro | Near BEAR HDFCBANK: 80% | Blocked by: RVOL
2026-08-27 10:55:32 | INFO | tradehull_pro | Near BEAR RELIANCE: 80% | Blocked by: MACRO_BEAR
2026-08-27 10:55:32 | INFO | tradehull_pro | Near BEAR M&M: 80% | Blocked by: RVOL
2026-08-27 10:55:33 | INFO | tradehull_pro | Scan complete | full signals=3 | near signals=10 | execution candidates=0
2026-08-27 10:55:33 | INFO | tradehull_pro | Next completed-candle scan in 266s
2026-08-27 11:00:02 | INFO | tradehull_pro | Scan 10:59 | Account P&L ₹35343.75 | Paper P&L ₹-4218.50 | Paper 1/2 | External 1 | Trades 4/5 | Risk=MAX_CONSECUTIVE_LOSSES
2026-08-27 11:00:05 | INFO | tradehull_pro | Near BEAR HINDALCO: 80% | Blocked by: ENTRY_TRIGGER | Trigger detail: VWAP[TOUCH,BODY] | BREAKOUT[COMPACT,BREAKOUT] | TREND_CONT[DIRECTION,EXTENSION,CLOSE_LOCATION,PROGRESS,STRUCTURE]
2026-08-27 11:00:07 | INFO | tradehull_pro | Near BEAR HINDUNILVR: 80% | Blocked by: RVOL
2026-08-27 11:00:08 | INFO | tradehull_pro | Near BEAR MARUTI: 80% | Blocked by: ENTRY_TRIGGER | Trigger detail: DIRECTION_SANITY | VWAP[BODY] | BREAKOUT[BREAKOUT]
2026-08-27 11:00:18 | INFO | tradehull_pro | Near BEAR BHARTIARTL: 80% | Blocked by: RVOL
2026-08-27 11:00:19 | INFO | tradehull_pro | Near BEAR LT: 80% | Blocked by: RVOL
2026-08-27 11:00:28 | INFO | tradehull_pro | Scan complete | full signals=0 | near signals=5 | execution candidates=0
2026-08-27 11:00:28 | INFO | tradehull_pro | Next completed-candle scan in 275s
2026-08-27 11:05:19 | INFO | tradehull_pro | 📘 PAPER EXIT | AXISBANK | AXISBANK-Sep2026-1260-CE | qty 625 @ 24.85 | pnl ₹-1687.50 | reason=STOP | remaining=0 | stop=25.48
2026-08-27 11:05:19 | INFO | tradehull_pro | Scan 11:05 | Account P&L ₹28583.75 | Paper P&L ₹-5031.00 | Paper 0/2 | External 1 | Trades 4/5 | Risk=MAX_CONSECUTIVE_LOSSES
2026-08-27 11:05:22 | INFO | tradehull_pro | Near BEAR HINDALCO: 80% | Blocked by: ENTRY_TRIGGER | Trigger detail: VWAP[TOUCH,BODY] | BREAKOUT[COMPACT,BREAKOUT] | TREND_CONT[DIRECTION,CLOSE_LOCATION,PROGRESS,STRUCTURE]
2026-08-27 11:05:25 | INFO | tradehull_pro | 🌟 BEAR signal HINDUNILVR | score 100 | model=VWAP_PULLBACK
2026-08-27 11:05:25 | INFO | tradehull_pro | HINDUNILVR execution skipped: risk gate MAX_CONSECUTIVE_LOSSES
2026-08-27 11:05:34 | INFO | tradehull_pro | Near BEAR HCLTECH: 80% | Blocked by: ENTRY_TRIGGER | Trigger detail: DIRECTION_SANITY | VWAP[WICK] | BREAKOUT[BREAKOUT]
2026-08-27 11:05:35 | INFO | tradehull_pro | Near BEAR BHARTIARTL: 80% | Blocked by: RVOL
2026-08-27 11:05:38 | INFO | tradehull_pro | Near BEAR POWERGRID: 80% | Blocked by: ENTRY_TRIGGER | Trigger detail: DIRECTION_SANITY | VWAP[TOUCH,BODY] | BREAKOUT[BREAKOUT]
2026-08-27 11:05:40 | INFO | tradehull_pro | 🌟 BULL signal ICICIBANK | score 100 | model=VWAP_PULLBACK
2026-08-27 11:05:40 | INFO | tradehull_pro | ICICIBANK execution skipped: risk gate MAX_CONSECUTIVE_LOSSES
2026-08-27 11:05:46 | INFO | tradehull_pro | Scan complete | full signals=2 | near signals=4 | execution candidates=0
2026-08-27 11:05:46 | INFO | tradehull_pro | Next completed-candle scan in 257s
2026-08-27 11:10:06 | INFO | tradehull_pro | Scan 11:10 | Account P&L ₹25408.50 | Paper P&L ₹-5031.00 | Paper 0/2 | External 0 | Trades 4/5 | Risk=MAX_CONSECUTIVE_LOSSES
2026-08-27 11:10:07 | INFO | tradehull_pro | Near BEAR BAJAJ-AUTO: 80% | Blocked by: ENTRY_TRIGGER | Trigger detail: DIRECTION_SANITY | VWAP[TOUCH,BODY] | BREAKOUT[BREAKOUT]
2026-08-27 11:10:10 | INFO | tradehull_pro | Near BEAR NTPC: 80% | Blocked by: ENTRY_TRIGGER | Trigger detail: VWAP[BODY] | BREAKOUT[BREAKOUT] | TREND_CONT[DIRECTION,BODY_ATR,CLOSE_LOCATION,PROGRESS,STRUCTURE]
2026-08-27 11:10:10 | INFO | tradehull_pro | Near BEAR HDFCLIFE: 80% | Blocked by: ENTRY_TRIGGER | Trigger detail: VWAP[TOUCH,BODY] | BREAKOUT[BREAKOUT] | TREND_CONT[DIRECTION,EXTENSION,CLOSE_LOCATION,PROGRESS,STRUCTURE]
2026-08-27 11:10:12 | INFO | tradehull_pro | Near BEAR ITC: 80% | Blocked by: ENTRY_TRIGGER | Trigger detail: VWAP[TOUCH,WICK] | BREAKOUT[BREAKOUT] | TREND_CONT[BODY_ATR,CLOSE_LOCATION,PROGRESS,STRUCTURE]
2026-08-27 11:10:20 | INFO | tradehull_pro | 🌟 BULL signal JSWSTEEL | score 100 | model=VWAP_PULLBACK
2026-08-27 11:10:20 | INFO | tradehull_pro | JSWSTEEL execution skipped: risk gate MAX_CONSECUTIVE_LOSSES
2026-08-27 11:10:20 | INFO | tradehull_pro | Near BEAR HCLTECH: 80% | Blocked by: ENTRY_TRIGGER | Trigger detail: DIRECTION_SANITY | VWAP[BODY] | BREAKOUT[BREAKOUT]
2026-08-27 11:10:22 | INFO | tradehull_pro | Near BEAR BHARTIARTL: 80% | Blocked by: RVOL
2026-08-27 11:10:23 | INFO | tradehull_pro | Near BEAR SHRIRAMFIN: 80% | Blocked by: ENTRY_TRIGGER | Trigger detail: VWAP[TOUCH,BODY] | BREAKOUT[BREAKOUT] | TREND_CONT[DIRECTION,CLOSE_LOCATION,PROGRESS,STRUCTURE]
2026-08-27 11:10:24 | INFO | tradehull_pro | Near BULL GRASIM: 80% | Blocked by: MACRO_BULL
2026-08-27 11:10:26 | INFO | tradehull_pro | 🌟 BULL signal TECHM | score 100 | model=BREAKOUT_CONTINUATION
2026-08-27 11:10:26 | INFO | tradehull_pro | TECHM execution skipped: risk gate MAX_CONSECUTIVE_LOSSES
2026-08-27 11:10:27 | INFO | tradehull_pro | 🌟 BULL signal TATASTEEL | score 100 | model=BREAKOUT_CONTINUATION
2026-08-27 11:10:27 | INFO | tradehull_pro | TATASTEEL execution skipped: risk gate MAX_CONSECUTIVE_LOSSES
2026-08-27 11:10:31 | INFO | tradehull_pro | Near BEAR HDFCBANK: 80% | Blocked by: RVOL
2026-08-27 11:10:32 | INFO | tradehull_pro | Scan complete | full signals=3 | near signals=9 | execution candidates=0
2026-08-27 11:10:32 | INFO | tradehull_pro | Next completed-candle scan in 271s
2026-08-27 11:15:07 | INFO | tradehull_pro | Scan 11:15 | Account P&L ₹25408.50 | Paper P&L ₹-5031.00 | Paper 0/2 | External 0 | Trades 4/5 | Risk=MAX_CONSECUTIVE_LOSSES
2026-08-27 11:15:10 | INFO | tradehull_pro | Near BEAR HINDALCO: 80% | Blocked by: RVOL
2026-08-27 11:15:11 | INFO | tradehull_pro | Near BEAR HDFCLIFE: 80% | Blocked by: ENTRY_TRIGGER | Trigger detail: VWAP[BODY] | BREAKOUT[BREAKOUT] | TREND_CONT[DIRECTION,CLOSE_LOCATION,PROGRESS,STRUCTURE]
2026-08-27 11:15:13 | INFO | tradehull_pro | Near BEAR MARUTI: 80% | Blocked by: ENTRY_TRIGGER | Trigger detail: DIRECTION_SANITY | VWAP[BODY] | BREAKOUT[BREAKOUT]
2026-08-27 11:15:14 | INFO | tradehull_pro | Near BULL ADANIPORTS: 80% | Blocked by: RVOL
2026-08-27 11:15:17 | INFO | tradehull_pro | Near BEAR EICHERMOT: 80% | Blocked by: ENTRY_TRIGGER | Trigger detail: DIRECTION_SANITY | BREAKOUT[BREAKOUT] | TREND_CONT[DIRECTION]
2026-08-27 11:15:20 | INFO | tradehull_pro | Near BULL JSWSTEEL: 80% | Blocked by: RVOL
2026-08-27 11:15:21 | INFO | tradehull_pro | Near BEAR HCLTECH: 80% | Blocked by: ENTRY_TRIGGER | Trigger detail: DIRECTION_SANITY | BREAKOUT[BREAKOUT] | TREND_CONT[DIRECTION,CLOSE_LOCATION]
2026-08-27 11:15:22 | INFO | tradehull_pro | Near BEAR BHARTIARTL: 80% | Blocked by: ENTRY_TRIGGER | Trigger detail: VWAP[TOUCH] | BREAKOUT[BREAKOUT] | TREND_CONT[BODY_ATR,EXTENSION]
2026-08-27 11:15:27 | INFO | tradehull_pro | Near BULL ICICIBANK: 80% | Blocked by: ENTRY_TRIGGER | Trigger detail: DIRECTION_SANITY | VWAP[WICK] | BREAKOUT[BREAKOUT]
2026-08-27 11:15:28 | INFO | tradehull_pro | Near BULL TATASTEEL: 80% | Blocked by: ENTRY_TRIGGER | Trigger detail: DIRECTION_SANITY | VWAP[BODY,CLOSE_VS_VWAP] | BREAKOUT[COMPACT,BREAKOUT]
2026-08-27 11:15:31 | INFO | tradehull_pro | Near BEAR HDFCBANK: 80% | Blocked by: RVOL
2026-08-27 11:15:33 | INFO | tradehull_pro | Scan complete | full signals=0 | near signals=11 | execution candidates=0
2026-08-27 11:15:33 | INFO | tradehull_pro | Next completed-candle scan in 270s
2026-08-27 11:20:07 | INFO | tradehull_pro | Scan 11:20 | Account P&L ₹25408.50 | Paper P&L ₹-5031.00 | Paper 0/2 | External 0 | Trades 4/5 | Risk=MAX_CONSECUTIVE_LOSSES
2026-08-27 11:20:13 | INFO | tradehull_pro | Near BEAR TMPV: 80% | Blocked by: BELOW_WVWAP
2026-08-27 11:20:17 | INFO | tradehull_pro | Near BEAR EICHERMOT: 80% | Blocked by: RVOL
2026-08-27 11:20:20 | INFO | tradehull_pro | Near BEAR CIPLA: 80% | Blocked by: ENTRY_TRIGGER | Trigger detail: DIRECTION_SANITY | VWAP[BODY] | BREAKOUT[BREAKOUT]
2026-08-27 11:20:21 | INFO | tradehull_pro | Near BEAR HCLTECH: 80% | Blocked by: ENTRY_TRIGGER | Trigger detail: DIRECTION_SANITY | VWAP[BODY] | BREAKOUT[BREAKOUT]
2026-08-27 11:20:23 | INFO | tradehull_pro | Near BEAR LT: 80% | Blocked by: ENTRY_TRIGGER | Trigger detail: VWAP[TOUCH] | BREAKOUT[BREAKOUT] | TREND_CONT[EXTENSION]
2026-08-27 11:20:26 | INFO | tradehull_pro | Near BEAR POWERGRID: 80% | Blocked by: ENTRY_TRIGGER | Trigger detail: DIRECTION_SANITY | BREAKOUT[BREAKOUT] | TREND_CONT[DIRECTION]
2026-08-27 11:20:27 | INFO | tradehull_pro | Near BULL ICICIBANK: 80% | Blocked by: ENTRY_TRIGGER | Trigger detail: DIRECTION_SANITY | BREAKOUT[BREAKOUT] | TREND_CONT[RSI_BAND,BODY_ATR,STRUCTURE]
2026-08-27 11:20:30 | INFO | tradehull_pro | Near BEAR TRENT: 80% | Blocked by: MACRO_BEAR
2026-08-27 11:20:31 | INFO | tradehull_pro | 🌟 BEAR signal HDFCBANK | score 100 | model=BREAKOUT_CONTINUATION
2026-08-27 11:20:31 | INFO | tradehull_pro | HDFCBANK execution skipped: risk gate MAX_CONSECUTIVE_LOSSES
2026-08-27 11:20:32 | INFO | tradehull_pro | Near BEAR RELIANCE: 80% | Blocked by: MACRO_BEAR
2026-08-27 11:20:32 | INFO | tradehull_pro | Near BEAR M&M: 80% | Blocked by: ENTRY_TRIGGER | Trigger detail: VWAP[TOUCH,WICK] | BREAKOUT[BREAKOUT] | TREND_CONT[RSI_BAND,BODY_ATR,EXTENSION,CLOSE_LOCATION]
2026-08-27 11:20:33 | INFO | tradehull_pro | Scan complete | full signals=1 | near signals=10 | execution candidates=0
2026-08-27 11:20:33 | INFO | tradehull_pro | Next completed-candle scan in 270s
2026-08-27 11:25:06 | INFO | tradehull_pro | Scan 11:25 | Account P&L ₹25408.50 | Paper P&L ₹-5031.00 | Paper 0/2 | External 0 | Trades 4/5 | Risk=MAX_CONSECUTIVE_LOSSES
2026-08-27 11:25:08 | INFO | tradehull_pro | Near BEAR BAJAJ-AUTO: 80% | Blocked by: ENTRY_TRIGGER | Trigger detail: VWAP[TOUCH] | BREAKOUT[BREAKOUT] | TREND_CONT[BODY_ATR]
2026-08-27 11:25:10 | INFO | tradehull_pro | Near BEAR NTPC: 80% | Blocked by: ENTRY_TRIGGER | Trigger detail: VWAP[TOUCH] | BREAKOUT[BREAKOUT] | TREND_CONT[BODY_ATR,EXTENSION,PROGRESS,STRUCTURE]
2026-08-27 11:25:10 | INFO | tradehull_pro | 🌟 BEAR signal HDFCLIFE | score 100 | model=VWAP_PULLBACK
2026-08-27 11:25:10 | INFO | tradehull_pro | HDFCLIFE execution skipped: risk gate MAX_CONSECUTIVE_LOSSES
2026-08-27 11:25:11 | INFO | tradehull_pro | Near BULL SBILIFE: 80% | Blocked by: ENTRY_TRIGGER | Trigger detail: DIRECTION_SANITY | VWAP[BODY,CLOSE_VS_VWAP] | BREAKOUT[BREAKOUT]
2026-08-27 11:25:12 | INFO | tradehull_pro | Near BEAR ITC: 80% | Blocked by: RVOL
2026-08-27 11:25:13 | INFO | tradehull_pro | Near BULL ADANIPORTS: 80% | Blocked by: RVOL
2026-08-27 11:25:16 | INFO | tradehull_pro | 🌟 BEAR signal EICHERMOT | score 100 | model=VWAP_PULLBACK
2026-08-27 11:25:16 | INFO | tradehull_pro | EICHERMOT execution skipped: risk gate MAX_CONSECUTIVE_LOSSES
2026-08-27 11:25:22 | INFO | tradehull_pro | Near BEAR BHARTIARTL: 80% | Blocked by: ENTRY_TRIGGER | Trigger detail: VWAP[BODY] | BREAKOUT[BREAKOUT] | TREND_CONT[DIRECTION,CLOSE_LOCATION,PROGRESS,STRUCTURE]
2026-08-27 11:25:23 | INFO | tradehull_pro | Near BEAR LT: 80% | Blocked by: ENTRY_TRIGGER | Trigger detail: VWAP[TOUCH] | BREAKOUT[BREAKOUT] | TREND_CONT[EXTENSION]
2026-08-27 11:25:25 | INFO | tradehull_pro | Near BEAR POWERGRID: 80% | Blocked by: ENTRY_TRIGGER | Trigger detail: DIRECTION_SANITY | VWAP[TOUCH] | BREAKOUT[BREAKOUT]
2026-08-27 11:25:27 | INFO | tradehull_pro | Near BULL TATASTEEL: 80% | Blocked by: RVOL
2026-08-27 11:25:29 | INFO | tradehull_pro | Near BEAR TRENT: 80% | Blocked by: MACRO_BEAR
2026-08-27 11:25:31 | INFO | tradehull_pro | 🌟 BEAR signal HDFCBANK | score 100 | model=BREAKOUT_CONTINUATION
2026-08-27 11:25:31 | INFO | tradehull_pro | HDFCBANK execution skipped: risk gate MAX_CONSECUTIVE_LOSSES
2026-08-27 11:25:32 | INFO | tradehull_pro | Scan complete | full signals=3 | near signals=10 | execution candidates=0
2026-08-27 11:25:32 | INFO | tradehull_pro | Next completed-candle scan in 271s
2026-08-27 11:30:07 | INFO | tradehull_pro | Scan 11:30 | Account P&L ₹25408.50 | Paper P&L ₹-5031.00 | Paper 0/2 | External 0 | Trades 4/5 | Risk=MAX_CONSECUTIVE_LOSSES
2026-08-27 11:30:08 | INFO | tradehull_pro | Near BEAR TATACONSUM: 80% | Blocked by: ENTRY_TRIGGER | Trigger detail: DIRECTION_SANITY | VWAP[BODY,CLOSE_VS_VWAP] | BREAKOUT[BREAKOUT]
2026-08-27 11:30:12 | INFO | tradehull_pro | Near BEAR HINDUNILVR: 80% | Blocked by: ENTRY_TRIGGER | Trigger detail: DIRECTION_SANITY | VWAP[WICK] | BREAKOUT[BREAKOUT]
2026-08-27 11:30:16 | INFO | tradehull_pro | Near BEAR SBIN: 80% | Blocked by: BELOW_WVWAP
2026-08-27 11:30:17 | INFO | tradehull_pro | Near BEAR EICHERMOT: 80% | Blocked by: ENTRY_TRIGGER | Trigger detail: VWAP[BODY] | BREAKOUT[BREAKOUT] | TREND_CONT[DIRECTION,CLOSE_LOCATION,PROGRESS,STRUCTURE]
2026-08-27 11:30:20 | INFO | tradehull_pro | Near BEAR CIPLA: 80% | Blocked by: ENTRY_TRIGGER | Trigger detail: DIRECTION_SANITY | VWAP[BODY] | BREAKOUT[BREAKOUT]
2026-08-27 11:30:20 | INFO | tradehull_pro | Near BULL JSWSTEEL: 80% | Blocked by: ENTRY_TRIGGER | Trigger detail: VWAP[WICK] | BREAKOUT[BREAKOUT] | TREND_CONT[BODY_ATR,CLOSE_LOCATION,STRUCTURE]
2026-08-27 11:30:22 | INFO | tradehull_pro | Near BEAR BHARTIARTL: 80% | Blocked by: RVOL
2026-08-27 11:30:24 | INFO | tradehull_pro | Near BEAR LT: 80% | Blocked by: ENTRY_TRIGGER | Trigger detail: VWAP[TOUCH,BODY] | BREAKOUT[BREAKOUT] | TREND_CONT[DIRECTION,EXTENSION,CLOSE_LOCATION,PROGRESS,STRUCTURE]
2026-08-27 11:30:24 | INFO | tradehull_pro | Near BEAR SHRIRAMFIN: 80% | Blocked by: RVOL
2026-08-27 11:30:26 | INFO | tradehull_pro | Near BEAR POWERGRID: 80% | Blocked by: ENTRY_TRIGGER | Trigger detail: DIRECTION_SANITY | VWAP[BODY,CLOSE_VS_VWAP] | BREAKOUT[BREAKOUT]
2026-08-27 11:30:27 | INFO | tradehull_pro | Near BULL ICICIBANK: 80% | Blocked by: ENTRY_TRIGGER | Trigger detail: DIRECTION_SANITY | BREAKOUT[BREAKOUT] | TREND_CONT[RSI_BAND]
2026-08-27 11:30:28 | INFO | tradehull_pro | 🌟 BULL signal TATASTEEL | score 100 | model=VWAP_PULLBACK
2026-08-27 11:30:28 | INFO | tradehull_pro | TATASTEEL execution skipped: risk gate MAX_CONSECUTIVE_LOSSES
2026-08-27 11:30:31 | INFO | tradehull_pro | Near BEAR HDFCBANK: 80% | Blocked by: ENTRY_TRIGGER | Trigger detail: VWAP[TOUCH] | BREAKOUT[BREAKOUT] | TREND_CONT[RSI_BAND,EXTENSION,CLOSE_LOCATION]
2026-08-27 11:30:32 | INFO | tradehull_pro | Near BEAR M&M: 80% | Blocked by: ENTRY_TRIGGER | Trigger detail: VWAP[TOUCH,BODY] | BREAKOUT[BREAKOUT] | TREND_CONT[DIRECTION,EXTENSION,CLOSE_LOCATION,PROGRESS,STRUCTURE]
2026-08-27 11:30:33 | INFO | tradehull_pro | Scan complete | full signals=1 | near signals=13 | execution candidates=0
2026-08-27 11:30:33 | INFO | tradehull_pro | Next completed-candle scan in 270s
2026-08-27 11:38:32 | INFO | tradehull_pro | Scan 11:38 | Account P&L ₹25408.50 | Paper P&L ₹-5031.00 | Paper 0/2 | External 0 | Trades 4/5 | Risk=MAX_CONSECUTIVE_LOSSES
2026-08-27 11:38:36 | INFO | tradehull_pro | Near BEAR HDFCLIFE: 80% | Blocked by: RVOL
2026-08-27 11:38:40 | INFO | tradehull_pro | Near BULL DRREDDY: 80% | Blocked by: MACRO_BULL
2026-08-27 11:38:42 | INFO | tradehull_pro | 🌟 BEAR signal EICHERMOT | score 100 | model=VWAP_PULLBACK
2026-08-27 11:38:42 | INFO | tradehull_pro | EICHERMOT execution skipped: risk gate MAX_CONSECUTIVE_LOSSES
2026-08-27 11:38:45 | INFO | tradehull_pro | Near BEAR CIPLA: 80% | Blocked by: ENTRY_TRIGGER | Trigger detail: DIRECTION_SANITY | VWAP[BODY,CLOSE_VS_VWAP] | BREAKOUT[BREAKOUT]
2026-08-27 11:38:49 | INFO | tradehull_pro | Near BEAR LT: 80% | Blocked by: ENTRY_TRIGGER | Trigger detail: DIRECTION_SANITY | VWAP[BODY] | BREAKOUT[BREAKOUT]
2026-08-27 11:38:53 | INFO | tradehull_pro | 🌟 BULL signal ICICIBANK | score 100 | model=VWAP_PULLBACK
2026-08-27 11:38:53 | INFO | tradehull_pro | ICICIBANK execution skipped: risk gate MAX_CONSECUTIVE_LOSSES
2026-08-27 11:38:54 | INFO | tradehull_pro | 🌟 BULL signal TATASTEEL | score 100 | model=VWAP_PULLBACK
2026-08-27 11:38:54 | INFO | tradehull_pro | TATASTEEL execution skipped: risk gate MAX_CONSECUTIVE_LOSSES
2026-08-27 11:38:58 | INFO | tradehull_pro | Near BEAR RELIANCE: 80% | Blocked by: ENTRY_TRIGGER | Trigger detail: VWAP[TOUCH,BODY] | BREAKOUT[BREAKOUT] | TREND_CONT[ADX,DIRECTION,EXTENSION,PROGRESS,STRUCTURE]
2026-08-27 11:38:59 | INFO | tradehull_pro | Near BEAR M&M: 80% | Blocked by: ENTRY_TRIGGER | Trigger detail: VWAP[TOUCH,BODY] | BREAKOUT[BREAKOUT] | TREND_CONT[DIRECTION,BODY_ATR,PROGRESS,STRUCTURE]
2026-08-27 11:38:59 | INFO | tradehull_pro | Scan complete | full signals=3 | near signals=6 | execution candidates=0
2026-08-27 11:38:59 | INFO | tradehull_pro | Next completed-candle scan in 64s
2026-08-27 11:40:06 | INFO | tradehull_pro | Scan 11:40 | Account P&L ₹25408.50 | Paper P&L ₹-5031.00 | Paper 0/2 | External 0 | Trades 4/5 | Risk=MAX_CONSECUTIVE_LOSSES
2026-08-27 11:40:13 | INFO | tradehull_pro | Near BEAR ITC: 80% | Blocked by: ENTRY_TRIGGER | Trigger detail: DIRECTION_SANITY | VWAP[BODY,WICK] | BREAKOUT[BREAKOUT]
2026-08-27 11:40:16 | INFO | tradehull_pro | Near BEAR EICHERMOT: 80% | Blocked by: ENTRY_TRIGGER | Trigger detail: VWAP[BODY] | BREAKOUT[BREAKOUT] | TREND_CONT[DIRECTION,BODY_ATR,CLOSE_LOCATION,PROGRESS,STRUCTURE]
2026-08-27 11:40:22 | INFO | tradehull_pro | Near BEAR BHARTIARTL: 80% | Blocked by: ENTRY_TRIGGER | Trigger detail: DIRECTION_SANITY | VWAP[BODY,CLOSE_VS_VWAP] | BREAKOUT[BREAKOUT]
2026-08-27 11:40:23 | INFO | tradehull_pro | Near BEAR LT: 80% | Blocked by: RVOL
2026-08-27 11:40:24 | INFO | tradehull_pro | Near BEAR SHRIRAMFIN: 80% | Blocked by: ENTRY_TRIGGER | Trigger detail: VWAP[TOUCH,BODY] | BREAKOUT[BREAKOUT] | TREND_CONT[DIRECTION,CLOSE_LOCATION,PROGRESS,STRUCTURE]
2026-08-27 11:40:31 | INFO | tradehull_pro | Near BEAR HDFCBANK: 80% | Blocked by: ENTRY_TRIGGER | Trigger detail: VWAP[TOUCH] | BREAKOUT[BREAKOUT] | TREND_CONT[RSI_BAND,EXTENSION]
2026-08-27 11:40:33 | INFO | tradehull_pro | Scan complete | full signals=0 | near signals=6 | execution candidates=0
2026-08-27 11:40:33 | INFO | tradehull_pro | Next completed-candle scan in 270s
2026-08-27 11:45:06 | INFO | tradehull_pro | Scan 11:45 | Account P&L ₹21927.75 | Paper P&L ₹-5031.00 | Paper 0/2 | External 1 | Trades 4/5 | Risk=MAX_CONSECUTIVE_LOSSES
2026-08-27 11:45:07 | INFO | tradehull_pro | Near BEAR TATACONSUM: 80% | Blocked by: ENTRY_TRIGGER | Trigger detail: DIRECTION_SANITY | BREAKOUT[BREAKOUT] | TREND_CONT[RSI_BAND,BODY_ATR]
2026-08-27 11:45:11 | INFO | tradehull_pro | Near BEAR HINDUNILVR: 80% | Blocked by: ENTRY_TRIGGER | Trigger detail: DIRECTION_SANITY | VWAP[WICK] | BREAKOUT[BREAKOUT]
2026-08-27 11:45:13 | INFO | tradehull_pro | Near BEAR ITC: 80% | Blocked by: ENTRY_TRIGGER | Trigger detail: DIRECTION_SANITY | BREAKOUT[BREAKOUT] | TREND_CONT[DIRECTION,CLOSE_LOCATION,PROGRESS,STRUCTURE]
2026-08-27 11:45:13 | INFO | tradehull_pro | 🌟 BULL signal TMPV | score 100 | model=VWAP_PULLBACK
2026-08-27 11:45:13 | INFO | tradehull_pro | TMPV execution skipped: risk gate MAX_CONSECUTIVE_LOSSES
2026-08-27 11:45:18 | INFO | tradehull_pro | 🌟 BEAR signal MAXHEALTH | score 100 | model=TREND_CONTINUATION
2026-08-27 11:45:18 | INFO | tradehull_pro | MAXHEALTH execution skipped: risk gate MAX_CONSECUTIVE_LOSSES
2026-08-27 11:45:18 | INFO | tradehull_pro | Near BULL KOTAKBANK: 80% | Blocked by: RVOL
2026-08-27 11:45:20 | INFO | tradehull_pro | Near BULL JSWSTEEL: 80% | Blocked by: RVOL
2026-08-27 11:45:23 | INFO | tradehull_pro | Near BEAR LT: 80% | Blocked by: ENTRY_TRIGGER | Trigger detail: VWAP[TOUCH] | BREAKOUT[BREAKOUT] | TREND_CONT[BODY_ATR,STRUCTURE]
2026-08-27 11:45:26 | INFO | tradehull_pro | Near BULL TECHM: 80% | Blocked by: ENTRY_TRIGGER | Trigger detail: DIRECTION_SANITY | VWAP[BODY,CLOSE_VS_VWAP] | BREAKOUT[BREAKOUT]
2026-08-27 11:45:27 | INFO | tradehull_pro | Near BULL ICICIBANK: 80% | Blocked by: ENTRY_TRIGGER | Trigger detail: VWAP[BODY] | BREAKOUT[BREAKOUT] | TREND_CONT[DIRECTION,CLOSE_LOCATION,PROGRESS,STRUCTURE]
2026-08-27 11:45:28 | INFO | tradehull_pro | Near BULL TATASTEEL: 80% | Blocked by: ENTRY_TRIGGER | Trigger detail: DIRECTION_SANITY | VWAP[TOUCH,BODY,CLOSE_VS_VWAP] | BREAKOUT[COMPACT,BREAKOUT]
2026-08-27 11:45:28 | INFO | tradehull_pro | 🌟 BULL signal TITAN | score 100 | model=BREAKOUT_CONTINUATION
2026-08-27 11:45:28 | INFO | tradehull_pro | TITAN execution skipped: risk gate MAX_CONSECUTIVE_LOSSES
2026-08-27 11:45:31 | INFO | tradehull_pro | 🌟 BEAR signal HDFCBANK | score 100 | model=BREAKOUT_CONTINUATION
2026-08-27 11:45:31 | INFO | tradehull_pro | HDFCBANK execution skipped: risk gate MAX_CONSECUTIVE_LOSSES
2026-08-27 11:45:31 | INFO | tradehull_pro | Near BEAR RELIANCE: 80% | Blocked by: ENTRY_TRIGGER | Trigger detail: VWAP[TOUCH,BODY] | BREAKOUT[BREAKOUT] | TREND_CONT[ADX,DIRECTION,EXTENSION,PROGRESS,STRUCTURE]
2026-08-27 11:45:32 | INFO | tradehull_pro | Near BEAR M&M: 80% | Blocked by: ENTRY_TRIGGER | Trigger detail: VWAP[TOUCH,BODY] | BREAKOUT[BREAKOUT] | TREND_CONT[DIRECTION,BODY_ATR,CLOSE_LOCATION,STRUCTURE]
2026-08-27 11:45:32 | INFO | tradehull_pro | Scan complete | full signals=4 | near signals=11 | execution candidates=0
2026-08-27 11:45:32 | INFO | tradehull_pro | Next completed-candle scan in 271s
2026-08-27 11:50:07 | INFO | tradehull_pro | Scan 11:50 | Account P&L ₹17725.50 | Paper P&L ₹-5031.00 | Paper 0/2 | External 1 | Trades 4/5 | Risk=MAX_CONSECUTIVE_LOSSES
2026-08-27 11:50:10 | INFO | tradehull_pro | Near BEAR HINDALCO: 80% | Blocked by: RVOL
2026-08-27 11:50:13 | INFO | tradehull_pro | Near BEAR MARUTI: 80% | Blocked by: ENTRY_TRIGGER | Trigger detail: DIRECTION_SANITY | VWAP[BODY,CLOSE_VS_VWAP] | BREAKOUT[BREAKOUT]
2026-08-27 11:50:14 | INFO | tradehull_pro | Near BULL TMPV: 80% | Blocked by: ENTRY_TRIGGER | Trigger detail: VWAP[TOUCH,WICK] | BREAKOUT[COMPACT,BREAKOUT] | TREND_CONT[RSI_BAND,EXTENSION,CLOSE_LOCATION]
2026-08-27 11:50:21 | INFO | tradehull_pro | Near BULL JSWSTEEL: 80% | Blocked by: ENTRY_TRIGGER | Trigger detail: DIRECTION_SANITY | VWAP[TOUCH,BODY,CLOSE_VS_VWAP] | BREAKOUT[BREAKOUT]
2026-08-27 11:50:24 | INFO | tradehull_pro | 🌟 BEAR signal LT | score 100 | model=VWAP_PULLBACK
2026-08-27 11:50:24 | INFO | tradehull_pro | LT execution skipped: risk gate MAX_CONSECUTIVE_LOSSES
2026-08-27 11:50:24 | INFO | tradehull_pro | Near BEAR SHRIRAMFIN: 80% | Blocked by: ENTRY_TRIGGER | Trigger detail: DIRECTION_SANITY | VWAP[TOUCH] | BREAKOUT[BREAKOUT]
2026-08-27 11:50:29 | INFO | tradehull_pro | Near BULL TATASTEEL: 80% | Blocked by: ENTRY_TRIGGER | Trigger detail: DIRECTION_SANITY | VWAP[TOUCH,BODY,CLOSE_VS_VWAP] | BREAKOUT[COMPACT,BREAKOUT]
2026-08-27 11:50:33 | INFO | tradehull_pro | Scan complete | full signals=1 | near signals=6 | execution candidates=0
2026-08-27 11:50:33 | INFO | tradehull_pro | Next completed-candle scan in 270s
2026-08-27 11:55:07 | INFO | tradehull_pro | Scan 11:55 | Account P&L ₹13328.25 | Paper P&L ₹-5031.00 | Paper 0/2 | External 1 | Trades 4/5 | Risk=MAX_CONSECUTIVE_LOSSES
2026-08-27 11:55:14 | INFO | tradehull_pro | Near BULL TMPV: 80% | Blocked by: ENTRY_TRIGGER | Trigger detail: VWAP[TOUCH] | BREAKOUT[COMPACT,BREAKOUT] | TREND_CONT[RSI_BAND,BODY_ATR,EXTENSION]
2026-08-27 11:55:20 | INFO | tradehull_pro | Near BEAR CIPLA: 80% | Blocked by: ENTRY_TRIGGER | Trigger detail: DIRECTION_SANITY | VWAP[TOUCH,BODY,CLOSE_VS_VWAP] | BREAKOUT[BREAKOUT]
2026-08-27 11:55:20 | INFO | tradehull_pro | Near BULL JSWSTEEL: 80% | Blocked by: ENTRY_TRIGGER | Trigger detail: DIRECTION_SANITY | VWAP[TOUCH,CLOSE_VS_VWAP] | BREAKOUT[BREAKOUT]
2026-08-27 11:55:24 | INFO | tradehull_pro | Near BEAR SHRIRAMFIN: 80% | Blocked by: ENTRY_TRIGGER | Trigger detail: DIRECTION_SANITY | VWAP[TOUCH,BODY] | BREAKOUT[BREAKOUT]
2026-08-27 11:55:26 | INFO | tradehull_pro | Near BULL ADANIENT: 80% | Blocked by: ENTRY_TRIGGER | Trigger detail: DIRECTION_SANITY | VWAP[CLOSE_VS_VWAP] | BREAKOUT[BREAKOUT]
2026-08-27 11:55:27 | INFO | tradehull_pro | 🌟 BULL signal ICICIBANK | score 100 | model=VWAP_PULLBACK
2026-08-27 11:55:27 | INFO | tradehull_pro | ICICIBANK execution skipped: risk gate MAX_CONSECUTIVE_LOSSES
2026-08-27 11:55:28 | INFO | tradehull_pro | Near BULL TATASTEEL: 80% | Blocked by: ENTRY_TRIGGER | Trigger detail: DIRECTION_SANITY | VWAP[TOUCH,BODY,WICK,CLOSE_VS_VWAP] | BREAKOUT[COMPACT,BREAKOUT]
2026-08-27 11:55:33 | INFO | tradehull_pro | Near BEAR M&M: 80% | Blocked by: ENTRY_TRIGGER | Trigger detail: VWAP[TOUCH,WICK] | BREAKOUT[BREAKOUT] | TREND_CONT[EXTENSION,CLOSE_LOCATION]
2026-08-27 11:55:33 | INFO | tradehull_pro | Scan complete | full signals=1 | near signals=7 | execution candidates=0
2026-08-27 11:55:33 | INFO | tradehull_pro | Next completed-candle scan in 266s
2026-08-27 12:00:02 | INFO | tradehull_pro | Scan 11:59 | Account P&L ₹9217.00 | Paper P&L ₹-5031.00 | Paper 0/2 | External 1 | Trades 4/5 | Risk=MAX_CONSECUTIVE_LOSSES
2026-08-27 12:00:06 | INFO | tradehull_pro | 🌟 BEAR signal HINDALCO | score 100 | model=BREAKOUT_CONTINUATION
2026-08-27 12:00:06 | INFO | tradehull_pro | HINDALCO execution skipped: risk gate MAX_CONSECUTIVE_LOSSES
2026-08-27 12:00:08 | INFO | tradehull_pro | Near BEAR HINDUNILVR: 80% | Blocked by: ENTRY_TRIGGER | Trigger detail: DIRECTION_SANITY | VWAP[BODY,CLOSE_VS_VWAP] | BREAKOUT[BREAKOUT]
2026-08-27 12:00:09 | INFO | tradehull_pro | Near BEAR ITC: 80% | Blocked by: ENTRY_TRIGGER | Trigger detail: DIRECTION_SANITY | VWAP[BODY,WICK] | BREAKOUT[BREAKOUT]
2026-08-27 12:00:10 | INFO | tradehull_pro | Near BULL TMPV: 80% | Blocked by: ENTRY_TRIGGER | Trigger detail: VWAP[TOUCH] | BREAKOUT[COMPACT,BREAKOUT] | TREND_CONT[RSI_BAND,EXTENSION,CLOSE_LOCATION]
2026-08-27 12:00:24 | INFO | tradehull_pro | Near BULL ICICIBANK: 80% | Blocked by: ENTRY_TRIGGER | Trigger detail: VWAP[BODY,WICK] | BREAKOUT[BREAKOUT] | TREND_CONT[DIRECTION,BODY_ATR,CLOSE_LOCATION]
2026-08-27 12:00:28 | INFO | tradehull_pro | Near BEAR HDFCBANK: 80% | Blocked by: ENTRY_TRIGGER | Trigger detail: VWAP[TOUCH,BODY] | BREAKOUT[BREAKOUT] | TREND_CONT[DIRECTION,RSI_BAND,EXTENSION,CLOSE_LOCATION,PROGRESS,STRUCTURE]
2026-08-27 12:00:28 | INFO | tradehull_pro | Near BEAR RELIANCE: 80% | Blocked by: ENTRY_TRIGGER | Trigger detail: DIRECTION_SANITY | VWAP[BODY] | BREAKOUT[BREAKOUT]
2026-08-27 12:00:29 | INFO | tradehull_pro | Near BEAR M&M: 80% | Blocked by: ENTRY_TRIGGER | Trigger detail: VWAP[TOUCH,BODY] | BREAKOUT[BREAKOUT] | TREND_CONT[DIRECTION,CLOSE_LOCATION,PROGRESS,STRUCTURE]
2026-08-27 12:00:29 | INFO | tradehull_pro | Scan complete | full signals=1 | near signals=7 | execution candidates=0
2026-08-27 12:00:29 | INFO | tradehull_pro | Next completed-candle scan in 274s
2026-08-27 12:05:07 | INFO | tradehull_pro | Scan 12:05 | Account P&L ₹12327.25 | Paper P&L ₹-5031.00 | Paper 0/2 | External 1 | Trades 4/5 | Risk=MAX_CONSECUTIVE_LOSSES
2026-08-27 12:05:12 | INFO | tradehull_pro | Near BEAR HINDUNILVR: 80% | Blocked by: ENTRY_TRIGGER | Trigger detail: DIRECTION_SANITY | VWAP[BODY,CLOSE_VS_VWAP] | BREAKOUT[BREAKOUT]
2026-08-27 12:05:13 | INFO | tradehull_pro | Near BEAR MARUTI: 80% | Blocked by: MACRO_BEAR
2026-08-27 12:05:13 | INFO | tradehull_pro | Near BEAR ITC: 80% | Blocked by: ENTRY_TRIGGER | Trigger detail: DIRECTION_SANITY | VWAP[WICK] | BREAKOUT[BREAKOUT]
2026-08-27 12:05:14 | INFO | tradehull_pro | Near BULL ADANIPORTS: 80% | Blocked by: MACRO_BULL
2026-08-27 12:05:15 | INFO | tradehull_pro | Near BEAR WIPRO: 80% | Blocked by: MACRO_BEAR
2026-08-27 12:05:19 | INFO | tradehull_pro | Near BULL KOTAKBANK: 80% | Blocked by: ENTRY_TRIGGER | Trigger detail: VWAP[TOUCH,BODY] | BREAKOUT[BREAKOUT] | TREND_CONT[DIRECTION,BODY_ATR,PROGRESS]
2026-08-27 12:05:26 | INFO | tradehull_pro | 🌟 BULL signal ADANIENT | score 100 | model=VWAP_PULLBACK
2026-08-27 12:05:26 | INFO | tradehull_pro | ADANIENT execution skipped: risk gate MAX_CONSECUTIVE_LOSSES
2026-08-27 12:05:27 | INFO | tradehull_pro | Near BULL ICICIBANK: 80% | Blocked by: ENTRY_TRIGGER | Trigger detail: VWAP[BODY] | BREAKOUT[BREAKOUT] | TREND_CONT[DIRECTION,CLOSE_LOCATION,PROGRESS,STRUCTURE]
2026-08-27 12:05:28 | INFO | tradehull_pro | Near BULL TATASTEEL: 80% | Blocked by: MACRO_BULL
2026-08-27 12:05:32 | INFO | tradehull_pro | 🌟 BEAR signal HDFCBANK | score 100 | model=BREAKOUT_CONTINUATION
2026-08-27 12:05:32 | INFO | tradehull_pro | HDFCBANK execution skipped: risk gate MAX_CONSECUTIVE_LOSSES
2026-08-27 12:05:32 | INFO | tradehull_pro | Near BEAR RELIANCE: 80% | Blocked by: ENTRY_TRIGGER | Trigger detail: DIRECTION_SANITY | VWAP[TOUCH,WICK] | BREAKOUT[BREAKOUT]
2026-08-27 12:05:33 | INFO | tradehull_pro | Near BEAR M&M: 80% | Blocked by: ENTRY_TRIGGER | Trigger detail: DIRECTION_SANITY | VWAP[TOUCH,BODY] | BREAKOUT[BREAKOUT]
2026-08-27 12:05:33 | INFO | tradehull_pro | Scan complete | full signals=2 | near signals=10 | execution candidates=0
2026-08-27 12:05:33 | INFO | tradehull_pro | Next completed-candle scan in 270s
2026-08-27 12:10:06 | INFO | tradehull_pro | Scan 12:10 | Account P&L ₹17189.25 | Paper P&L ₹-5031.00 | Paper 0/2 | External 1 | Trades 4/5 | Risk=MAX_CONSECUTIVE_LOSSES
2026-08-27 12:10:08 | INFO | tradehull_pro | 🌟 BEAR signal TATACONSUM | score 100 | model=VWAP_PULLBACK
2026-08-27 12:10:08 | INFO | tradehull_pro | TATACONSUM execution skipped: risk gate MAX_CONSECUTIVE_LOSSES
2026-08-27 12:10:10 | INFO | tradehull_pro | Near BEAR NTPC: 80% | Blocked by: RVOL
2026-08-27 12:10:11 | INFO | tradehull_pro | 🌟 BEAR signal HDFCLIFE | score 100 | model=VWAP_PULLBACK
2026-08-27 12:10:11 | INFO | tradehull_pro | HDFCLIFE execution skipped: risk gate MAX_CONSECUTIVE_LOSSES
2026-08-27 12:10:12 | INFO | tradehull_pro | Near BEAR HINDUNILVR: 80% | Blocked by: ENTRY_TRIGGER | Trigger detail: DIRECTION_SANITY | BREAKOUT[BREAKOUT] | TREND_CONT[DIRECTION,RSI_BAND,STRUCTURE]
2026-08-27 12:10:13 | INFO | tradehull_pro | 🌟 BEAR signal ITC | score 100 | model=VWAP_PULLBACK
2026-08-27 12:10:13 | INFO | tradehull_pro | ITC execution skipped: risk gate MAX_CONSECUTIVE_LOSSES
2026-08-27 12:10:13 | INFO | tradehull_pro | Near BULL TMPV: 80% | Blocked by: ENTRY_TRIGGER | Trigger detail: VWAP[TOUCH,BODY] | BREAKOUT[COMPACT,BREAKOUT] | TREND_CONT[DIRECTION,CLOSE_LOCATION,PROGRESS,STRUCTURE]
2026-08-27 12:10:14 | INFO | tradehull_pro | Near BULL ADANIPORTS: 80% | Blocked by: MACRO_BULL
2026-08-27 12:10:16 | INFO | tradehull_pro | Near BEAR EICHERMOT: 80% | Blocked by: ENTRY_TRIGGER | Trigger detail: DIRECTION_SANITY | VWAP[BODY,WICK,CLOSE_VS_VWAP] | BREAKOUT[BREAKOUT]
2026-08-27 12:10:18 | INFO | tradehull_pro | Near BEAR MAXHEALTH: 80% | Blocked by: ENTRY_TRIGGER | Trigger detail: VWAP[TOUCH,WICK] | BREAKOUT[BREAKOUT] | TREND_CONT[BODY_ATR,CLOSE_LOCATION]
2026-08-27 12:10:21 | INFO | tradehull_pro | Near BEAR HCLTECH: 80% | Blocked by: ENTRY_TRIGGER | Trigger detail: DIRECTION_SANITY | VWAP[BODY] | BREAKOUT[BREAKOUT]
2026-08-27 12:10:24 | INFO | tradehull_pro | Near BEAR SHRIRAMFIN: 80% | Blocked by: ENTRY_TRIGGER | Trigger detail: DIRECTION_SANITY | BREAKOUT[COMPACT,BREAKOUT] | TREND_CONT[DIRECTION,RSI_BAND,CLOSE_LOCATION,STRUCTURE]
2026-08-27 12:10:26 | INFO | tradehull_pro | Near BULL ADANIENT: 80% | Blocked by: ENTRY_TRIGGER | Trigger detail: VWAP[BODY] | BREAKOUT[COMPACT,BREAKOUT] | TREND_CONT[DIRECTION,PROGRESS,STRUCTURE]
2026-08-27 12:10:27 | INFO | tradehull_pro | Near BULL ICICIBANK: 80% | Blocked by: ENTRY_TRIGGER | Trigger detail: VWAP[BODY] | BREAKOUT[BREAKOUT] | TREND_CONT[DIRECTION,BODY_ATR,CLOSE_LOCATION,PROGRESS,STRUCTURE]
2026-08-27 12:10:28 | INFO | tradehull_pro | 🌟 BEAR signal JIOFIN | score 100 | model=BREAKOUT_CONTINUATION
2026-08-27 12:10:28 | INFO | tradehull_pro | JIOFIN execution skipped: risk gate MAX_CONSECUTIVE_LOSSES
2026-08-27 12:10:29 | INFO | tradehull_pro | Near BULL TITAN: 80% | Blocked by: ENTRY_TRIGGER | Trigger detail: VWAP[TOUCH] | BREAKOUT[BREAKOUT] | TREND_CONT[ADX,EXTENSION]
2026-08-27 12:10:30 | INFO | tradehull_pro | Near BULL ASIANPAINT: 80% | Blocked by: MACRO_BULL
2026-08-27 12:10:31 | INFO | tradehull_pro | Near BEAR HDFCBANK: 80% | Blocked by: ENTRY_TRIGGER | Trigger detail: VWAP[TOUCH] | BREAKOUT[COMPACT,BREAKOUT] | TREND_CONT[RSI_BAND,EXTENSION,CLOSE_LOCATION]
2026-08-27 12:10:32 | INFO | tradehull_pro | Near BEAR RELIANCE: 80% | Blocked by: ENTRY_TRIGGER | Trigger detail: VWAP[TOUCH] | BREAKOUT[BREAKOUT] | TREND_CONT[ADX,STRUCTURE]
2026-08-27 12:10:32 | INFO | tradehull_pro | Near BEAR M&M: 80% | Blocked by: ENTRY_TRIGGER | Trigger detail: DIRECTION_SANITY | VWAP[TOUCH,WICK] | BREAKOUT[BREAKOUT]
2026-08-27 12:10:33 | INFO | tradehull_pro | Near BEAR SUNPHARMA: 80% | Blocked by: MACRO_BEAR
2026-08-27 12:10:33 | INFO | tradehull_pro | Scan complete | full signals=4 | near signals=16 | execution candidates=0
2026-08-27 12:10:33 | INFO | tradehull_pro | Next completed-candle scan in 270s
2026-08-27 12:15:06 | INFO | tradehull_pro | Scan 12:15 | Account P&L ₹9252.75 | Paper P&L ₹-5031.00 | Paper 0/2 | External 1 | Trades 4/5 | Risk=MAX_CONSECUTIVE_LOSSES
2026-08-27 12:15:08 | INFO | tradehull_pro | Near BEAR BAJAJ-AUTO: 80% | Blocked by: ENTRY_TRIGGER | Trigger detail: DIRECTION_SANITY | VWAP[BODY,CLOSE_VS_VWAP] | BREAKOUT[BREAKOUT]
2026-08-27 12:15:09 | INFO | tradehull_pro | Near BEAR HINDALCO: 80% | Blocked by: RVOL
2026-08-27 12:15:13 | INFO | tradehull_pro | Near BULL ADANIPORTS: 80% | Blocked by: ENTRY_TRIGGER | Trigger detail: VWAP[TOUCH] | BREAKOUT[COMPACT] | TREND_CONT[RSI_BAND,EXTENSION,CLOSE_LOCATION]
2026-08-27 12:15:18 | INFO | tradehull_pro | Near BULL KOTAKBANK: 80% | Blocked by: ENTRY_TRIGGER | Trigger detail: VWAP[TOUCH] | BREAKOUT[BREAKOUT] | TREND_CONT[BODY_ATR,STRUCTURE]
2026-08-27 12:15:20 | INFO | tradehull_pro | Near BEAR HCLTECH: 80% | Blocked by: ENTRY_TRIGGER | Trigger detail: DIRECTION_SANITY | VWAP[BODY,CLOSE_VS_VWAP] | BREAKOUT[BREAKOUT]
2026-08-27 12:15:25 | INFO | tradehull_pro | 🌟 BULL signal AXISBANK | score 100 | model=VWAP_PULLBACK
2026-08-27 12:15:25 | INFO | tradehull_pro | AXISBANK execution skipped: risk gate MAX_CONSECUTIVE_LOSSES
2026-08-27 12:15:27 | INFO | tradehull_pro | Near BULL ICICIBANK: 80% | Blocked by: RVOL
2026-08-27 12:15:27 | INFO | tradehull_pro | Near BEAR JIOFIN: 80% | Blocked by: ENTRY_TRIGGER | Trigger detail: DIRECTION_SANITY | VWAP[TOUCH,BODY] | BREAKOUT[BREAKOUT]
2026-08-27 12:15:28 | INFO | tradehull_pro | Near BULL TITAN: 80% | Blocked by: ENTRY_TRIGGER | Trigger detail: VWAP[TOUCH] | BREAKOUT[BREAKOUT] | TREND_CONT[RSI_BAND,EXTENSION,CLOSE_LOCATION]
2026-08-27 12:15:32 | INFO | tradehull_pro | Near BEAR M&M: 80% | Blocked by: ENTRY_TRIGGER | Trigger detail: DIRECTION_SANITY | VWAP[BODY] | BREAKOUT[BREAKOUT]
2026-08-27 12:15:33 | INFO | tradehull_pro | Scan complete | full signals=1 | near signals=9 | execution candidates=0
2026-08-27 12:15:33 | INFO | tradehull_pro | Next completed-candle scan in 270s
2026-08-27 12:20:06 | INFO | tradehull_pro | Scan 12:20 | Account P&L ₹7397.00 | Paper P&L ₹-5031.00 | Paper 0/2 | External 0 | Trades 4/5 | Risk=MAX_CONSECUTIVE_LOSSES
2026-08-27 12:20:08 | INFO | tradehull_pro | Near BEAR BAJAJ-AUTO: 80% | Blocked by: ENTRY_TRIGGER | Trigger detail: DIRECTION_SANITY | VWAP[BODY,CLOSE_VS_VWAP] | BREAKOUT[BREAKOUT]
2026-08-27 12:20:09 | INFO | tradehull_pro | Near BEAR HINDALCO: 80% | Blocked by: RVOL
2026-08-27 12:20:10 | INFO | tradehull_pro | Near BEAR NTPC: 80% | Blocked by: ENTRY_TRIGGER | Trigger detail: DIRECTION_SANITY | VWAP[BODY] | BREAKOUT[BREAKOUT]
2026-08-27 12:20:10 | INFO | tradehull_pro | Near BEAR HDFCLIFE: 80% | Blocked by: RVOL
2026-08-27 12:20:13 | INFO | tradehull_pro | Near BEAR ITC: 80% | Blocked by: ENTRY_TRIGGER | Trigger detail: VWAP[WICK] | BREAKOUT[BREAKOUT] | TREND_CONT[CLOSE_LOCATION,PROGRESS]
2026-08-27 12:20:13 | INFO | tradehull_pro | 🌟 BULL signal TMPV | score 100 | model=VWAP_PULLBACK
2026-08-27 12:20:13 | INFO | tradehull_pro | TMPV execution skipped: risk gate MAX_CONSECUTIVE_LOSSES
2026-08-27 12:20:14 | INFO | tradehull_pro | Near BULL ADANIPORTS: 80% | Blocked by: ENTRY_TRIGGER | Trigger detail: VWAP[TOUCH,BODY] | BREAKOUT[COMPACT,BREAKOUT] | TREND_CONT[DIRECTION,RSI_BAND,BODY_ATR,EXTENSION,CLOSE_LOCATION,PROGRESS,STRUCTURE]
2026-08-27 12:20:15 | INFO | tradehull_pro | Near BEAR ONGC: 80% | Blocked by: RVOL
2026-08-27 12:20:16 | INFO | tradehull_pro | Near BEAR SBIN: 80% | Blocked by: BELOW_WVWAP
2026-08-27 12:20:21 | INFO | tradehull_pro | Near BEAR HCLTECH: 80% | Blocked by: ENTRY_TRIGGER | Trigger detail: DIRECTION_SANITY | VWAP[BODY,CLOSE_VS_VWAP] | BREAKOUT[BREAKOUT]
2026-08-27 12:20:25 | INFO | tradehull_pro | Near BULL AXISBANK: 80% | Blocked by: ENTRY_TRIGGER | Trigger detail: DIRECTION_SANITY | VWAP[BODY,WICK] | BREAKOUT[BREAKOUT]
2026-08-27 12:20:26 | INFO | tradehull_pro | Near BULL ADANIENT: 80% | Blocked by: ENTRY_TRIGGER | Trigger detail: VWAP[BODY] | BREAKOUT[BREAKOUT] | TREND_CONT[DIRECTION,BODY_ATR,PROGRESS,STRUCTURE]
2026-08-27 12:20:27 | INFO | tradehull_pro | Near BULL ICICIBANK: 80% | Blocked by: ENTRY_TRIGGER | Trigger detail: VWAP[BODY] | BREAKOUT[BREAKOUT] | TREND_CONT[DIRECTION,CLOSE_LOCATION,PROGRESS,STRUCTURE]
2026-08-27 12:20:29 | INFO | tradehull_pro | Near BULL TITAN: 80% | Blocked by: ENTRY_TRIGGER | Trigger detail: VWAP[TOUCH,BODY,WICK] | BREAKOUT[BREAKOUT] | TREND_CONT[DIRECTION,RSI_BAND,BODY_ATR,EXTENSION,CLOSE_LOCATION,PROGRESS,STRUCTURE]
2026-08-27 12:20:32 | INFO | tradehull_pro | Near BEAR M&M: 80% | Blocked by: ENTRY_TRIGGER | Trigger detail: DIRECTION_SANITY | VWAP[BODY] | BREAKOUT[BREAKOUT]
2026-08-27 12:20:33 | INFO | tradehull_pro | Scan complete | full signals=1 | near signals=14 | execution candidates=0
2026-08-27 12:20:33 | INFO | tradehull_pro | Next completed-candle scan in 270s
2026-08-27 12:25:06 | INFO | tradehull_pro | Scan 12:25 | Account P&L ₹6896.50 | Paper P&L ₹-5031.00 | Paper 0/2 | External 1 | Trades 4/5 | Risk=MAX_CONSECUTIVE_LOSSES
2026-08-27 12:25:07 | INFO | tradehull_pro | Near BULL BEL: 80% | Blocked by: MACRO_BULL
2026-08-27 12:25:10 | INFO | tradehull_pro | Near BEAR NTPC: 80% | Blocked by: ENTRY_TRIGGER | Trigger detail: DIRECTION_SANITY | VWAP[BODY,WICK] | BREAKOUT[BREAKOUT]
2026-08-27 12:25:14 | INFO | tradehull_pro | Near BULL ADANIPORTS: 80% | Blocked by: ENTRY_TRIGGER | Trigger detail: VWAP[TOUCH,BODY] | BREAKOUT[COMPACT,BREAKOUT] | TREND_CONT[DIRECTION,CLOSE_LOCATION,PROGRESS,STRUCTURE]
2026-08-27 12:25:18 | INFO | tradehull_pro | Near BULL KOTAKBANK: 80% | Blocked by: ENTRY_TRIGGER | Trigger detail: DIRECTION_SANITY | VWAP[TOUCH,BODY] | BREAKOUT[BREAKOUT]
2026-08-27 12:25:24 | INFO | tradehull_pro | Near BULL AXISBANK: 80% | Blocked by: ENTRY_TRIGGER | Trigger detail: DIRECTION_SANITY | VWAP[BODY,CLOSE_VS_VWAP] | BREAKOUT[BREAKOUT]
2026-08-27 12:25:28 | INFO | tradehull_pro | Near BULL TITAN: 80% | Blocked by: ENTRY_TRIGGER | Trigger detail: VWAP[TOUCH,BODY] | BREAKOUT[BREAKOUT] | TREND_CONT[DIRECTION,CLOSE_LOCATION,PROGRESS,STRUCTURE]
2026-08-27 12:25:32 | INFO | tradehull_pro | Scan complete | full signals=0 | near signals=6 | execution candidates=0
2026-08-27 12:25:32 | INFO | tradehull_pro | Next completed-candle scan in 271s
2026-08-27 12:30:07 | INFO | tradehull_pro | Scan 12:30 | Account P&L ₹-6532.50 | Paper P&L ₹-5031.00 | Paper 0/2 | External 1 | Trades 4/5 | Risk=MAX_CONSECUTIVE_LOSSES
2026-08-27 12:30:11 | INFO | tradehull_pro | Near BEAR NTPC: 80% | Blocked by: ENTRY_TRIGGER | Trigger detail: DIRECTION_SANITY | VWAP[BODY] | BREAKOUT[BREAKOUT]
2026-08-27 12:30:14 | INFO | tradehull_pro | Near BULL ADANIPORTS: 80% | Blocked by: ENTRY_TRIGGER | Trigger detail: VWAP[TOUCH] | BREAKOUT[COMPACT,BREAKOUT] | TREND_CONT[EXTENSION]
2026-08-27 12:30:27 | INFO | tradehull_pro | Near BULL ADANIENT: 80% | Blocked by: RVOL
2026-08-27 12:30:28 | INFO | tradehull_pro | Near BULL ICICIBANK: 80% | Blocked by: RVOL
2026-08-27 12:30:32 | INFO | tradehull_pro | Near BEAR HDFCBANK: 80% | Blocked by: ENTRY_TRIGGER | Trigger detail: VWAP[TOUCH,BODY] | BREAKOUT[BREAKOUT] | TREND_CONT[DIRECTION,CLOSE_LOCATION,PROGRESS,STRUCTURE]
2026-08-27 12:30:34 | INFO | tradehull_pro | Scan complete | full signals=0 | near signals=5 | execution candidates=0
2026-08-27 12:30:34 | INFO | tradehull_pro | Next completed-candle scan in 269s
2026-08-27 12:35:06 | INFO | tradehull_pro | Scan 12:35 | Account P&L ₹-5850.00 | Paper P&L ₹-5031.00 | Paper 0/2 | External 1 | Trades 4/5 | Risk=MAX_CONSECUTIVE_LOSSES
2026-08-27 12:35:13 | INFO | tradehull_pro | 🌟 BULL signal TMPV | score 100 | model=TREND_CONTINUATION
2026-08-27 12:35:13 | INFO | tradehull_pro | TMPV execution skipped: risk gate MAX_CONSECUTIVE_LOSSES
2026-08-27 12:35:14 | INFO | tradehull_pro | Near BULL ADANIPORTS: 80% | Blocked by: ENTRY_TRIGGER | Trigger detail: VWAP[TOUCH] | BREAKOUT[BREAKOUT] | TREND_CONT[BODY_ATR,EXTENSION,CLOSE_LOCATION]
2026-08-27 12:35:15 | INFO | tradehull_pro | Near BEAR ONGC: 80% | Blocked by: ENTRY_TRIGGER | Trigger detail: DIRECTION_SANITY | VWAP[BODY,CLOSE_VS_VWAP] | BREAKOUT[BREAKOUT]
2026-08-27 12:35:26 | INFO | tradehull_pro | Near BULL ADANIENT: 80% | Blocked by: ENTRY_TRIGGER | Trigger detail: VWAP[TOUCH,WICK] | BREAKOUT[BREAKOUT] | TREND_CONT[CLOSE_LOCATION]
2026-08-27 12:35:27 | INFO | tradehull_pro | Near BULL ICICIBANK: 80% | Blocked by: ENTRY_TRIGGER | Trigger detail: DIRECTION_SANITY | VWAP[BODY] | BREAKOUT[BREAKOUT]
2026-08-27 12:35:27 | INFO | tradehull_pro | Near BEAR JIOFIN: 80% | Blocked by: ENTRY_TRIGGER | Trigger detail: DIRECTION_SANITY | VWAP[TOUCH,BODY] | BREAKOUT[BREAKOUT]
2026-08-27 12:35:31 | INFO | tradehull_pro | Near BEAR HDFCBANK: 80% | Blocked by: ENTRY_TRIGGER | Trigger detail: VWAP[TOUCH,BODY] | BREAKOUT[BREAKOUT] | TREND_CONT[DIRECTION,CLOSE_LOCATION,PROGRESS,STRUCTURE]
2026-08-27 12:35:32 | INFO | tradehull_pro | Scan complete | full signals=1 | near signals=6 | execution candidates=0
2026-08-27 12:35:32 | INFO | tradehull_pro | Next completed-candle scan in 271s
2026-08-27 12:40:07 | INFO | tradehull_pro | Scan 12:40 | Account P&L ₹10042.50 | Paper P&L ₹-5031.00 | Paper 0/2 | External 1 | Trades 4/5 | Risk=MAX_CONSECUTIVE_LOSSES
2026-08-27 12:40:07 | INFO | tradehull_pro | Near BULL BEL: 80% | Blocked by: MACRO_BULL
2026-08-27 12:40:09 | INFO | tradehull_pro | Near BEAR BAJFINANCE: 80% | Blocked by: MACRO_BEAR
2026-08-27 12:40:15 | INFO | tradehull_pro | Near BULL ADANIPORTS: 80% | Blocked by: ENTRY_TRIGGER | Trigger detail: VWAP[TOUCH,BODY] | BREAKOUT[BREAKOUT] | TREND_CONT[DIRECTION,CLOSE_LOCATION,PROGRESS,STRUCTURE]
2026-08-27 12:40:16 | INFO | tradehull_pro | Near BEAR ONGC: 80% | Blocked by: ENTRY_TRIGGER | Trigger detail: DIRECTION_SANITY | VWAP[BODY,WICK,CLOSE_VS_VWAP] | BREAKOUT[BREAKOUT]
2026-08-27 12:40:26 | INFO | tradehull_pro | Near BULL AXISBANK: 80% | Blocked by: ENTRY_TRIGGER | Trigger detail: DIRECTION_SANITY | BREAKOUT[BREAKOUT] | TREND_CONT[RSI_BAND]
2026-08-27 12:40:27 | INFO | tradehull_pro | 🌟 BULL signal ADANIENT | score 100 | model=TREND_CONTINUATION
2026-08-27 12:40:27 | INFO | tradehull_pro | ADANIENT execution skipped: risk gate MAX_CONSECUTIVE_LOSSES
2026-08-27 12:40:28 | INFO | tradehull_pro | Near BULL TECHM: 80% | Blocked by: ST_BULL
2026-08-27 12:40:28 | INFO | tradehull_pro | Near BULL ICICIBANK: 80% | Blocked by: ENTRY_TRIGGER | Trigger detail: DIRECTION_SANITY | BREAKOUT[BREAKOUT] | TREND_CONT[DIRECTION,RSI_BAND,STRUCTURE]
2026-08-27 12:40:32 | INFO | tradehull_pro | Near BULL ULTRACEMCO: 80% | Blocked by: MACRO_BULL
2026-08-27 12:40:32 | INFO | tradehull_pro | Near BEAR HDFCBANK: 80% | Blocked by: ENTRY_TRIGGER | Trigger detail: VWAP[TOUCH,BODY] | BREAKOUT[BREAKOUT] | TREND_CONT[DIRECTION,CLOSE_LOCATION,PROGRESS,STRUCTURE]
2026-08-27 12:40:34 | INFO | tradehull_pro | Scan complete | full signals=1 | near signals=9 | execution candidates=0
2026-08-27 12:40:34 | INFO | tradehull_pro | Next completed-candle scan in 269s
2026-08-27 12:45:06 | INFO | tradehull_pro | Scan 12:45 | Account P&L ₹10104.25 | Paper P&L ₹-5031.00 | Paper 0/2 | External 0 | Trades 4/5 | Risk=MAX_CONSECUTIVE_LOSSES
2026-08-27 12:45:07 | INFO | tradehull_pro | Near BEAR TATACONSUM: 80% | Blocked by: ENTRY_TRIGGER | Trigger detail: VWAP[TOUCH] | BREAKOUT[BREAKOUT] | TREND_CONT[CLOSE_LOCATION]
2026-08-27 12:45:09 | INFO | tradehull_pro | Near BEAR BAJFINANCE: 80% | Blocked by: ENTRY_TRIGGER | Trigger detail: VWAP[TOUCH] | BREAKOUT[BREAKOUT] | TREND_CONT[EXTENSION]
2026-08-27 12:45:10 | INFO | tradehull_pro | Near BEAR NTPC: 80% | Blocked by: ENTRY_TRIGGER | Trigger detail: DIRECTION_SANITY | VWAP[BODY,CLOSE_VS_VWAP] | BREAKOUT[BREAKOUT]
2026-08-27 12:45:10 | INFO | tradehull_pro | Near BEAR HDFCLIFE: 80% | Blocked by: RVOL
2026-08-27 12:45:18 | INFO | tradehull_pro | Near BULL KOTAKBANK: 80% | Blocked by: ENTRY_TRIGGER | Trigger detail: DIRECTION_SANITY | VWAP[TOUCH,BODY] | BREAKOUT[BREAKOUT]
2026-08-27 12:45:26 | INFO | tradehull_pro | Near BULL ADANIENT: 80% | Blocked by: ENTRY_TRIGGER | Trigger detail: VWAP[TOUCH] | BREAKOUT[BREAKOUT] | TREND_CONT[EXTENSION]
2026-08-27 12:45:31 | INFO | tradehull_pro | Near BULL ULTRACEMCO: 80% | Blocked by: ENTRY_TRIGGER | Trigger detail: DIRECTION_SANITY | VWAP[BODY] | BREAKOUT[COMPACT,BREAKOUT]
2026-08-27 12:45:33 | INFO | tradehull_pro | Scan complete | full signals=0 | near signals=7 | execution candidates=0
2026-08-27 12:45:33 | INFO | tradehull_pro | Next completed-candle scan in 270s
2026-08-27 12:50:06 | INFO | tradehull_pro | Scan 12:50 | Account P&L ₹11729.25 | Paper P&L ₹-5031.00 | Paper 0/2 | External 1 | Trades 4/5 | Risk=MAX_CONSECUTIVE_LOSSES
2026-08-27 12:50:09 | INFO | tradehull_pro | 🌟 BEAR signal HINDALCO | score 100 | model=BREAKOUT_CONTINUATION
2026-08-27 12:50:09 | INFO | tradehull_pro | HINDALCO execution skipped: risk gate MAX_CONSECUTIVE_LOSSES
2026-08-27 12:50:10 | INFO | tradehull_pro | 🌟 BEAR signal NTPC | score 100 | model=VWAP_PULLBACK
2026-08-27 12:50:10 | INFO | tradehull_pro | NTPC execution skipped: risk gate MAX_CONSECUTIVE_LOSSES
2026-08-27 12:50:12 | INFO | tradehull_pro | Near BEAR ITC: 80% | Blocked by: ENTRY_TRIGGER | Trigger detail: DIRECTION_SANITY | VWAP[BODY] | BREAKOUT[BREAKOUT]
2026-08-27 12:50:14 | INFO | tradehull_pro | Near BULL ADANIPORTS: 80% | Blocked by: ENTRY_TRIGGER | Trigger detail: VWAP[TOUCH] | BREAKOUT[BREAKOUT] | TREND_CONT[EXTENSION]
2026-08-27 12:50:18 | INFO | tradehull_pro | Near BULL KOTAKBANK: 80% | Blocked by: ENTRY_TRIGGER | Trigger detail: DIRECTION_SANITY | VWAP[BODY] | BREAKOUT[BREAKOUT]
2026-08-27 12:50:24 | INFO | tradehull_pro | Near BEAR GRASIM: 80% | Blocked by: ENTRY_TRIGGER | Trigger detail: VWAP[TOUCH] | BREAKOUT[BREAKOUT] | TREND_CONT[EXTENSION]
2026-08-27 12:50:25 | INFO | tradehull_pro | 🌟 BULL signal AXISBANK | score 100 | model=VWAP_PULLBACK
2026-08-27 12:50:25 | INFO | tradehull_pro | AXISBANK execution skipped: risk gate MAX_CONSECUTIVE_LOSSES
2026-08-27 12:50:26 | INFO | tradehull_pro | Near BULL ADANIENT: 80% | Blocked by: ENTRY_TRIGGER | Trigger detail: VWAP[TOUCH] | BREAKOUT[BREAKOUT] | TREND_CONT[EXTENSION]
2026-08-27 12:50:27 | INFO | tradehull_pro | Near BULL ICICIBANK: 80% | Blocked by: RVOL
2026-08-27 12:50:28 | INFO | tradehull_pro | 🌟 BULL signal TITAN | score 100 | model=BREAKOUT_CONTINUATION
2026-08-27 12:50:28 | INFO | tradehull_pro | TITAN execution skipped: risk gate MAX_CONSECUTIVE_LOSSES
2026-08-27 12:50:30 | INFO | tradehull_pro | 🌟 BULL signal ULTRACEMCO | score 100 | model=VWAP_PULLBACK
2026-08-27 12:50:30 | INFO | tradehull_pro | ULTRACEMCO execution skipped: risk gate MAX_CONSECUTIVE_LOSSES
2026-08-27 12:50:32 | INFO | tradehull_pro | Scan complete | full signals=5 | near signals=6 | execution candidates=0
2026-08-27 12:50:32 | INFO | tradehull_pro | Next completed-candle scan in 271s
2026-08-27 12:55:07 | INFO | tradehull_pro | Scan 12:55 | Account P&L ₹17725.50 | Paper P&L ₹-5031.00 | Paper 0/2 | External 1 | Trades 4/5 | Risk=MAX_CONSECUTIVE_LOSSES
2026-08-27 12:55:07 | INFO | tradehull_pro | Near BULL BEL: 80% | Blocked by: MACRO_BULL
2026-08-27 12:55:08 | INFO | tradehull_pro | Near BEAR TATACONSUM: 80% | Blocked by: ENTRY_TRIGGER | Trigger detail: VWAP[TOUCH] | BREAKOUT[BREAKOUT] | TREND_CONT[CLOSE_LOCATION]
2026-08-27 12:55:10 | INFO | tradehull_pro | Near BEAR HINDALCO: 80% | Blocked by: ENTRY_TRIGGER | Trigger detail: VWAP[TOUCH] | BREAKOUT[BREAKOUT] | TREND_CONT[RSI_BAND,BODY_ATR,EXTENSION]
2026-08-27 12:55:11 | INFO | tradehull_pro | Near BEAR NTPC: 80% | Blocked by: ENTRY_TRIGGER | Trigger detail: DIRECTION_SANITY | VWAP[BODY] | BREAKOUT[BREAKOUT]
2026-08-27 12:55:11 | INFO | tradehull_pro | Near BEAR HDFCLIFE: 80% | Blocked by: ENTRY_TRIGGER | Trigger detail: DIRECTION_SANITY | VWAP[TOUCH,BODY] | BREAKOUT[BREAKOUT]
2026-08-27 12:55:12 | INFO | tradehull_pro | Near BEAR HINDUNILVR: 80% | Blocked by: ENTRY_TRIGGER | Trigger detail: DIRECTION_SANITY | VWAP[BODY,CLOSE_VS_VWAP] | BREAKOUT[BREAKOUT]
2026-08-27 12:55:13 | INFO | tradehull_pro | 🌟 BEAR signal ITC | score 100 | model=VWAP_PULLBACK
2026-08-27 12:55:13 | INFO | tradehull_pro | ITC execution skipped: risk gate MAX_CONSECUTIVE_LOSSES
2026-08-27 12:55:14 | INFO | tradehull_pro | Near BULL ADANIPORTS: 80% | Blocked by: ENTRY_TRIGGER | Trigger detail: VWAP[TOUCH,WICK] | BREAKOUT[BREAKOUT] | TREND_CONT[BODY_ATR,EXTENSION,CLOSE_LOCATION,PROGRESS]
2026-08-27 12:55:18 | INFO | tradehull_pro | Near BULL MAXHEALTH: 80% | Blocked by: MACRO_BULL
2026-08-27 12:55:19 | INFO | tradehull_pro | Near BULL KOTAKBANK: 80% | Blocked by: ENTRY_TRIGGER | Trigger detail: DIRECTION_SANITY | VWAP[TOUCH] | BREAKOUT[BREAKOUT]
2026-08-27 12:55:25 | INFO | tradehull_pro | Near BEAR GRASIM: 80% | Blocked by: ENTRY_TRIGGER | Trigger detail: VWAP[TOUCH] | BREAKOUT[BREAKOUT] | TREND_CONT[BODY_ATR,EXTENSION]
2026-08-27 12:55:26 | INFO | tradehull_pro | 🌟 BULL signal AXISBANK | score 100 | model=VWAP_PULLBACK
2026-08-27 12:55:26 | INFO | tradehull_pro | AXISBANK execution skipped: risk gate MAX_CONSECUTIVE_LOSSES
2026-08-27 12:55:28 | INFO | tradehull_pro | 🌟 BULL signal ICICIBANK | score 100 | model=VWAP_PULLBACK
2026-08-27 12:55:28 | INFO | tradehull_pro | ICICIBANK execution skipped: risk gate MAX_CONSECUTIVE_LOSSES
2026-08-27 12:55:29 | INFO | tradehull_pro | 🌟 BULL signal TITAN | score 100 | model=BREAKOUT_CONTINUATION
2026-08-27 12:55:29 | INFO | tradehull_pro | TITAN execution skipped: risk gate MAX_CONSECUTIVE_LOSSES
2026-08-27 12:55:31 | INFO | tradehull_pro | Near BULL ULTRACEMCO: 80% | Blocked by: RVOL
2026-08-27 12:55:33 | INFO | tradehull_pro | Scan complete | full signals=4 | near signals=11 | execution candidates=0
2026-08-27 12:55:33 | INFO | tradehull_pro | Next completed-candle scan in 266s
2026-08-27 13:00:03 | INFO | tradehull_pro | Scan 12:59 | Account P&L ₹14313.00 | Paper P&L ₹-5031.00 | Paper 0/2 | External 1 | Trades 4/5 | Risk=MAX_CONSECUTIVE_LOSSES
2026-08-27 13:00:04 | INFO | tradehull_pro | Near BEAR TATACONSUM: 80% | Blocked by: ENTRY_TRIGGER | Trigger detail: VWAP[TOUCH,BODY] | BREAKOUT[BREAKOUT] | TREND_CONT[DIRECTION,CLOSE_LOCATION,PROGRESS,STRUCTURE]
2026-08-27 13:00:06 | INFO | tradehull_pro | 🌟 BEAR signal HINDALCO | score 100 | model=BREAKOUT_CONTINUATION
2026-08-27 13:00:06 | INFO | tradehull_pro | HINDALCO execution skipped: risk gate MAX_CONSECUTIVE_LOSSES
2026-08-27 13:00:06 | INFO | tradehull_pro | 🌟 BEAR signal NTPC | score 100 | model=VWAP_PULLBACK
2026-08-27 13:00:06 | INFO | tradehull_pro | NTPC execution skipped: risk gate MAX_CONSECUTIVE_LOSSES
2026-08-27 13:00:09 | INFO | tradehull_pro | Near BEAR MARUTI: 80% | Blocked by: MACRO_BEAR
2026-08-27 13:00:15 | INFO | tradehull_pro | Near BULL KOTAKBANK: 80% | Blocked by: MACRO_BULL
2026-08-27 13:00:23 | INFO | tradehull_pro | 🌟 BULL signal ICICIBANK | score 100 | model=BREAKOUT_CONTINUATION
2026-08-27 13:00:23 | INFO | tradehull_pro | ICICIBANK execution skipped: risk gate MAX_CONSECUTIVE_LOSSES
2026-08-27 13:00:24 | INFO | tradehull_pro | Near BULL TATASTEEL: 80% | Blocked by: ENTRY_TRIGGER | Trigger detail: DIRECTION_SANITY | VWAP[BODY,CLOSE_VS_VWAP] | BREAKOUT[BREAKOUT]
2026-08-27 13:00:25 | INFO | tradehull_pro | Near BULL TITAN: 80% | Blocked by: ENTRY_TRIGGER | Trigger detail: VWAP[TOUCH,BODY] | BREAKOUT[BREAKOUT] | TREND_CONT[DIRECTION,EXTENSION,CLOSE_LOCATION,PROGRESS,STRUCTURE]
2026-08-27 13:00:29 | INFO | tradehull_pro | Scan complete | full signals=3 | near signals=5 | execution candidates=0
2026-08-27 13:00:29 | INFO | tradehull_pro | Next completed-candle scan in 274s
2026-08-27 13:05:06 | INFO | tradehull_pro | Scan 13:05 | Account P&L ₹14118.00 | Paper P&L ₹-5031.00 | Paper 0/2 | External 1 | Trades 4/5 | Risk=MAX_CONSECUTIVE_LOSSES
2026-08-27 13:05:07 | INFO | tradehull_pro | Near BULL BEL: 80% | Blocked by: ENTRY_TRIGGER | Trigger detail: DIRECTION_SANITY | VWAP[BODY] | BREAKOUT[BREAKOUT]
2026-08-27 13:05:07 | INFO | tradehull_pro | Near BEAR TATACONSUM: 80% | Blocked by: ENTRY_TRIGGER | Trigger detail: DIRECTION_SANITY | VWAP[BODY] | BREAKOUT[BREAKOUT]
2026-08-27 13:05:10 | INFO | tradehull_pro | Near BEAR HINDALCO: 80% | Blocked by: ENTRY_TRIGGER | Trigger detail: VWAP[TOUCH] | BREAKOUT[BREAKOUT] | TREND_CONT[RSI_BAND,BODY_ATR,EXTENSION]
2026-08-27 13:05:10 | INFO | tradehull_pro | 🌟 BEAR signal NTPC | score 100 | model=BREAKOUT_CONTINUATION
2026-08-27 13:05:10 | INFO | tradehull_pro | NTPC execution skipped: risk gate MAX_CONSECUTIVE_LOSSES
2026-08-27 13:05:13 | INFO | tradehull_pro | Near BEAR ITC: 80% | Blocked by: RVOL
2026-08-27 13:05:13 | INFO | tradehull_pro | Near BULL TMPV: 80% | Blocked by: ENTRY_TRIGGER | Trigger detail: DIRECTION_SANITY | BREAKOUT[BREAKOUT] | TREND_CONT[DIRECTION,RSI_BAND,CLOSE_LOCATION,PROGRESS,STRUCTURE]
2026-08-27 13:05:16 | INFO | tradehull_pro | Near BEAR SBIN: 80% | Blocked by: BELOW_WVWAP
2026-08-27 13:05:24 | INFO | tradehull_pro | Near BEAR GRASIM: 80% | Blocked by: ENTRY_TRIGGER | Trigger detail: VWAP[TOUCH] | BREAKOUT[BREAKOUT] | TREND_CONT[EXTENSION]
2026-08-27 13:05:25 | INFO | tradehull_pro | Near BULL AXISBANK: 80% | Blocked by: MACRO_BULL
2026-08-27 13:05:27 | INFO | tradehull_pro | 🌟 BULL signal ICICIBANK | score 100 | model=BREAKOUT_CONTINUATION
2026-08-27 13:05:27 | INFO | tradehull_pro | ICICIBANK execution skipped: risk gate MAX_CONSECUTIVE_LOSSES
2026-08-27 13:05:33 | INFO | tradehull_pro | Scan complete | full signals=2 | near signals=8 | execution candidates=0
2026-08-27 13:05:33 | INFO | tradehull_pro | Next completed-candle scan in 270s
2026-08-27 13:10:07 | INFO | tradehull_pro | Scan 13:10 | Account P&L ₹12119.25 | Paper P&L ₹-5031.00 | Paper 0/2 | External 1 | Trades 4/5 | Risk=MAX_CONSECUTIVE_LOSSES
2026-08-27 13:10:09 | INFO | tradehull_pro | Near BEAR BAJFINANCE: 80% | Blocked by: RVOL
2026-08-27 13:10:10 | INFO | tradehull_pro | Near BEAR NTPC: 80% | Blocked by: ENTRY_TRIGGER | Trigger detail: VWAP[TOUCH,BODY] | BREAKOUT[COMPACT,BREAKOUT] | TREND_CONT[DIRECTION,CLOSE_LOCATION,PROGRESS,STRUCTURE]
2026-08-27 13:10:11 | INFO | tradehull_pro | Near BEAR HDFCLIFE: 80% | Blocked by: RVOL
2026-08-27 13:10:19 | INFO | tradehull_pro | Near BULL KOTAKBANK: 80% | Blocked by: MACRO_BULL
2026-08-27 13:10:25 | INFO | tradehull_pro | 🌟 BEAR signal GRASIM | score 100 | model=BREAKOUT_CONTINUATION
2026-08-27 13:10:25 | INFO | tradehull_pro | GRASIM execution skipped: risk gate MAX_CONSECUTIVE_LOSSES
2026-08-27 13:10:29 | INFO | tradehull_pro | Near BULL TITAN: 80% | Blocked by: ENTRY_TRIGGER | Trigger detail: VWAP[TOUCH] | BREAKOUT[BREAKOUT] | TREND_CONT[EXTENSION,STRUCTURE]
2026-08-27 13:10:33 | INFO | tradehull_pro | Near BEAR M&M: 80% | Blocked by: ENTRY_TRIGGER | Trigger detail: DIRECTION_SANITY | VWAP[BODY] | BREAKOUT[BREAKOUT]
2026-08-27 13:10:34 | INFO | tradehull_pro | Scan complete | full signals=1 | near signals=6 | execution candidates=0
2026-08-27 13:10:34 | INFO | tradehull_pro | Next completed-candle scan in 269s
2026-08-27 13:15:06 | INFO | tradehull_pro | Scan 13:15 | Account P&L ₹19236.75 | Paper P&L ₹-5031.00 | Paper 0/2 | External 1 | Trades 4/5 | Risk=MAX_CONSECUTIVE_LOSSES
2026-08-27 13:15:09 | INFO | tradehull_pro | Near BEAR HINDALCO: 80% | Blocked by: ENTRY_TRIGGER | Trigger detail: VWAP[TOUCH,BODY] | BREAKOUT[BREAKOUT] | TREND_CONT[DIRECTION,EXTENSION,CLOSE_LOCATION,PROGRESS,STRUCTURE]
2026-08-27 13:15:18 | INFO | tradehull_pro | Near BULL KOTAKBANK: 80% | Blocked by: ENTRY_TRIGGER | Trigger detail: VWAP[TOUCH] | BREAKOUT[BREAKOUT] | TREND_CONT[EXTENSION]
2026-08-27 13:15:22 | INFO | tradehull_pro | Near BEAR BHARTIARTL: 80% | Blocked by: ENTRY_TRIGGER | Trigger detail: VWAP[TOUCH] | BREAKOUT[COMPACT,BREAKOUT] | TREND_CONT[EXTENSION]
2026-08-27 13:15:24 | INFO | tradehull_pro | Near BEAR GRASIM: 80% | Blocked by: ENTRY_TRIGGER | Trigger detail: VWAP[TOUCH,BODY,WICK] | BREAKOUT[BREAKOUT] | TREND_CONT[DIRECTION,BODY_ATR,EXTENSION,CLOSE_LOCATION,PROGRESS,STRUCTURE]
2026-08-27 13:15:25 | INFO | tradehull_pro | 🌟 BULL signal AXISBANK | score 100 | model=BREAKOUT_CONTINUATION
2026-08-27 13:15:25 | INFO | tradehull_pro | AXISBANK execution skipped: risk gate MAX_CONSECUTIVE_LOSSES
2026-08-27 13:15:29 | INFO | tradehull_pro | Near BEAR TRENT: 80% | Blocked by: MACRO_BEAR
2026-08-27 13:15:31 | INFO | tradehull_pro | Near BULL ULTRACEMCO: 80% | Blocked by: MACRO_BULL
2026-08-27 13:15:33 | INFO | tradehull_pro | Scan complete | full signals=1 | near signals=6 | execution candidates=0
2026-08-27 13:15:33 | INFO | tradehull_pro | Next completed-candle scan in 270s
2026-08-27 13:20:06 | INFO | tradehull_pro | Scan 13:20 | Account P&L ₹13094.25 | Paper P&L ₹-5031.00 | Paper 0/2 | External 1 | Trades 4/5 | Risk=MAX_CONSECUTIVE_LOSSES
2026-08-27 13:20:10 | INFO | tradehull_pro | 🌟 BEAR signal HDFCLIFE | score 100 | model=BREAKOUT_CONTINUATION
2026-08-27 13:20:10 | INFO | tradehull_pro | HDFCLIFE execution skipped: risk gate MAX_CONSECUTIVE_LOSSES
2026-08-27 13:20:17 | INFO | tradehull_pro | Near BEAR COALINDIA: 80% | Blocked by: MACRO_BEAR
2026-08-27 13:20:22 | INFO | tradehull_pro | Near BEAR BHARTIARTL: 80% | Blocked by: ENTRY_TRIGGER | Trigger detail: VWAP[TOUCH] | BREAKOUT[COMPACT] | TREND_CONT[EXTENSION]
2026-08-27 13:20:25 | INFO | tradehull_pro | Near BULL AXISBANK: 80% | Blocked by: ENTRY_TRIGGER | Trigger detail: VWAP[TOUCH] | BREAKOUT[BREAKOUT] | TREND_CONT[RSI_BAND,EXTENSION,CLOSE_LOCATION]
2026-08-27 13:20:30 | INFO | tradehull_pro | Near BULL ULTRACEMCO: 80% | Blocked by: MACRO_BULL
2026-08-27 13:20:32 | INFO | tradehull_pro | 🌟 BEAR signal M&M | score 100 | model=VWAP_PULLBACK
2026-08-27 13:20:32 | INFO | tradehull_pro | M&M execution skipped: risk gate MAX_CONSECUTIVE_LOSSES
2026-08-27 13:20:33 | INFO | tradehull_pro | Scan complete | full signals=2 | near signals=4 | execution candidates=0
2026-08-27 13:20:33 | INFO | tradehull_pro | Next completed-candle scan in 270s
2026-08-27 13:25:06 | INFO | tradehull_pro | Scan 13:25 | Account P&L ₹18164.25 | Paper P&L ₹-5031.00 | Paper 0/2 | External 1 | Trades 4/5 | Risk=MAX_CONSECUTIVE_LOSSES
2026-08-27 13:25:10 | INFO | tradehull_pro | Near BEAR HDFCLIFE: 80% | Blocked by: ENTRY_TRIGGER | Trigger detail: DIRECTION_SANITY | VWAP[TOUCH,BODY] | BREAKOUT[BREAKOUT]
2026-08-27 13:25:12 | INFO | tradehull_pro | Near BEAR ITC: 80% | Blocked by: ENTRY_TRIGGER | Trigger detail: DIRECTION_SANITY | BREAKOUT[BREAKOUT] | TREND_CONT[DIRECTION,RSI_BAND,CLOSE_LOCATION,PROGRESS,STRUCTURE]
2026-08-27 13:25:13 | INFO | tradehull_pro | 🌟 BULL signal ADANIPORTS | score 100 | model=BREAKOUT_CONTINUATION
2026-08-27 13:25:13 | INFO | tradehull_pro | ADANIPORTS execution skipped: risk gate MAX_CONSECUTIVE_LOSSES
2026-08-27 13:25:14 | INFO | tradehull_pro | Near BEAR DRREDDY: 80% | Blocked by: MACRO_BEAR
2026-08-27 13:25:22 | INFO | tradehull_pro | Near BEAR BHARTIARTL: 80% | Blocked by: ENTRY_TRIGGER | Trigger detail: VWAP[TOUCH,WICK] | BREAKOUT[COMPACT,BREAKOUT] | TREND_CONT[EXTENSION,CLOSE_LOCATION]
2026-08-27 13:25:26 | INFO | tradehull_pro | Near BULL ICICIBANK: 80% | Blocked by: ENTRY_TRIGGER | Trigger detail: VWAP[TOUCH] | BREAKOUT[BREAKOUT] | TREND_CONT[EXTENSION]
2026-08-27 13:25:28 | INFO | tradehull_pro | 🌟 BULL signal TITAN | score 100 | model=BREAKOUT_CONTINUATION
2026-08-27 13:25:28 | INFO | tradehull_pro | TITAN execution skipped: risk gate MAX_CONSECUTIVE_LOSSES
2026-08-27 13:25:32 | INFO | tradehull_pro | Near BEAR M&M: 80% | Blocked by: RVOL
2026-08-27 13:25:32 | INFO | tradehull_pro | Scan complete | full signals=2 | near signals=6 | execution candidates=0
2026-08-27 13:25:32 | INFO | tradehull_pro | Next completed-candle scan in 271s
2026-08-27 13:30:43 | INFO | tradehull_pro | Scan 13:30 | Account P&L ₹8658.00 | Paper P&L ₹-5031.00 | Paper 0/2 | External 1 | Trades 4/5 | Risk=MAX_CONSECUTIVE_LOSSES
2026-08-27 13:30:46 | INFO | tradehull_pro | Near BEAR BAJFINANCE: 80% | Blocked by: RVOL
2026-08-27 13:30:46 | INFO | tradehull_pro | Near BEAR HINDALCO: 80% | Blocked by: ENTRY_TRIGGER | Trigger detail: VWAP[TOUCH] | BREAKOUT[BREAKOUT] | TREND_CONT[RSI_BAND,EXTENSION]
2026-08-27 13:30:48 | INFO | tradehull_pro | Near BEAR HDFCLIFE: 80% | Blocked by: ENTRY_TRIGGER | Trigger detail: VWAP[TOUCH] | BREAKOUT[BREAKOUT] | TREND_CONT[CLOSE_LOCATION,STRUCTURE]
2026-08-27 13:30:50 | INFO | tradehull_pro | 🌟 BEAR signal ITC | score 100 | model=VWAP_PULLBACK
2026-08-27 13:30:50 | INFO | tradehull_pro | ITC execution skipped: risk gate MAX_CONSECUTIVE_LOSSES
2026-08-27 13:30:51 | INFO | tradehull_pro | Near BULL ADANIPORTS: 80% | Blocked by: ENTRY_TRIGGER | Trigger detail: VWAP[TOUCH,WICK] | BREAKOUT[BREAKOUT] | TREND_CONT[BODY_ATR,EXTENSION,CLOSE_LOCATION]
2026-08-27 13:30:59 | INFO | tradehull_pro | Near BEAR BHARTIARTL: 80% | Blocked by: ENTRY_TRIGGER | Trigger detail: VWAP[TOUCH,BODY] | BREAKOUT[COMPACT,BREAKOUT] | TREND_CONT[DIRECTION,BODY_ATR,EXTENSION,CLOSE_LOCATION,PROGRESS,STRUCTURE]
2026-08-27 13:31:00 | INFO | tradehull_pro | 🌟 BULL signal ETERNAL | score 100 | model=BREAKOUT_CONTINUATION
2026-08-27 13:31:00 | INFO | tradehull_pro | ETERNAL execution skipped: risk gate MAX_CONSECUTIVE_LOSSES
2026-08-27 13:31:04 | INFO | tradehull_pro | Near BULL ICICIBANK: 80% | Blocked by: ENTRY_TRIGGER | Trigger detail: VWAP[TOUCH,BODY] | BREAKOUT[BREAKOUT] | TREND_CONT[DIRECTION,CLOSE_LOCATION,PROGRESS,STRUCTURE]
2026-08-27 13:31:05 | INFO | tradehull_pro | Near BULL TITAN: 80% | Blocked by: ENTRY_TRIGGER | Trigger detail: VWAP[TOUCH] | BREAKOUT[BREAKOUT] | TREND_CONT[RSI_BAND,EXTENSION,CLOSE_LOCATION]
2026-08-27 13:31:10 | INFO | tradehull_pro | Scan complete | full signals=2 | near signals=7 | execution candidates=0
2026-08-27 13:31:10 | INFO | tradehull_pro | Next completed-candle scan in 233s
2026-08-27 13:35:06 | INFO | tradehull_pro | Scan 13:35 | Account P&L ₹4975.75 | Paper P&L ₹-5031.00 | Paper 0/2 | External 0 | Trades 4/5 | Risk=MAX_CONSECUTIVE_LOSSES
2026-08-27 13:35:09 | INFO | tradehull_pro | Near BEAR BAJFINANCE: 80% | Blocked by: RVOL
2026-08-27 13:35:09 | INFO | tradehull_pro | Near BEAR HINDALCO: 80% | Blocked by: ENTRY_TRIGGER | Trigger detail: VWAP[TOUCH] | BREAKOUT[BREAKOUT] | TREND_CONT[RSI_BAND,BODY_ATR,EXTENSION,PROGRESS,STRUCTURE]
2026-08-27 13:35:10 | INFO | tradehull_pro | Near BEAR HDFCLIFE: 80% | Blocked by: RVOL
2026-08-27 13:35:17 | INFO | tradehull_pro | Near BEAR COALINDIA: 80% | Blocked by: MACRO_BEAR
2026-08-27 13:35:25 | INFO | tradehull_pro | Near BEAR GRASIM: 80% | Blocked by: RVOL
2026-08-27 13:35:26 | INFO | tradehull_pro | 🌟 BULL signal ADANIENT | score 100 | model=BREAKOUT_CONTINUATION
2026-08-27 13:35:26 | INFO | tradehull_pro | ADANIENT execution skipped: risk gate MAX_CONSECUTIVE_LOSSES
2026-08-27 13:35:27 | INFO | tradehull_pro | Near BULL ICICIBANK: 80% | Blocked by: ENTRY_TRIGGER | Trigger detail: VWAP[BODY] | BREAKOUT[BREAKOUT] | TREND_CONT[DIRECTION,BODY_ATR,CLOSE_LOCATION,PROGRESS,STRUCTURE]
2026-08-27 13:35:29 | INFO | tradehull_pro | Near BULL TITAN: 80% | Blocked by: ENTRY_TRIGGER | Trigger detail: VWAP[TOUCH,BODY] | BREAKOUT[COMPACT,BREAKOUT] | TREND_CONT[DIRECTION,RSI_BAND,BODY_ATR,EXTENSION,PROGRESS,STRUCTURE]
2026-08-27 13:35:30 | INFO | tradehull_pro | Near BEAR TRENT: 80% | Blocked by: MACRO_BEAR
2026-08-27 13:35:33 | INFO | tradehull_pro | Scan complete | full signals=1 | near signals=8 | execution candidates=0
2026-08-27 13:35:33 | INFO | tradehull_pro | Next completed-candle scan in 270s
2026-08-27 13:40:06 | INFO | tradehull_pro | Scan 13:40 | Account P&L ₹3562.00 | Paper P&L ₹-5031.00 | Paper 0/2 | External 1 | Trades 4/5 | Risk=MAX_CONSECUTIVE_LOSSES
2026-08-27 13:40:07 | INFO | tradehull_pro | Near BULL BEL: 80% | Blocked by: ENTRY_TRIGGER | Trigger detail: DIRECTION_SANITY | VWAP[CLOSE_VS_VWAP] | BREAKOUT[BREAKOUT]
2026-08-27 13:40:10 | INFO | tradehull_pro | 🌟 BEAR signal HINDALCO | score 100 | model=BREAKOUT_CONTINUATION
2026-08-27 13:40:10 | INFO | tradehull_pro | HINDALCO execution skipped: risk gate MAX_CONSECUTIVE_LOSSES
2026-08-27 13:40:10 | INFO | tradehull_pro | 🌟 BEAR signal NTPC | score 100 | model=VWAP_PULLBACK
2026-08-27 13:40:10 | INFO | tradehull_pro | NTPC execution skipped: risk gate MAX_CONSECUTIVE_LOSSES
2026-08-27 13:40:11 | INFO | tradehull_pro | Near BEAR HDFCLIFE: 80% | Blocked by: ENTRY_TRIGGER | Trigger detail: DIRECTION_SANITY | VWAP[TOUCH,BODY] | BREAKOUT[BREAKOUT]
2026-08-27 13:40:22 | INFO | tradehull_pro | Near BEAR BHARTIARTL: 80% | Blocked by: ENTRY_TRIGGER | Trigger detail: VWAP[TOUCH] | BREAKOUT[BREAKOUT] | TREND_CONT[BODY_ATR,PROGRESS,STRUCTURE]
2026-08-27 13:40:23 | INFO | tradehull_pro | Near BULL ETERNAL: 80% | Blocked by: RVOL
2026-08-27 13:40:29 | INFO | tradehull_pro | Near BULL TITAN: 80% | Blocked by: ENTRY_TRIGGER | Trigger detail: VWAP[TOUCH,BODY] | BREAKOUT[COMPACT,BREAKOUT] | TREND_CONT[DIRECTION,RSI_BAND,BODY_ATR,EXTENSION,PROGRESS,STRUCTURE]
2026-08-27 13:40:32 | INFO | tradehull_pro | Near BEAR M&M: 80% | Blocked by: RVOL
2026-08-27 13:40:33 | INFO | tradehull_pro | Scan complete | full signals=2 | near signals=6 | execution candidates=0
2026-08-27 13:40:33 | INFO | tradehull_pro | Next completed-candle scan in 270s
2026-08-27 13:45:06 | INFO | tradehull_pro | Scan 13:45 | Account P&L ₹2977.00 | Paper P&L ₹-5031.00 | Paper 0/2 | External 1 | Trades 4/5 | Risk=MAX_CONSECUTIVE_LOSSES
2026-08-27 13:45:10 | INFO | tradehull_pro | Near BEAR HINDALCO: 80% | Blocked by: ENTRY_TRIGGER | Trigger detail: VWAP[TOUCH] | BREAKOUT[COMPACT,BREAKOUT] | TREND_CONT[RSI_BAND,EXTENSION,CLOSE_LOCATION]
2026-08-27 13:45:11 | INFO | tradehull_pro | Near BEAR HDFCLIFE: 80% | Blocked by: ENTRY_TRIGGER | Trigger detail: DIRECTION_SANITY | VWAP[BODY] | BREAKOUT[BREAKOUT]
2026-08-27 13:45:23 | INFO | tradehull_pro | Near BULL ETERNAL: 80% | Blocked by: ENTRY_TRIGGER | Trigger detail: VWAP[TOUCH,BODY] | BREAKOUT[BREAKOUT] | TREND_CONT[DIRECTION,EXTENSION,PROGRESS,STRUCTURE]
2026-08-27 13:45:24 | INFO | tradehull_pro | Near BEAR GRASIM: 80% | Blocked by: RVOL
2026-08-27 13:45:33 | INFO | tradehull_pro | Scan complete | full signals=0 | near signals=4 | execution candidates=0
2026-08-27 13:45:33 | INFO | tradehull_pro | Next completed-candle scan in 270s
2026-08-27 13:50:06 | INFO | tradehull_pro | Scan 13:50 | Account P&L ₹30618.25 | Paper P&L ₹-5031.00 | Paper 0/2 | External 1 | Trades 4/5 | Risk=MAX_CONSECUTIVE_LOSSES
2026-08-27 13:50:09 | INFO | tradehull_pro | Near BEAR HINDALCO: 80% | Blocked by: ENTRY_TRIGGER | Trigger detail: VWAP[TOUCH] | BREAKOUT[COMPACT] | TREND_CONT[RSI_BAND,EXTENSION]
2026-08-27 13:50:11 | INFO | tradehull_pro | Near BEAR HINDUNILVR: 80% | Blocked by: MACRO_BEAR
2026-08-27 13:50:17 | INFO | tradehull_pro | Near BEAR COALINDIA: 80% | Blocked by: MACRO_BEAR
2026-08-27 13:50:17 | INFO | tradehull_pro | Near BEAR BAJAJFINSV: 80% | Blocked by: MACRO_BEAR
2026-08-27 13:50:18 | INFO | tradehull_pro | Near BULL KOTAKBANK: 80% | Blocked by: ENTRY_TRIGGER | Trigger detail: DIRECTION_SANITY | VWAP[TOUCH,BODY] | BREAKOUT[BREAKOUT]
2026-08-27 13:50:22 | INFO | tradehull_pro | Near BEAR BHARTIARTL: 80% | Blocked by: RVOL
2026-08-27 13:50:22 | INFO | tradehull_pro | Near BULL ETERNAL: 80% | Blocked by: ENTRY_TRIGGER | Trigger detail: DIRECTION_SANITY | VWAP[TOUCH,BODY] | BREAKOUT[BREAKOUT]
2026-08-27 13:50:26 | INFO | tradehull_pro | Near BULL ADANIENT: 80% | Blocked by: ENTRY_TRIGGER | Trigger detail: DIRECTION_SANITY | VWAP[BODY] | BREAKOUT[BREAKOUT]
2026-08-27 13:50:31 | INFO | tradehull_pro | Near BEAR HDFCBANK: 80% | Blocked by: ST_BEAR
2026-08-27 13:50:32 | INFO | tradehull_pro | 🌟 BEAR signal M&M | score 100 | model=BREAKOUT_CONTINUATION
2026-08-27 13:50:32 | INFO | tradehull_pro | M&M execution skipped: risk gate MAX_CONSECUTIVE_LOSSES
2026-08-27 13:50:33 | INFO | tradehull_pro | Scan complete | full signals=1 | near signals=9 | execution candidates=0
2026-08-27 13:50:33 | INFO | tradehull_pro | Next completed-candle scan in 270s
2026-08-27 13:55:06 | INFO | tradehull_pro | Scan 13:55 | Account P&L ₹33689.50 | Paper P&L ₹-5031.00 | Paper 0/2 | External 1 | Trades 4/5 | Risk=MAX_CONSECUTIVE_LOSSES
2026-08-27 13:55:09 | INFO | tradehull_pro | Near BEAR HINDALCO: 80% | Blocked by: ENTRY_TRIGGER | Trigger detail: VWAP[TOUCH] | BREAKOUT[COMPACT,BREAKOUT] | TREND_CONT[RSI_BAND,BODY_ATR,EXTENSION,CLOSE_LOCATION]
2026-08-27 13:55:16 | INFO | tradehull_pro | Near BULL EICHERMOT: 80% | Blocked by: ENTRY_TRIGGER | Trigger detail: VWAP[TOUCH] | BREAKOUT[BREAKOUT] | TREND_CONT[STRUCTURE]
2026-08-27 13:55:22 | INFO | tradehull_pro | Near BULL ETERNAL: 80% | Blocked by: ENTRY_TRIGGER | Trigger detail: VWAP[TOUCH] | BREAKOUT[BREAKOUT] | TREND_CONT[STRUCTURE]
2026-08-27 13:55:24 | INFO | tradehull_pro | Near BEAR GRASIM: 80% | Blocked by: ENTRY_TRIGGER | Trigger detail: VWAP[TOUCH,BODY] | BREAKOUT[BREAKOUT] | TREND_CONT[DIRECTION,BODY_ATR,EXTENSION]
2026-08-27 13:55:32 | INFO | tradehull_pro | Scan complete | full signals=0 | near signals=4 | execution candidates=0
2026-08-27 13:55:32 | INFO | tradehull_pro | Next completed-candle scan in 267s
2026-08-27 14:00:03 | INFO | tradehull_pro | Scan 13:59 | Account P&L ₹45360.25 | Paper P&L ₹-5031.00 | Paper 0/2 | External 1 | Trades 4/5 | Risk=MAX_CONSECUTIVE_LOSSES
2026-08-27 14:00:04 | INFO | tradehull_pro | Near BEAR TATACONSUM: 80% | Blocked by: RVOL
2026-08-27 14:00:06 | INFO | tradehull_pro | Near BEAR HINDALCO: 80% | Blocked by: ENTRY_TRIGGER | Trigger detail: VWAP[TOUCH,BODY] | BREAKOUT[COMPACT,BREAKOUT] | TREND_CONT[DIRECTION,RSI_BAND,EXTENSION,CLOSE_LOCATION,PROGRESS,STRUCTURE]
2026-08-27 14:00:11 | INFO | tradehull_pro | Near BEAR DRREDDY: 80% | Blocked by: MACRO_BEAR
2026-08-27 14:00:12 | INFO | tradehull_pro | Near BEAR SBIN: 80% | Blocked by: BELOW_WVWAP
2026-08-27 14:00:19 | INFO | tradehull_pro | Near BULL ETERNAL: 80% | Blocked by: ENTRY_TRIGGER | Trigger detail: VWAP[TOUCH] | BREAKOUT[BREAKOUT] | TREND_CONT[BODY_ATR,PROGRESS,STRUCTURE]
2026-08-27 14:00:24 | INFO | tradehull_pro | Near BEAR JIOFIN: 80% | Blocked by: ENTRY_TRIGGER | Trigger detail: VWAP[TOUCH] | BREAKOUT[BREAKOUT] | TREND_CONT[EXTENSION]
2026-08-27 14:00:28 | INFO | tradehull_pro | Near BEAR HDFCBANK: 80% | Blocked by: RVOL
2026-08-27 14:00:29 | INFO | tradehull_pro | Scan complete | full signals=0 | near signals=7 | execution candidates=0
2026-08-27 14:00:29 | INFO | tradehull_pro | Next completed-candle scan in 274s
2026-08-27 14:05:07 | INFO | tradehull_pro | Scan 14:05 | Account P&L ₹39724.75 | Paper P&L ₹-5031.00 | Paper 0/2 | External 0 | Trades 4/5 | Risk=MAX_CONSECUTIVE_LOSSES
2026-08-27 14:05:16 | INFO | tradehull_pro | Near BEAR ONGC: 80% | Blocked by: MACRO_BEAR
2026-08-27 14:05:17 | INFO | tradehull_pro | Near BULL EICHERMOT: 80% | Blocked by: RVOL
2026-08-27 14:05:17 | INFO | tradehull_pro | Near BEAR COALINDIA: 80% | Blocked by: MACRO_BEAR
2026-08-27 14:05:31 | INFO | tradehull_pro | 🌟 BEAR signal HDFCBANK | score 100 | model=BREAKOUT_CONTINUATION
2026-08-27 14:05:31 | INFO | tradehull_pro | HDFCBANK execution skipped: risk gate MAX_CONSECUTIVE_LOSSES
2026-08-27 14:05:33 | INFO | tradehull_pro | Scan complete | full signals=1 | near signals=3 | execution candidates=0
2026-08-27 14:05:33 | INFO | tradehull_pro | Next completed-candle scan in 270s
2026-08-27 14:10:06 | INFO | tradehull_pro | Scan 14:10 | Account P&L ₹39724.75 | Paper P&L ₹-5031.00 | Paper 0/2 | External 0 | Trades 4/5 | Risk=MAX_CONSECUTIVE_LOSSES
2026-08-27 14:10:12 | INFO | tradehull_pro | Near BEAR HINDUNILVR: 80% | Blocked by: RVOL
2026-08-27 14:10:16 | INFO | tradehull_pro | Near BULL EICHERMOT: 80% | Blocked by: ENTRY_TRIGGER | Trigger detail: VWAP[TOUCH,BODY,WICK] | BREAKOUT[BREAKOUT] | TREND_CONT[DIRECTION,BODY_ATR,EXTENSION,CLOSE_LOCATION,PROGRESS]
2026-08-27 14:10:22 | INFO | tradehull_pro | Near BEAR BHARTIARTL: 80% | Blocked by: ENTRY_TRIGGER | Trigger detail: VWAP[TOUCH,BODY] | BREAKOUT[BREAKOUT] | TREND_CONT[DIRECTION,CLOSE_LOCATION,PROGRESS,STRUCTURE]
2026-08-27 14:10:27 | INFO | tradehull_pro | Near BULL ICICIBANK: 80% | Blocked by: ENTRY_TRIGGER | Trigger detail: DIRECTION_SANITY | VWAP[BODY] | BREAKOUT[BREAKOUT]
2026-08-27 14:10:31 | INFO | tradehull_pro | Near BEAR HDFCBANK: 80% | Blocked by: RVOL
2026-08-27 14:10:33 | INFO | tradehull_pro | Scan complete | full signals=0 | near signals=5 | execution candidates=0
2026-08-27 14:10:33 | INFO | tradehull_pro | Next completed-candle scan in 270s
2026-08-27 14:15:06 | INFO | tradehull_pro | Scan 14:15 | Account P&L ₹39724.75 | Paper P&L ₹-5031.00 | Paper 0/2 | External 0 | Trades 4/5 | Risk=MAX_CONSECUTIVE_LOSSES
2026-08-27 14:15:09 | INFO | tradehull_pro | Near BEAR HINDALCO: 80% | Blocked by: ENTRY_TRIGGER | Trigger detail: VWAP[TOUCH,BODY] | BREAKOUT[BREAKOUT] | TREND_CONT[DIRECTION,RSI_BAND,EXTENSION,CLOSE_LOCATION,PROGRESS,STRUCTURE]
2026-08-27 14:15:11 | INFO | tradehull_pro | Near BEAR HINDUNILVR: 80% | Blocked by: ENTRY_TRIGGER | Trigger detail: VWAP[BODY] | BREAKOUT[BREAKOUT] | TREND_CONT[DIRECTION,BODY_ATR,PROGRESS,STRUCTURE]
2026-08-27 14:15:12 | INFO | tradehull_pro | Near BEAR MARUTI: 80% | Blocked by: ENTRY_TRIGGER | Trigger detail: DIRECTION_SANITY | VWAP[BODY] | BREAKOUT[BREAKOUT]
2026-08-27 14:15:16 | INFO | tradehull_pro | 🌟 BULL signal EICHERMOT | score 100 | model=BREAKOUT_CONTINUATION
2026-08-27 14:15:16 | INFO | tradehull_pro | EICHERMOT execution skipped: risk gate MAX_CONSECUTIVE_LOSSES
2026-08-27 14:15:18 | INFO | tradehull_pro | Near BULL MAXHEALTH: 80% | Blocked by: MACRO_BULL
2026-08-27 14:15:18 | INFO | tradehull_pro | Near BULL KOTAKBANK: 80% | Blocked by: ENTRY_TRIGGER | Trigger detail: DIRECTION_SANITY | BREAKOUT[BREAKOUT] | TREND_CONT[DIRECTION,RSI_BAND,PROGRESS,STRUCTURE]
2026-08-27 14:15:23 | INFO | tradehull_pro | Near BULL ETERNAL: 80% | Blocked by: RVOL
2026-08-27 14:15:27 | INFO | tradehull_pro | Near BULL ICICIBANK: 80% | Blocked by: ENTRY_TRIGGER | Trigger detail: DIRECTION_SANITY | BREAKOUT[BREAKOUT] | TREND_CONT[DIRECTION,RSI_BAND,BODY_ATR,CLOSE_LOCATION,PROGRESS,STRUCTURE]
2026-08-27 14:15:31 | INFO | tradehull_pro | Near BEAR HDFCBANK: 80% | Blocked by: ENTRY_TRIGGER | Trigger detail: VWAP[TOUCH,BODY] | BREAKOUT[BREAKOUT] | TREND_CONT[DIRECTION,PROGRESS,STRUCTURE]
2026-08-27 14:15:32 | INFO | tradehull_pro | Near BEAR RELIANCE: 80% | Blocked by: MACRO_BEAR
2026-08-27 14:15:33 | INFO | tradehull_pro | Scan complete | full signals=1 | near signals=9 | execution candidates=0
2026-08-27 14:15:33 | INFO | tradehull_pro | Next completed-candle scan in 270s
2026-08-27 14:20:06 | INFO | tradehull_pro | Scan 14:20 | Account P&L ₹39724.75 | Paper P&L ₹-5031.00 | Paper 0/2 | External 0 | Trades 4/5 | Risk=MAX_CONSECUTIVE_LOSSES
2026-08-27 14:20:18 | INFO | tradehull_pro | Near BULL KOTAKBANK: 80% | Blocked by: ENTRY_TRIGGER | Trigger detail: DIRECTION_SANITY | VWAP[TOUCH] | BREAKOUT[BREAKOUT]
2026-08-27 14:20:22 | INFO | tradehull_pro | Near BEAR BHARTIARTL: 80% | Blocked by: ENTRY_TRIGGER | Trigger detail: VWAP[TOUCH] | BREAKOUT[BREAKOUT] | TREND_CONT[PROGRESS,STRUCTURE]
2026-08-27 14:20:23 | INFO | tradehull_pro | 🌟 BULL signal ETERNAL | score 100 | model=BREAKOUT_CONTINUATION
2026-08-27 14:20:23 | INFO | tradehull_pro | ETERNAL execution skipped: risk gate MAX_CONSECUTIVE_LOSSES
2026-08-27 14:20:27 | INFO | tradehull_pro | Near BULL ICICIBANK: 80% | Blocked by: ENTRY_TRIGGER | Trigger detail: DIRECTION_SANITY | TREND_CONT[DIRECTION]
2026-08-27 14:20:32 | INFO | tradehull_pro | Near BEAR M&M: 80% | Blocked by: ENTRY_TRIGGER | Trigger detail: DIRECTION_SANITY | VWAP[TOUCH,BODY] | BREAKOUT[BREAKOUT]
2026-08-27 14:20:32 | INFO | tradehull_pro | Scan complete | full signals=1 | near signals=4 | execution candidates=0
2026-08-27 14:20:32 | INFO | tradehull_pro | Next completed-candle scan in 271s
2026-08-27 14:25:07 | INFO | tradehull_pro | Scan 14:25 | Account P&L ₹39724.75 | Paper P&L ₹-5031.00 | Paper 0/2 | External 0 | Trades 4/5 | Risk=MAX_CONSECUTIVE_LOSSES
2026-08-27 14:25:10 | INFO | tradehull_pro | Near BEAR HINDALCO: 80% | Blocked by: ENTRY_TRIGGER | Trigger detail: VWAP[TOUCH] | BREAKOUT[BREAKOUT] | TREND_CONT[RSI_BAND,EXTENSION]
2026-08-27 14:25:17 | INFO | tradehull_pro | 🌟 BULL signal EICHERMOT | score 100 | model=BREAKOUT_CONTINUATION
2026-08-27 14:25:17 | INFO | tradehull_pro | EICHERMOT execution skipped: risk gate MAX_CONSECUTIVE_LOSSES
2026-08-27 14:25:19 | INFO | tradehull_pro | Near BULL MAXHEALTH: 80% | Blocked by: MACRO_BULL
2026-08-27 14:25:20 | INFO | tradehull_pro | Near BULL APOLLOHOSP: 80% | Blocked by: MACRO_BULL
2026-08-27 14:25:23 | INFO | tradehull_pro | Near BULL ETERNAL: 80% | Blocked by: ENTRY_TRIGGER | Trigger detail: VWAP[TOUCH,BODY] | BREAKOUT[BREAKOUT] | TREND_CONT[DIRECTION,CLOSE_LOCATION,PROGRESS,STRUCTURE]
2026-08-27 14:25:32 | INFO | tradehull_pro | Near BEAR HDFCBANK: 80% | Blocked by: ENTRY_TRIGGER | Trigger detail: DIRECTION_SANITY | VWAP[TOUCH,BODY] | BREAKOUT[BREAKOUT]
2026-08-27 14:25:33 | INFO | tradehull_pro | Near BEAR M&M: 80% | Blocked by: ENTRY_TRIGGER | Trigger detail: VWAP[TOUCH] | BREAKOUT[BREAKOUT] | TREND_CONT[STRUCTURE]
2026-08-27 14:25:33 | INFO | tradehull_pro | Scan complete | full signals=1 | near signals=6 | execution candidates=0
2026-08-27 14:25:33 | INFO | tradehull_pro | Next completed-candle scan in 270s
2026-08-27 14:30:07 | INFO | tradehull_pro | Scan 14:30 | Account P&L ₹39724.75 | Paper P&L ₹-5031.00 | Paper 0/2 | External 0 | Trades 4/5 | Risk=MAX_CONSECUTIVE_LOSSES
2026-08-27 14:30:10 | INFO | tradehull_pro | Near BEAR HINDALCO: 80% | Blocked by: ENTRY_TRIGGER | Trigger detail: VWAP[TOUCH,BODY] | BREAKOUT[BREAKOUT] | TREND_CONT[DIRECTION,EXTENSION,CLOSE_LOCATION,PROGRESS,STRUCTURE]
2026-08-27 14:30:25 | INFO | tradehull_pro | Near BULL AXISBANK: 80% | Blocked by: ENTRY_TRIGGER | Trigger detail: DIRECTION_SANITY | BREAKOUT[BREAKOUT] | TREND_CONT[DIRECTION,RSI_BAND,BODY_ATR,CLOSE_LOCATION]
2026-08-27 14:30:33 | INFO | tradehull_pro | Scan complete | full signals=0 | near signals=2 | execution candidates=0
2026-08-27 14:30:33 | INFO | tradehull_pro | Next completed-candle scan in 270s
2026-08-27 14:35:07 | INFO | tradehull_pro | Scan 14:35 | Account P&L ₹39724.75 | Paper P&L ₹-5031.00 | Paper 0/2 | External 0 | Trades 4/5 | Risk=MAX_CONSECUTIVE_LOSSES
2026-08-27 14:35:08 | INFO | tradehull_pro | Near BEAR TATACONSUM: 80% | Blocked by: ENTRY_TRIGGER | Trigger detail: DIRECTION_SANITY | VWAP[BODY,WICK,CLOSE_VS_VWAP] | BREAKOUT[BREAKOUT]
2026-08-27 14:35:10 | INFO | tradehull_pro | Near BEAR HINDALCO: 80% | Blocked by: ENTRY_TRIGGER | Trigger detail: VWAP[TOUCH] | BREAKOUT[BREAKOUT] | TREND_CONT[EXTENSION,CLOSE_LOCATION]
2026-08-27 14:35:13 | INFO | tradehull_pro | 🌟 BEAR signal ITC | score 100 | model=VWAP_PULLBACK
2026-08-27 14:35:13 | INFO | tradehull_pro | ITC execution skipped: risk gate MAX_CONSECUTIVE_LOSSES
2026-08-27 14:35:16 | INFO | tradehull_pro | Near BEAR ONGC: 80% | Blocked by: MACRO_BEAR
2026-08-27 14:35:17 | INFO | tradehull_pro | Near BULL EICHERMOT: 80% | Blocked by: ENTRY_TRIGGER | Trigger detail: VWAP[TOUCH,BODY] | BREAKOUT[BREAKOUT] | TREND_CONT[DIRECTION,EXTENSION,CLOSE_LOCATION,PROGRESS,STRUCTURE]
2026-08-27 14:35:18 | INFO | tradehull_pro | Near BEAR BAJAJFINSV: 80% | Blocked by: MACRO_BEAR
2026-08-27 14:35:19 | INFO | tradehull_pro | Near BULL KOTAKBANK: 80% | Blocked by: ENTRY_TRIGGER | Trigger detail: DIRECTION_SANITY | VWAP[TOUCH,BODY] | BREAKOUT[BREAKOUT]
2026-08-27 14:35:20 | INFO | tradehull_pro | Near BULL APOLLOHOSP: 80% | Blocked by: ENTRY_TRIGGER | Trigger detail: VWAP[BODY] | BREAKOUT[BREAKOUT] | TREND_CONT[DIRECTION,BODY_ATR,PROGRESS,STRUCTURE]
2026-08-27 14:35:23 | INFO | tradehull_pro | Near BULL ETERNAL: 80% | Blocked by: ENTRY_TRIGGER | Trigger detail: VWAP[TOUCH,BODY] | BREAKOUT[BREAKOUT] | TREND_CONT[DIRECTION,CLOSE_LOCATION,PROGRESS,STRUCTURE]
2026-08-27 14:35:25 | INFO | tradehull_pro | Near BULL AXISBANK: 80% | Blocked by: ENTRY_TRIGGER | Trigger detail: DIRECTION_SANITY | VWAP[BODY] | BREAKOUT[BREAKOUT]
2026-08-27 14:35:27 | INFO | tradehull_pro | Near BULL ICICIBANK: 80% | Blocked by: ENTRY_TRIGGER | Trigger detail: VWAP[TOUCH,BODY] | BREAKOUT[BREAKOUT] | TREND_CONT[DIRECTION,BODY_ATR,CLOSE_LOCATION]
2026-08-27 14:35:29 | INFO | tradehull_pro | Near BULL TITAN: 80% | Blocked by: ENTRY_TRIGGER | Trigger detail: DIRECTION_SANITY | VWAP[TOUCH,BODY] | BREAKOUT[BREAKOUT]
2026-08-27 14:35:30 | INFO | tradehull_pro | Near BEAR TRENT: 80% | Blocked by: ENTRY_TRIGGER | Trigger detail: DIRECTION_SANITY | VWAP[TOUCH,BODY,WICK] | BREAKOUT[BREAKOUT]
2026-08-27 14:35:32 | INFO | tradehull_pro | Near BEAR HDFCBANK: 80% | Blocked by: ENTRY_TRIGGER | Trigger detail: DIRECTION_SANITY | VWAP[TOUCH,BODY] | BREAKOUT[BREAKOUT]
2026-08-27 14:35:33 | INFO | tradehull_pro | Near BEAR M&M: 80% | Blocked by: ENTRY_TRIGGER | Trigger detail: DIRECTION_SANITY | VWAP[TOUCH] | BREAKOUT[BREAKOUT]
2026-08-27 14:35:33 | INFO | tradehull_pro | Near BEAR SUNPHARMA: 80% | Blocked by: MACRO_BEAR
2026-08-27 14:35:33 | INFO | tradehull_pro | Scan complete | full signals=1 | near signals=15 | execution candidates=0
2026-08-27 14:35:33 | INFO | tradehull_pro | Next completed-candle scan in 270s
2026-08-27 14:40:07 | INFO | tradehull_pro | Scan 14:40 | Account P&L ₹39724.75 | Paper P&L ₹-5031.00 | Paper 0/2 | External 0 | Trades 4/5 | Risk=MAX_CONSECUTIVE_LOSSES
2026-08-27 14:40:10 | INFO | tradehull_pro | Near BEAR HINDALCO: 80% | Blocked by: ENTRY_TRIGGER | Trigger detail: VWAP[TOUCH,BODY] | BREAKOUT[BREAKOUT] | TREND_CONT[DIRECTION,CLOSE_LOCATION,PROGRESS,STRUCTURE]
2026-08-27 14:40:19 | INFO | tradehull_pro | 🌟 BULL signal APOLLOHOSP | score 100 | model=VWAP_PULLBACK
2026-08-27 14:40:19 | INFO | tradehull_pro | APOLLOHOSP execution skipped: risk gate MAX_CONSECUTIVE_LOSSES
2026-08-27 14:40:23 | INFO | tradehull_pro | Near BULL ETERNAL: 80% | Blocked by: RVOL
2026-08-27 14:40:27 | INFO | tradehull_pro | 🌟 BULL signal ICICIBANK | score 100 | model=VWAP_PULLBACK
2026-08-27 14:40:27 | INFO | tradehull_pro | ICICIBANK execution skipped: risk gate MAX_CONSECUTIVE_LOSSES
2026-08-27 14:40:29 | INFO | tradehull_pro | Near BULL TITAN: 80% | Blocked by: ENTRY_TRIGGER | Trigger detail: DIRECTION_SANITY | VWAP[TOUCH,BODY] | BREAKOUT[BREAKOUT]
2026-08-27 14:40:32 | INFO | tradehull_pro | Near BEAR HDFCBANK: 80% | Blocked by: ENTRY_TRIGGER | Trigger detail: DIRECTION_SANITY | VWAP[TOUCH,BODY,WICK] | BREAKOUT[BREAKOUT]
2026-08-27 14:40:32 | INFO | tradehull_pro | Near BEAR RELIANCE: 80% | Blocked by: MACRO_BEAR
2026-08-27 14:40:33 | INFO | tradehull_pro | Scan complete | full signals=2 | near signals=5 | execution candidates=0
2026-08-27 14:40:33 | INFO | tradehull_pro | Next completed-candle scan in 270s
2026-08-27 14:45:06 | INFO | tradehull_pro | Scan 14:45 | Account P&L ₹39724.75 | Paper P&L ₹-5031.00 | Paper 0/2 | External 0 | Trades 4/5 | Risk=MAX_CONSECUTIVE_LOSSES
2026-08-27 14:45:10 | INFO | tradehull_pro | Near BEAR HINDALCO: 80% | Blocked by: ENTRY_TRIGGER | Trigger detail: VWAP[TOUCH,BODY] | BREAKOUT[BREAKOUT] | TREND_CONT[DIRECTION,BODY_ATR,PROGRESS,STRUCTURE]
2026-08-27 14:45:10 | INFO | tradehull_pro | Near BEAR NTPC: 80% | Blocked by: RVOL
2026-08-27 14:45:13 | INFO | tradehull_pro | Near BEAR ITC: 80% | Blocked by: RVOL
2026-08-27 14:45:16 | INFO | tradehull_pro | Near BULL EICHERMOT: 80% | Blocked by: ENTRY_TRIGGER | Trigger detail: VWAP[TOUCH,BODY] | BREAKOUT[BREAKOUT] | TREND_CONT[ADX,DIRECTION,CLOSE_LOCATION,PROGRESS,STRUCTURE]
2026-08-27 14:45:19 | INFO | tradehull_pro | Near BULL KOTAKBANK: 80% | Blocked by: ENTRY_TRIGGER | Trigger detail: DIRECTION_SANITY | VWAP[TOUCH] | BREAKOUT[BREAKOUT]
2026-08-27 14:45:19 | INFO | tradehull_pro | 🌟 BULL signal APOLLOHOSP | score 100 | model=VWAP_PULLBACK
2026-08-27 14:45:19 | INFO | tradehull_pro | APOLLOHOSP execution skipped: ENTRY_CUTOFF 14:45 reached (signal retained for research)
2026-08-27 14:45:21 | INFO | tradehull_pro | Near BEAR HCLTECH: 80% | Blocked by: MACRO_BEAR
2026-08-27 14:45:22 | INFO | tradehull_pro | Near BEAR BHARTIARTL: 80% | Blocked by: RVOL
2026-08-27 14:45:23 | INFO | tradehull_pro | Near BULL ETERNAL: 80% | Blocked by: ENTRY_TRIGGER | Trigger detail: VWAP[TOUCH,BODY,WICK] | BREAKOUT[BREAKOUT] | TREND_CONT[DIRECTION,BODY_ATR,CLOSE_LOCATION,PROGRESS]
2026-08-27 14:45:27 | INFO | tradehull_pro | Near BULL ICICIBANK: 80% | Blocked by: ENTRY_TRIGGER | Trigger detail: VWAP[TOUCH,BODY] | BREAKOUT[BREAKOUT] | TREND_CONT[DIRECTION,CLOSE_LOCATION,PROGRESS,STRUCTURE]
2026-08-27 14:45:33 | INFO | tradehull_pro | Scan complete | full signals=1 | near signals=9 | execution candidates=0
2026-08-27 14:45:33 | INFO | tradehull_pro | Next completed-candle scan in 270s
2026-08-27 14:50:06 | INFO | tradehull_pro | Scan 14:50 | Account P&L ₹39724.75 | Paper P&L ₹-5031.00 | Paper 0/2 | External 0 | Trades 4/5 | Risk=MAX_CONSECUTIVE_LOSSES
2026-08-27 14:50:07 | INFO | tradehull_pro | Near BULL BEL: 80% | Blocked by: MACRO_BULL
2026-08-27 14:50:09 | INFO | tradehull_pro | Near BEAR HINDALCO: 80% | Blocked by: ENTRY_TRIGGER | Trigger detail: DIRECTION_SANITY | VWAP[TOUCH,BODY] | BREAKOUT[BREAKOUT]
2026-08-27 14:50:16 | INFO | tradehull_pro | Near BULL EICHERMOT: 80% | Blocked by: ENTRY_TRIGGER | Trigger detail: VWAP[TOUCH,BODY] | BREAKOUT[BREAKOUT] | TREND_CONT[ADX,DIRECTION,CLOSE_LOCATION,PROGRESS,STRUCTURE]
2026-08-27 14:50:18 | INFO | tradehull_pro | Near BULL MAXHEALTH: 80% | Blocked by: MACRO_BULL
2026-08-27 14:50:18 | INFO | tradehull_pro | Near BULL KOTAKBANK: 80% | Blocked by: ENTRY_TRIGGER | Trigger detail: DIRECTION_SANITY | VWAP[TOUCH,BODY] | BREAKOUT[BREAKOUT]
2026-08-27 14:50:19 | INFO | tradehull_pro | Near BULL APOLLOHOSP: 80% | Blocked by: ENTRY_TRIGGER | Trigger detail: VWAP[TOUCH] | BREAKOUT[BREAKOUT] | TREND_CONT[EXTENSION]
2026-08-27 14:50:22 | INFO | tradehull_pro | Near BEAR BHARTIARTL: 80% | Blocked by: ENTRY_TRIGGER | Trigger detail: DIRECTION_SANITY | VWAP[TOUCH,BODY] | BREAKOUT[BREAKOUT]
2026-08-27 14:50:23 | INFO | tradehull_pro | Near BEAR LT: 80% | Blocked by: MACRO_BEAR
2026-08-27 14:50:27 | INFO | tradehull_pro | Near BULL ICICIBANK: 80% | Blocked by: ENTRY_TRIGGER | Trigger detail: VWAP[TOUCH,WICK] | BREAKOUT[BREAKOUT] | TREND_CONT[BODY_ATR,CLOSE_LOCATION,STRUCTURE]
2026-08-27 14:50:27 | INFO | tradehull_pro | Near BEAR JIOFIN: 80% | Blocked by: ENTRY_TRIGGER | Trigger detail: DIRECTION_SANITY | VWAP[TOUCH,BODY] | BREAKOUT[BREAKOUT]
2026-08-27 14:50:32 | INFO | tradehull_pro | Near BULL SUNPHARMA: 80% | Blocked by: MACRO_BULL
2026-08-27 14:50:32 | INFO | tradehull_pro | Scan complete | full signals=0 | near signals=11 | execution candidates=0
2026-08-27 14:50:32 | INFO | tradehull_pro | Next completed-candle scan in 271s
2026-08-27 14:55:07 | INFO | tradehull_pro | Scan 14:55 | Account P&L ₹39724.75 | Paper P&L ₹-5031.00 | Paper 0/2 | External 0 | Trades 4/5 | Risk=MAX_CONSECUTIVE_LOSSES
2026-08-27 14:55:10 | INFO | tradehull_pro | Near BEAR HINDALCO: 80% | Blocked by: ENTRY_TRIGGER | Trigger detail: DIRECTION_SANITY | VWAP[TOUCH] | BREAKOUT[BREAKOUT]
2026-08-27 14:55:11 | INFO | tradehull_pro | Near BEAR NTPC: 80% | Blocked by: ENTRY_TRIGGER | Trigger detail: DIRECTION_SANITY | VWAP[TOUCH,BODY] | BREAKOUT[BREAKOUT]
2026-08-27 14:55:13 | INFO | tradehull_pro | Near BEAR ITC: 80% | Blocked by: ENTRY_TRIGGER | Trigger detail: DIRECTION_SANITY | VWAP[BODY,WICK] | BREAKOUT[BREAKOUT]
2026-08-27 14:55:14 | INFO | tradehull_pro | Near BULL TMPV: 80% | Blocked by: MACRO_BULL
2026-08-27 14:55:17 | INFO | tradehull_pro | Near BULL EICHERMOT: 80% | Blocked by: ENTRY_TRIGGER | Trigger detail: VWAP[TOUCH,WICK] | BREAKOUT[BREAKOUT] | TREND_CONT[ADX,CLOSE_LOCATION,STRUCTURE]
2026-08-27 14:55:19 | INFO | tradehull_pro | Near BULL MAXHEALTH: 80% | Blocked by: MACRO_BULL
2026-08-27 14:55:19 | INFO | tradehull_pro | Near BULL KOTAKBANK: 80% | Blocked by: ENTRY_TRIGGER | Trigger detail: DIRECTION_SANITY | VWAP[TOUCH,BODY] | BREAKOUT[BREAKOUT]
2026-08-27 14:55:21 | INFO | tradehull_pro | Near BEAR HCLTECH: 80% | Blocked by: MACRO_BEAR
2026-08-27 14:55:23 | INFO | tradehull_pro | Near BEAR BHARTIARTL: 80% | Blocked by: ENTRY_TRIGGER | Trigger detail: DIRECTION_SANITY | VWAP[TOUCH] | BREAKOUT[BREAKOUT]
2026-08-27 14:55:23 | INFO | tradehull_pro | Near BULL ETERNAL: 80% | Blocked by: ENTRY_TRIGGER | Trigger detail: VWAP[TOUCH,BODY,WICK] | BREAKOUT[BREAKOUT] | TREND_CONT[DIRECTION,BODY_ATR,CLOSE_LOCATION,PROGRESS,STRUCTURE]
2026-08-27 14:55:28 | INFO | tradehull_pro | Near BULL ICICIBANK: 80% | Blocked by: ENTRY_TRIGGER | Trigger detail: DIRECTION_SANITY | VWAP[TOUCH,BODY] | BREAKOUT[BREAKOUT]
2026-08-27 14:55:28 | INFO | tradehull_pro | Near BEAR JIOFIN: 80% | Blocked by: ENTRY_TRIGGER | Trigger detail: DIRECTION_SANITY | VWAP[TOUCH,WICK] | BREAKOUT[BREAKOUT]
2026-08-27 14:55:29 | INFO | tradehull_pro | Near BEAR TATASTEEL: 80% | Blocked by: BELOW_WVWAP
2026-08-27 14:55:32 | INFO | tradehull_pro | Near BEAR HDFCBANK: 80% | Blocked by: ENTRY_TRIGGER | Trigger detail: DIRECTION_SANITY | VWAP[BODY,WICK] | BREAKOUT[BREAKOUT]
2026-08-27 14:55:33 | INFO | tradehull_pro | Near BEAR M&M: 80% | Blocked by: ENTRY_TRIGGER | Trigger detail: DIRECTION_SANITY | VWAP[TOUCH] | BREAKOUT[BREAKOUT]
2026-08-27 14:55:33 | INFO | tradehull_pro | Scan complete | full signals=0 | near signals=15 | execution candidates=0
2026-08-27 14:55:33 | INFO | tradehull_pro | Next completed-candle scan in 266s
2026-08-27 15:00:03 | INFO | tradehull_pro | Scan 14:59 | Account P&L ₹39724.75 | Paper P&L ₹-5031.00 | Paper 0/2 | External 0 | Trades 4/5 | Risk=MAX_CONSECUTIVE_LOSSES
2026-08-27 15:00:07 | INFO | tradehull_pro | Near BEAR NTPC: 80% | Blocked by: ENTRY_TRIGGER | Trigger detail: DIRECTION_SANITY | VWAP[TOUCH] | BREAKOUT[BREAKOUT]
2026-08-27 15:00:13 | INFO | tradehull_pro | Near BULL EICHERMOT: 80% | Blocked by: ENTRY_TRIGGER | Trigger detail: VWAP[TOUCH] | BREAKOUT[BREAKOUT] | TREND_CONT[ADX,EXTENSION]
2026-08-27 15:00:16 | INFO | tradehull_pro | Near BULL APOLLOHOSP: 80% | Blocked by: ENTRY_TRIGGER | Trigger detail: VWAP[BODY] | BREAKOUT[BREAKOUT] | TREND_CONT[DIRECTION,BODY_ATR,CLOSE_LOCATION,PROGRESS,STRUCTURE]
2026-08-27 15:00:19 | INFO | tradehull_pro | Near BEAR BHARTIARTL: 80% | Blocked by: ENTRY_TRIGGER | Trigger detail: DIRECTION_SANITY | VWAP[TOUCH,BODY] | BREAKOUT[BREAKOUT]
2026-08-27 15:00:20 | INFO | tradehull_pro | Near BULL ETERNAL: 80% | Blocked by: ENTRY_TRIGGER | Trigger detail: VWAP[TOUCH] | BREAKOUT[BREAKOUT] | TREND_CONT[BODY_ATR,CLOSE_LOCATION]
2026-08-27 15:00:20 | INFO | tradehull_pro | Near BEAR LT: 80% | Blocked by: MACRO_BEAR
2026-08-27 15:00:24 | INFO | tradehull_pro | Near BEAR JIOFIN: 80% | Blocked by: ENTRY_TRIGGER | Trigger detail: DIRECTION_SANITY | VWAP[TOUCH] | BREAKOUT[BREAKOUT]
2026-08-27 15:00:29 | INFO | tradehull_pro | Near BEAR M&M: 80% | Blocked by: ENTRY_TRIGGER | Trigger detail: DIRECTION_SANITY | VWAP[TOUCH] | TREND_CONT[DIRECTION,CLOSE_LOCATION]
2026-08-27 15:00:30 | INFO | tradehull_pro | Scan complete | full signals=0 | near signals=8 | execution candidates=0
2026-08-27 15:00:30 | INFO | tradehull_pro | Next completed-candle scan in 273s
2026-08-27 15:05:06 | INFO | tradehull_pro | Scan 15:05 | Account P&L ₹39724.75 | Paper P&L ₹-5031.00 | Paper 0/2 | External 0 | Trades 4/5 | Risk=MAX_CONSECUTIVE_LOSSES
2026-08-27 15:05:09 | INFO | tradehull_pro | Near BEAR BAJFINANCE: 80% | Blocked by: MACRO_BEAR
2026-08-27 15:05:09 | INFO | tradehull_pro | 🌟 BEAR signal HINDALCO | score 100 | model=TREND_CONTINUATION
2026-08-27 15:05:09 | INFO | tradehull_pro | HINDALCO execution skipped: ENTRY_CUTOFF 14:45 reached (signal retained for research)
2026-08-27 15:05:10 | INFO | tradehull_pro | Near BEAR NTPC: 80% | Blocked by: ENTRY_TRIGGER | Trigger detail: DIRECTION_SANITY | VWAP[BODY] | BREAKOUT[BREAKOUT]
2026-08-27 15:05:12 | INFO | tradehull_pro | Near BEAR ITC: 80% | Blocked by: ENTRY_TRIGGER | Trigger detail: DIRECTION_SANITY | BREAKOUT[BREAKOUT] | TREND_CONT[DIRECTION,RSI_BAND]
2026-08-27 15:05:13 | INFO | tradehull_pro | 🌟 BULL signal ADANIPORTS | score 100 | model=BREAKOUT_CONTINUATION
2026-08-27 15:05:13 | INFO | tradehull_pro | ADANIPORTS execution skipped: ENTRY_CUTOFF 14:45 reached (signal retained for research)
2026-08-27 15:05:16 | INFO | tradehull_pro | Near BULL EICHERMOT: 80% | Blocked by: ENTRY_TRIGGER | Trigger detail: VWAP[TOUCH,BODY,WICK] | BREAKOUT[BREAKOUT] | TREND_CONT[ADX,DIRECTION,BODY_ATR,CLOSE_LOCATION,PROGRESS,STRUCTURE]
2026-08-27 15:05:20 | INFO | tradehull_pro | Near BEAR HCLTECH: 80% | Blocked by: MACRO_BEAR
2026-08-27 15:05:22 | INFO | tradehull_pro | Near BULL ETERNAL: 80% | Blocked by: ENTRY_TRIGGER | Trigger detail: VWAP[TOUCH,BODY,WICK] | BREAKOUT[BREAKOUT] | TREND_CONT[DIRECTION,BODY_ATR,CLOSE_LOCATION,PROGRESS,STRUCTURE]
2026-08-27 15:05:27 | INFO | tradehull_pro | 🌟 BEAR signal JIOFIN | score 100 | model=TREND_CONTINUATION
2026-08-27 15:05:27 | INFO | tradehull_pro | JIOFIN execution skipped: ENTRY_CUTOFF 14:45 reached (signal retained for research)
2026-08-27 15:05:28 | INFO | tradehull_pro | Near BEAR TATASTEEL: 80% | Blocked by: BELOW_WVWAP
2026-08-27 15:05:32 | INFO | tradehull_pro | 🌟 BEAR signal M&M | score 100 | model=BREAKOUT_CONTINUATION
2026-08-27 15:05:32 | INFO | tradehull_pro | M&M execution skipped: ENTRY_CUTOFF 14:45 reached (signal retained for research)
2026-08-27 15:05:32 | INFO | tradehull_pro | Scan complete | full signals=4 | near signals=7 | execution candidates=0
2026-08-27 15:05:32 | INFO | tradehull_pro | Next completed-candle scan in 271s
2026-08-27 15:10:07 | INFO | tradehull_pro | Scan 15:10 | Account P&L ₹39724.75 | Paper P&L ₹-5031.00 | Paper 0/2 | External 0 | Trades 4/5 | Risk=MAX_CONSECUTIVE_LOSSES
2026-08-27 15:10:10 | INFO | tradehull_pro | Near BEAR HINDALCO: 80% | Blocked by: ENTRY_TRIGGER | Trigger detail: DIRECTION_SANITY | VWAP[TOUCH,BODY] | BREAKOUT[BREAKOUT]
2026-08-27 15:10:10 | INFO | tradehull_pro | Near BEAR NTPC: 80% | Blocked by: ENTRY_TRIGGER | Trigger detail: DIRECTION_SANITY | BREAKOUT[BREAKOUT] | TREND_CONT[DIRECTION,RSI_BAND,BODY_ATR,CLOSE_LOCATION,STRUCTURE]
2026-08-27 15:10:13 | INFO | tradehull_pro | 🌟 BEAR signal ITC | score 100 | model=BREAKOUT_CONTINUATION
2026-08-27 15:10:13 | INFO | tradehull_pro | ITC execution skipped: ENTRY_CUTOFF 14:45 reached (signal retained for research)
2026-08-27 15:10:14 | INFO | tradehull_pro | Near BULL ADANIPORTS: 80% | Blocked by: ENTRY_TRIGGER | Trigger detail: VWAP[TOUCH,BODY] | BREAKOUT[COMPACT,BREAKOUT] | TREND_CONT[DIRECTION,CLOSE_LOCATION,PROGRESS,STRUCTURE]
2026-08-27 15:10:16 | INFO | tradehull_pro | Near BULL SBIN: 80% | Blocked by: MACRO_BULL
2026-08-27 15:10:17 | INFO | tradehull_pro | Near BULL EICHERMOT: 80% | Blocked by: ENTRY_TRIGGER | Trigger detail: VWAP[TOUCH] | BREAKOUT[BREAKOUT] | TREND_CONT[ADX,EXTENSION]
2026-08-27 15:10:18 | INFO | tradehull_pro | Near BULL BAJAJFINSV: 80% | Blocked by: MACRO_BULL
2026-08-27 15:10:19 | INFO | tradehull_pro | 🌟 BULL signal APOLLOHOSP | score 100 | model=TREND_CONTINUATION
2026-08-27 15:10:19 | INFO | tradehull_pro | APOLLOHOSP execution skipped: ENTRY_CUTOFF 14:45 reached (signal retained for research)
2026-08-27 15:10:23 | INFO | tradehull_pro | Near BEAR BHARTIARTL: 80% | Blocked by: ENTRY_TRIGGER | Trigger detail: DIRECTION_SANITY | VWAP[TOUCH,WICK] | BREAKOUT[BREAKOUT]
2026-08-27 15:10:23 | INFO | tradehull_pro | Near BULL ETERNAL: 80% | Blocked by: ENTRY_TRIGGER | Trigger detail: VWAP[TOUCH] | BREAKOUT[BREAKOUT] | TREND_CONT[BODY_ATR]
2026-08-27 15:10:26 | INFO | tradehull_pro | Near BULL ADANIENT: 80% | Blocked by: ST_BULL
2026-08-27 15:10:27 | INFO | tradehull_pro | 🌟 BULL signal TECHM | score 100 | model=VWAP_PULLBACK
2026-08-27 15:10:27 | INFO | tradehull_pro | TECHM execution skipped: ENTRY_CUTOFF 14:45 reached (signal retained for research)
2026-08-27 15:10:27 | INFO | tradehull_pro | Near BULL ICICIBANK: 80% | Blocked by: ENTRY_TRIGGER | Trigger detail: DIRECTION_SANITY | VWAP[BODY] | BREAKOUT[BREAKOUT]
2026-08-27 15:10:28 | INFO | tradehull_pro | 🌟 BEAR signal JIOFIN | score 100 | model=TREND_CONTINUATION
2026-08-27 15:10:28 | INFO | tradehull_pro | JIOFIN execution skipped: ENTRY_CUTOFF 14:45 reached (signal retained for research)
2026-08-27 15:10:32 | INFO | tradehull_pro | Near BEAR M&M: 80% | Blocked by: ENTRY_TRIGGER | Trigger detail: VWAP[TOUCH,WICK] | BREAKOUT[BREAKOUT] | TREND_CONT[BODY_ATR,EXTENSION,CLOSE_LOCATION,PROGRESS,STRUCTURE]
2026-08-27 15:10:33 | INFO | tradehull_pro | Scan complete | full signals=4 | near signals=11 | execution candidates=0
2026-08-27 15:10:33 | INFO | tradehull_pro | Next completed-candle scan in 270s
2026-08-27 15:15:06 | INFO | tradehull_pro | Scan 15:15 | Account P&L ₹39724.75 | Paper P&L ₹-5031.00 | Paper 0/2 | External 0 | Trades 4/5 | Risk=MAX_CONSECUTIVE_LOSSES
2026-08-27 15:15:10 | INFO | tradehull_pro | 🌟 BEAR signal HINDALCO | score 100 | model=BREAKOUT_CONTINUATION
2026-08-27 15:15:10 | INFO | tradehull_pro | HINDALCO execution skipped: ENTRY_CUTOFF 14:45 reached (signal retained for research)
2026-08-27 15:15:10 | INFO | tradehull_pro | Near BEAR NTPC: 80% | Blocked by: ENTRY_TRIGGER | Trigger detail: DIRECTION_SANITY | BREAKOUT[BREAKOUT] | TREND_CONT[DIRECTION,RSI_BAND,CLOSE_LOCATION,STRUCTURE]
2026-08-27 15:15:11 | INFO | tradehull_pro | Near BEAR HDFCLIFE: 80% | Blocked by: MACRO_BEAR
2026-08-27 15:15:13 | INFO | tradehull_pro | Near BEAR ITC: 80% | Blocked by: ENTRY_TRIGGER | Trigger detail: VWAP[TOUCH,WICK] | BREAKOUT[BREAKOUT] | TREND_CONT[BODY_ATR,CLOSE_LOCATION]
2026-08-27 15:15:14 | INFO | tradehull_pro | 🌟 BULL signal ADANIPORTS | score 100 | model=TREND_CONTINUATION
2026-08-27 15:15:14 | INFO | tradehull_pro | ADANIPORTS execution skipped: ENTRY_CUTOFF 14:45 reached (signal retained for research)
2026-08-27 15:15:17 | INFO | tradehull_pro | Near BULL EICHERMOT: 80% | Blocked by: ENTRY_TRIGGER | Trigger detail: VWAP[TOUCH,BODY] | BREAKOUT[BREAKOUT] | TREND_CONT[ADX,DIRECTION,PROGRESS,STRUCTURE]
2026-08-27 15:15:18 | INFO | tradehull_pro | Near BULL BAJAJFINSV: 80% | Blocked by: MACRO_BULL
2026-08-27 15:15:18 | INFO | tradehull_pro | Near BULL MAXHEALTH: 80% | Blocked by: MACRO_BULL
2026-08-27 15:15:19 | INFO | tradehull_pro | 🌟 BULL signal APOLLOHOSP | score 100 | model=VWAP_PULLBACK
2026-08-27 15:15:19 | INFO | tradehull_pro | APOLLOHOSP execution skipped: ENTRY_CUTOFF 14:45 reached (signal retained for research)
2026-08-27 15:15:22 | INFO | tradehull_pro | Near BEAR BHARTIARTL: 80% | Blocked by: ENTRY_TRIGGER | Trigger detail: VWAP[TOUCH] | BREAKOUT[BREAKOUT] | TREND_CONT[CLOSE_LOCATION]
2026-08-27 15:15:23 | INFO | tradehull_pro | 🌟 BEAR signal LT | score 100 | model=VWAP_PULLBACK
2026-08-27 15:15:23 | INFO | tradehull_pro | LT execution skipped: ENTRY_CUTOFF 14:45 reached (signal retained for research)
2026-08-27 15:15:27 | INFO | tradehull_pro | Near BULL TECHM: 80% | Blocked by: MACRO_BULL
2026-08-27 15:15:27 | INFO | tradehull_pro | Near BULL ICICIBANK: 80% | Blocked by: ENTRY_TRIGGER | Trigger detail: DIRECTION_SANITY | VWAP[BODY] | BREAKOUT[BREAKOUT]
2026-08-27 15:15:28 | INFO | tradehull_pro | 🌟 BEAR signal JIOFIN | score 100 | model=BREAKOUT_CONTINUATION
2026-08-27 15:15:28 | INFO | tradehull_pro | JIOFIN execution skipped: ENTRY_CUTOFF 14:45 reached (signal retained for research)
2026-08-27 15:15:30 | INFO | tradehull_pro | Near BULL ASIANPAINT: 80% | Blocked by: MACRO_BULL
2026-08-27 15:15:32 | INFO | tradehull_pro | Near BEAR M&M: 80% | Blocked by: ENTRY_TRIGGER | Trigger detail: VWAP[TOUCH,BODY] | BREAKOUT[COMPACT,BREAKOUT] | TREND_CONT[DIRECTION,CLOSE_LOCATION,PROGRESS,STRUCTURE]
2026-08-27 15:15:33 | INFO | tradehull_pro | Scan complete | full signals=5 | near signals=11 | execution candidates=0
2026-08-27 15:15:33 | INFO | tradehull_pro | Next completed-candle scan in 270s
2026-08-27 15:20:06 | INFO | tradehull_pro | Scan 15:20 | Account P&L ₹39724.75 | Paper P&L ₹-5031.00 | Paper 0/2 | External 0 | Trades 4/5 | Risk=MAX_CONSECUTIVE_LOSSES
2026-08-27 15:20:33 | INFO | tradehull_pro | Scan complete | full signals=0 | near signals=0 | execution candidates=0
2026-08-27 15:20:33 | INFO | tradehull_pro | Next completed-candle scan in 270s
2026-08-27 15:25:06 | INFO | tradehull_pro | Scan 15:25 | Account P&L ₹39724.75 | Paper P&L ₹-5031.00 | Paper 0/2 | External 0 | Trades 4/5 | Risk=MAX_CONSECUTIVE_LOSSES
2026-08-27 15:25:33 | INFO | tradehull_pro | Scan complete | full signals=0 | near signals=0 | execution candidates=0
2026-08-27 15:25:33 | INFO | tradehull_pro | Next completed-candle scan in 270s
2026-08-27 15:30:06 | INFO | tradehull_pro | Scan 15:30 | Account P&L ₹39724.75 | Paper P&L ₹-5031.00 | Paper 0/2 | External 0 | Trades 4/5 | Risk=MAX_CONSECUTIVE_LOSSES
2026-08-27 15:30:32 | INFO | tradehull_pro | Scan complete | full signals=0 | near signals=0 | execution candidates=0
2026-08-27 15:30:32 | INFO | tradehull_pro | Next completed-candle scan in 271s
2026-08-27 15:35:03 | INFO | tradehull_pro | Market closed at 15:35. Sprint 3 engine stopping.
