timestamp,symbol,candle_time,direction,decision,score_pct,model,blockers,close_5m,ema_5m,rsi_5m,roc_5m,rvol,rvol_required,vwap_session,vwap_weekly,supertrend,st_direction,close_15m,ema_15m,rsi_15m,roc_15m,adx_15m,bull_direction_ok,bear_direction_ok,vwap_bull,vwap_bear,breakout_bull,breakout_bear,trend_continuation_bull,trend_continuation_bear
2026-08-27T09:20:03,BEL,2026-08-27 09:15:00+05:30,BULL,NO_SIGNAL,40.0,BREAKOUT_CONTINUATION,MACRO_BULL|ST_BULL|ENTRY_TRIGGER,409.35,409.0498,54.7,0.061,8.256,1.2,409.4333,408.9775,409.4895,BEAR,408.55,409.1599,42.76,-0.122,9.61,False,False,False,False,True,False,False,False
2026-08-27T09:20:04,TATACONSUM,2026-08-27 09:15:00+05:30,BULL,NO_SIGNAL,20.0,,MACRO_BULL|ABOVE_WVWAP|RVOL|ENTRY_TRIGGER,1045.3,1044.6224,52.3,0.144,0.815,1.2,1044.9,1051.0228,1041.1564,BULL,1047.8,1046.3612,51.55,0.258,21.47,False,False,False,False,False,False,False,False
2026-08-27T09:20:04,BAJAJ-AUTO,2026-08-27 09:15:00+05:30,BEAR,NO_SIGNAL,60.0,,MACRO_BEAR|ENTRY_TRIGGER,11763.0,11776.6597,42.22,-0.339,3.854,1.2,11775.0,11800.9152,11804.4409,BEAR,11750.0,11790.8367,39.55,-0.077,19.73,False,True,False,False,False,False,False,False
2026-08-27T09:20:05,NESTLEIND,2026-08-27 09:15:00+05:30,BULL,NO_SIGNAL,40.0,,MACRO_BULL|ABOVE_WVWAP|ENTRY_TRIGGER,1462.1,1455.4635,70.19,0.564,6.299,1.2,1459.5333,1463.7032,1450.4231,BULL,1457.0,1456.7383,48.45,0.179,15.83,True,False,False,False,False,False,False,False
2026-08-27T09:20:05,BAJFINANCE,2026-08-27 09:15:00+05:30,BULL,NEAR,80.0,BREAKOUT_CONTINUATION,MACRO_BULL,1102.9,1089.2708,84.24,1.416,16.556,1.2,1099.9667,1085.1657,1086.404,BULL,1088.0,1087.0796,54.49,-0.092,24.83,True,False,False,False,True,False,False,False
2026-08-27T09:20:06,HINDALCO,2026-08-27 09:15:00+05:30,BEAR,NEAR,80.0,BREAKOUT_CONTINUATION,MACRO_BEAR,1049.3,1053.0566,42.09,-0.2,2.844,1.2,1052.9167,1050.5014,1060.5892,BEAR,1058.0,1050.3562,73.0,1.263,31.29,False,True,False,False,False,True,False,False
2026-08-27T09:20:06,NTPC,2026-08-27 09:15:00+05:30,BEAR,NEAR,80.0,BREAKOUT_CONTINUATION,MACRO_BEAR,333.75,336.325,13.58,-0.788,7.125,1.2,334.4,338.9492,337.0102,BEAR,336.5,337.3542,40.24,-0.37,19.02,False,True,False,False,False,True,False,False
2026-08-27T09:20:07,HDFCLIFE,2026-08-27 09:15:00+05:30,BEAR,NEAR,80.0,,ENTRY_TRIGGER,553.5,558.6267,17.34,-1.214,1.786,1.2,554.5333,554.7312,559.3521,BEAR,555.8,557.8963,45.0,-0.803,34.23,False,True,False,False,False,False,False,False
2026-08-27T09:20:07,SBILIFE,2026-08-27 09:15:00+05:30,BEAR,NO_SIGNAL,60.0,,BELOW_WVWAP|ENTRY_TRIGGER,1773.3,1774.427,45.08,-0.096,2.323,1.2,1773.8,1768.039,1778.0591,BEAR,1772.7,1774.4646,48.48,-0.365,23.16,False,False,False,False,False,False,False,False
2026-08-27T09:20:08,HINDUNILVR,2026-08-27 09:15:00+05:30,BEAR,NO_SIGNAL,60.0,,MACRO_BEAR|ENTRY_TRIGGER,2021.4,2024.6533,34.65,-0.193,2.71,1.2,2022.5,2023.2731,2028.4702,BEAR,2025.0,2027.3766,44.39,-0.246,18.46,False,True,False,False,False,False,False,False
2026-08-27T09:20:08,MARUTI,2026-08-27 09:15:00+05:30,BEAR,NO_SIGNAL,60.0,,MACRO_BEAR|ENTRY_TRIGGER,13530.0,13564.7577,32.14,-0.39,1.759,1.2,13539.0,13563.2923,13567.7463,BEAR,13560.0,13593.1895,40.1,-0.382,19.25,False,True,False,False,False,False,False,False
2026-08-27T09:20:09,ITC,2026-08-27 09:15:00+05:30,BULL,NO_SIGNAL,40.0,,MACRO_BULL|ST_BULL|ENTRY_TRIGGER,270.8,271.1396,39.71,-0.221,1.658,1.2,270.5167,270.1281,271.6461,BEAR,271.15,271.213,50.7,-0.018,21.21,False,True,False,False,False,False,False,False
2026-08-27T09:20:09,TMPV,2026-08-27 09:15:00+05:30,BULL,NO_SIGNAL,40.0,,MACRO_BULL|ST_BULL|ENTRY_TRIGGER,315.15,315.1607,49.65,0.0,4.5,1.2,315.7,314.2656,316.509,BEAR,315.0,315.0385,50.78,-0.174,21.44,False,False,False,False,False,False,False,False
2026-08-27T09:20:10,ADANIPORTS,2026-08-27 09:15:00+05:30,BULL,NEAR,80.0,,ENTRY_TRIGGER,1698.0,1697.0651,54.64,0.153,2.29,1.2,1699.7,1690.7653,1690.3632,BULL,1696.8,1695.3736,54.08,0.148,26.43,False,False,False,False,False,False,False,False
2026-08-27T09:20:11,DRREDDY,2026-08-27 09:15:00+05:30,BEAR,NO_SIGNAL,60.0,BREAKOUT_CONTINUATION,MACRO_BEAR|RVOL,1183.6,1188.7149,32.16,-0.663,0.93,1.2,1185.1667,1186.6929,1193.2349,BEAR,1185.0,1187.8819,44.7,0.161,14.14,False,True,False,False,False,True,False,False
2026-08-27T09:20:11,WIPRO,2026-08-27 09:15:00+05:30,BEAR,NO_SIGNAL,60.0,,ST_BEAR|ENTRY_TRIGGER,177.92,177.5766,59.26,0.327,2.412,1.2,177.9733,179.9657,177.2207,BULL,177.55,178.0639,38.76,-0.393,33.15,True,False,False,False,False,False,False,False
2026-08-27T09:20:12,ONGC,2026-08-27 09:15:00+05:30,BULL,NO_SIGNAL,40.0,,MACRO_BULL|ABOVE_WVWAP|ENTRY_TRIGGER,233.7,233.1232,68.44,0.21,3.502,1.2,233.45,234.61,232.632,BULL,233.23,233.1184,49.91,0.228,34.09,True,False,False,False,False,False,False,False
2026-08-27T09:20:12,SBIN,2026-08-27 09:15:00+05:30,BULL,NO_SIGNAL,40.0,,MACRO_BULL|ST_BULL|ENTRY_TRIGGER,1051.3,1055.1923,30.26,-0.351,3.141,1.2,1051.7,1042.725,1057.4573,BEAR,1055.9,1054.3825,59.9,-0.095,33.43,False,True,False,False,False,False,False,False
2026-08-27T09:20:13,EICHERMOT,2026-08-27 09:15:00+05:30,BEAR,NO_SIGNAL,60.0,,BELOW_WVWAP|ENTRY_TRIGGER,8047.0,8078.4431,25.9,-0.556,4.454,1.2,8041.8333,8043.9721,8086.2864,BEAR,8057.0,8074.9742,42.16,-0.26,42.29,False,True,False,False,False,False,False,False
2026-08-27T09:20:13,COALINDIA,2026-08-27 09:15:00+05:30,BEAR,NO_SIGNAL,40.0,,MACRO_BEAR|RVOL|ENTRY_TRIGGER,402.8,403.9604,33.48,-0.309,0.687,1.2,403.5,404.1953,404.5638,BEAR,403.5,403.7586,48.23,0.311,19.63,False,True,False,False,False,False,False,False
2026-08-27T09:20:14,BAJAJFINSV,2026-08-27 09:15:00+05:30,BULL,NEAR,80.0,BREAKOUT_CONTINUATION,MACRO_BULL,2022.2,2013.7944,78.88,0.537,3.258,1.2,2016.6333,2008.0236,2009.7907,BULL,2018.0,2011.3084,61.76,0.248,15.06,True,False,False,False,True,False,False,False
2026-08-27T09:20:14,MAXHEALTH,2026-08-27 09:15:00+05:30,BEAR,NO_SIGNAL,60.0,,BELOW_WVWAP|ENTRY_TRIGGER,1006.9,1015.3194,25.56,-0.974,3.422,1.2,1007.2,1000.1022,1018.953,BEAR,1012.0,1014.5595,47.86,-0.296,41.25,False,True,False,False,False,False,False,False
2026-08-27T09:20:15,KOTAKBANK,2026-08-27 09:15:00+05:30,BULL,SIGNAL,100.0,BREAKOUT_CONTINUATION,,420.1,416.2921,80.76,1.095,8.009,1.2,419.5,406.9336,415.0583,BULL,416.45,413.4328,74.74,0.41,56.73,True,False,False,False,True,False,False,False
2026-08-27T09:20:15,APOLLOHOSP,2026-08-27 09:15:00+05:30,BULL,NEAR,80.0,BREAKOUT_CONTINUATION,MACRO_BULL,8827.5,8809.1399,62.47,0.301,9.03,1.2,8822.6667,8717.9912,8791.6223,BULL,8799.0,8801.7516,51.25,-0.079,37.63,True,False,False,False,True,False,False,False
2026-08-27T09:20:16,CIPLA,2026-08-27 09:15:00+05:30,BULL,NO_SIGNAL,40.0,,MACRO_BULL|ABOVE_WVWAP|ENTRY_TRIGGER,1408.3,1411.9226,40.44,-0.297,1.745,1.2,1410.2667,1420.8582,1407.6352,BULL,1410.6,1412.1053,45.8,0.334,28.66,False,True,False,False,False,False,False,False
2026-08-27T09:20:16,JSWSTEEL,2026-08-27 09:15:00+05:30,BULL,SIGNAL,100.0,BREAKOUT_CONTINUATION,,1345.5,1334.1299,76.31,1.364,5.139,1.2,1345.1667,1317.7397,1331.3161,BULL,1338.1,1325.5662,75.76,1.494,48.51,True,False,False,False,True,False,False,False
2026-08-27T09:20:17,HCLTECH,2026-08-27 09:15:00+05:30,BEAR,NEAR,80.0,BREAKOUT_CONTINUATION,MACRO_BEAR,1296.9,1299.9548,35.99,-0.231,4.771,1.2,1298.8333,1308.934,1304.8555,BEAR,1300.0,1301.5657,43.31,0.038,17.47,False,True,False,False,False,True,False,False
2026-08-27T09:20:17,TCS,2026-08-27 09:15:00+05:30,BEAR,NO_SIGNAL,60.0,,MACRO_BEAR|ENTRY_TRIGGER,2271.6,2270.9115,52.24,0.026,3.751,1.2,2272.9,2283.9451,2274.5055,BEAR,2271.5,2274.0121,42.83,0.004,15.29,False,False,False,False,False,False,False,False
2026-08-27T09:20:18,INDIGO,2026-08-27 09:15:00+05:30,BEAR,NO_SIGNAL,60.0,TREND_CONTINUATION,MACRO_BEAR|BELOW_WVWAP,5235.5,5251.0675,31.65,-0.324,2.359,1.2,5240.5,5172.7694,5265.6521,BEAR,5245.0,5239.3056,59.17,-0.067,32.37,False,True,False,False,False,False,False,True
2026-08-27T09:20:18,BHARTIARTL,2026-08-27 09:15:00+05:30,BEAR,SIGNAL,100.0,BREAKOUT_CONTINUATION,,1900.1,1913.3012,20.6,-0.763,8.68,1.2,1904.6667,1929.9021,1916.3315,BEAR,1913.9,1918.0612,36.9,-0.214,35.66,False,True,False,False,False,True,False,False
2026-08-27T09:20:19,ETERNAL,2026-08-27 09:15:00+05:30,BULL,NEAR,80.0,BREAKOUT_CONTINUATION,MACRO_BULL,329.1,326.8608,71.54,0.889,2.58,1.2,329.1,328.2622,325.9563,BULL,327.25,327.142,48.85,0.291,25.22,True,False,False,False,True,False,False,False
2026-08-27T09:20:19,LT,2026-08-27 09:15:00+05:30,BEAR,NEAR,80.0,BREAKOUT_CONTINUATION,MACRO_BEAR,4044.0,4057.4356,33.12,-0.394,3.233,1.2,4046.0,4084.9596,4070.9039,BEAR,4052.0,4065.4097,35.62,-0.295,21.58,False,True,False,False,False,True,False,False
2026-08-27T09:20:20,SHRIRAMFIN,2026-08-27 09:15:00+05:30,BULL,NO_SIGNAL,40.0,,MACRO_BULL|ABOVE_WVWAP|ENTRY_TRIGGER,1120.8,1120.1967,52.75,0.286,5.063,1.2,1118.6333,1122.3926,1118.5478,BULL,1121.6,1120.981,50.28,-0.187,26.33,False,False,False,False,False,False,False,False
2026-08-27T09:20:21,GRASIM,2026-08-27 09:15:00+05:30,BULL,NEAR,80.0,VWAP_PULLBACK,RVOL,3294.4,3287.65,56.89,0.369,0.709,1.2,3292.2333,3275.4643,3274.1812,BULL,3306.9,3281.2398,65.17,1.039,29.74,True,False,True,False,False,False,False,False
2026-08-27T09:20:21,AXISBANK,2026-08-27 09:15:00+05:30,BULL,NEAR,80.0,,ENTRY_TRIGGER,1252.7,1255.1137,40.6,-0.183,3.716,1.2,1255.1333,1240.4422,1252.3842,BULL,1255.9,1251.8112,65.26,0.255,42.17,False,True,False,False,False,False,False,False
2026-08-27T09:20:22,POWERGRID,2026-08-27 09:15:00+05:30,BEAR,SIGNAL,100.0,BREAKOUT_CONTINUATION,,264.15,266.6745,13.5,-1.067,5.863,1.2,264.5667,269.3281,267.0044,BEAR,266.15,267.605,28.64,-0.505,23.81,False,True,False,False,False,True,False,False
2026-08-27T09:20:22,ADANIENT,2026-08-27 09:15:00+05:30,BULL,NO_SIGNAL,60.0,,MACRO_BULL|ENTRY_TRIGGER,3143.3,3134.5911,62.96,0.284,2.729,1.2,3142.4333,3071.6256,3126.217,BULL,3129.0,3124.1092,60.13,-0.105,52.05,True,False,False,False,False,False,False,False
2026-08-27T09:20:23,TECHM,2026-08-27 09:15:00+05:30,BULL,NEAR,80.0,BREAKOUT_CONTINUATION,MACRO_BULL,1588.0,1572.8874,78.33,1.044,2.462,1.2,1582.7667,1581.8743,1568.7767,BULL,1570.4,1573.1807,44.01,0.019,15.86,True,False,False,False,True,False,False,False
2026-08-27T09:20:23,ICICIBANK,2026-08-27 09:15:00+05:30,BULL,NO_SIGNAL,60.0,BREAKOUT_CONTINUATION,MACRO_BULL|ST_BULL,1438.5,1436.2784,59.4,0.104,11.101,1.2,1438.8667,1423.6568,1439.1165,BEAR,1434.4,1435.41,50.06,-0.299,23.16,True,False,False,False,True,False,False,False
2026-08-27T09:20:24,JIOFIN,2026-08-27 09:15:00+05:30,BEAR,NEAR,80.0,VWAP_PULLBACK,MACRO_BEAR,241.7,242.1979,33.98,-0.227,4.648,1.2,241.95,242.4927,242.6666,BEAR,242.0,242.4342,42.95,-0.309,17.25,False,True,False,True,False,True,False,False
2026-08-27T09:20:25,TATASTEEL,2026-08-27 09:15:00+05:30,BULL,NEAR,80.0,,ENTRY_TRIGGER,188.57,187.4879,64.19,1.36,1.573,1.2,188.6467,185.5484,186.9865,BULL,189.45,186.1886,81.04,2.683,29.5,True,False,False,False,False,False,False,False
2026-08-27T09:20:25,TITAN,2026-08-27 09:15:00+05:30,BULL,NEAR,80.0,,ENTRY_TRIGGER,5101.8,5102.6284,49.82,0.053,3.873,1.2,5100.8667,5088.7335,5092.3808,BULL,5111.0,5099.2454,61.26,0.171,30.31,False,False,False,False,False,False,False,False
2026-08-27T09:20:26,INFY,2026-08-27 09:15:00+05:30,BULL,NO_SIGNAL,40.0,,MACRO_BULL|ABOVE_WVWAP|ENTRY_TRIGGER,1122.5,1121.9019,54.71,0.053,4.778,1.2,1124.3,1128.6406,1119.8365,BULL,1122.9,1122.9054,47.83,0.098,12.58,False,False,False,False,False,False,False,False
2026-08-27T09:20:26,TRENT,2026-08-27 09:15:00+05:30,BEAR,NO_SIGNAL,40.0,,MACRO_BEAR|RVOL|ENTRY_TRIGGER,2915.0,2912.8278,53.68,0.134,0.761,1.2,2915.5667,2918.2355,2918.9506,BEAR,2910.0,2916.4538,41.5,-0.237,16.77,False,False,False,False,False,False,False,False
2026-08-27T09:20:27,ASIANPAINT,2026-08-27 09:15:00+05:30,BEAR,NO_SIGNAL,60.0,,BELOW_WVWAP|ENTRY_TRIGGER,2641.5,2641.4297,48.85,-0.019,3.161,1.2,2639.9333,2631.2784,2646.8357,BEAR,2636.0,2642.4317,42.24,-0.397,22.36,False,False,True,False,False,False,False,False
2026-08-27T09:20:27,ULTRACEMCO,2026-08-27 09:15:00+05:30,BULL,NO_SIGNAL,60.0,,RVOL|ENTRY_TRIGGER,11748.0,11732.7246,56.48,0.376,1.08,1.2,11736.3333,11579.6005,11729.9628,BULL,11775.0,11683.4449,75.52,0.813,37.15,True,False,False,False,False,False,False,False
2026-08-27T09:20:28,HDFCBANK,2026-08-27 09:15:00+05:30,BEAR,NEAR,80.0,BREAKOUT_CONTINUATION,MACRO_BEAR,720.6,727.3461,13.49,-1.05,7.869,1.2,722.95,726.5608,729.4493,BEAR,727.35,727.5762,49.72,-0.103,17.04,False,True,False,False,False,True,False,False
2026-08-27T09:20:28,RELIANCE,2026-08-27 09:15:00+05:30,BEAR,NO_SIGNAL,60.0,VWAP_PULLBACK,MACRO_BEAR|ENTRY_TRIGGER,1303.6,1302.9978,51.25,0.008,2.799,1.2,1304.7667,1306.3695,1305.1647,BEAR,1302.5,1305.1469,38.73,-0.299,20.19,False,False,False,True,False,False,False,False
2026-08-27T09:20:29,M&M,2026-08-27 09:15:00+05:30,BEAR,NEAR,80.0,BREAKOUT_CONTINUATION,MACRO_BEAR,3400.9,3419.4516,18.36,-0.675,9.191,1.2,3405.5333,3419.6196,3430.2543,BEAR,3411.7,3423.602,34.57,-0.441,15.32,False,True,False,False,False,True,False,False
2026-08-27T09:20:29,SUNPHARMA,2026-08-27 09:15:00+05:30,BEAR,NO_SIGNAL,60.0,,MACRO_BEAR|ENTRY_TRIGGER,1910.4,1913.0035,37.42,-0.188,9.94,1.2,1913.5333,1912.7069,1916.461,BEAR,1910.0,1914.6065,39.46,-0.402,15.19,False,True,False,False,False,False,False,False
2026-08-27T09:25:07,BEL,2026-08-27 09:20:00+05:30,BULL,NEAR,80.0,VWAP_PULLBACK,MACRO_BULL,409.8,409.118,60.99,0.232,2.061,1.2,409.4891,408.9867,407.9837,BULL,408.55,409.1599,42.76,-0.122,9.61,True,False,True,False,False,False,False,False
2026-08-27T09:25:08,TATACONSUM,2026-08-27 09:20:00+05:30,BULL,NO_SIGNAL,20.0,,MACRO_BULL|ABOVE_WVWAP|RVOL|ENTRY_TRIGGER,1046.2,1044.7658,55.26,0.393,0.913,1.2,1045.4676,1050.9789,1041.1564,BULL,1047.8,1046.3612,51.55,0.258,21.47,True,False,False,False,False,False,False,False
2026-08-27T09:25:08,BAJAJ-AUTO,2026-08-27 09:20:00+05:30,BEAR,NEAR,80.0,VWAP_PULLBACK,MACRO_BEAR,11675.0,11767.4179,22.74,-1.043,2.758,1.2,11740.908,11799.4407,11804.4409,BEAR,11750.0,11790.8367,39.55,-0.077,19.73,False,True,False,True,False,False,False,False
2026-08-27T09:25:09,NESTLEIND,2026-08-27 09:20:00+05:30,BULL,NO_SIGNAL,40.0,,MACRO_BULL|ABOVE_WVWAP|ENTRY_TRIGGER,1457.0,1455.6032,53.71,0.241,2.135,1.2,1459.1986,1463.6522,1450.4231,BULL,1457.0,1456.7383,48.45,0.179,15.83,False,False,False,True,False,False,False,False
2026-08-27T09:25:09,BAJFINANCE,2026-08-27 09:20:00+05:30,BULL,NO_SIGNAL,60.0,,MACRO_BULL|ENTRY_TRIGGER,1098.8,1090.1371,70.17,0.918,4.405,1.2,1100.2593,1085.6494,1088.1035,BULL,1088.0,1087.0796,54.49,-0.092,24.83,True,False,False,False,False,False,False,False
2026-08-27T09:25:10,HINDALCO,2026-08-27 09:20:00+05:30,BEAR,NEAR,80.0,VWAP_PULLBACK,MACRO_BEAR,1046.15,1052.4288,36.15,-0.447,1.23,1.2,1051.0241,1050.4777,1059.682,BEAR,1058.0,1050.3562,73.0,1.263,31.29,False,True,False,True,False,False,False,True
2026-08-27T09:25:10,NTPC,2026-08-27 09:20:00+05:30,BEAR,NO_SIGNAL,40.0,,MACRO_BEAR|RVOL|ENTRY_TRIGGER,334.15,336.1272,21.85,-0.639,1.11,1.2,334.3458,338.9234,336.4942,BEAR,336.5,337.3542,40.24,-0.37,19.02,False,True,False,False,False,False,False,False
2026-08-27T09:25:11,HDFCLIFE,2026-08-27 09:20:00+05:30,BEAR,NO_SIGNAL,60.0,,RVOL|ENTRY_TRIGGER,553.7,558.1788,19.32,-1.125,0.477,1.2,554.3458,554.7282,557.8553,BEAR,555.8,557.8963,45.0,-0.803,34.23,False,True,False,False,False,False,False,False
2026-08-27T09:25:11,SBILIFE,2026-08-27 09:20:00+05:30,BEAR,NO_SIGNAL,60.0,,BELOW_WVWAP|ENTRY_TRIGGER,1772.1,1774.2154,41.83,-0.141,1.462,1.2,1773.4873,1768.0767,1778.0591,BEAR,1772.7,1774.4646,48.48,-0.365,23.16,False,True,False,False,False,False,False,False
2026-08-27T09:25:12,HINDUNILVR,2026-08-27 09:20:00+05:30,BULL,NO_SIGNAL,40.0,VWAP_PULLBACK,MACRO_BULL|ST_BULL|ENTRY_TRIGGER,2024.3,2024.6212,46.86,-0.025,1.408,1.2,2022.756,2023.2726,2028.4702,BEAR,2025.0,2027.3766,44.39,-0.246,18.46,False,False,True,False,False,False,False,False
2026-08-27T09:25:12,MARUTI,2026-08-27 09:20:00+05:30,BEAR,NO_SIGNAL,60.0,VWAP_PULLBACK,MACRO_BEAR|RVOL,13513.0,13560.0525,28.07,-0.405,0.776,1.2,13531.2954,13563.0462,13567.7463,BEAR,13560.0,13593.1895,40.1,-0.382,19.25,False,True,False,True,False,False,False,False
2026-08-27T09:25:13,ITC,2026-08-27 09:20:00+05:30,BULL,NO_SIGNAL,40.0,,MACRO_BULL|ST_BULL|ENTRY_TRIGGER,270.65,271.0951,36.74,-0.276,1.828,1.2,270.5888,270.1337,271.6461,BEAR,271.15,271.213,50.7,-0.018,21.21,False,True,False,False,False,False,False,False
2026-08-27T09:25:13,TMPV,2026-08-27 09:20:00+05:30,BULL,NO_SIGNAL,20.0,,MACRO_BULL|ST_BULL|RVOL|ENTRY_TRIGGER,314.85,315.1325,45.33,-0.032,0.916,1.2,315.5781,314.2694,316.509,BEAR,315.0,315.0385,50.78,-0.174,21.44,False,False,False,False,False,False,False,False
2026-08-27T09:25:14,ADANIPORTS,2026-08-27 09:20:00+05:30,BULL,NEAR,80.0,TREND_CONTINUATION,RVOL,1699.2,1697.2592,58.52,0.218,0.334,1.2,1699.5713,1690.7899,1690.3632,BULL,1696.8,1695.3736,54.08,0.148,26.43,True,False,False,False,False,False,True,False
2026-08-27T09:25:14,DRREDDY,2026-08-27 09:20:00+05:30,BEAR,NO_SIGNAL,60.0,VWAP_PULLBACK,MACRO_BEAR|RVOL,1182.4,1188.1408,29.67,-0.847,0.532,1.2,1184.3348,1186.6787,1193.2349,BEAR,1185.0,1187.8819,44.7,0.161,14.14,False,True,False,True,False,False,False,False
2026-08-27T09:25:15,WIPRO,2026-08-27 09:20:00+05:30,BEAR,NO_SIGNAL,40.0,VWAP_PULLBACK,ST_BEAR|RVOL|ENTRY_TRIGGER,177.71,177.5888,52.57,0.203,0.594,1.2,177.9286,179.9579,177.2207,BULL,177.55,178.0639,38.76,-0.393,33.15,False,False,False,True,False,False,False,False
2026-08-27T09:25:15,ONGC,2026-08-27 09:20:00+05:30,BULL,NO_SIGNAL,60.0,TREND_CONTINUATION,MACRO_BULL|ABOVE_WVWAP,234.0,233.203,73.33,0.339,3.154,1.2,233.6936,234.6008,232.632,BULL,233.23,233.1184,49.91,0.228,34.09,True,False,False,False,False,False,True,False
2026-08-27T09:25:16,SBIN,2026-08-27 09:20:00+05:30,BULL,NO_SIGNAL,20.0,VWAP_PULLBACK,MACRO_BULL|ST_BULL|RVOL|ENTRY_TRIGGER,1051.8,1054.8839,33.59,-0.303,0.718,1.2,1051.6313,1042.7501,1057.3759,BEAR,1055.9,1054.3825,59.9,-0.095,33.43,False,True,True,False,False,False,False,False
2026-08-27T09:25:17,EICHERMOT,2026-08-27 09:20:00+05:30,BEAR,SIGNAL,100.0,VWAP_PULLBACK,,8016.0,8072.7665,17.74,-0.927,1.892,1.2,8036.9057,8043.8502,8086.2864,BEAR,8057.0,8074.9742,42.16,-0.26,42.29,False,True,False,True,False,False,False,False
2026-08-27T09:25:17,COALINDIA,2026-08-27 09:20:00+05:30,BEAR,NO_SIGNAL,40.0,,MACRO_BEAR|RVOL|ENTRY_TRIGGER,403.55,403.9231,45.19,-0.025,0.519,1.2,403.4198,404.1924,404.5638,BEAR,403.5,403.7586,48.23,0.311,19.63,False,False,False,False,False,False,False,False
2026-08-27T09:25:18,BAJAJFINSV,2026-08-27 09:20:00+05:30,BULL,NO_SIGNAL,60.0,,MACRO_BULL|ENTRY_TRIGGER,2013.8,2013.7949,51.07,0.134,1.215,1.2,2016.5835,2008.0698,2009.7907,BULL,2018.0,2011.3084,61.76,0.248,15.06,False,False,False,False,False,False,False,False
2026-08-27T09:25:18,MAXHEALTH,2026-08-27 09:20:00+05:30,BEAR,NO_SIGNAL,60.0,,BELOW_WVWAP|ENTRY_TRIGGER,1006.2,1014.4904,24.59,-1.033,1.36,1.2,1006.8983,1000.1448,1017.6097,BEAR,1012.0,1014.5595,47.86,-0.296,41.25,False,True,False,False,False,False,False,False
2026-08-27T09:25:19,KOTAKBANK,2026-08-27 09:20:00+05:30,BULL,SIGNAL,100.0,VWAP_PULLBACK,,420.2,416.6474,81.04,1.058,3.045,1.2,419.6371,407.2842,415.0583,BULL,416.45,413.4328,74.74,0.41,56.73,True,False,True,False,False,False,False,False
2026-08-27T09:25:19,APOLLOHOSP,2026-08-27 09:20:00+05:30,BEAR,NO_SIGNAL,60.0,TREND_CONTINUATION,MACRO_BEAR|BELOW_WVWAP,8780.0,8806.4908,38.6,-0.233,1.893,1.2,8816.6932,8718.4741,8880.6269,BEAR,8799.0,8801.7516,51.25,-0.079,37.63,False,True,False,False,False,False,False,True
2026-08-27T09:25:20,CIPLA,2026-08-27 09:20:00+05:30,BULL,NO_SIGNAL,20.0,,MACRO_BULL|ABOVE_WVWAP|RVOL|ENTRY_TRIGGER,1410.0,1411.7479,45.82,-0.255,0.507,1.2,1409.9925,1420.8097,1407.6352,BULL,1410.6,1412.1053,45.8,0.334,28.66,False,False,False,False,False,False,False,False
2026-08-27T09:25:20,JSWSTEEL,2026-08-27 09:20:00+05:30,BULL,NEAR,80.0,,ENTRY_TRIGGER,1336.8,1334.3727,56.59,0.33,2.387,1.2,1343.0306,1318.1122,1331.3161,BULL,1338.1,1325.5662,75.76,1.494,48.51,True,False,False,False,False,False,False,False
2026-08-27T09:25:21,HCLTECH,2026-08-27 09:20:00+05:30,BEAR,NEAR,80.0,VWAP_PULLBACK,MACRO_BEAR,1290.5,1299.0953,23.04,-0.731,2.711,1.2,1296.3368,1308.699,1304.8555,BEAR,1300.0,1301.5657,43.31,0.038,17.47,False,True,False,True,False,False,False,False
2026-08-27T09:25:22,TCS,2026-08-27 09:20:00+05:30,BEAR,NEAR,80.0,VWAP_PULLBACK,MACRO_BEAR,2264.7,2270.3468,30.07,-0.282,1.637,1.2,2270.7795,2283.8137,2274.5055,BEAR,2271.5,2274.0121,42.83,0.004,15.29,False,True,False,True,False,False,False,False
2026-08-27T09:25:22,INDIGO,2026-08-27 09:20:00+05:30,BEAR,NO_SIGNAL,40.0,TREND_CONTINUATION,MACRO_BEAR|BELOW_WVWAP|RVOL,5233.0,5249.425,29.88,-0.362,0.65,1.2,5239.0251,5172.9084,5265.2181,BEAR,5245.0,5239.3056,59.17,-0.067,32.37,False,True,False,False,False,False,False,True
2026-08-27T09:25:22,BHARTIARTL,2026-08-27 09:20:00+05:30,BEAR,NEAR,80.0,,ENTRY_TRIGGER,1900.3,1912.1192,21.28,-0.685,2.752,1.2,1903.3906,1929.3839,1912.7619,BEAR,1913.9,1918.0612,36.9,-0.214,35.66,False,True,False,False,False,False,False,False
2026-08-27T09:25:23,ETERNAL,2026-08-27 09:20:00+05:30,BULL,NO_SIGNAL,40.0,,MACRO_BULL|RVOL|ENTRY_TRIGGER,328.85,327.0416,68.35,0.936,1.046,1.2,329.0537,328.268,325.9563,BULL,327.25,327.142,48.85,0.291,25.22,True,False,False,False,False,False,False,False
2026-08-27T09:25:24,LT,2026-08-27 09:20:00+05:30,BEAR,NO_SIGNAL,60.0,,MACRO_BEAR|ENTRY_TRIGGER,4046.2,4056.4142,36.45,-0.335,1.34,1.2,4045.6463,4084.6531,4070.9039,BEAR,4052.0,4065.4097,35.62,-0.295,21.58,False,True,False,False,False,False,False,False
2026-08-27T09:25:24,SHRIRAMFIN,2026-08-27 09:20:00+05:30,BEAR,NO_SIGNAL,60.0,,MACRO_BEAR|ENTRY_TRIGGER,1106.7,1118.9697,25.76,-1.011,7.335,1.2,1113.6739,1122.0504,1125.2056,BEAR,1121.6,1120.981,50.28,-0.187,26.33,False,True,False,False,False,False,False,False
2026-08-27T09:25:25,GRASIM,2026-08-27 09:20:00+05:30,BULL,NO_SIGNAL,60.0,,RVOL|ENTRY_TRIGGER,3291.4,3287.991,54.19,0.25,0.248,1.2,3292.286,3275.4843,3274.1812,BULL,3306.9,3281.2398,65.17,1.039,29.74,False,False,False,False,False,False,False,False
2026-08-27T09:25:25,AXISBANK,2026-08-27 09:20:00+05:30,BULL,NEAR,80.0,VWAP_PULLBACK,ENTRY_TRIGGER,1255.7,1255.167,53.03,0.136,1.802,1.2,1254.8568,1240.5938,1252.3842,BULL,1255.9,1251.8112,65.26,0.255,42.17,False,False,True,False,False,False,False,False
2026-08-27T09:25:26,POWERGRID,2026-08-27 09:20:00+05:30,BEAR,NEAR,80.0,,ENTRY_TRIGGER,264.7,266.495,24.81,-0.769,1.906,1.2,264.5569,269.2718,266.7467,BEAR,266.15,267.605,28.64,-0.505,23.81,False,True,False,False,False,False,False,False
2026-08-27T09:25:26,ADANIENT,2026-08-27 09:20:00+05:30,BULL,NO_SIGNAL,60.0,,MACRO_BULL|ENTRY_TRIGGER,3144.3,3135.4737,63.97,0.345,1.589,1.2,3143.4161,3072.2641,3126.217,BULL,3129.0,3124.1092,60.13,-0.105,52.05,True,False,False,False,False,False,False,False
2026-08-27T09:25:27,TECHM,2026-08-27 09:20:00+05:30,BULL,NO_SIGNAL,60.0,,MACRO_BULL|ENTRY_TRIGGER,1590.0,1574.4431,79.81,1.145,1.729,1.2,1586.8297,1581.9986,1575.6594,BULL,1570.4,1573.1807,44.01,0.019,15.86,True,False,False,False,False,False,False,False
2026-08-27T09:25:27,ICICIBANK,2026-08-27 09:20:00+05:30,BULL,NEAR,80.0,VWAP_PULLBACK,MACRO_BULL,1439.5,1436.5712,62.75,0.216,1.314,1.2,1438.9584,1423.7609,1429.3,BULL,1434.4,1435.41,50.06,-0.299,23.16,True,False,True,False,False,False,False,False
2026-08-27T09:25:28,JIOFIN,2026-08-27 09:20:00+05:30,BEAR,NO_SIGNAL,60.0,,MACRO_BEAR|ENTRY_TRIGGER,241.8,242.1618,37.63,-0.124,1.532,1.2,241.8966,242.4871,242.6666,BEAR,242.0,242.4342,42.95,-0.309,17.25,False,True,False,False,False,False,False,False
2026-08-27T09:25:28,TATASTEEL,2026-08-27 09:20:00+05:30,BULL,NEAR,80.0,VWAP_PULLBACK,RVOL,188.99,187.6244,67.01,1.455,0.69,1.2,188.6979,185.5691,186.9865,BULL,189.45,186.1886,81.04,2.683,29.5,True,False,True,False,False,False,False,False
2026-08-27T09:25:29,TITAN,2026-08-27 09:20:00+05:30,BULL,NO_SIGNAL,60.0,,ST_BULL|ENTRY_TRIGGER,5089.2,5101.4076,37.74,-0.194,4.766,1.2,5097.0545,5088.9068,5126.1021,BEAR,5111.0,5099.2454,61.26,0.171,30.31,False,True,False,False,False,False,False,True
2026-08-27T09:25:29,INFY,2026-08-27 09:20:00+05:30,BULL,NO_SIGNAL,40.0,,MACRO_BULL|ABOVE_WVWAP|ENTRY_TRIGGER,1121.3,1121.8472,46.02,-0.018,1.888,1.2,1123.7963,1128.5992,1119.8365,BULL,1122.9,1122.9054,47.83,0.098,12.58,False,False,False,True,False,False,False,False
2026-08-27T09:25:30,TRENT,2026-08-27 09:20:00+05:30,BEAR,NO_SIGNAL,40.0,VWAP_PULLBACK,MACRO_BEAR|RVOL|ENTRY_TRIGGER,2913.0,2912.8435,49.4,0.058,0.944,1.2,2914.6424,2918.218,2918.9506,BEAR,2910.0,2916.4538,41.5,-0.237,16.77,False,False,False,True,False,False,False,False
2026-08-27T09:25:30,ASIANPAINT,2026-08-27 09:20:00+05:30,BEAR,NO_SIGNAL,40.0,,BELOW_WVWAP|RVOL|ENTRY_TRIGGER,2638.7,2641.1816,44.14,-0.049,0.755,1.2,2639.7087,2631.3069,2646.8357,BEAR,2636.0,2642.4317,42.24,-0.397,22.36,False,True,False,False,False,False,False,False
2026-08-27T09:25:31,ULTRACEMCO,2026-08-27 09:20:00+05:30,BULL,NO_SIGNAL,60.0,,RVOL|ENTRY_TRIGGER,11735.0,11732.9314,52.8,0.239,0.545,1.2,11738.0472,11580.2144,11729.9628,BULL,11775.0,11683.4449,75.52,0.813,37.15,False,False,False,False,False,False,False,False
2026-08-27T09:25:31,HDFCBANK,2026-08-27 09:20:00+05:30,BEAR,NEAR,80.0,VWAP_PULLBACK,MACRO_BEAR,718.05,726.501,10.62,-1.394,5.058,1.2,721.0684,726.3046,725.1173,BEAR,727.35,727.5762,49.72,-0.103,17.04,False,True,False,True,False,False,False,False
2026-08-27T09:25:32,RELIANCE,2026-08-27 09:20:00+05:30,BEAR,NO_SIGNAL,40.0,,MACRO_BEAR|RVOL|ENTRY_TRIGGER,1304.9,1303.1707,58.68,0.084,0.506,1.2,1304.7108,1306.3625,1305.1647,BEAR,1302.5,1305.1469,38.73,-0.299,20.19,True,False,False,False,False,False,False,False
2026-08-27T09:25:32,M&M,2026-08-27 09:20:00+05:30,BEAR,NEAR,80.0,VWAP_PULLBACK,MACRO_BEAR,3386.9,3416.4924,12.65,-1.095,2.185,1.2,3401.952,3419.3014,3422.6746,BEAR,3411.7,3423.602,34.57,-0.441,15.32,False,True,False,True,False,False,False,False
2026-08-27T09:25:33,SUNPHARMA,2026-08-27 09:20:00+05:30,BEAR,NO_SIGNAL,60.0,VWAP_PULLBACK,MACRO_BEAR|RVOL,1906.9,1912.4486,29.04,-0.361,1.103,1.2,1912.7365,1912.6866,1916.461,BEAR,1910.0,1914.6065,39.46,-0.402,15.19,False,True,False,True,False,False,False,False
2026-08-27T09:30:07,BEL,2026-08-27 09:25:00+05:30,BULL,NO_SIGNAL,40.0,,MACRO_BULL|RVOL|ENTRY_TRIGGER,409.6,409.1618,57.19,0.171,1.069,1.2,409.4904,408.9906,407.9837,BULL,409.6,409.1999,53.87,0.134,10.23,True,False,False,False,False,False,False,False
2026-08-27T09:30:07,TATACONSUM,2026-08-27 09:25:00+05:30,BULL,NO_SIGNAL,20.0,,MACRO_BULL|ABOVE_WVWAP|RVOL|ENTRY_TRIGGER,1042.6,1044.5689,43.6,0.0,0.725,1.2,1045.0006,1050.9288,1041.1564,BULL,1042.6,1046.0193,40.03,-0.287,21.3,False,False,False,True,False,False,False,False
2026-08-27T09:30:08,BAJAJ-AUTO,2026-08-27 09:25:00+05:30,BEAR,NO_SIGNAL,60.0,,MACRO_BEAR|ENTRY_TRIGGER,11663.0,11757.9254,21.3,-1.153,1.305,1.2,11727.1508,11798.4621,11781.7936,BEAR,11663.0,11779.2152,27.93,-0.69,21.85,False,True,False,False,False,False,False,False
2026-08-27T09:30:09,NESTLEIND,2026-08-27 09:25:00+05:30,BEAR,NO_SIGNAL,40.0,VWAP_PULLBACK,MACRO_BEAR|ST_BEAR|RVOL,1451.6,1455.2393,42.36,-0.028,0.506,1.2,1458.7844,1463.627,1450.4231,BULL,1451.6,1456.2712,39.02,-0.138,16.85,False,True,False,True,False,False,False,False
2026-08-27T09:30:09,BAJFINANCE,2026-08-27 09:25:00+05:30,BULL,NEAR,80.0,,ENTRY_TRIGGER,1098.9,1090.9337,70.3,0.918,3.521,1.2,1100.2222,1086.0532,1088.1035,BULL,1098.9,1088.1542,73.36,1.002,27.81,True,False,False,False,False,False,False,False
2026-08-27T09:30:10,HINDALCO,2026-08-27 09:25:00+05:30,BEAR,NO_SIGNAL,40.0,,MACRO_BEAR|RVOL|ENTRY_TRIGGER,1048.3,1052.0534,42.15,-0.394,0.803,1.2,1050.4002,1050.4641,1058.9989,BEAR,1048.3,1050.1693,47.14,0.426,29.7,False,True,False,False,False,False,False,False
2026-08-27T09:30:10,NTPC,2026-08-27 09:25:00+05:30,BEAR,NO_SIGNAL,60.0,VWAP_PULLBACK,MACRO_BEAR|RVOL,333.6,335.8975,19.14,-0.832,1.165,1.2,334.2452,338.8936,336.1878,BEAR,333.6,337.0129,26.13,-1.229,20.04,False,True,False,True,False,False,False,False
2026-08-27T09:30:11,HDFCLIFE,2026-08-27 09:25:00+05:30,BEAR,NEAR,80.0,VWAP_PULLBACK,RVOL,553.4,557.7444,18.6,-1.196,0.614,1.2,554.211,554.7246,557.8553,BEAR,553.4,557.4875,38.38,-0.966,33.28,False,True,False,True,False,False,False,False
2026-08-27T09:30:11,SBILIFE,2026-08-27 09:25:00+05:30,BULL,NO_SIGNAL,40.0,,MACRO_BULL|ST_BULL|ENTRY_TRIGGER,1769.4,1773.7777,35.62,-0.203,1.307,1.2,1772.5633,1768.0915,1778.0591,BEAR,1769.4,1774.0042,44.51,-0.388,21.98,False,True,False,False,False,False,False,False
2026-08-27T09:30:12,HINDUNILVR,2026-08-27 09:25:00+05:30,BEAR,NO_SIGNAL,60.0,VWAP_PULLBACK,MACRO_BEAR|RVOL,2019.2,2024.1284,34.61,-0.247,0.991,1.2,2022.3854,2023.2629,2028.4702,BEAR,2019.2,2026.6333,34.85,-0.498,18.67,False,True,False,True,False,False,False,False
2026-08-27T09:30:12,MARUTI,2026-08-27 09:25:00+05:30,BEAR,NO_SIGNAL,60.0,VWAP_PULLBACK,MACRO_BEAR|RVOL,13460.0,13550.9568,19.71,-0.811,1.082,1.2,13513.8934,13562.4162,13567.7463,BEAR,13460.0,13581.0814,25.34,-1.138,20.47,False,True,False,True,False,True,False,False
2026-08-27T09:30:13,ITC,2026-08-27 09:25:00+05:30,BEAR,NO_SIGNAL,60.0,,BELOW_WVWAP|ENTRY_TRIGGER,270.35,271.0274,31.63,-0.369,1.515,1.2,270.5452,270.1366,271.6461,BEAR,270.35,271.1346,41.65,-0.313,22.18,False,True,False,False,False,False,False,False
2026-08-27T09:30:13,TMPV,2026-08-27 09:25:00+05:30,BULL,NO_SIGNAL,40.0,,MACRO_BULL|ST_BULL|ENTRY_TRIGGER,314.75,315.0977,43.96,0.032,1.391,1.2,315.4091,314.2738,316.509,BEAR,314.75,315.0123,48.74,-0.38,21.87,False,False,False,False,False,False,False,False
2026-08-27T09:30:14,ADANIPORTS,2026-08-27 09:25:00+05:30,BULL,NO_SIGNAL,60.0,,RVOL|ENTRY_TRIGGER,1695.4,1697.0902,45.31,0.047,0.503,1.2,1698.9915,1690.8148,1690.3632,BULL,1695.4,1695.376,51.37,0.177,28.41,False,False,False,False,False,False,False,False
2026-08-27T09:30:14,DRREDDY,2026-08-27 09:25:00+05:30,BEAR,NO_SIGNAL,60.0,VWAP_PULLBACK,MACRO_BEAR|RVOL,1179.6,1187.3644,24.83,-1.032,0.505,1.2,1183.3841,1186.6576,1193.0814,BEAR,1179.6,1187.129,36.61,-0.456,14.45,False,True,False,True,False,False,False,False
2026-08-27T09:30:15,WIPRO,2026-08-27 09:25:00+05:30,BEAR,NO_SIGNAL,40.0,VWAP_PULLBACK,ST_BEAR|RVOL|ENTRY_TRIGGER,177.45,177.5761,45.68,-0.124,0.803,1.2,177.8442,179.9464,177.2207,BULL,177.45,178.0081,37.61,-0.421,31.09,False,False,False,True,False,False,False,False
2026-08-27T09:30:15,ONGC,2026-08-27 09:25:00+05:30,BULL,NO_SIGNAL,40.0,,ABOVE_WVWAP|RVOL|ENTRY_TRIGGER,233.41,233.2218,55.21,0.073,0.687,1.2,233.6812,234.5975,232.632,BULL,233.41,233.1449,53.2,0.18,33.04,True,False,False,True,False,False,False,False
2026-08-27T09:30:16,SBIN,2026-08-27 09:25:00+05:30,BEAR,NO_SIGNAL,40.0,,BELOW_WVWAP|RVOL|ENTRY_TRIGGER,1048.2,1054.2762,24.51,-0.645,0.974,1.2,1051.2264,1042.7783,1057.3759,BEAR,1048.2,1053.8205,37.31,-0.729,31.95,False,True,False,False,False,False,False,False
2026-08-27T09:30:16,EICHERMOT,2026-08-27 09:25:00+05:30,BEAR,SIGNAL,100.0,VWAP_PULLBACK,,7997.5,8065.9241,14.76,-1.156,2.131,1.2,8028.0068,8043.5247,8069.5879,BEAR,7997.5,8067.9311,25.15,-0.972,42.07,False,True,False,True,False,False,False,False
2026-08-27T09:30:17,COALINDIA,2026-08-27 09:25:00+05:30,BEAR,NO_SIGNAL,60.0,VWAP_PULLBACK,MACRO_BEAR|RVOL,403.25,403.8619,42.01,-0.408,0.979,1.2,403.3432,404.1868,404.5638,BEAR,403.25,403.7124,45.96,0.012,18.95,False,True,False,True,False,False,False,False
2026-08-27T09:30:17,BAJAJFINSV,2026-08-27 09:25:00+05:30,BULL,NO_SIGNAL,40.0,,MACRO_BULL|RVOL|ENTRY_TRIGGER,2015.0,2013.9045,53.59,0.224,0.791,1.2,2016.5134,2008.0995,2009.7907,BULL,2015.0,2011.644,56.43,-0.124,14.19,False,False,False,False,False,False,False,False
2026-08-27T09:30:18,MAXHEALTH,2026-08-27 09:25:00+05:30,BEAR,NO_SIGNAL,40.0,,BELOW_WVWAP|RVOL|ENTRY_TRIGGER,1009.1,1014.0004,35.52,-0.718,0.841,1.2,1007.0608,1000.177,1017.6097,BEAR,1009.1,1014.0632,43.44,-0.522,39.88,False,True,True,False,False,False,False,False
2026-08-27T09:30:19,KOTAKBANK,2026-08-27 09:25:00+05:30,BULL,SIGNAL,100.0,VWAP_PULLBACK,,420.55,417.0022,82.03,1.203,1.661,1.2,419.787,407.4997,415.0583,BULL,420.55,414.0798,82.97,1.094,58.4,True,False,True,False,False,False,False,False
2026-08-27T09:30:19,APOLLOHOSP,2026-08-27 09:25:00+05:30,BEAR,NO_SIGNAL,60.0,,BELOW_WVWAP|ENTRY_TRIGGER,8778.0,8803.9008,37.94,-0.284,1.415,1.2,8811.2813,8718.7811,8855.3587,BEAR,8778.0,8799.5924,43.48,-0.25,38.79,False,True,False,False,False,False,False,False
2026-08-27T09:30:20,CIPLA,2026-08-27 09:25:00+05:30,BEAR,NO_SIGNAL,60.0,VWAP_PULLBACK,MACRO_BEAR|RVOL,1407.4,1411.3526,39.88,-0.607,0.325,1.2,1409.7567,1420.7769,1419.0198,BEAR,1407.4,1411.6775,40.67,0.0,28.96,False,True,False,True,False,False,False,True
2026-08-27T09:30:20,JSWSTEEL,2026-08-27 09:25:00+05:30,BULL,NEAR,80.0,,ENTRY_TRIGGER,1339.2,1334.8115,59.68,0.639,1.21,1.2,1342.1392,1318.3022,1331.3161,BULL,1339.2,1326.8056,76.69,1.57,50.83,True,False,False,False,False,False,False,False
2026-08-27T09:30:21,HCLTECH,2026-08-27 09:25:00+05:30,BEAR,NO_SIGNAL,60.0,,MACRO_BEAR|ENTRY_TRIGGER,1286.7,1297.9685,18.73,-1.054,1.559,1.2,1294.5954,1308.5078,1300.1534,BEAR,1286.7,1300.2142,24.07,-0.924,19.56,False,True,False,False,False,False,False,False
2026-08-27T09:30:21,TCS,2026-08-27 09:25:00+05:30,BEAR,NEAR,80.0,VWAP_PULLBACK,MACRO_BEAR,2260.9,2269.488,24.02,-0.44,1.445,1.2,2268.6368,2283.6589,2274.5055,BEAR,2260.9,2272.8201,30.52,-0.383,15.91,False,True,False,True,False,False,False,False
2026-08-27T09:30:22,INDIGO,2026-08-27 09:25:00+05:30,BEAR,NO_SIGNAL,40.0,,BELOW_WVWAP|RVOL|ENTRY_TRIGGER,5229.0,5247.5682,27.25,-0.438,1.037,1.2,5236.5915,5173.1185,5262.2227,BEAR,5229.0,5238.3687,49.42,-0.542,30.87,False,True,False,False,False,False,False,False
2026-08-27T09:30:22,BHARTIARTL,2026-08-27 09:25:00+05:30,BEAR,SIGNAL,100.0,VWAP_PULLBACK,,1898.2,1910.8538,19.41,-0.836,2.001,1.2,1902.4649,1928.9558,1911.1316,BEAR,1898.2,1916.2557,21.74,-1.058,37.13,False,True,False,True,False,False,False,False
2026-08-27T09:30:23,ETERNAL,2026-08-27 09:25:00+05:30,BULL,NO_SIGNAL,60.0,,RVOL|ENTRY_TRIGGER,328.6,327.1833,65.22,0.813,0.619,1.2,328.976,328.2695,325.9563,BULL,328.6,327.2745,58.73,0.782,25.77,True,False,False,False,False,False,False,False
2026-08-27T09:30:23,LT,2026-08-27 09:25:00+05:30,BEAR,NO_SIGNAL,60.0,,RVOL|ENTRY_TRIGGER,4046.2,4055.4856,36.45,-0.389,0.507,1.2,4045.6222,4084.5342,4070.9039,BEAR,4046.2,4063.6634,32.29,-0.34,23.17,False,True,False,False,False,False,False,False
2026-08-27T09:30:24,SHRIRAMFIN,2026-08-27 09:25:00+05:30,BEAR,SIGNAL,100.0,VWAP_PULLBACK,,1104.9,1117.6907,24.07,-1.216,3.321,1.2,1111.656,1121.7737,1125.2056,BEAR,1104.9,1119.5191,30.79,-1.145,26.95,False,True,False,True,False,False,False,False
2026-08-27T09:30:24,GRASIM,2026-08-27 09:25:00+05:30,BULL,NO_SIGNAL,60.0,,RVOL|ENTRY_TRIGGER,3285.1,3287.7281,48.94,-0.191,0.93,1.2,3288.7298,3275.527,3274.1812,BULL,3285.1,3281.5908,52.74,0.496,30.3,False,False,False,False,False,False,False,False
2026-08-27T09:30:25,AXISBANK,2026-08-27 09:25:00+05:30,BULL,NEAR,80.0,,ENTRY_TRIGGER,1255.8,1255.2246,53.38,0.136,1.5,1.2,1255.2564,1240.7429,1252.3842,BULL,1255.8,1252.1738,64.91,0.344,43.12,False,False,False,False,False,False,False,False
2026-08-27T09:30:25,POWERGRID,2026-08-27 09:25:00+05:30,BEAR,NEAR,80.0,VWAP_PULLBACK,RVOL,264.4,266.3046,23.04,-0.955,0.953,1.2,264.5628,269.2421,266.7467,BEAR,264.4,267.3137,19.94,-1.214,26.26,False,True,False,True,False,False,False,False
2026-08-27T09:30:26,ADANIENT,2026-08-27 09:25:00+05:30,BULL,NO_SIGNAL,60.0,,RVOL|ENTRY_TRIGGER,3141.0,3135.9761,58.32,0.211,0.894,1.2,3143.2867,3072.6274,3126.217,BULL,3141.0,3125.6447,66.79,0.499,51.64,True,False,False,False,False,False,False,False
2026-08-27T09:30:26,TECHM,2026-08-27 09:25:00+05:30,BULL,NO_SIGNAL,40.0,,MACRO_BULL|RVOL|ENTRY_TRIGGER,1585.7,1575.4664,68.88,0.807,1.061,1.2,1586.8827,1582.0391,1575.6594,BULL,1585.7,1574.3188,63.2,0.974,18.34,True,False,False,False,False,False,False,False
2026-08-27T09:30:27,ICICIBANK,2026-08-27 09:25:00+05:30,BULL,NEAR,80.0,,ENTRY_TRIGGER,1437.2,1436.6284,52.11,0.104,1.295,1.2,1438.8408,1423.8582,1429.3,BULL,1437.2,1435.5727,57.54,0.014,23.36,False,False,False,False,False,False,False,False
2026-08-27T09:30:27,JIOFIN,2026-08-27 09:25:00+05:30,BEAR,NEAR,80.0,VWAP_PULLBACK,MACRO_BEAR,241.5,242.1016,31.93,-0.248,1.222,1.2,241.8343,242.4814,242.6666,BEAR,241.5,242.3493,37.12,-0.556,17.09,False,True,False,True,False,False,False,False
2026-08-27T09:30:28,TATASTEEL,2026-08-27 09:25:00+05:30,BULL,NEAR,80.0,,ENTRY_TRIGGER,188.74,187.7258,63.79,1.255,1.277,1.2,188.7138,185.6069,186.9865,BULL,188.74,186.4206,72.01,2.165,31.53,True,False,False,False,False,False,False,False
2026-08-27T09:30:28,TITAN,2026-08-27 09:25:00+05:30,BEAR,NO_SIGNAL,60.0,,BELOW_WVWAP|ENTRY_TRIGGER,5089.1,5100.2888,37.66,-0.206,6.275,1.2,5094.6944,5089.0628,5126.1021,BEAR,5089.1,5098.3231,44.86,-0.114,28.48,False,True,False,False,False,False,False,False
2026-08-27T09:30:29,INFY,2026-08-27 09:25:00+05:30,BEAR,NEAR,80.0,VWAP_PULLBACK,MACRO_BEAR,1117.1,1121.4156,28.79,-0.463,1.597,1.2,1122.5306,1128.5337,1125.0672,BEAR,1117.1,1122.3776,32.46,-0.348,13.73,False,True,False,True,False,False,False,False
2026-08-27T09:30:30,TRENT,2026-08-27 09:25:00+05:30,BULL,NO_SIGNAL,60.0,VWAP_PULLBACK,MACRO_BULL|ST_BULL,2918.7,2913.3759,59.35,0.265,1.99,1.2,2916.0458,2918.2096,2918.9506,BEAR,2918.7,2916.658,51.21,0.148,16.5,True,False,True,False,False,False,False,False
2026-08-27T09:30:30,ASIANPAINT,2026-08-27 09:25:00+05:30,BULL,NO_SIGNAL,40.0,,MACRO_BULL|ST_BULL|ENTRY_TRIGGER,2640.1,2641.0833,46.9,0.0,1.989,1.2,2639.9694,2631.3976,2646.8357,BEAR,2640.1,2642.2198,48.37,-0.242,21.88,False,False,False,False,False,False,False,False
2026-08-27T09:30:31,ULTRACEMCO,2026-08-27 09:25:00+05:30,BULL,NO_SIGNAL,40.0,,ST_BULL|RVOL|ENTRY_TRIGGER,11719.0,11731.6649,48.6,0.077,0.259,1.2,11735.9791,11580.4731,11831.8675,BEAR,11719.0,11686.6772,59.83,0.523,35.82,False,False,False,False,False,False,False,False
2026-08-27T09:30:31,HDFCBANK,2026-08-27 09:25:00+05:30,BEAR,NO_SIGNAL,60.0,,MACRO_BEAR|ENTRY_TRIGGER,719.7,725.8827,22.17,-1.127,2.796,1.2,720.6079,726.1446,725.1173,BEAR,719.7,726.8602,24.0,-1.33,19.91,False,True,False,False,False,False,False,False
2026-08-27T09:30:32,RELIANCE,2026-08-27 09:25:00+05:30,BEAR,NO_SIGNAL,60.0,VWAP_PULLBACK,MACRO_BEAR|RVOL,1301.5,1303.0188,41.06,-0.046,0.7,1.2,1304.3036,1306.3435,1305.1647,BEAR,1301.5,1304.8153,36.05,-0.428,19.75,False,True,False,True,False,False,False,False
2026-08-27T09:30:32,M&M,2026-08-27 09:25:00+05:30,BEAR,NO_SIGNAL,60.0,,MACRO_BEAR|ENTRY_TRIGGER,3378.2,3413.0112,10.47,-1.349,2.424,1.2,3397.0381,3418.7887,3412.2711,BEAR,3378.2,3419.4745,18.6,-1.392,18.93,False,True,False,False,False,False,False,False
2026-08-27T09:30:33,SUNPHARMA,2026-08-27 09:25:00+05:30,BEAR,NO_SIGNAL,40.0,,MACRO_BEAR|RVOL|ENTRY_TRIGGER,1907.9,1912.0351,33.61,-0.298,0.796,1.2,1912.1733,1912.6684,1916.461,BEAR,1907.9,1913.9968,35.97,-0.407,15.48,False,True,False,False,False,False,False,False
2026-08-27T09:35:07,BEL,2026-08-27 09:30:00+05:30,BULL,NEAR,80.0,VWAP_PULLBACK,MACRO_BULL,412.4,409.4562,77.92,0.844,3.698,1.2,410.144,409.0589,407.9837,BULL,409.6,409.1999,53.87,0.134,10.23,True,False,True,False,False,False,False,False
2026-08-27T09:35:07,TATACONSUM,2026-08-27 09:30:00+05:30,BEAR,NO_SIGNAL,40.0,VWAP_PULLBACK,MACRO_BEAR|ST_BEAR|RVOL,1042.2,1044.3536,42.52,-0.058,0.469,1.2,1044.5806,1050.8893,1041.1564,BULL,1042.6,1046.0193,40.03,-0.287,21.3,False,True,False,True,False,False,False,False
2026-08-27T09:35:08,BAJAJ-AUTO,2026-08-27 09:30:00+05:30,BEAR,NO_SIGNAL,40.0,,MACRO_BEAR|RVOL|ENTRY_TRIGGER,11664.0,11749.3867,21.75,-1.094,0.777,1.2,11720.4384,11797.8523,11763.0374,BEAR,11663.0,11779.2152,27.93,-0.69,21.85,False,True,False,False,False,False,False,False
2026-08-27T09:35:08,NESTLEIND,2026-08-27 09:30:00+05:30,BULL,NO_SIGNAL,20.0,,MACRO_BULL|ABOVE_WVWAP|RVOL|ENTRY_TRIGGER,1454.7,1455.1903,49.02,0.186,0.499,1.2,1458.4309,1463.6021,1450.4231,BULL,1451.6,1456.2712,39.02,-0.138,16.85,False,False,False,False,False,False,False,False
2026-08-27T09:35:09,BAJFINANCE,2026-08-27 09:30:00+05:30,BULL,NO_SIGNAL,60.0,,RVOL|ENTRY_TRIGGER,1097.2,1091.5034,65.09,0.753,1.16,1.2,1100.0603,1086.1788,1088.1035,BULL,1098.9,1088.1542,73.36,1.002,27.81,True,False,False,False,False,False,False,False
2026-08-27T09:35:09,HINDALCO,2026-08-27 09:30:00+05:30,BEAR,NO_SIGNAL,40.0,,MACRO_BEAR|RVOL|ENTRY_TRIGGER,1049.15,1051.7895,44.38,-0.422,0.536,1.2,1050.2762,1050.4603,1058.9989,BEAR,1048.3,1050.1693,47.14,0.426,29.7,False,True,False,False,False,False,False,False
2026-08-27T09:35:10,NTPC,2026-08-27 09:30:00+05:30,BEAR,NEAR,80.0,VWAP_PULLBACK,MACRO_BEAR,333.05,335.6386,16.88,-0.996,1.546,1.2,334.0832,338.85,335.9717,BEAR,333.6,337.0129,26.13,-1.229,20.04,False,True,False,True,False,False,False,False
2026-08-27T09:35:10,HDFCLIFE,2026-08-27 09:30:00+05:30,BEAR,NO_SIGNAL,60.0,,RVOL|ENTRY_TRIGGER,554.3,557.4313,27.35,-1.018,0.391,1.2,554.1849,554.7229,557.8553,BEAR,553.4,557.4875,38.38,-0.966,33.28,False,True,False,False,False,False,False,False
2026-08-27T09:35:11,SBILIFE,2026-08-27 09:30:00+05:30,BULL,NO_SIGNAL,60.0,,MACRO_BULL|ENTRY_TRIGGER,1782.3,1774.5524,63.52,0.553,2.528,1.2,1774.201,1768.2181,1767.4695,BULL,1769.4,1774.0042,44.51,-0.388,21.98,True,False,False,False,False,False,False,False
2026-08-27T09:35:11,HINDUNILVR,2026-08-27 09:30:00+05:30,BEAR,NO_SIGNAL,40.0,,MACRO_BEAR|RVOL|ENTRY_TRIGGER,2021.5,2023.8894,41.98,-0.03,0.765,1.2,2022.2276,2023.2564,2028.4702,BEAR,2019.2,2026.6333,34.85,-0.498,18.67,False,True,False,False,False,False,False,False
2026-08-27T09:35:12,MARUTI,2026-08-27 09:30:00+05:30,BEAR,NO_SIGNAL,40.0,,MACRO_BEAR|RVOL|ENTRY_TRIGGER,13460.0,13542.688,19.71,-0.781,0.475,1.2,13507.6586,13562.0926,13554.4914,BEAR,13460.0,13581.0814,25.34,-1.138,20.47,False,True,False,False,False,False,False,False
2026-08-27T09:35:12,ITC,2026-08-27 09:30:00+05:30,BEAR,NO_SIGNAL,40.0,,BELOW_WVWAP|RVOL|ENTRY_TRIGGER,270.4,270.9703,33.3,-0.092,0.455,1.2,270.5277,270.1372,271.6461,BEAR,270.35,271.1346,41.65,-0.313,22.18,False,True,False,False,False,False,False,False
2026-08-27T09:35:13,TMPV,2026-08-27 09:30:00+05:30,BULL,NO_SIGNAL,20.0,,MACRO_BULL|ST_BULL|RVOL|ENTRY_TRIGGER,314.7,315.0615,43.26,0.016,0.707,1.2,315.3157,314.275,316.509,BEAR,314.75,315.0123,48.74,-0.38,21.87,False,False,False,False,False,False,False,False
2026-08-27T09:35:13,ADANIPORTS,2026-08-27 09:30:00+05:30,BULL,NO_SIGNAL,60.0,,RVOL|ENTRY_TRIGGER,1698.1,1697.182,53.36,0.077,0.419,1.2,1698.863,1690.8422,1690.3632,BULL,1695.4,1695.376,51.37,0.177,28.41,False,False,False,False,False,False,False,False
2026-08-27T09:35:14,DRREDDY,2026-08-27 09:30:00+05:30,BEAR,NO_SIGNAL,40.0,,MACRO_BEAR|RVOL|ENTRY_TRIGGER,1181.0,1186.7858,30.9,-0.898,0.277,1.2,1183.0712,1186.6466,1192.0698,BEAR,1179.6,1187.129,36.61,-0.456,14.45,False,True,False,False,False,False,False,False
2026-08-27T09:35:14,WIPRO,2026-08-27 09:30:00+05:30,BEAR,NO_SIGNAL,40.0,,ST_BEAR|RVOL|ENTRY_TRIGGER,177.48,177.5674,46.55,-0.158,0.748,1.2,177.7631,179.935,177.2207,BULL,177.45,178.0081,37.61,-0.421,31.09,False,False,False,False,False,False,False,False
2026-08-27T09:35:15,ONGC,2026-08-27 09:30:00+05:30,BEAR,NEAR,80.0,VWAP_PULLBACK,MACRO_BEAR,232.54,233.1598,39.66,-0.129,1.289,1.2,233.5349,234.5865,235.0324,BEAR,233.41,233.1449,53.2,0.18,33.04,False,True,False,True,False,False,False,True
2026-08-27T09:35:15,SBIN,2026-08-27 09:30:00+05:30,BEAR,NO_SIGNAL,60.0,,BELOW_WVWAP|ENTRY_TRIGGER,1049.6,1053.8511,32.19,-0.531,1.321,1.2,1050.6776,1042.8122,1055.9588,BEAR,1048.2,1053.8205,37.31,-0.729,31.95,False,True,False,False,False,False,False,False
2026-08-27T09:35:16,EICHERMOT,2026-08-27 09:30:00+05:30,BEAR,NEAR,80.0,,ENTRY_TRIGGER,8026.5,8062.3401,33.62,-0.809,3.116,1.2,8025.0201,8043.1921,8069.5879,BEAR,7997.5,8067.9311,25.15,-0.972,42.07,False,True,False,False,False,False,False,False
2026-08-27T09:35:17,COALINDIA,2026-08-27 09:30:00+05:30,BEAR,NO_SIGNAL,60.0,VWAP_PULLBACK,MACRO_BEAR|RVOL,403.0,403.7835,39.51,-0.383,0.331,1.2,403.3055,404.1844,404.5638,BEAR,403.25,403.7124,45.96,0.012,18.95,False,True,False,True,False,False,False,False
2026-08-27T09:35:17,BAJAJFINSV,2026-08-27 09:30:00+05:30,BULL,NO_SIGNAL,40.0,,MACRO_BULL|RVOL|ENTRY_TRIGGER,2016.1,2014.1041,55.83,0.274,0.573,1.2,2016.4748,2008.1216,2009.7907,BULL,2015.0,2011.644,56.43,-0.124,14.19,True,False,False,False,False,False,False,False
2026-08-27T09:35:18,MAXHEALTH,2026-08-27 09:30:00+05:30,BEAR,NO_SIGNAL,40.0,,BELOW_WVWAP|RVOL|ENTRY_TRIGGER,1009.7,1013.6094,37.54,-0.62,0.546,1.2,1007.3617,1000.2045,1017.6097,BEAR,1009.1,1014.0632,43.44,-0.522,39.88,False,True,False,False,False,False,False,False
2026-08-27T09:35:18,KOTAKBANK,2026-08-27 09:30:00+05:30,BULL,SIGNAL,100.0,VWAP_PULLBACK,,421.75,417.4338,84.95,1.48,1.561,1.2,420.0053,407.7198,415.2972,BULL,420.55,414.0798,82.97,1.094,58.4,True,False,True,False,False,False,False,False
2026-08-27T09:35:19,APOLLOHOSP,2026-08-27 09:30:00+05:30,BEAR,NO_SIGNAL,60.0,,BELOW_WVWAP|ENTRY_TRIGGER,8795.0,8803.0916,46.31,-0.187,1.274,1.2,8808.4482,8719.1037,8855.3587,BEAR,8778.0,8799.5924,43.48,-0.25,38.79,False,False,False,False,False,False,False,False
2026-08-27T09:35:19,CIPLA,2026-08-27 09:30:00+05:30,BEAR,NO_SIGNAL,40.0,,MACRO_BEAR|RVOL|ENTRY_TRIGGER,1407.8,1411.0296,41.15,-0.509,0.26,1.2,1409.6264,1420.7517,1419.0198,BEAR,1407.4,1411.6775,40.67,0.0,28.96,False,True,False,False,False,False,False,False
2026-08-27T09:35:20,JSWSTEEL,2026-08-27 09:30:00+05:30,BULL,NO_SIGNAL,60.0,,RVOL|ENTRY_TRIGGER,1340.6,1335.3377,61.41,0.427,0.882,1.2,1341.9805,1318.4673,1331.3161,BULL,1339.2,1326.8056,76.69,1.57,50.83,True,False,False,False,False,False,False,False
2026-08-27T09:35:20,HCLTECH,2026-08-27 09:30:00+05:30,BEAR,NO_SIGNAL,60.0,,MACRO_BEAR|ENTRY_TRIGGER,1285.6,1296.8441,17.69,-1.138,2.685,1.2,1291.8232,1308.1103,1297.3315,BEAR,1286.7,1300.2142,24.07,-0.924,19.56,False,True,False,False,False,False,False,False
2026-08-27T09:35:21,TCS,2026-08-27 09:30:00+05:30,BEAR,NO_SIGNAL,60.0,,MACRO_BEAR|ENTRY_TRIGGER,2260.8,2268.6982,23.89,-0.471,1.247,1.2,2267.1785,2283.5111,2274.5055,BEAR,2260.9,2272.8201,30.52,-0.383,15.91,False,True,False,False,False,False,False,False
2026-08-27T09:35:21,INDIGO,2026-08-27 09:30:00+05:30,BEAR,NO_SIGNAL,40.0,,BELOW_WVWAP|RVOL|ENTRY_TRIGGER,5224.5,5245.4711,24.63,-0.599,1.039,1.2,5233.9186,5173.3125,5255.1194,BEAR,5229.0,5238.3687,49.42,-0.542,30.87,False,True,False,False,False,False,False,False
2026-08-27T09:35:22,BHARTIARTL,2026-08-27 09:30:00+05:30,BEAR,SIGNAL,100.0,VWAP_PULLBACK,,1895.4,1909.449,17.24,-1.054,2.257,1.2,1901.17,1928.4001,1908.5843,BEAR,1898.2,1916.2557,21.74,-1.058,37.13,False,True,False,True,False,False,False,False
2026-08-27T09:35:22,ETERNAL,2026-08-27 09:30:00+05:30,BULL,NO_SIGNAL,60.0,,RVOL|ENTRY_TRIGGER,328.5,327.303,63.95,0.736,0.587,1.2,328.9091,328.2705,325.9563,BULL,328.6,327.2745,58.73,0.782,25.77,True,False,False,False,False,False,False,False
2026-08-27T09:35:23,LT,2026-08-27 09:30:00+05:30,BEAR,NO_SIGNAL,60.0,,RVOL|ENTRY_TRIGGER,4049.0,4054.896,40.79,-0.433,0.73,1.2,4045.6098,4084.3658,4070.9039,BEAR,4046.2,4063.6634,32.29,-0.34,23.17,False,True,False,False,False,False,False,False
2026-08-27T09:35:23,SHRIRAMFIN,2026-08-27 09:30:00+05:30,BEAR,NEAR,80.0,,ENTRY_TRIGGER,1102.2,1116.2824,21.76,-1.493,2.681,1.2,1109.8334,1121.4677,1121.4278,BEAR,1104.9,1119.5191,30.79,-1.145,26.95,False,True,False,False,False,False,False,False
2026-08-27T09:35:24,GRASIM,2026-08-27 09:30:00+05:30,BULL,NO_SIGNAL,60.0,,RVOL|ENTRY_TRIGGER,3283.7,3287.3619,47.83,-0.134,0.584,1.2,3287.2252,3275.5472,3274.1812,BULL,3285.1,3281.5908,52.74,0.496,30.3,False,False,False,False,False,False,False,False
2026-08-27T09:35:24,AXISBANK,2026-08-27 09:30:00+05:30,BULL,NO_SIGNAL,60.0,,RVOL|ENTRY_TRIGGER,1255.7,1255.2678,52.96,0.04,0.946,1.2,1255.2486,1240.8328,1252.3842,BULL,1255.8,1252.1738,64.91,0.344,43.12,False,False,False,False,False,False,False,False
2026-08-27T09:35:25,POWERGRID,2026-08-27 09:30:00+05:30,BEAR,NO_SIGNAL,60.0,,RVOL|ENTRY_TRIGGER,264.5,266.1405,24.97,-0.899,0.79,1.2,264.5544,269.2161,266.5695,BEAR,264.4,267.3137,19.94,-1.214,26.26,False,True,False,False,False,False,False,False
2026-08-27T09:35:25,ADANIENT,2026-08-27 09:30:00+05:30,BULL,NEAR,80.0,,ENTRY_TRIGGER,3139.0,3136.251,55.14,0.16,1.611,1.2,3142.7711,3073.2757,3126.217,BULL,3141.0,3125.6447,66.79,0.499,51.64,True,False,False,False,False,False,False,False
2026-08-27T09:35:26,TECHM,2026-08-27 09:30:00+05:30,BULL,NO_SIGNAL,40.0,,MACRO_BULL|RVOL|ENTRY_TRIGGER,1586.0,1576.424,69.19,0.814,1.005,1.2,1586.608,1582.0652,1575.6594,BULL,1585.7,1574.3188,63.2,0.974,18.34,True,False,False,False,False,False,False,False
2026-08-27T09:35:26,ICICIBANK,2026-08-27 09:30:00+05:30,BULL,NEAR,80.0,VWAP_PULLBACK,RVOL,1439.1,1436.8531,58.39,0.188,0.554,1.2,1438.8269,1423.903,1429.3,BULL,1437.2,1435.5727,57.54,0.014,23.36,True,False,True,False,False,False,False,False
2026-08-27T09:35:27,JIOFIN,2026-08-27 09:30:00+05:30,BEAR,NO_SIGNAL,40.0,,MACRO_BEAR|RVOL|ENTRY_TRIGGER,241.5,242.0469,31.93,-0.268,1.131,1.2,241.763,242.4748,242.5478,BEAR,241.5,242.3493,37.12,-0.556,17.09,False,True,False,False,False,False,False,False
2026-08-27T09:35:28,TATASTEEL,2026-08-27 09:30:00+05:30,BULL,SIGNAL,100.0,VWAP_PULLBACK,,189.72,187.9071,69.89,1.52,1.552,1.2,188.9602,185.6653,186.9865,BULL,188.74,186.4206,72.01,2.165,31.53,True,False,True,False,False,False,False,False
2026-08-27T09:35:28,TITAN,2026-08-27 09:30:00+05:30,BEAR,SIGNAL,100.0,VWAP_PULLBACK,,5088.4,5099.208,37.08,-0.225,3.02,1.2,5093.4632,5089.0743,5126.1021,BEAR,5089.1,5098.3231,44.86,-0.114,28.48,False,True,False,True,False,False,False,False
2026-08-27T09:35:29,INFY,2026-08-27 09:30:00+05:30,BEAR,NO_SIGNAL,40.0,,MACRO_BEAR|RVOL|ENTRY_TRIGGER,1117.0,1121.0142,28.52,-0.481,1.187,1.2,1121.6406,1128.4752,1125.0672,BEAR,1117.1,1122.3776,32.46,-0.348,13.73,False,True,False,False,False,False,False,False
2026-08-27T09:35:29,TRENT,2026-08-27 09:30:00+05:30,BEAR,NO_SIGNAL,40.0,VWAP_PULLBACK,MACRO_BEAR|RVOL|ENTRY_TRIGGER,2915.0,2913.5235,52.18,0.172,0.491,1.2,2915.9773,2918.2035,2918.9506,BEAR,2918.7,2916.658,51.21,0.148,16.5,False,False,False,True,False,False,False,False
2026-08-27T09:35:30,ASIANPAINT,2026-08-27 09:30:00+05:30,BULL,NO_SIGNAL,20.0,VWAP_PULLBACK,MACRO_BULL|ST_BULL|RVOL|ENTRY_TRIGGER,2642.3,2641.1939,50.99,0.095,0.488,1.2,2640.1128,2631.4247,2646.8357,BEAR,2640.1,2642.2198,48.37,-0.242,21.88,False,False,True,False,False,False,False,False
2026-08-27T09:35:30,ULTRACEMCO,2026-08-27 09:30:00+05:30,BULL,NO_SIGNAL,40.0,,ST_BULL|RVOL|ENTRY_TRIGGER,11705.0,11729.2408,45.21,-0.102,0.198,1.2,11733.6125,11580.6548,11818.8008,BEAR,11719.0,11686.6772,59.83,0.523,35.82,False,False,False,False,False,False,False,False
2026-08-27T09:35:31,HDFCBANK,2026-08-27 09:30:00+05:30,BEAR,NO_SIGNAL,60.0,,MACRO_BEAR|ENTRY_TRIGGER,719.5,725.3025,21.8,-1.154,1.512,1.2,720.4153,726.0505,725.1173,BEAR,719.7,726.8602,24.0,-1.33,19.91,False,True,False,False,False,False,False,False
2026-08-27T09:35:31,RELIANCE,2026-08-27 09:30:00+05:30,BEAR,NO_SIGNAL,40.0,,MACRO_BEAR|RVOL|ENTRY_TRIGGER,1301.0,1302.8353,39.2,-0.1,0.857,1.2,1303.6445,1306.3095,1305.1647,BEAR,1301.5,1304.8153,36.05,-0.428,19.75,False,True,False,False,False,False,False,False
2026-08-27T09:35:32,M&M,2026-08-27 09:30:00+05:30,BEAR,NO_SIGNAL,60.0,,MACRO_BEAR|ENTRY_TRIGGER,3378.7,3409.892,11.42,-1.314,2.85,1.2,3391.783,3418.029,3406.2966,BEAR,3378.2,3419.4745,18.6,-1.392,18.93,False,True,False,False,False,False,False,False
2026-08-27T09:35:32,SUNPHARMA,2026-08-27 09:30:00+05:30,BEAR,NO_SIGNAL,40.0,,MACRO_BEAR|RVOL|ENTRY_TRIGGER,1909.1,1911.7683,38.72,-0.214,0.965,1.2,1911.8487,1912.6547,1916.461,BEAR,1907.9,1913.9968,35.97,-0.407,15.48,False,True,False,False,False,False,False,False
2026-08-27T09:40:07,BEL,2026-08-27 09:35:00+05:30,BULL,NO_SIGNAL,60.0,,MACRO_BULL|ENTRY_TRIGGER,411.65,409.6556,68.37,0.623,1.275,1.2,410.3328,409.0878,408.5,BULL,409.6,409.1999,53.87,0.134,10.23,True,False,False,False,False,False,False,False
2026-08-27T09:40:08,TATACONSUM,2026-08-27 09:35:00+05:30,BEAR,NO_SIGNAL,40.0,VWAP_PULLBACK,MACRO_BEAR|ST_BEAR|RVOL,1041.7,1044.1123,41.16,-0.239,0.394,1.2,1044.2625,1050.8542,1041.1564,BULL,1042.6,1046.0193,40.03,-0.287,21.3,False,True,False,True,False,False,False,False
2026-08-27T09:40:08,BAJAJ-AUTO,2026-08-27 09:35:00+05:30,BEAR,NO_SIGNAL,60.0,,MACRO_BEAR|ENTRY_TRIGGER,11642.0,11739.6243,19.17,-1.205,1.316,1.2,11709.3389,11796.7013,11748.6749,BEAR,11663.0,11779.2152,27.93,-0.69,21.85,False,True,False,False,False,False,False,False
2026-08-27T09:40:09,NESTLEIND,2026-08-27 09:35:00+05:30,BULL,NO_SIGNAL,20.0,,MACRO_BULL|ABOVE_WVWAP|RVOL|ENTRY_TRIGGER,1451.5,1454.8548,43.44,-0.227,1.127,1.2,1457.5984,1463.5392,1450.4231,BULL,1451.6,1456.2712,39.02,-0.138,16.85,False,True,False,False,False,False,False,False
2026-08-27T09:40:09,BAJFINANCE,2026-08-27 09:35:00+05:30,BULL,NO_SIGNAL,60.0,,RVOL|ENTRY_TRIGGER,1094.4,1091.7667,57.53,0.551,0.674,1.2,1099.8384,1086.2354,1088.1035,BULL,1098.9,1088.1542,73.36,1.002,27.81,True,False,False,False,False,False,False,False
2026-08-27T09:40:10,HINDALCO,2026-08-27 09:35:00+05:30,BEAR,NO_SIGNAL,60.0,VWAP_PULLBACK,MACRO_BEAR|RVOL,1048.6,1051.4995,43.22,-0.668,0.401,1.2,1050.1754,1050.4567,1058.9989,BEAR,1048.3,1050.1693,47.14,0.426,29.7,False,True,False,True,False,False,False,False
2026-08-27T09:40:10,NTPC,2026-08-27 09:35:00+05:30,BEAR,NO_SIGNAL,60.0,,MACRO_BEAR|ENTRY_TRIGGER,333.35,335.4306,22.27,-0.892,1.203,1.2,333.9811,338.8143,335.6472,BEAR,333.6,337.0129,26.13,-1.229,20.04,False,True,False,False,False,False,False,False
2026-08-27T09:40:11,HDFCLIFE,2026-08-27 09:35:00+05:30,BEAR,NEAR,80.0,VWAP_PULLBACK,RVOL,553.6,557.083,25.09,-0.966,0.31,1.2,554.1582,554.7213,557.8553,BEAR,553.4,557.4875,38.38,-0.966,33.28,False,True,False,True,False,False,False,False
2026-08-27T09:40:11,SBILIFE,2026-08-27 09:35:00+05:30,BULL,NO_SIGNAL,40.0,,MACRO_BULL|RVOL|ENTRY_TRIGGER,1780.5,1775.0931,59.63,0.639,0.974,1.2,1775.1677,1768.2969,1767.4695,BULL,1769.4,1774.0042,44.51,-0.388,21.98,True,False,False,False,False,False,False,False
2026-08-27T09:40:12,HINDUNILVR,2026-08-27 09:35:00+05:30,BEAR,NO_SIGNAL,60.0,VWAP_PULLBACK,MACRO_BEAR|RVOL,2018.0,2023.354,35.44,-0.218,0.39,1.2,2022.017,2023.2493,2028.4702,BEAR,2019.2,2026.6333,34.85,-0.498,18.67,False,True,False,True,False,False,False,False
2026-08-27T09:40:13,MARUTI,2026-08-27 09:35:00+05:30,BEAR,NO_SIGNAL,40.0,,MACRO_BEAR|RVOL|ENTRY_TRIGGER,13445.0,13533.8073,17.95,-0.79,1.085,1.2,13494.5371,13561.2409,13539.3498,BEAR,13460.0,13581.0814,25.34,-1.138,20.47,False,True,False,False,False,False,False,False
2026-08-27T09:40:13,ITC,2026-08-27 09:35:00+05:30,BEAR,NEAR,80.0,VWAP_PULLBACK,RVOL,269.9,270.873,26.38,-0.332,0.683,1.2,270.4684,270.1367,271.6205,BEAR,270.35,271.1346,41.65,-0.313,22.18,False,True,False,True,False,False,False,False
2026-08-27T09:40:14,TMPV,2026-08-27 09:35:00+05:30,BULL,NO_SIGNAL,20.0,,MACRO_BULL|ST_BULL|RVOL|ENTRY_TRIGGER,314.4,315.0014,39.2,-0.222,0.415,1.2,315.2583,314.2754,316.509,BEAR,314.75,315.0123,48.74,-0.38,21.87,False,True,False,False,False,False,False,False
2026-08-27T09:40:14,ADANIPORTS,2026-08-27 09:35:00+05:30,BULL,NO_SIGNAL,60.0,,RVOL|ENTRY_TRIGGER,1698.2,1697.2745,53.64,0.1,0.253,1.2,1698.8472,1690.8597,1690.3632,BULL,1695.4,1695.376,51.37,0.177,28.41,False,False,False,False,False,False,False,False
2026-08-27T09:40:15,DRREDDY,2026-08-27 09:35:00+05:30,BEAR,NO_SIGNAL,60.0,VWAP_PULLBACK,MACRO_BEAR|RVOL,1179.0,1186.078,27.49,-0.833,0.331,1.2,1182.6374,1186.6309,1190.6241,BEAR,1179.6,1187.129,36.61,-0.456,14.45,False,True,False,True,False,False,False,False
2026-08-27T09:40:15,WIPRO,2026-08-27 09:35:00+05:30,BEAR,NO_SIGNAL,60.0,VWAP_PULLBACK,ST_BEAR|RVOL,177.27,177.5404,41.54,-0.337,0.432,1.2,177.7249,179.9281,177.2207,BULL,177.45,178.0081,37.61,-0.421,31.09,False,True,False,True,False,False,False,True
2026-08-27T09:40:16,ONGC,2026-08-27 09:35:00+05:30,BEAR,NO_SIGNAL,40.0,,MACRO_BEAR|RVOL|ENTRY_TRIGGER,232.46,233.0962,38.58,-0.129,0.497,1.2,233.4664,234.5812,234.367,BEAR,233.41,233.1449,53.2,0.18,33.04,False,True,False,False,False,False,False,False
2026-08-27T09:40:16,SBIN,2026-08-27 09:35:00+05:30,BEAR,NO_SIGNAL,40.0,,BELOW_WVWAP|RVOL|ENTRY_TRIGGER,1047.7,1053.2919,28.02,-0.739,0.658,1.2,1050.3979,1042.8276,1055.7719,BEAR,1048.2,1053.8205,37.31,-0.729,31.95,False,True,False,False,False,False,False,False
2026-08-27T09:40:17,EICHERMOT,2026-08-27 09:35:00+05:30,BEAR,SIGNAL,100.0,VWAP_PULLBACK,,8011.5,8057.7183,29.93,-0.866,1.262,1.2,8024.0438,8043.035,8069.5879,BEAR,7997.5,8067.9311,25.15,-0.972,42.07,False,True,False,True,False,False,False,False
2026-08-27T09:40:17,COALINDIA,2026-08-27 09:35:00+05:30,BEAR,NO_SIGNAL,60.0,VWAP_PULLBACK,MACRO_BEAR|RVOL,402.55,403.6714,35.42,-0.494,0.432,1.2,403.2077,404.1803,404.5638,BEAR,403.25,403.7124,45.96,0.012,18.95,False,True,False,True,False,False,False,False
2026-08-27T09:40:18,BAJAJFINSV,2026-08-27 09:35:00+05:30,BULL,NO_SIGNAL,40.0,,MACRO_BULL|RVOL|ENTRY_TRIGGER,2015.0,2014.1855,53.07,0.214,0.967,1.2,2016.3558,2008.1572,2009.7907,BULL,2015.0,2011.644,56.43,-0.124,14.19,False,False,False,False,False,False,False,False
2026-08-27T09:40:18,MAXHEALTH,2026-08-27 09:35:00+05:30,BEAR,NO_SIGNAL,40.0,,BELOW_WVWAP|RVOL|ENTRY_TRIGGER,1004.5,1012.7813,29.05,-1.054,0.689,1.2,1007.227,1000.2248,1017.6097,BEAR,1009.1,1014.0632,43.44,-0.522,39.88,False,True,False,False,False,False,False,False
2026-08-27T09:40:19,KOTAKBANK,2026-08-27 09:35:00+05:30,BULL,SIGNAL,100.0,VWAP_PULLBACK,,422.75,417.9171,86.86,1.671,1.277,1.2,420.2491,407.9176,416.0833,BULL,420.55,414.0798,82.97,1.094,58.4,True,False,True,False,False,False,False,False
2026-08-27T09:40:19,APOLLOHOSP,2026-08-27 09:35:00+05:30,BEAR,NO_SIGNAL,60.0,TREND_CONTINUATION,BELOW_WVWAP|RVOL,8772.5,8800.3106,38.85,-0.46,0.775,1.2,8806.3542,8719.2781,8853.7176,BEAR,8778.0,8799.5924,43.48,-0.25,38.79,False,True,False,False,False,False,False,True
2026-08-27T09:40:20,CIPLA,2026-08-27 09:35:00+05:30,BEAR,NO_SIGNAL,60.0,VWAP_PULLBACK,MACRO_BEAR|RVOL,1404.1,1410.3997,34.03,-0.833,0.4,1.2,1409.1229,1420.7048,1418.6663,BEAR,1407.4,1411.6775,40.67,0.0,28.96,False,True,False,True,False,False,False,True
2026-08-27T09:40:20,JSWSTEEL,2026-08-27 09:35:00+05:30,BULL,NEAR,80.0,TREND_CONTINUATION,RVOL,1341.6,1335.907,62.64,0.157,0.699,1.2,1341.9128,1318.6037,1331.3161,BULL,1339.2,1326.8056,76.69,1.57,50.83,True,False,False,False,False,False,True,False
2026-08-27T09:40:21,HCLTECH,2026-08-27 09:35:00+05:30,BEAR,NO_SIGNAL,40.0,,MACRO_BEAR|RVOL|ENTRY_TRIGGER,1283.1,1295.5946,15.59,-1.444,0.706,1.2,1291.2427,1307.9931,1297.3315,BEAR,1286.7,1300.2142,24.07,-0.924,19.56,False,True,False,False,False,False,False,False
2026-08-27T09:40:21,TCS,2026-08-27 09:35:00+05:30,BEAR,NO_SIGNAL,60.0,VWAP_PULLBACK,MACRO_BEAR|RVOL,2259.4,2267.8529,22.01,-0.528,0.515,1.2,2266.6961,2283.4478,2274.5055,BEAR,2260.9,2272.8201,30.52,-0.383,15.91,False,True,False,True,False,False,False,False
2026-08-27T09:40:22,INDIGO,2026-08-27 09:35:00+05:30,BEAR,NO_SIGNAL,40.0,,BELOW_WVWAP|RVOL|ENTRY_TRIGGER,5218.0,5242.9737,21.42,-0.695,0.937,1.2,5231.3622,5173.4733,5252.1738,BEAR,5229.0,5238.3687,49.42,-0.542,30.87,False,True,False,False,False,False,False,False
2026-08-27T09:40:23,BHARTIARTL,2026-08-27 09:35:00+05:30,BEAR,NO_SIGNAL,60.0,,RVOL|ENTRY_TRIGGER,1895.6,1908.19,17.95,-0.982,0.962,1.2,1900.6679,1928.1418,1906.5437,BEAR,1898.2,1916.2557,21.74,-1.058,37.13,False,True,False,False,False,False,False,False
2026-08-27T09:40:23,ETERNAL,2026-08-27 09:35:00+05:30,BULL,NO_SIGNAL,40.0,,ABOVE_WVWAP|RVOL|ENTRY_TRIGGER,327.8,327.3482,55.8,0.414,0.533,1.2,328.8109,328.2692,325.9563,BULL,328.6,327.2745,58.73,0.782,25.77,True,False,False,True,False,False,False,False
2026-08-27T09:40:24,LT,2026-08-27 09:35:00+05:30,BEAR,NO_SIGNAL,60.0,,RVOL|ENTRY_TRIGGER,4048.6,4054.3236,40.37,-0.354,0.582,1.2,4046.0845,4084.2516,4070.9039,BEAR,4046.2,4063.6634,32.29,-0.34,23.17,False,True,False,False,False,False,False,False
2026-08-27T09:40:24,SHRIRAMFIN,2026-08-27 09:35:00+05:30,BEAR,NEAR,80.0,,ENTRY_TRIGGER,1099.5,1114.7567,19.72,-1.83,1.845,1.2,1108.5092,1121.2068,1118.1238,BEAR,1104.9,1119.5191,30.79,-1.145,26.95,False,True,False,False,False,False,False,False
2026-08-27T09:40:25,GRASIM,2026-08-27 09:35:00+05:30,BULL,NO_SIGNAL,60.0,,RVOL|ENTRY_TRIGGER,3283.0,3286.9654,47.25,-0.091,0.384,1.2,3286.6605,3275.5618,3274.1812,BULL,3285.1,3281.5908,52.74,0.496,30.3,False,False,False,False,False,False,False,False
2026-08-27T09:40:25,AXISBANK,2026-08-27 09:35:00+05:30,BULL,NEAR,80.0,VWAP_PULLBACK,RVOL,1257.1,1255.4344,58.0,0.279,1.156,1.2,1255.4871,1240.9572,1252.3842,BULL,1255.8,1252.1738,64.91,0.344,43.12,True,False,True,False,False,False,True,False
2026-08-27T09:40:26,POWERGRID,2026-08-27 09:35:00+05:30,BEAR,NO_SIGNAL,60.0,,RVOL|ENTRY_TRIGGER,264.65,266.005,27.87,-0.917,0.522,1.2,264.5574,269.199,266.5203,BEAR,264.4,267.3137,19.94,-1.214,26.26,False,True,False,False,False,False,False,False
2026-08-27T09:40:26,ADANIENT,2026-08-27 09:35:00+05:30,BULL,NEAR,80.0,VWAP_PULLBACK,RVOL,3144.0,3136.9555,60.88,0.313,0.621,1.2,3142.7071,3073.5389,3126.217,BULL,3141.0,3125.6447,66.79,0.499,51.64,True,False,True,False,False,False,False,False
2026-08-27T09:40:27,TECHM,2026-08-27 09:35:00+05:30,BULL,NO_SIGNAL,40.0,,MACRO_BULL|RVOL|ENTRY_TRIGGER,1584.6,1577.1673,65.82,0.673,1.157,1.2,1586.6242,1582.1079,1575.6594,BULL,1585.7,1574.3188,63.2,0.974,18.34,True,False,False,False,False,False,False,False
2026-08-27T09:40:27,ICICIBANK,2026-08-27 09:35:00+05:30,BULL,NO_SIGNAL,60.0,,RVOL|ENTRY_TRIGGER,1437.7,1436.9301,52.89,0.16,0.45,1.2,1438.7967,1423.9387,1429.3,BULL,1437.2,1435.5727,57.54,0.014,23.36,False,False,False,False,False,False,False,False
2026-08-27T09:40:28,JIOFIN,2026-08-27 09:35:00+05:30,BEAR,NO_SIGNAL,60.0,VWAP_PULLBACK,MACRO_BEAR|RVOL,241.2,241.9699,27.16,-0.392,0.671,1.2,241.727,242.4708,242.5478,BEAR,241.5,242.3493,37.12,-0.556,17.09,False,True,False,True,False,False,False,False
2026-08-27T09:40:28,TATASTEEL,2026-08-27 09:35:00+05:30,BULL,NEAR,80.0,,ENTRY_TRIGGER,189.99,188.0965,71.33,1.29,1.535,1.2,189.2148,185.7312,187.3843,BULL,188.74,186.4206,72.01,2.165,31.53,True,False,False,False,False,False,False,False
2026-08-27T09:40:29,TITAN,2026-08-27 09:35:00+05:30,BEAR,NO_SIGNAL,60.0,,BELOW_WVWAP|ENTRY_TRIGGER,5091.2,5098.48,40.99,-0.145,2.712,1.2,5092.7103,5089.0894,5123.6997,BEAR,5089.1,5098.3231,44.86,-0.114,28.48,False,True,False,False,False,False,False,False
2026-08-27T09:40:29,INFY,2026-08-27 09:35:00+05:30,BEAR,NO_SIGNAL,40.0,,MACRO_BEAR|RVOL|ENTRY_TRIGGER,1117.7,1120.7129,33.3,-0.419,0.661,1.2,1121.3259,1128.4447,1125.0672,BEAR,1117.1,1122.3776,32.46,-0.348,13.73,False,True,False,False,False,False,False,False
2026-08-27T09:40:30,TRENT,2026-08-27 09:35:00+05:30,BEAR,NO_SIGNAL,60.0,VWAP_PULLBACK,MACRO_BEAR|RVOL,2906.7,2912.9032,40.39,-0.179,0.58,1.2,2915.1261,2918.1801,2918.9506,BEAR,2918.7,2916.658,51.21,0.148,16.5,False,True,False,True,False,True,False,False
2026-08-27T09:40:30,ASIANPAINT,2026-08-27 09:35:00+05:30,BULL,NO_SIGNAL,20.0,,MACRO_BULL|ST_BULL|RVOL|ENTRY_TRIGGER,2637.3,2640.8399,42.9,-0.125,0.737,1.2,2639.9291,2631.4536,2646.8357,BEAR,2640.1,2642.2198,48.37,-0.242,21.88,False,True,False,False,False,False,False,False
2026-08-27T09:40:31,ULTRACEMCO,2026-08-27 09:35:00+05:30,BULL,NO_SIGNAL,40.0,,ST_BULL|RVOL|ENTRY_TRIGGER,11708.0,11727.3099,46.08,-0.205,0.357,1.2,11730.4439,11580.9818,11818.4721,BEAR,11719.0,11686.6772,59.83,0.523,35.82,False,False,False,False,False,False,False,False
2026-08-27T09:40:32,HDFCBANK,2026-08-27 09:35:00+05:30,BEAR,NO_SIGNAL,40.0,,MACRO_BEAR|RVOL|ENTRY_TRIGGER,719.8,724.8022,23.84,-1.154,0.973,1.2,720.3403,725.9909,725.1173,BEAR,719.7,726.8602,24.0,-1.33,19.91,False,True,False,False,False,False,False,False
2026-08-27T09:40:32,RELIANCE,2026-08-27 09:35:00+05:30,BEAR,NO_SIGNAL,40.0,,MACRO_BEAR|RVOL|ENTRY_TRIGGER,1301.5,1302.7139,42.03,-0.084,0.573,1.2,1303.358,1306.2878,1305.1647,BEAR,1301.5,1304.8153,36.05,-0.428,19.75,False,True,False,False,False,False,False,False
2026-08-27T09:40:33,M&M,2026-08-27 09:35:00+05:30,BEAR,NO_SIGNAL,40.0,,MACRO_BEAR|RVOL|ENTRY_TRIGGER,3378.6,3407.0473,11.39,-1.28,0.563,1.2,3391.1189,3417.8782,3406.2966,BEAR,3378.2,3419.4745,18.6,-1.392,18.93,False,True,False,False,False,False,False,False
2026-08-27T09:40:33,SUNPHARMA,2026-08-27 09:35:00+05:30,BEAR,NO_SIGNAL,60.0,VWAP_PULLBACK,MACRO_BEAR|RVOL,1905.9,1911.2348,31.71,-0.423,0.386,1.2,1911.6469,1912.6458,1916.461,BEAR,1907.9,1913.9968,35.97,-0.407,15.48,False,True,False,True,False,False,False,False
2026-08-27T09:45:07,BEL,2026-08-27 09:40:00+05:30,BULL,NO_SIGNAL,40.0,,MACRO_BULL|RVOL|ENTRY_TRIGGER,412.5,409.9142,72.49,0.893,0.893,1.2,410.4757,409.1116,408.6107,BULL,412.5,409.4999,70.76,0.831,12.27,True,False,False,False,False,False,False,False
2026-08-27T09:45:07,TATACONSUM,2026-08-27 09:40:00+05:30,BEAR,NO_SIGNAL,60.0,BREAKOUT_CONTINUATION,MACRO_BEAR|RVOL,1041.0,1043.8294,39.26,-0.192,0.313,1.2,1044.0015,1050.8245,1048.3152,BEAR,1041.0,1045.563,37.27,-0.488,21.15,False,True,False,False,False,True,False,False
2026-08-27T09:45:08,BAJAJ-AUTO,2026-08-27 09:40:00+05:30,BEAR,NEAR,80.0,,ENTRY_TRIGGER,11670.0,11733.2948,30.45,-0.976,1.772,1.2,11700.6771,11795.2585,11748.6749,BEAR,11670.0,11769.2865,29.72,-0.639,24.09,False,True,False,False,False,False,False,False
2026-08-27T09:45:08,NESTLEIND,2026-08-27 09:40:00+05:30,BEAR,NO_SIGNAL,40.0,,MACRO_BEAR|RVOL|ENTRY_TRIGGER,1449.5,1454.368,40.35,-0.351,0.907,1.2,1456.8176,1463.4762,1462.8264,BEAR,1449.5,1455.6556,36.08,-0.255,16.71,False,True,False,False,False,False,False,False
2026-08-27T09:45:09,BAJFINANCE,2026-08-27 09:40:00+05:30,BULL,NO_SIGNAL,60.0,,RVOL|ENTRY_TRIGGER,1094.2,1091.9879,57.02,0.588,0.673,1.2,1099.6255,1086.2912,1088.1035,BULL,1094.2,1088.7038,61.51,0.662,30.58,True,False,False,False,False,False,False,False
2026-08-27T09:45:09,HINDALCO,2026-08-27 09:40:00+05:30,BEAR,NEAR,80.0,VWAP_PULLBACK,RVOL,1047.05,1051.095,40.04,-0.758,0.666,1.2,1049.8268,1050.4433,1057.2355,BEAR,1047.05,1049.8857,44.94,-0.043,28.31,False,True,False,True,False,False,False,False
2026-08-27T09:45:10,NTPC,2026-08-27 09:40:00+05:30,BEAR,NO_SIGNAL,60.0,VWAP_PULLBACK,MACRO_BEAR|RVOL,333.35,335.2414,22.27,-0.877,0.686,1.2,333.9386,338.7935,335.5833,BEAR,333.35,336.6799,25.3,-1.2,21.25,False,True,False,True,False,False,False,False
2026-08-27T09:45:11,HDFCLIFE,2026-08-27 09:40:00+05:30,BEAR,NO_SIGNAL,60.0,,RVOL|ENTRY_TRIGGER,553.7,556.7754,26.03,-0.939,0.171,1.2,554.1379,554.7203,557.252,BEAR,553.7,557.1432,39.58,-1.143,32.39,False,True,False,False,False,False,False,False
2026-08-27T09:45:11,SBILIFE,2026-08-27 09:40:00+05:30,BULL,NO_SIGNAL,40.0,,MACRO_BULL|RVOL|ENTRY_TRIGGER,1781.0,1775.6301,60.36,0.633,0.479,1.2,1775.5208,1768.3344,1767.4695,BULL,1781.0,1774.6402,57.65,0.0,21.73,True,False,False,False,False,False,False,False
2026-08-27T09:45:12,HINDUNILVR,2026-08-27 09:40:00+05:30,BEAR,NO_SIGNAL,40.0,,MACRO_BEAR|RVOL|ENTRY_TRIGGER,2018.0,2022.8673,35.44,-0.227,0.767,1.2,2021.5201,2023.2311,2028.2603,BEAR,2018.0,2025.8484,33.26,-0.576,19.22,False,True,False,False,False,False,False,False
2026-08-27T09:45:12,MARUTI,2026-08-27 09:40:00+05:30,BEAR,NO_SIGNAL,40.0,,MACRO_BEAR|RVOL|ENTRY_TRIGGER,13470.0,13528.0066,29.26,-0.59,0.743,1.2,13489.9283,13560.7201,13539.3498,BEAR,13470.0,13570.9831,28.19,-1.101,21.98,False,True,False,False,False,False,False,False
2026-08-27T09:45:13,ITC,2026-08-27 09:40:00+05:30,BEAR,NO_SIGNAL,60.0,,RVOL|ENTRY_TRIGGER,270.1,270.8027,32.43,-0.295,0.577,1.2,270.4305,270.1365,271.4818,BEAR,270.1,271.0405,39.29,-0.534,23.08,False,True,False,False,False,False,False,False
2026-08-27T09:45:13,TMPV,2026-08-27 09:40:00+05:30,BULL,NO_SIGNAL,20.0,,MACRO_BULL|ST_BULL|RVOL|ENTRY_TRIGGER,314.85,314.9876,47.2,-0.079,0.386,1.2,315.2243,314.2762,316.509,BEAR,314.85,314.9976,49.61,-0.174,21.88,False,False,False,False,False,False,False,False
2026-08-27T09:45:14,ADANIPORTS,2026-08-27 09:40:00+05:30,BULL,NO_SIGNAL,60.0,,RVOL|ENTRY_TRIGGER,1696.8,1697.2314,49.3,0.047,0.281,1.2,1698.7213,1690.8751,1690.3632,BULL,1696.8,1695.5054,53.86,0.266,30.25,False,False,False,False,False,False,False,False
2026-08-27T09:45:14,DRREDDY,2026-08-27 09:40:00+05:30,BEAR,NO_SIGNAL,40.0,,MACRO_BEAR|RVOL|ENTRY_TRIGGER,1179.6,1185.4891,29.98,-0.749,0.188,1.2,1182.4505,1186.6222,1189.9921,BEAR,1179.6,1186.4445,36.61,-0.623,14.77,False,True,False,False,False,False,False,False
2026-08-27T09:45:15,WIPRO,2026-08-27 09:40:00+05:30,BEAR,NO_SIGNAL,40.0,,ST_BEAR|RVOL|ENTRY_TRIGGER,177.46,177.5331,47.09,-0.219,0.469,1.2,177.6916,179.9207,177.2207,BULL,177.46,177.9582,37.81,-0.359,28.89,False,False,False,False,False,False,False,False
2026-08-27T09:45:15,ONGC,2026-08-27 09:40:00+05:30,BEAR,NEAR,80.0,TREND_CONTINUATION,RVOL,232.3,233.0238,36.45,-0.202,0.596,1.2,233.3817,234.5743,234.0589,BEAR,232.3,233.0681,37.03,-0.309,32.07,False,True,False,False,False,False,False,True
2026-08-27T09:45:16,SBIN,2026-08-27 09:40:00+05:30,BEAR,NO_SIGNAL,40.0,,BELOW_WVWAP|RVOL|ENTRY_TRIGGER,1048.0,1052.8109,29.57,-0.654,0.303,1.2,1050.266,1042.8342,1054.2973,BEAR,1048.0,1053.2914,36.92,-0.814,30.95,False,True,False,False,False,False,False,False
2026-08-27T09:45:16,EICHERMOT,2026-08-27 09:40:00+05:30,BEAR,NO_SIGNAL,60.0,,RVOL|ENTRY_TRIGGER,8022.0,8054.4711,35.28,-0.853,0.602,1.2,8023.6513,8042.9577,8069.5879,BEAR,8022.0,8063.7555,36.51,-0.699,41.87,False,True,False,False,False,False,False,False
2026-08-27T09:45:17,COALINDIA,2026-08-27 09:40:00+05:30,BEAR,NO_SIGNAL,60.0,VWAP_PULLBACK,MACRO_BEAR|RVOL,402.6,403.574,36.21,-0.347,0.129,1.2,403.183,404.179,404.5638,BEAR,402.6,403.6113,40.6,-0.482,17.96,False,True,False,True,False,False,False,False
2026-08-27T09:45:17,BAJAJFINSV,2026-08-27 09:40:00+05:30,BULL,NO_SIGNAL,40.0,,MACRO_BULL|RVOL|ENTRY_TRIGGER,2016.1,2014.3595,55.44,0.269,0.519,1.2,2016.3044,2008.177,2009.7907,BULL,2016.1,2012.0491,57.87,0.079,13.39,True,False,False,False,False,False,False,False
2026-08-27T09:45:18,MAXHEALTH,2026-08-27 09:40:00+05:30,BEAR,NO_SIGNAL,40.0,,BELOW_WVWAP|RVOL|ENTRY_TRIGGER,1003.7,1011.9557,28.0,-1.113,0.494,1.2,1006.9932,1000.2343,1015.6553,BEAR,1003.7,1013.1211,36.66,-1.356,38.41,False,True,False,False,False,False,False,False
2026-08-27T09:45:18,KOTAKBANK,2026-08-27 09:40:00+05:30,BULL,NEAR,80.0,,ENTRY_TRIGGER,424.95,418.5565,89.9,2.25,4.2,1.2,421.468,408.6535,418.0178,BULL,424.95,415.068,87.63,2.188,60.22,True,False,False,False,False,False,False,False
2026-08-27T09:45:19,APOLLOHOSP,2026-08-27 09:40:00+05:30,BEAR,NO_SIGNAL,40.0,,BELOW_WVWAP|RVOL|ENTRY_TRIGGER,8774.0,8797.9187,39.55,-0.414,0.851,1.2,8803.952,8719.4527,8839.6508,BEAR,8774.0,8797.2658,42.16,-0.318,39.57,False,True,False,False,False,False,False,False
2026-08-27T09:45:19,CIPLA,2026-08-27 09:40:00+05:30,BEAR,SIGNAL,100.0,VWAP_PULLBACK,,1403.4,1409.7633,32.87,-0.883,2.295,1.2,1407.0073,1420.434,1415.4854,BEAR,1403.4,1410.925,35.35,-0.171,29.6,False,True,False,True,False,False,False,False
2026-08-27T09:45:20,JSWSTEEL,2026-08-27 09:40:00+05:30,BULL,NO_SIGNAL,60.0,,RVOL|ENTRY_TRIGGER,1338.5,1336.1428,56.61,0.112,0.455,1.2,1341.7552,1318.6852,1331.3161,BULL,1338.5,1327.8688,74.73,1.348,52.98,True,False,False,False,False,False,False,False
2026-08-27T09:45:20,HCLTECH,2026-08-27 09:40:00+05:30,BEAR,NO_SIGNAL,60.0,,RVOL|ENTRY_TRIGGER,1283.3,1294.4769,16.45,-1.376,0.562,1.2,1290.7572,1307.8933,1294.5935,BEAR,1283.3,1298.6766,21.44,-1.201,22.19,False,True,False,False,False,False,False,False
2026-08-27T09:45:21,TCS,2026-08-27 09:40:00+05:30,BEAR,NO_SIGNAL,40.0,,MACRO_BEAR|RVOL|ENTRY_TRIGGER,2258.9,2267.039,21.36,-0.489,0.584,1.2,2266.1163,2283.3716,2274.5055,BEAR,2258.9,2271.5546,28.84,-0.445,15.94,False,True,False,False,False,False,False,False
2026-08-27T09:45:22,INDIGO,2026-08-27 09:40:00+05:30,BEAR,NO_SIGNAL,40.0,,BELOW_WVWAP|RVOL|ENTRY_TRIGGER,5220.0,5240.8852,24.67,-0.694,0.562,1.2,5229.9945,5173.5688,5247.399,BEAR,5220.0,5236.6989,44.94,-0.543,30.37,False,True,False,False,False,False,False,False
2026-08-27T09:45:22,BHARTIARTL,2026-08-27 09:40:00+05:30,BEAR,NO_SIGNAL,60.0,,RVOL|ENTRY_TRIGGER,1898.4,1907.3,27.29,-0.825,0.672,1.2,1900.4803,1927.9696,1906.5437,BEAR,1898.4,1914.6324,22.18,-0.919,38.8,False,True,False,False,False,False,False,False
2026-08-27T09:45:23,ETERNAL,2026-08-27 09:40:00+05:30,BULL,NO_SIGNAL,20.0,,MACRO_BULL|ABOVE_WVWAP|RVOL|ENTRY_TRIGGER,327.45,327.3574,52.22,0.199,0.464,1.2,328.6911,328.2659,325.9563,BULL,327.45,327.2905,49.89,0.352,25.53,False,False,False,False,False,False,False,False
2026-08-27T09:45:23,LT,2026-08-27 09:40:00+05:30,BEAR,NO_SIGNAL,60.0,,RVOL|ENTRY_TRIGGER,4047.3,4053.6851,38.95,-0.416,0.392,1.2,4046.1841,4084.1677,4070.9039,BEAR,4047.3,4062.1758,33.56,-0.099,24.65,False,True,False,False,False,False,False,False
2026-08-27T09:45:24,SHRIRAMFIN,2026-08-27 09:40:00+05:30,BEAR,NEAR,80.0,,ENTRY_TRIGGER,1099.1,1113.3334,19.43,-1.884,1.297,1.2,1107.6757,1121.009,1117.3061,BEAR,1099.1,1117.6628,26.9,-1.514,28.25,False,True,False,False,False,False,False,False
2026-08-27T09:45:24,GRASIM,2026-08-27 09:40:00+05:30,BULL,NO_SIGNAL,40.0,,MACRO_BULL|RVOL|ENTRY_TRIGGER,3281.1,3286.4322,45.64,-0.267,0.315,1.2,3286.3004,3275.5739,3274.1812,BULL,3281.1,3281.5461,50.83,0.281,30.83,False,False,False,False,False,False,False,False
2026-08-27T09:45:25,AXISBANK,2026-08-27 09:40:00+05:30,BULL,NEAR,80.0,VWAP_PULLBACK,RVOL,1257.5,1255.6221,59.34,0.183,0.508,1.2,1255.6086,1241.0156,1252.3842,BULL,1257.5,1252.658,68.02,0.143,44.0,True,False,True,False,False,False,False,False
2026-08-27T09:45:25,POWERGRID,2026-08-27 09:40:00+05:30,BEAR,NEAR,80.0,VWAP_PULLBACK,RVOL,264.4,265.8591,26.06,-1.011,0.375,1.2,264.554,269.1863,266.3424,BEAR,264.4,267.0488,19.94,-1.085,28.53,False,True,False,True,False,False,False,False
2026-08-27T09:45:26,ADANIENT,2026-08-27 09:40:00+05:30,BULL,NEAR,80.0,VWAP_PULLBACK,RVOL,3146.2,3137.7959,63.12,0.418,0.616,1.2,3142.9428,3073.8139,3126.217,BULL,3146.2,3127.5133,69.19,0.666,51.27,True,False,True,False,False,False,True,False
2026-08-27T09:45:26,TECHM,2026-08-27 09:40:00+05:30,BULL,NEAR,80.0,VWAP_PULLBACK,MACRO_BULL,1588.0,1578.1521,69.69,0.928,1.244,1.2,1586.6926,1582.1588,1575.6594,BULL,1588.0,1575.5626,65.13,1.321,20.64,True,False,True,False,False,False,False,False
2026-08-27T09:45:27,ICICIBANK,2026-08-27 09:40:00+05:30,BULL,NO_SIGNAL,40.0,,MACRO_BULL|RVOL|ENTRY_TRIGGER,1438.5,1437.0728,55.47,0.174,0.804,1.2,1438.698,1423.9997,1429.3,BULL,1438.5,1435.8388,60.5,0.0,23.54,True,False,False,False,False,False,False,False
2026-08-27T09:45:27,JIOFIN,2026-08-27 09:40:00+05:30,BEAR,NO_SIGNAL,40.0,,MACRO_BEAR|RVOL|ENTRY_TRIGGER,241.25,241.9045,29.06,-0.351,1.158,1.2,241.6614,242.463,242.4254,BEAR,241.25,242.2493,34.59,-0.536,17.6,False,True,False,False,False,False,False,False
2026-08-27T09:45:28,TATASTEEL,2026-08-27 09:40:00+05:30,BULL,NEAR,80.0,,ENTRY_TRIGGER,189.61,188.2341,66.53,1.179,1.241,1.2,189.2742,185.7806,187.3843,BULL,189.61,186.7105,75.6,2.216,33.83,True,False,False,False,False,False,False,False
2026-08-27T09:45:28,TITAN,2026-08-27 09:40:00+05:30,BULL,NO_SIGNAL,40.0,VWAP_PULLBACK,MACRO_BULL|ST_BULL|ENTRY_TRIGGER,5099.3,5098.5545,50.55,0.057,2.278,1.2,5093.7138,5089.3553,5123.6997,BEAR,5099.3,5098.4119,51.39,-0.01,26.87,False,False,True,False,False,False,False,False
2026-08-27T09:45:29,INFY,2026-08-27 09:40:00+05:30,BEAR,NO_SIGNAL,40.0,,MACRO_BEAR|RVOL|ENTRY_TRIGGER,1119.3,1120.5844,42.73,-0.267,0.586,1.2,1121.1658,1128.4209,1125.0672,BEAR,1119.3,1122.0978,40.29,-0.187,14.39,False,True,False,False,False,False,False,False
2026-08-27T09:45:29,TRENT,2026-08-27 09:40:00+05:30,BEAR,NO_SIGNAL,40.0,,MACRO_BEAR|RVOL|ENTRY_TRIGGER,2912.9,2912.9029,49.56,0.031,0.254,1.2,2914.9129,2918.172,2918.9506,BEAR,2912.9,2916.3164,45.76,0.014,15.82,False,False,False,False,False,False,False,False
2026-08-27T09:45:30,ASIANPAINT,2026-08-27 09:40:00+05:30,BULL,NO_SIGNAL,20.0,,MACRO_BULL|ST_BULL|RVOL|ENTRY_TRIGGER,2638.2,2640.5999,44.6,-0.114,0.45,1.2,2639.8023,2631.4704,2646.8357,BEAR,2638.2,2641.8543,45.94,-0.332,21.42,False,True,False,False,False,False,False,False
2026-08-27T09:45:31,ULTRACEMCO,2026-08-27 09:40:00+05:30,BULL,NO_SIGNAL,40.0,,ST_BULL|RVOL|ENTRY_TRIGGER,11713.0,11726.009,47.57,-0.535,0.181,1.2,11729.2613,11581.1494,11811.6904,BEAR,11713.0,11689.0702,58.43,0.334,34.59,False,False,False,False,False,False,False,False
2026-08-27T09:45:31,HDFCBANK,2026-08-27 09:40:00+05:30,BEAR,NO_SIGNAL,60.0,,RVOL|ENTRY_TRIGGER,720.8,724.4384,30.36,-0.989,0.786,1.2,720.3493,725.9492,725.1173,BEAR,720.8,726.3093,29.63,-1.213,22.57,False,True,False,False,False,False,False,False
2026-08-27T09:45:32,RELIANCE,2026-08-27 09:40:00+05:30,BEAR,NO_SIGNAL,40.0,,MACRO_BEAR|RVOL|ENTRY_TRIGGER,1302.7,1302.7126,48.26,-0.008,0.278,1.2,1303.3007,1306.2795,1305.1647,BEAR,1302.7,1304.623,41.3,-0.306,18.44,False,False,False,False,False,False,False,False
2026-08-27T09:45:32,M&M,2026-08-27 09:40:00+05:30,BEAR,NO_SIGNAL,60.0,,RVOL|ENTRY_TRIGGER,3382.1,3404.7794,18.37,-1.131,0.839,1.2,3390.4061,3417.6656,3406.2966,BEAR,3382.1,3416.0769,23.06,-1.284,22.7,False,True,False,False,False,False,False,False
2026-08-27T09:45:32,SUNPHARMA,2026-08-27 09:40:00+05:30,BEAR,NO_SIGNAL,40.0,,MACRO_BEAR|RVOL|ENTRY_TRIGGER,1910.0,1911.1225,45.35,-0.11,0.587,1.2,1911.4829,1912.6368,1916.461,BEAR,1910.0,1913.6334,41.53,-0.344,15.75,False,False,False,False,False,False,False,False
2026-08-27T09:50:07,BEL,2026-08-27 09:45:00+05:30,BULL,NO_SIGNAL,40.0,,MACRO_BULL|RVOL|ENTRY_TRIGGER,412.0,410.1038,66.97,0.77,0.487,1.2,410.5387,409.124,408.6985,BULL,412.5,409.4999,70.76,0.831,12.27,True,False,False,False,False,False,False,False
2026-08-27T09:50:08,TATACONSUM,2026-08-27 09:45:00+05:30,BEAR,NO_SIGNAL,40.0,,MACRO_BEAR|RVOL|ENTRY_TRIGGER,1041.1,1043.5813,39.68,-0.306,0.259,1.2,1043.8138,1050.7998,1047.6274,BEAR,1041.0,1045.563,37.27,-0.488,21.15,False,True,False,False,False,False,False,False
2026-08-27T09:50:08,BAJAJ-AUTO,2026-08-27 09:45:00+05:30,BEAR,NO_SIGNAL,60.0,,RVOL|ENTRY_TRIGGER,11673.0,11727.8135,31.55,-0.9,0.528,1.2,11698.9337,11794.8301,11748.6749,BEAR,11670.0,11769.2865,29.72,-0.639,24.09,False,True,False,False,False,False,False,False
2026-08-27T09:50:09,NESTLEIND,2026-08-27 09:45:00+05:30,BEAR,NO_SIGNAL,40.0,,MACRO_BEAR|RVOL|ENTRY_TRIGGER,1446.4,1453.6436,36.07,-0.625,0.371,1.2,1456.4483,1463.4459,1460.8869,BEAR,1449.5,1455.6556,36.08,-0.255,16.71,False,True,False,False,False,False,False,False
2026-08-27T09:50:09,BAJFINANCE,2026-08-27 09:45:00+05:30,BULL,NO_SIGNAL,60.0,,RVOL|ENTRY_TRIGGER,1094.0,1092.1708,56.48,0.441,0.385,1.2,1099.4748,1086.3187,1088.1035,BULL,1094.2,1088.7038,61.51,0.662,30.58,True,False,False,False,False,False,False,False
2026-08-27T09:50:10,HINDALCO,2026-08-27 09:45:00+05:30,BEAR,NO_SIGNAL,60.0,,RVOL|ENTRY_TRIGGER,1048.2,1050.8318,43.37,-0.753,0.542,1.2,1049.6704,1050.4352,1057.2355,BEAR,1047.05,1049.8857,44.94,-0.043,28.31,False,True,False,False,False,False,False,False
2026-08-27T09:50:10,NTPC,2026-08-27 09:45:00+05:30,BEAR,NO_SIGNAL,60.0,VWAP_PULLBACK,MACRO_BEAR|RVOL,333.1,335.0467,20.96,-1.04,0.558,1.2,333.8975,338.7758,335.3357,BEAR,333.35,336.6799,25.3,-1.2,21.25,False,True,False,True,False,False,False,False
2026-08-27T09:50:11,HDFCLIFE,2026-08-27 09:45:00+05:30,BEAR,NO_SIGNAL,40.0,,BELOW_WVWAP|RVOL|ENTRY_TRIGGER,555.0,556.614,37.09,-0.778,0.772,1.2,554.2085,554.7197,557.252,BEAR,553.7,557.1432,39.58,-1.143,32.39,False,True,True,False,True,False,False,False
2026-08-27T09:50:11,SBILIFE,2026-08-27 09:45:00+05:30,BULL,NO_SIGNAL,40.0,,MACRO_BULL|RVOL|ENTRY_TRIGGER,1781.4,1776.1546,60.96,0.451,0.737,1.2,1776.0254,1768.3939,1767.4695,BULL,1781.0,1774.6402,57.65,0.0,21.73,True,False,False,False,False,False,False,False
2026-08-27T09:50:12,HINDUNILVR,2026-08-27 09:45:00+05:30,BEAR,NO_SIGNAL,60.0,VWAP_PULLBACK,MACRO_BEAR|RVOL,2017.5,2022.3794,34.54,-0.361,0.741,1.2,2021.1756,2023.2147,2028.2603,BEAR,2018.0,2025.8484,33.26,-0.576,19.22,False,True,False,True,False,False,False,False
2026-08-27T09:50:13,MARUTI,2026-08-27 09:45:00+05:30,BEAR,NO_SIGNAL,40.0,,MACRO_BEAR|RVOL|ENTRY_TRIGGER,13489.0,13524.4605,36.44,-0.45,0.414,1.2,13489.3764,13560.5106,13539.3498,BEAR,13470.0,13570.9831,28.19,-1.101,21.98,False,True,False,False,False,False,False,False
2026-08-27T09:50:13,ITC,2026-08-27 09:45:00+05:30,BEAR,NO_SIGNAL,40.0,,BELOW_WVWAP|RVOL|ENTRY_TRIGGER,270.15,270.7434,33.89,-0.406,0.215,1.2,270.4197,270.1364,271.413,BEAR,270.1,271.0405,39.29,-0.534,23.08,False,True,False,False,False,False,False,False
2026-08-27T09:50:14,TMPV,2026-08-27 09:45:00+05:30,BULL,NO_SIGNAL,60.0,VWAP_PULLBACK,MACRO_BULL|ST_BULL,316.35,315.1115,64.15,0.269,1.256,1.2,315.3276,314.2876,316.509,BEAR,314.85,314.9976,49.61,-0.174,21.88,True,False,True,False,True,False,False,False
2026-08-27T09:50:14,ADANIPORTS,2026-08-27 09:45:00+05:30,BULL,NO_SIGNAL,60.0,,RVOL|ENTRY_TRIGGER,1696.5,1697.1649,48.39,-0.147,0.35,1.2,1698.4912,1690.8905,1690.3632,BULL,1696.8,1695.5054,53.86,0.266,30.25,False,False,False,False,False,False,False,False
2026-08-27T09:50:15,DRREDDY,2026-08-27 09:45:00+05:30,BEAR,NO_SIGNAL,60.0,VWAP_PULLBACK,MACRO_BEAR|RVOL,1178.9,1184.8901,28.74,-0.849,0.303,1.2,1182.1427,1186.6073,1189.2503,BEAR,1179.6,1186.4445,36.61,-0.623,14.77,False,True,False,True,False,False,False,False
2026-08-27T09:50:15,WIPRO,2026-08-27 09:45:00+05:30,BEAR,NO_SIGNAL,40.0,VWAP_PULLBACK,ST_BEAR|RVOL|ENTRY_TRIGGER,177.45,177.5255,46.84,-0.225,0.452,1.2,177.6754,179.914,177.2207,BULL,177.46,177.9582,37.81,-0.359,28.89,False,False,False,True,False,False,False,False
2026-08-27T09:50:16,ONGC,2026-08-27 09:45:00+05:30,BEAR,NO_SIGNAL,60.0,,RVOL|ENTRY_TRIGGER,232.55,232.9807,41.85,-0.125,0.408,1.2,233.3372,234.5698,234.0533,BEAR,232.3,233.0681,37.03,-0.309,32.07,False,True,False,False,False,False,False,False
2026-08-27T09:50:16,SBIN,2026-08-27 09:45:00+05:30,BEAR,NO_SIGNAL,40.0,,BELOW_WVWAP|RVOL|ENTRY_TRIGGER,1048.1,1052.3826,30.11,-0.823,0.357,1.2,1050.1486,1042.8425,1054.2973,BEAR,1048.0,1053.2914,36.92,-0.814,30.95,False,True,False,False,False,False,False,False
2026-08-27T09:50:17,EICHERMOT,2026-08-27 09:45:00+05:30,BEAR,NO_SIGNAL,60.0,,RVOL|ENTRY_TRIGGER,8033.0,8052.5192,40.42,-0.698,0.568,1.2,8023.9627,8042.9189,8069.5879,BEAR,8022.0,8063.7555,36.51,-0.699,41.87,False,True,False,False,False,False,False,False
2026-08-27T09:50:18,COALINDIA,2026-08-27 09:45:00+05:30,BEAR,NO_SIGNAL,60.0,VWAP_PULLBACK,MACRO_BEAR|RVOL,402.65,403.49,37.04,-0.334,0.133,1.2,403.1612,404.1777,404.4889,BEAR,402.6,403.6113,40.6,-0.482,17.96,False,True,False,True,False,False,False,False
2026-08-27T09:50:18,BAJAJFINSV,2026-08-27 09:45:00+05:30,BULL,NO_SIGNAL,60.0,,MACRO_BULL|ENTRY_TRIGGER,2014.4,2014.3632,51.14,0.084,1.415,1.2,2016.1114,2008.2279,2009.7907,BULL,2016.1,2012.0491,57.87,0.079,13.39,False,False,False,False,False,False,False,False
2026-08-27T09:50:19,MAXHEALTH,2026-08-27 09:45:00+05:30,BEAR,NO_SIGNAL,40.0,,BELOW_WVWAP|RVOL|ENTRY_TRIGGER,1003.7,1011.2052,28.0,-1.259,0.362,1.2,1006.815,1000.2404,1013.9474,BEAR,1003.7,1013.1211,36.66,-1.356,38.41,False,True,False,False,False,False,False,False
2026-08-27T09:50:19,KOTAKBANK,2026-08-27 09:45:00+05:30,BULL,NO_SIGNAL,60.0,,RVOL|ENTRY_TRIGGER,426.1,419.2422,91.07,2.465,1.0,1.2,421.7611,408.8525,419.026,BULL,424.95,415.068,87.63,2.188,60.22,True,False,False,False,False,False,False,False
2026-08-27T09:50:20,APOLLOHOSP,2026-08-27 09:45:00+05:30,BEAR,NO_SIGNAL,40.0,,BELOW_WVWAP|RVOL|ENTRY_TRIGGER,8775.5,8795.8806,40.28,-0.38,0.773,1.2,8802.0207,8719.6142,8834.7722,BEAR,8774.0,8797.2658,42.16,-0.318,39.57,False,True,False,False,False,False,False,False
2026-08-27T09:50:20,CIPLA,2026-08-27 09:45:00+05:30,BEAR,NO_SIGNAL,60.0,,RVOL|ENTRY_TRIGGER,1404.5,1409.2848,36.53,-0.742,0.162,1.2,1406.9308,1420.4145,1415.0018,BEAR,1403.4,1410.925,35.35,-0.171,29.6,False,True,False,False,False,False,False,False
2026-08-27T09:50:21,JSWSTEEL,2026-08-27 09:45:00+05:30,BULL,NO_SIGNAL,60.0,,RVOL|ENTRY_TRIGGER,1338.0,1336.3116,55.68,0.067,0.438,1.2,1341.573,1318.7609,1331.3161,BULL,1338.5,1327.8688,74.73,1.348,52.98,True,False,False,False,False,False,False,False
2026-08-27T09:50:21,HCLTECH,2026-08-27 09:45:00+05:30,BEAR,NO_SIGNAL,60.0,,RVOL|ENTRY_TRIGGER,1283.4,1293.4699,16.9,-1.391,0.43,1.2,1290.4444,1307.8186,1294.1659,BEAR,1283.3,1298.6766,21.44,-1.201,22.19,False,True,False,False,False,False,False,False
2026-08-27T09:50:22,TCS,2026-08-27 09:45:00+05:30,BEAR,NO_SIGNAL,40.0,,MACRO_BEAR|RVOL|ENTRY_TRIGGER,2258.7,2266.2809,21.09,-0.564,0.506,1.2,2265.6885,2283.3062,2274.5055,BEAR,2258.9,2271.5546,28.84,-0.445,15.94,False,True,False,False,False,False,False,False
2026-08-27T09:50:22,INDIGO,2026-08-27 09:45:00+05:30,BEAR,NO_SIGNAL,40.0,,BELOW_WVWAP|RVOL|ENTRY_TRIGGER,5211.0,5238.1684,20.55,-0.837,0.531,1.2,5228.6046,5173.6519,5246.3777,BEAR,5220.0,5236.6989,44.94,-0.543,30.37,False,True,False,False,False,False,False,False
2026-08-27T09:50:23,BHARTIARTL,2026-08-27 09:45:00+05:30,BEAR,NEAR,80.0,,ENTRY_TRIGGER,1899.2,1906.5636,29.76,-0.758,2.344,1.2,1900.3614,1927.4251,1906.5437,BEAR,1898.4,1914.6324,22.18,-0.919,38.8,False,True,False,False,False,False,False,False
2026-08-27T09:50:24,ETERNAL,2026-08-27 09:45:00+05:30,BULL,NO_SIGNAL,40.0,,MACRO_BULL|ABOVE_WVWAP|ENTRY_TRIGGER,326.9,327.3158,47.1,-0.015,1.394,1.2,328.356,328.2521,325.9563,BULL,327.45,327.2905,49.89,0.352,25.53,False,False,False,True,False,False,False,False
2026-08-27T09:50:24,LT,2026-08-27 09:45:00+05:30,BEAR,NEAR,80.0,VWAP_PULLBACK,RVOL,4046.0,4052.9865,37.53,-0.511,0.317,1.2,4046.1943,4084.0992,4070.9039,BEAR,4047.3,4062.1758,33.56,-0.099,24.65,False,True,False,True,False,False,False,False
2026-08-27T09:50:25,SHRIRAMFIN,2026-08-27 09:45:00+05:30,BEAR,NEAR,80.0,,ENTRY_TRIGGER,1098.5,1111.9849,18.98,-2.007,1.314,1.2,1106.7658,1120.7828,1114.0052,BEAR,1099.1,1117.6628,26.9,-1.514,28.25,False,True,False,False,False,False,False,False
2026-08-27T09:50:25,GRASIM,2026-08-27 09:45:00+05:30,BULL,NO_SIGNAL,40.0,,MACRO_BULL|RVOL|ENTRY_TRIGGER,3283.9,3286.202,48.43,-0.067,0.429,1.2,3285.7928,3275.5883,3274.1812,BULL,3281.1,3281.5461,50.83,0.281,30.83,False,False,False,False,False,False,False,False
2026-08-27T09:50:26,AXISBANK,2026-08-27 09:45:00+05:30,BULL,SIGNAL,100.0,VWAP_PULLBACK,,1261.0,1256.111,68.75,0.374,1.442,1.2,1256.2461,1241.2025,1252.3842,BULL,1257.5,1252.658,68.02,0.143,44.0,True,False,True,False,True,False,False,False
2026-08-27T09:50:27,POWERGRID,2026-08-27 09:45:00+05:30,BEAR,NEAR,80.0,VWAP_PULLBACK,RVOL,264.15,265.7037,24.35,-1.141,0.322,1.2,264.542,269.1746,266.0292,BEAR,264.4,267.0488,19.94,-1.085,28.53,False,True,False,True,False,True,False,False
2026-08-27T09:50:27,ADANIENT,2026-08-27 09:45:00+05:30,BULL,NEAR,80.0,VWAP_PULLBACK,RVOL,3148.9,3138.8053,65.71,0.437,0.68,1.2,3143.1558,3074.1187,3126.217,BULL,3146.2,3127.5133,69.19,0.666,51.27,True,False,True,False,False,False,False,False
2026-08-27T09:50:28,TECHM,2026-08-27 09:45:00+05:30,BULL,NO_SIGNAL,40.0,,MACRO_BULL|RVOL|ENTRY_TRIGGER,1587.1,1578.9655,67.51,0.839,0.543,1.2,1586.7646,1582.185,1575.6594,BULL,1588.0,1575.5626,65.13,1.321,20.64,True,False,False,False,False,False,False,False
2026-08-27T09:50:28,ICICIBANK,2026-08-27 09:45:00+05:30,BULL,NO_SIGNAL,60.0,VWAP_PULLBACK,MACRO_BULL|RVOL,1441.0,1437.4298,62.4,0.299,1.088,1.2,1438.8358,1424.0979,1430.0223,BULL,1438.5,1435.8388,60.5,0.0,23.54,True,False,True,False,True,False,False,False
2026-08-27T09:50:29,JIOFIN,2026-08-27 09:45:00+05:30,BEAR,NO_SIGNAL,40.0,,MACRO_BEAR|RVOL|ENTRY_TRIGGER,241.3,241.8495,31.0,-0.433,0.595,1.2,241.6378,242.4592,242.4254,BEAR,241.25,242.2493,34.59,-0.536,17.6,False,True,False,False,False,False,False,False
2026-08-27T09:50:29,TATASTEEL,2026-08-27 09:45:00+05:30,BULL,NO_SIGNAL,60.0,,RVOL|ENTRY_TRIGGER,189.29,188.3301,62.7,0.81,0.373,1.2,189.2798,185.7953,187.3843,BULL,189.61,186.7105,75.6,2.216,33.83,True,False,False,False,False,False,False,False
2026-08-27T09:50:30,TITAN,2026-08-27 09:45:00+05:30,BULL,NO_SIGNAL,40.0,,MACRO_BULL|ST_BULL|ENTRY_TRIGGER,5090.9,5097.8587,42.8,-0.188,1.779,1.2,5093.6405,5089.4393,5123.6997,BEAR,5099.3,5098.4119,51.39,-0.01,26.87,False,True,False,False,False,False,False,False
2026-08-27T09:50:30,INFY,2026-08-27 09:45:00+05:30,BEAR,NO_SIGNAL,40.0,,MACRO_BEAR|RVOL|ENTRY_TRIGGER,1120.0,1120.5313,46.31,-0.267,0.681,1.2,1121.0821,1128.3963,1125.0672,BEAR,1119.3,1122.0978,40.29,-0.187,14.39,False,False,False,False,False,False,False,False
2026-08-27T09:50:31,TRENT,2026-08-27 09:45:00+05:30,BEAR,NO_SIGNAL,60.0,VWAP_PULLBACK,MACRO_BEAR|RVOL,2908.0,2912.4572,43.82,-0.22,0.593,1.2,2914.3394,2918.1493,2918.9506,BEAR,2912.9,2916.3164,45.76,0.014,15.82,False,True,False,True,False,False,False,False
2026-08-27T09:50:31,ASIANPAINT,2026-08-27 09:45:00+05:30,BULL,NO_SIGNAL,40.0,,MACRO_BULL|ST_BULL|ENTRY_TRIGGER,2632.7,2639.8817,37.28,-0.386,1.335,1.2,2638.8928,2631.4932,2646.8357,BEAR,2638.2,2641.8543,45.94,-0.332,21.42,False,True,False,False,False,False,False,False
2026-08-27T09:50:32,ULTRACEMCO,2026-08-27 09:45:00+05:30,BULL,NO_SIGNAL,40.0,,ST_BULL|RVOL|ENTRY_TRIGGER,11726.0,11726.0081,51.33,-0.543,0.219,1.2,11728.8474,11581.3676,11811.6904,BEAR,11713.0,11689.0702,58.43,0.334,34.59,False,False,False,False,False,False,False,False
2026-08-27T09:50:32,HDFCBANK,2026-08-27 09:45:00+05:30,BEAR,NO_SIGNAL,60.0,,RVOL|ENTRY_TRIGGER,721.25,724.1485,33.13,-0.968,0.828,1.2,720.4003,725.9125,725.1173,BEAR,720.8,726.3093,29.63,-1.213,22.57,False,True,False,False,False,False,False,False
2026-08-27T09:50:33,RELIANCE,2026-08-27 09:45:00+05:30,BEAR,NO_SIGNAL,40.0,,MACRO_BEAR|RVOL|ENTRY_TRIGGER,1303.3,1302.766,51.09,0.077,0.287,1.2,1303.2851,1306.2726,1305.1647,BEAR,1302.7,1304.623,41.3,-0.306,18.44,False,False,False,False,False,False,False,False
2026-08-27T09:50:33,M&M,2026-08-27 09:45:00+05:30,BEAR,NO_SIGNAL,60.0,,RVOL|ENTRY_TRIGGER,3389.7,3403.4085,31.06,-0.961,0.956,1.2,3390.1724,3417.4659,3406.2966,BEAR,3382.1,3416.0769,23.06,-1.284,22.7,False,True,False,False,False,False,False,False
2026-08-27T09:50:34,SUNPHARMA,2026-08-27 09:45:00+05:30,BEAR,NO_SIGNAL,40.0,,MACRO_BEAR|RVOL|ENTRY_TRIGGER,1910.2,1911.0387,45.92,-0.094,0.788,1.2,1911.3966,1912.6294,1916.461,BEAR,1910.0,1913.6334,41.53,-0.344,15.75,False,False,False,False,False,False,False,False
2026-08-27T09:55:07,BEL,2026-08-27 09:50:00+05:30,BULL,NO_SIGNAL,40.0,,MACRO_BULL|RVOL|ENTRY_TRIGGER,411.15,410.1989,58.77,0.563,0.477,1.2,410.5737,409.1336,408.6985,BULL,412.5,409.4999,70.76,0.831,12.27,True,False,False,False,False,False,False,False
2026-08-27T09:55:08,TATACONSUM,2026-08-27 09:50:00+05:30,BEAR,NO_SIGNAL,40.0,,MACRO_BEAR|RVOL|ENTRY_TRIGGER,1041.0,1043.3466,39.39,-0.468,0.344,1.2,1043.5562,1050.7653,1046.5449,BEAR,1041.0,1045.563,37.27,-0.488,21.15,False,True,False,False,False,False,False,False
2026-08-27T09:55:08,BAJAJ-AUTO,2026-08-27 09:50:00+05:30,BEAR,NEAR,80.0,VWAP_PULLBACK,RVOL,11651.0,11720.8304,28.04,-0.969,0.733,1.2,11696.282,11794.1978,11748.6749,BEAR,11670.0,11769.2865,29.72,-0.639,24.09,False,True,False,True,False,False,False,False
2026-08-27T09:55:09,NESTLEIND,2026-08-27 09:50:00+05:30,BEAR,NO_SIGNAL,60.0,,MACRO_BEAR|ENTRY_TRIGGER,1446.6,1453.0033,36.54,-0.611,1.222,1.2,1455.214,1463.3361,1458.0102,BEAR,1449.5,1455.6556,36.08,-0.255,16.71,False,True,False,False,False,False,False,False
2026-08-27T09:55:09,BAJFINANCE,2026-08-27 09:50:00+05:30,BULL,NO_SIGNAL,60.0,,RVOL|ENTRY_TRIGGER,1094.3,1092.3644,57.13,0.505,0.312,1.2,1099.3692,1086.3429,1088.1035,BULL,1094.2,1088.7038,61.51,0.662,30.58,True,False,False,False,False,False,False,False
2026-08-27T09:55:10,HINDALCO,2026-08-27 09:50:00+05:30,BEAR,NEAR,80.0,VWAP_PULLBACK,RVOL,1045.15,1050.3153,37.44,-1.168,0.64,1.2,1049.3288,1050.4178,1056.446,BEAR,1047.05,1049.8857,44.94,-0.043,28.31,False,True,False,True,False,False,False,True
2026-08-27T09:55:10,NTPC,2026-08-27 09:50:00+05:30,BEAR,NO_SIGNAL,60.0,BREAKOUT_CONTINUATION,MACRO_BEAR|RVOL,332.2,334.788,17.06,-1.263,0.924,1.2,333.7763,338.7424,334.8199,BEAR,333.35,336.6799,25.3,-1.2,21.25,False,True,False,False,False,True,False,False
2026-08-27T09:55:11,HDFCLIFE,2026-08-27 09:50:00+05:30,BEAR,NO_SIGNAL,40.0,,BELOW_WVWAP|RVOL|ENTRY_TRIGGER,555.15,556.4809,38.24,-0.715,0.385,1.2,554.2734,554.7204,557.252,BEAR,553.7,557.1432,39.58,-1.143,32.39,False,True,True,False,False,False,False,False
2026-08-27T09:55:11,SBILIFE,2026-08-27 09:50:00+05:30,BULL,NO_SIGNAL,40.0,,MACRO_BULL|RVOL|ENTRY_TRIGGER,1781.6,1776.6497,61.28,0.451,0.715,1.2,1776.4255,1768.4513,1767.4695,BULL,1781.0,1774.6402,57.65,0.0,21.73,True,False,False,False,False,False,False,False
2026-08-27T09:55:12,HINDUNILVR,2026-08-27 09:50:00+05:30,BEAR,NO_SIGNAL,60.0,BREAKOUT_CONTINUATION,MACRO_BEAR|RVOL,2015.2,2021.7267,30.72,-0.474,0.629,1.2,2020.7518,2023.1947,2026.0219,BEAR,2018.0,2025.8484,33.26,-0.576,19.22,False,True,False,False,False,True,False,False
2026-08-27T09:55:12,MARUTI,2026-08-27 09:50:00+05:30,BEAR,NO_SIGNAL,60.0,VWAP_PULLBACK,MACRO_BEAR|RVOL,13465.0,13519.055,32.02,-0.591,0.478,1.2,13488.2449,13560.2446,13539.3498,BEAR,13470.0,13570.9831,28.19,-1.101,21.98,False,True,False,True,False,False,False,False
2026-08-27T09:55:13,ITC,2026-08-27 09:50:00+05:30,BEAR,NEAR,80.0,VWAP_PULLBACK,RVOL,269.85,270.6622,29.73,-0.479,0.791,1.2,270.3696,270.1355,271.2504,BEAR,270.1,271.0405,39.29,-0.534,23.08,False,True,False,True,False,False,False,False
2026-08-27T09:55:13,TMPV,2026-08-27 09:50:00+05:30,BULL,NO_SIGNAL,20.0,,MACRO_BULL|ST_BULL|RVOL|ENTRY_TRIGGER,315.8,315.1741,56.93,-0.032,0.386,1.2,315.3597,314.2915,316.509,BEAR,314.85,314.9976,49.61,-0.174,21.88,False,False,False,False,False,False,False,False
2026-08-27T09:55:14,ADANIPORTS,2026-08-27 09:50:00+05:30,BULL,NO_SIGNAL,60.0,,RVOL|ENTRY_TRIGGER,1695.0,1696.9681,44.05,-0.294,0.313,1.2,1698.3122,1690.904,1690.3632,BULL,1696.8,1695.5054,53.86,0.266,30.25,False,True,False,False,False,False,False,True
2026-08-27T09:55:14,DRREDDY,2026-08-27 09:50:00+05:30,BEAR,NO_SIGNAL,40.0,,MACRO_BEAR|RVOL|ENTRY_TRIGGER,1179.4,1184.391,30.94,-0.957,0.165,1.2,1181.9876,1186.599,1187.8431,BEAR,1179.6,1186.4445,36.61,-0.623,14.77,False,True,False,False,False,False,False,False
2026-08-27T09:55:15,WIPRO,2026-08-27 09:50:00+05:30,BEAR,NEAR,80.0,VWAP_PULLBACK,RVOL,177.22,177.4977,41.36,-0.332,0.419,1.2,177.6492,179.9075,178.0808,BEAR,177.46,177.9582,37.81,-0.359,28.89,False,True,False,True,False,False,False,True
2026-08-27T09:55:16,ONGC,2026-08-27 09:50:00+05:30,BEAR,NO_SIGNAL,60.0,,RVOL|ENTRY_TRIGGER,232.41,232.9288,39.81,-0.219,0.312,1.2,233.3038,234.5663,233.9014,BEAR,232.3,233.0681,37.03,-0.309,32.07,False,True,False,False,False,False,False,False
2026-08-27T09:55:16,SBIN,2026-08-27 09:50:00+05:30,BEAR,NO_SIGNAL,40.0,,BELOW_WVWAP|RVOL|ENTRY_TRIGGER,1048.7,1052.0478,33.41,-0.71,0.378,1.2,1050.0443,1042.8516,1054.1695,BEAR,1048.0,1053.2914,36.92,-0.814,30.95,False,True,False,False,False,False,False,False
2026-08-27T09:55:17,EICHERMOT,2026-08-27 09:50:00+05:30,BEAR,NO_SIGNAL,60.0,,RVOL|ENTRY_TRIGGER,8029.0,8050.3811,39.2,-0.686,0.417,1.2,8024.2682,8042.8956,8069.5879,BEAR,8022.0,8063.7555,36.51,-0.699,41.87,False,True,False,False,False,False,False,False
2026-08-27T09:55:17,COALINDIA,2026-08-27 09:50:00+05:30,BEAR,NO_SIGNAL,60.0,VWAP_PULLBACK,MACRO_BEAR|RVOL,402.2,403.3727,32.9,-0.433,0.174,1.2,403.117,404.1757,404.1655,BEAR,402.6,403.6113,40.6,-0.482,17.96,False,True,False,True,False,False,False,False
2026-08-27T09:55:18,BAJAJFINSV,2026-08-27 09:50:00+05:30,BULL,NO_SIGNAL,40.0,,MACRO_BULL|RVOL|ENTRY_TRIGGER,2014.2,2014.3484,50.64,-0.05,0.456,1.2,2016.0133,2008.2431,2009.7907,BULL,2016.1,2012.0491,57.87,0.079,13.39,False,False,False,False,False,False,False,False
2026-08-27T09:55:18,MAXHEALTH,2026-08-27 09:50:00+05:30,BEAR,NO_SIGNAL,40.0,,BELOW_WVWAP|RVOL|ENTRY_TRIGGER,1005.1,1010.6502,32.92,-1.228,0.715,1.2,1006.6199,1000.2569,1013.9474,BEAR,1003.7,1013.1211,36.66,-1.356,38.41,False,True,False,False,False,False,False,False
2026-08-27T09:55:19,KOTAKBANK,2026-08-27 09:50:00+05:30,BULL,NO_SIGNAL,60.0,,RVOL|ENTRY_TRIGGER,426.2,419.8748,91.16,2.304,0.759,1.2,421.9843,409.0096,419.7473,BULL,424.95,415.068,87.63,2.188,60.22,True,False,False,False,False,False,False,False
2026-08-27T09:55:19,APOLLOHOSP,2026-08-27 09:50:00+05:30,BEAR,NO_SIGNAL,40.0,,BELOW_WVWAP|RVOL|ENTRY_TRIGGER,8775.5,8794.0278,40.28,-0.448,0.276,1.2,8801.4239,8719.6745,8831.1976,BEAR,8774.0,8797.2658,42.16,-0.318,39.57,False,True,False,False,False,False,False,False
2026-08-27T09:55:20,CIPLA,2026-08-27 09:50:00+05:30,BEAR,NO_SIGNAL,60.0,,RVOL|ENTRY_TRIGGER,1405.4,1408.9317,39.43,-0.707,0.147,1.2,1406.8771,1420.3974,1414.5372,BEAR,1403.4,1410.925,35.35,-0.171,29.6,False,True,False,False,False,False,False,False
2026-08-27T09:55:20,JSWSTEEL,2026-08-27 09:50:00+05:30,BULL,NO_SIGNAL,60.0,,RVOL|ENTRY_TRIGGER,1336.3,1336.3106,52.51,-0.269,0.422,1.2,1341.3363,1318.8283,1331.3161,BULL,1338.5,1327.8688,74.73,1.348,52.98,False,False,False,False,False,False,False,False
2026-08-27T09:55:21,HCLTECH,2026-08-27 09:50:00+05:30,BEAR,NO_SIGNAL,60.0,,RVOL|ENTRY_TRIGGER,1283.6,1292.5726,17.86,-1.436,0.4,1.2,1290.1695,1307.7485,1293.1136,BEAR,1283.3,1298.6766,21.44,-1.201,22.19,False,True,False,False,False,False,False,False
2026-08-27T09:55:21,TCS,2026-08-27 09:50:00+05:30,BEAR,NEAR,80.0,BREAKOUT_CONTINUATION,MACRO_BEAR,2254.3,2265.1917,16.27,-0.757,1.238,1.2,2264.342,2283.1228,2271.9602,BEAR,2258.9,2271.5546,28.84,-0.445,15.94,False,True,False,False,False,True,False,False
2026-08-27T09:55:22,INDIGO,2026-08-27 09:50:00+05:30,BEAR,NO_SIGNAL,40.0,,BELOW_WVWAP|RVOL|ENTRY_TRIGGER,5209.0,5235.5167,19.76,-0.838,0.583,1.2,5227.0558,5173.7345,5240.2166,BEAR,5220.0,5236.6989,44.94,-0.543,30.37,False,True,False,False,False,False,False,False
2026-08-27T09:55:22,BHARTIARTL,2026-08-27 09:50:00+05:30,BEAR,NO_SIGNAL,60.0,,RVOL|ENTRY_TRIGGER,1903.1,1906.2487,40.36,-0.642,0.839,1.2,1900.469,1927.2329,1906.5437,BEAR,1898.4,1914.6324,22.18,-0.919,38.8,False,True,False,False,False,False,False,False
2026-08-27T09:55:23,ETERNAL,2026-08-27 09:50:00+05:30,BEAR,NO_SIGNAL,40.0,TREND_CONTINUATION,MACRO_BEAR|ST_BEAR|RVOL,326.2,327.2144,41.52,-0.199,0.524,1.2,328.2214,328.2445,325.9563,BULL,327.45,327.2905,49.89,0.352,25.53,False,True,False,False,False,False,False,True
2026-08-27T09:55:23,LT,2026-08-27 09:50:00+05:30,BEAR,NEAR,80.0,VWAP_PULLBACK,RVOL,4044.0,4052.1695,35.39,-0.441,0.309,1.2,4046.1501,4084.0303,4069.1818,BEAR,4047.3,4062.1758,33.56,-0.099,24.65,False,True,False,True,False,False,False,False
2026-08-27T09:55:24,SHRIRAMFIN,2026-08-27 09:50:00+05:30,BEAR,NO_SIGNAL,60.0,,RVOL|ENTRY_TRIGGER,1095.5,1110.4863,16.87,-2.405,0.715,1.2,1106.2705,1120.6499,1113.4331,BEAR,1099.1,1117.6628,26.9,-1.514,28.25,False,True,False,False,False,False,False,False
2026-08-27T09:55:24,GRASIM,2026-08-27 09:50:00+05:30,BULL,NO_SIGNAL,60.0,VWAP_PULLBACK,MACRO_BULL|RVOL,3291.4,3286.6745,55.07,0.012,0.245,1.2,3286.0045,3275.605,3274.1812,BULL,3281.1,3281.5461,50.83,0.281,30.83,True,False,True,False,True,False,True,False
2026-08-27T09:55:25,AXISBANK,2026-08-27 09:50:00+05:30,BULL,NEAR,80.0,,ENTRY_TRIGGER,1260.5,1256.51,66.39,0.31,1.635,1.2,1256.9252,1241.4324,1252.9452,BULL,1257.5,1252.658,68.02,0.143,44.0,True,False,False,False,False,False,False,False
2026-08-27T09:55:26,POWERGRID,2026-08-27 09:50:00+05:30,BEAR,NEAR,80.0,VWAP_PULLBACK,RVOL,263.5,265.5034,20.58,-1.348,1.019,1.2,264.446,269.1337,265.6643,BEAR,264.4,267.0488,19.94,-1.085,28.53,False,True,False,True,False,True,False,False
2026-08-27T09:55:26,ADANIENT,2026-08-27 09:50:00+05:30,BULL,NEAR,80.0,VWAP_PULLBACK,RVOL,3150.2,3139.8412,66.92,0.389,1.099,1.2,3143.845,3074.6313,3126.217,BULL,3146.2,3127.5133,69.19,0.666,51.27,True,False,True,False,False,False,True,False
2026-08-27T09:55:27,TECHM,2026-08-27 09:50:00+05:30,BULL,NO_SIGNAL,40.0,,MACRO_BULL|RVOL|ENTRY_TRIGGER,1584.9,1579.505,62.39,0.699,0.281,1.2,1586.7173,1582.1933,1575.6594,BULL,1588.0,1575.5626,65.13,1.321,20.64,True,False,False,False,False,False,False,False
2026-08-27T09:55:27,ICICIBANK,2026-08-27 09:50:00+05:30,BULL,NO_SIGNAL,60.0,VWAP_PULLBACK,MACRO_BULL|RVOL,1441.3,1437.7817,63.14,0.348,0.409,1.2,1438.9006,1424.1372,1431.0263,BULL,1438.5,1435.8388,60.5,0.0,23.54,True,False,True,False,False,False,False,False
2026-08-27T09:55:28,JIOFIN,2026-08-27 09:50:00+05:30,BEAR,NO_SIGNAL,40.0,,MACRO_BEAR|RVOL|ENTRY_TRIGGER,241.2,241.7905,29.28,-0.577,0.901,1.2,241.5965,242.4528,242.2891,BEAR,241.25,242.2493,34.59,-0.536,17.6,False,True,False,False,False,False,False,False
2026-08-27T09:55:28,TATASTEEL,2026-08-27 09:50:00+05:30,BULL,NO_SIGNAL,60.0,,RVOL|ENTRY_TRIGGER,188.33,188.3301,52.87,-0.47,0.687,1.2,189.2211,185.8167,187.3843,BULL,189.61,186.7105,75.6,2.216,33.83,False,False,False,False,False,False,False,False
2026-08-27T09:55:29,TITAN,2026-08-27 09:50:00+05:30,BEAR,NEAR,80.0,VWAP_PULLBACK,MACRO_BEAR,5080.2,5096.2533,35.37,-0.643,2.318,1.2,5092.253,5089.2722,5123.6997,BEAR,5099.3,5098.4119,51.39,-0.01,26.87,False,True,False,True,False,True,False,True
2026-08-27T09:55:29,INFY,2026-08-27 09:50:00+05:30,BEAR,NO_SIGNAL,60.0,VWAP_PULLBACK,MACRO_BEAR|RVOL,1117.8,1120.283,38.23,-0.454,0.533,1.2,1120.9428,1128.3736,1125.0672,BEAR,1119.3,1122.0978,40.29,-0.187,14.39,False,True,False,True,False,False,False,False
2026-08-27T09:55:30,TRENT,2026-08-27 09:50:00+05:30,BEAR,NO_SIGNAL,40.0,,MACRO_BEAR|RVOL|ENTRY_TRIGGER,2905.3,2911.8066,41.0,-0.435,0.75,1.2,2913.2418,2918.106,2918.9506,BEAR,2912.9,2916.3164,45.76,0.014,15.82,False,True,False,False,False,False,False,False
2026-08-27T09:55:30,ASIANPAINT,2026-08-27 09:50:00+05:30,BEAR,NO_SIGNAL,60.0,BREAKOUT_CONTINUATION,MACRO_BEAR|RVOL,2629.3,2638.9197,33.61,-0.579,0.56,1.2,2638.2599,2631.4879,2646.3982,BEAR,2638.2,2641.8543,45.94,-0.332,21.42,False,True,False,False,False,True,False,False
2026-08-27T09:55:31,ULTRACEMCO,2026-08-27 09:50:00+05:30,BULL,NO_SIGNAL,40.0,,ST_BULL|RVOL|ENTRY_TRIGGER,11727.0,11726.0983,51.62,-0.619,0.264,1.2,11729.0044,11581.641,11811.6904,BEAR,11713.0,11689.0702,58.43,0.334,34.59,False,False,False,False,False,False,False,False
2026-08-27T09:55:31,HDFCBANK,2026-08-27 09:50:00+05:30,BEAR,NO_SIGNAL,60.0,,RVOL|ENTRY_TRIGGER,720.7,723.835,31.48,-0.996,1.108,1.2,720.4146,725.8561,725.1173,BEAR,720.8,726.3093,29.63,-1.213,22.57,False,True,False,False,False,False,False,False
2026-08-27T09:55:32,RELIANCE,2026-08-27 09:50:00+05:30,BEAR,NO_SIGNAL,40.0,VWAP_PULLBACK,MACRO_BEAR|RVOL|ENTRY_TRIGGER,1303.0,1302.7873,49.63,0.169,0.325,1.2,1303.2693,1306.2648,1305.1647,BEAR,1302.7,1304.623,41.3,-0.306,18.44,False,False,False,True,False,False,False,False
2026-08-27T09:55:32,M&M,2026-08-27 09:50:00+05:30,BEAR,NEAR,80.0,VWAP_PULLBACK,RVOL,3386.6,3401.8805,29.07,-1.092,0.553,1.2,3390.064,3417.3489,3406.2966,BEAR,3382.1,3416.0769,23.06,-1.284,22.7,False,True,False,True,False,False,False,False
2026-08-27T09:55:33,SUNPHARMA,2026-08-27 09:50:00+05:30,BEAR,NEAR,80.0,VWAP_PULLBACK,MACRO_BEAR,1907.9,1910.7533,40.69,-0.178,1.377,1.2,1911.0361,1912.6046,1916.461,BEAR,1910.0,1913.6334,41.53,-0.344,15.75,False,True,False,True,False,False,False,False
2026-08-27T10:00:03,BEL,2026-08-27 09:55:00+05:30,BULL,NO_SIGNAL,40.0,,MACRO_BULL|RVOL|ENTRY_TRIGGER,410.85,410.2581,56.16,0.489,0.641,1.2,410.584,409.1427,408.6985,BULL,410.85,409.6227,57.8,0.379,14.16,True,False,False,False,False,False,False,False
2026-08-27T10:00:03,TATACONSUM,2026-08-27 09:55:00+05:30,BEAR,NO_SIGNAL,60.0,,RVOL|ENTRY_TRIGGER,1040.3,1043.0696,37.27,-0.431,0.764,1.2,1042.912,1050.6802,1045.7742,BEAR,1040.3,1045.0845,36.1,-0.412,22.12,False,True,False,False,False,False,False,False
2026-08-27T10:00:04,BAJAJ-AUTO,2026-08-27 09:55:00+05:30,BEAR,NO_SIGNAL,60.0,,RVOL|ENTRY_TRIGGER,11643.0,11713.7549,26.87,-1.029,1.003,1.2,11691.7338,11793.2292,11736.7383,BEAR,11643.0,11757.8059,26.94,-0.868,25.92,False,True,False,False,False,False,False,False
2026-08-27T10:00:04,NESTLEIND,2026-08-27 09:55:00+05:30,BEAR,NO_SIGNAL,40.0,,MACRO_BEAR|RVOL|ENTRY_TRIGGER,1445.8,1452.3484,35.42,-0.66,0.295,1.2,1454.9522,1463.309,1457.7016,BEAR,1445.8,1454.7597,31.57,-0.448,15.76,False,True,False,False,False,False,False,False
2026-08-27T10:00:05,BAJFINANCE,2026-08-27 09:55:00+05:30,BULL,NO_SIGNAL,60.0,,RVOL|ENTRY_TRIGGER,1093.3,1092.4494,54.21,0.487,0.229,1.2,1099.2827,1086.3592,1088.1035,BULL,1093.3,1089.1217,59.53,0.607,32.79,False,False,False,False,False,False,False,False
2026-08-27T10:00:05,HINDALCO,2026-08-27 09:55:00+05:30,BEAR,NO_SIGNAL,60.0,,RVOL|ENTRY_TRIGGER,1045.85,1049.9094,39.48,-0.961,0.238,1.2,1049.1943,1050.4103,1054.3466,BEAR,1045.85,1049.5189,42.86,-0.072,27.21,False,True,False,False,False,False,False,False
2026-08-27T10:00:06,NTPC,2026-08-27 09:55:00+05:30,BEAR,NEAR,80.0,BREAKOUT_CONTINUATION,RVOL,331.95,334.53,16.16,-1.323,0.675,1.2,333.6699,338.7155,334.1063,BEAR,331.95,336.2499,21.26,-1.615,22.98,False,True,False,False,False,True,False,False
2026-08-27T10:00:07,HDFCLIFE,2026-08-27 09:55:00+05:30,BEAR,NO_SIGNAL,40.0,,BELOW_WVWAP|RVOL|ENTRY_TRIGGER,555.0,556.3463,37.5,-0.698,0.434,1.2,554.3273,554.721,557.252,BEAR,555.0,556.9484,44.6,-0.964,31.05,False,True,False,False,False,False,False,False
2026-08-27T10:00:07,SBILIFE,2026-08-27 09:55:00+05:30,BULL,NO_SIGNAL,40.0,,MACRO_BULL|RVOL|ENTRY_TRIGGER,1782.9,1777.2179,63.37,0.468,0.511,1.2,1776.7217,1768.4952,1767.4695,BULL,1782.9,1775.3911,59.34,0.107,21.49,True,False,False,False,False,False,False,False
2026-08-27T10:00:08,HINDUNILVR,2026-08-27 09:55:00+05:30,BEAR,NEAR,80.0,BREAKOUT_CONTINUATION,MACRO_BEAR,2010.5,2020.7061,24.69,-0.682,1.779,1.2,2019.1651,2023.1108,2023.9545,BEAR,2010.5,2024.4531,25.43,-0.892,20.86,False,True,False,False,False,True,False,False
2026-08-27T10:00:08,MARUTI,2026-08-27 09:55:00+05:30,BEAR,SIGNAL,100.0,VWAP_PULLBACK,,13435.0,13511.4137,27.53,-0.79,1.557,1.2,13479.7068,13559.0984,13534.4312,BEAR,13435.0,13558.621,24.65,-1.3,22.67,False,True,False,True,False,False,False,False
2026-08-27T10:00:09,ITC,2026-08-27 09:55:00+05:30,BEAR,NEAR,80.0,VWAP_PULLBACK,RVOL,269.65,270.5702,27.33,-0.553,0.985,1.2,270.3108,270.1339,271.2504,BEAR,269.65,270.9141,35.4,-0.7,24.15,False,True,False,True,False,True,False,False
2026-08-27T10:00:09,TMPV,2026-08-27 09:55:00+05:30,BULL,NO_SIGNAL,20.0,,MACRO_BULL|ST_BULL|RVOL|ENTRY_TRIGGER,315.3,315.1855,51.28,-0.19,0.35,1.2,315.3634,314.2938,316.509,BEAR,315.3,315.025,53.46,-0.079,23.21,False,False,False,False,False,False,False,False
2026-08-27T10:00:10,ADANIPORTS,2026-08-27 09:55:00+05:30,BULL,NO_SIGNAL,40.0,,MACRO_BULL|RVOL|ENTRY_TRIGGER,1695.4,1696.8255,45.45,-0.247,0.211,1.2,1698.1916,1690.9124,1690.3632,BULL,1695.4,1695.4958,51.04,0.124,31.35,False,False,False,False,False,False,False,False
2026-08-27T10:00:10,DRREDDY,2026-08-27 09:55:00+05:30,BEAR,NO_SIGNAL,40.0,,MACRO_BEAR|RVOL|ENTRY_TRIGGER,1179.4,1183.9372,30.94,-0.874,0.367,1.2,1181.7358,1186.5816,1187.7584,BEAR,1179.4,1185.8041,36.33,-0.974,15.25,False,True,False,False,False,False,False,False
2026-08-27T10:00:11,WIPRO,2026-08-27 09:55:00+05:30,BEAR,NO_SIGNAL,60.0,,RVOL|ENTRY_TRIGGER,177.15,177.4661,39.83,-0.237,0.208,1.2,177.633,179.9041,178.0808,BEAR,177.15,177.8848,34.16,-0.31,26.94,False,True,False,False,False,False,False,False
2026-08-27T10:00:11,ONGC,2026-08-27 09:55:00+05:30,BEAR,NO_SIGNAL,60.0,,RVOL|ENTRY_TRIGGER,232.35,232.8762,38.94,-0.305,0.434,1.2,233.2563,234.5611,233.6605,BEAR,232.35,233.0028,37.94,-0.352,31.16,False,True,False,False,False,False,False,False
2026-08-27T10:00:12,SBIN,2026-08-27 09:55:00+05:30,BEAR,NO_SIGNAL,40.0,,BELOW_WVWAP|RVOL|ENTRY_TRIGGER,1048.0,1051.6798,31.54,-0.795,0.244,1.2,1049.9825,1042.8574,1054.1095,BEAR,1048.0,1052.8103,36.92,-0.833,30.03,False,True,False,False,False,False,False,False
2026-08-27T10:00:12,EICHERMOT,2026-08-27 09:55:00+05:30,BEAR,NO_SIGNAL,60.0,,RVOL|ENTRY_TRIGGER,8026.5,8048.2101,38.42,-0.644,0.22,1.2,8024.2993,8042.8762,8069.5879,BEAR,8026.5,8060.3687,38.36,-0.65,41.17,False,True,False,False,False,False,False,False
2026-08-27T10:00:13,COALINDIA,2026-08-27 09:55:00+05:30,BEAR,NO_SIGNAL,40.0,,MACRO_BEAR|RVOL|ENTRY_TRIGGER,402.2,403.2661,32.9,-0.421,0.186,1.2,403.0679,404.1734,403.8597,BEAR,402.2,403.483,37.69,-0.495,16.78,False,True,False,False,False,False,False,False
2026-08-27T10:00:13,BAJAJFINSV,2026-08-27 09:55:00+05:30,BULL,NO_SIGNAL,40.0,,MACRO_BULL|RVOL|ENTRY_TRIGGER,2012.5,2014.1804,46.49,-0.124,0.532,1.2,2015.8035,2008.2556,2009.7907,BULL,2012.5,2012.0901,51.85,-0.035,12.83,False,False,False,False,False,False,False,False
2026-08-27T10:00:14,MAXHEALTH,2026-08-27 09:55:00+05:30,BEAR,NO_SIGNAL,40.0,,BELOW_WVWAP|RVOL|ENTRY_TRIGGER,1005.0,1010.1365,32.75,-1.17,0.369,1.2,1006.5508,1000.2665,1013.9474,BEAR,1005.0,1012.3828,39.12,-1.151,37.07,False,True,False,False,False,False,False,False
2026-08-27T10:00:14,KOTAKBANK,2026-08-27 09:55:00+05:30,BULL,NO_SIGNAL,60.0,,RVOL|ENTRY_TRIGGER,426.0,420.4316,89.11,2.244,0.977,1.2,422.2504,409.2137,420.2655,BULL,426.0,416.0618,88.44,2.478,61.94,True,False,False,False,False,False,False,False
2026-08-27T10:00:15,APOLLOHOSP,2026-08-27 09:55:00+05:30,BEAR,NO_SIGNAL,60.0,TREND_CONTINUATION,BELOW_WVWAP|RVOL,8760.5,8790.9799,35.3,-0.652,0.264,1.2,8800.6533,8719.7216,8824.205,BEAR,8760.5,8793.9235,38.0,-0.466,39.44,False,True,False,False,False,False,False,True
2026-08-27T10:00:15,CIPLA,2026-08-27 09:55:00+05:30,BEAR,NEAR,80.0,VWAP_PULLBACK,RVOL,1404.5,1408.5288,37.58,-0.749,0.076,1.2,1406.8509,1420.3894,1413.8605,BEAR,1404.5,1410.3409,37.76,-0.064,30.19,False,True,False,True,False,False,False,False
2026-08-27T10:00:16,JSWSTEEL,2026-08-27 09:55:00+05:30,BULL,NO_SIGNAL,60.0,,RVOL|ENTRY_TRIGGER,1338.8,1336.5369,56.43,-0.022,0.913,1.2,1341.0321,1318.9828,1331.3161,BULL,1338.8,1328.8625,75.03,1.019,54.31,False,False,False,False,False,False,False,False
2026-08-27T10:00:17,HCLTECH,2026-08-27 09:55:00+05:30,BEAR,NO_SIGNAL,60.0,,RVOL|ENTRY_TRIGGER,1282.5,1291.657,16.72,-1.422,0.488,1.2,1289.8317,1307.661,1291.9831,BEAR,1282.5,1297.206,20.87,-1.194,24.64,False,True,False,False,False,False,False,False
2026-08-27T10:00:17,TCS,2026-08-27 09:55:00+05:30,BEAR,NO_SIGNAL,40.0,,MACRO_BEAR|RVOL|ENTRY_TRIGGER,2253.0,2264.0834,15.17,-0.823,0.572,1.2,2263.6777,2283.0282,2267.9159,BEAR,2253.0,2269.8678,24.54,-0.675,15.04,False,True,False,False,False,False,False,False
2026-08-27T10:00:18,INDIGO,2026-08-27 09:55:00+05:30,BEAR,NO_SIGNAL,40.0,,BELOW_WVWAP|RVOL|ENTRY_TRIGGER,5203.5,5232.6061,17.74,-0.98,0.48,1.2,5225.6132,5173.7925,5234.1857,BEAR,5203.5,5233.6808,38.11,-0.876,30.49,False,True,False,False,False,False,False,False
2026-08-27T10:00:18,BHARTIARTL,2026-08-27 09:55:00+05:30,BEAR,NO_SIGNAL,60.0,,RVOL|ENTRY_TRIGGER,1903.5,1905.9988,41.34,-0.652,0.48,1.2,1900.5375,1927.1237,1906.5437,BEAR,1903.5,1913.6204,32.56,-0.575,38.66,False,True,False,False,False,False,False,False
2026-08-27T10:00:19,ETERNAL,2026-08-27 09:55:00+05:30,BULL,NO_SIGNAL,20.0,,MACRO_BULL|ABOVE_WVWAP|RVOL|ENTRY_TRIGGER,326.45,327.1449,44.07,-0.168,0.898,1.2,328.0181,328.2309,325.9563,BULL,326.45,327.2141,43.72,0.123,24.58,False,True,False,False,False,False,False,False
2026-08-27T10:00:19,LT,2026-08-27 09:55:00+05:30,BEAR,NEAR,80.0,VWAP_PULLBACK,RVOL,4041.0,4051.1541,32.41,-0.554,0.365,1.2,4045.9326,4083.9443,4063.7558,BEAR,4041.0,4060.2507,30.09,-0.232,26.02,False,True,False,True,False,False,False,True
2026-08-27T10:00:20,SHRIRAMFIN,2026-08-27 09:55:00+05:30,BEAR,NO_SIGNAL,60.0,,RVOL|ENTRY_TRIGGER,1096.2,1109.1875,19.13,-2.221,0.825,1.2,1105.6715,1120.4858,1109.7855,BEAR,1096.2,1115.7117,25.18,-1.616,29.71,False,True,False,False,False,False,False,False
2026-08-27T10:00:20,GRASIM,2026-08-27 09:55:00+05:30,BULL,NEAR,80.0,VWAP_PULLBACK,RVOL,3292.9,3287.2405,56.29,0.137,0.305,1.2,3286.3874,3275.6289,3274.1812,BULL,3292.9,3282.5783,55.91,0.363,31.68,True,False,True,False,False,False,True,False
2026-08-27T10:00:21,AXISBANK,2026-08-27 09:55:00+05:30,BULL,NO_SIGNAL,60.0,,RVOL|ENTRY_TRIGGER,1260.2,1256.8455,64.94,0.271,1.141,1.2,1257.2703,1241.5968,1252.9452,BULL,1260.2,1253.3437,72.23,0.366,45.42,True,False,False,False,False,False,False,False
2026-08-27T10:00:21,POWERGRID,2026-08-27 09:55:00+05:30,BEAR,NO_SIGNAL,60.0,,RVOL|ENTRY_TRIGGER,263.25,265.2985,19.34,-1.386,0.896,1.2,264.3363,269.0939,265.0873,BEAR,263.25,266.7034,16.19,-1.478,31.19,False,True,False,False,False,False,False,False
2026-08-27T10:00:22,ADANIENT,2026-08-27 09:55:00+05:30,BULL,NO_SIGNAL,60.0,,RVOL|ENTRY_TRIGGER,3146.4,3140.4375,60.25,0.29,0.761,1.2,3144.2208,3074.9929,3126.217,BULL,3146.4,3129.2303,69.28,0.534,51.17,True,False,False,False,False,False,False,False
2026-08-27T10:00:22,TECHM,2026-08-27 09:55:00+05:30,BULL,NO_SIGNAL,60.0,,RVOL|ENTRY_TRIGGER,1585.5,1580.05,63.21,0.699,0.274,1.2,1586.6594,1582.2002,1575.6594,BULL,1585.5,1576.466,61.36,1.155,22.68,True,False,False,False,False,False,False,False
2026-08-27T10:00:23,ICICIBANK,2026-08-27 09:55:00+05:30,BULL,NO_SIGNAL,60.0,,RVOL|ENTRY_TRIGGER,1439.5,1437.9379,56.01,0.216,0.34,1.2,1438.9316,1424.168,1431.3582,BULL,1439.5,1436.1717,62.65,0.111,24.32,True,False,False,False,False,False,False,False
2026-08-27T10:00:23,JIOFIN,2026-08-27 09:55:00+05:30,BEAR,NEAR,80.0,VWAP_PULLBACK,MACRO_BEAR,240.75,241.6959,23.06,-0.722,1.309,1.2,241.5096,242.441,242.1121,BEAR,240.75,242.113,30.16,-0.722,18.62,False,True,False,True,False,True,False,False
2026-08-27T10:00:24,TATASTEEL,2026-08-27 09:55:00+05:30,BULL,NO_SIGNAL,60.0,,RVOL|ENTRY_TRIGGER,188.15,188.3137,51.24,-0.302,0.53,1.2,189.1539,185.8308,187.3843,BULL,188.15,186.8414,61.37,1.429,34.81,False,False,False,False,False,False,False,False
2026-08-27T10:00:24,TITAN,2026-08-27 09:55:00+05:30,BEAR,NO_SIGNAL,60.0,,RVOL|ENTRY_TRIGGER,5085.0,5095.2303,40.37,-0.403,0.857,1.2,5091.5653,5089.1559,5120.8815,BEAR,5085.0,5097.1927,43.59,-0.298,26.65,False,True,False,False,False,False,False,False
2026-08-27T10:00:25,INFY,2026-08-27 09:55:00+05:30,BEAR,NO_SIGNAL,40.0,,MACRO_BEAR|RVOL|ENTRY_TRIGGER,1116.8,1119.9664,35.22,-0.508,1.028,1.2,1120.5526,1128.3232,1124.7583,BEAR,1116.8,1121.6162,35.28,-0.312,15.37,False,True,False,False,False,False,False,False
2026-08-27T10:00:25,TRENT,2026-08-27 09:55:00+05:30,BEAR,NO_SIGNAL,40.0,,MACRO_BEAR|RVOL|ENTRY_TRIGGER,2903.0,2911.006,38.72,-0.377,0.724,1.2,2912.1904,2918.0575,2918.9506,BEAR,2903.0,2915.1058,38.26,-0.405,14.74,False,True,False,False,False,False,False,False
2026-08-27T10:00:26,ASIANPAINT,2026-08-27 09:55:00+05:30,BEAR,NO_SIGNAL,60.0,,RVOL|ENTRY_TRIGGER,2629.6,2638.0725,34.23,-0.499,0.512,1.2,2637.7247,2631.4819,2644.7985,BEAR,2629.6,2640.7403,36.9,-0.661,22.1,False,True,False,False,False,False,False,False
2026-08-27T10:00:26,ULTRACEMCO,2026-08-27 09:55:00+05:30,BULL,NO_SIGNAL,40.0,,ST_BULL|RVOL|ENTRY_TRIGGER,11730.0,11726.453,52.53,-0.357,0.27,1.2,11729.1641,11581.9161,11811.6904,BEAR,11730.0,11692.7911,61.2,0.488,33.67,False,False,False,False,False,False,False,False
2026-08-27T10:00:27,HDFCBANK,2026-08-27 09:55:00+05:30,BEAR,NEAR,80.0,VWAP_PULLBACK,RVOL,720.2,723.5046,30.02,-1.099,0.719,1.2,720.4072,725.8164,725.1173,BEAR,720.2,725.7539,28.4,-1.255,24.41,False,True,False,True,False,False,False,False
2026-08-27T10:00:28,RELIANCE,2026-08-27 09:55:00+05:30,BEAR,NO_SIGNAL,40.0,VWAP_PULLBACK,MACRO_BEAR|RVOL|ENTRY_TRIGGER,1301.4,1302.6612,42.62,0.031,0.351,1.2,1303.1961,1306.2539,1305.1647,BEAR,1301.4,1304.33,37.69,-0.398,17.51,False,False,False,True,False,False,False,False
2026-08-27T10:00:28,M&M,2026-08-27 09:55:00+05:30,BEAR,NEAR,80.0,VWAP_PULLBACK,RVOL,3381.4,3400.0186,26.06,-1.215,0.673,1.2,3389.7066,3417.1823,3406.2966,BEAR,3381.4,3412.9244,22.81,-1.244,25.11,False,True,False,True,False,False,False,False
2026-08-27T10:00:29,SUNPHARMA,2026-08-27 09:55:00+05:30,BEAR,NO_SIGNAL,60.0,VWAP_PULLBACK,MACRO_BEAR|RVOL,1907.1,1910.4212,39.02,-0.293,0.564,1.2,1910.8589,1912.5918,1916.461,BEAR,1907.1,1913.0395,36.78,-0.532,16.0,False,True,False,True,False,False,False,False
2026-08-27T10:05:06,BEL,2026-08-27 10:00:00+05:30,BULL,NO_SIGNAL,60.0,VWAP_PULLBACK,MACRO_BULL|RVOL,411.0,410.3256,57.18,0.575,0.419,1.2,410.5913,409.1488,408.6985,BULL,410.85,409.6227,57.8,0.379,14.16,True,False,True,False,False,False,False,False
2026-08-27T10:05:07,TATACONSUM,2026-08-27 10:00:00+05:30,BEAR,NEAR,80.0,VWAP_PULLBACK,RVOL,1039.3,1042.7269,34.42,-0.622,0.275,1.2,1042.7613,1050.6514,1045.7742,BEAR,1040.3,1045.0845,36.1,-0.412,22.12,False,True,False,True,False,False,False,False
2026-08-27T10:05:07,BAJAJ-AUTO,2026-08-27 10:00:00+05:30,BEAR,NO_SIGNAL,60.0,,RVOL|ENTRY_TRIGGER,11643.0,11707.3227,26.87,-1.054,0.423,1.2,11689.9532,11792.8163,11729.8471,BEAR,11643.0,11757.8059,26.94,-0.868,25.92,False,True,False,False,False,False,False,False
2026-08-27T10:05:08,NESTLEIND,2026-08-27 10:00:00+05:30,BEAR,NO_SIGNAL,40.0,,MACRO_BEAR|RVOL|ENTRY_TRIGGER,1444.9,1451.6713,34.16,-0.681,0.229,1.2,1454.7444,1463.2872,1456.1514,BEAR,1445.8,1454.7597,31.57,-0.448,15.76,False,True,False,False,False,False,False,False
2026-08-27T10:05:08,BAJFINANCE,2026-08-27 10:00:00+05:30,BULL,NO_SIGNAL,60.0,,RVOL|ENTRY_TRIGGER,1091.5,1092.3631,49.32,0.322,0.407,1.2,1099.0907,1086.3814,1088.1035,BULL,1093.3,1089.1217,59.53,0.607,32.79,False,False,False,False,False,False,False,False
2026-08-27T10:05:09,HINDALCO,2026-08-27 10:00:00+05:30,BEAR,NO_SIGNAL,60.0,,RVOL|ENTRY_TRIGGER,1045.8,1049.5358,39.38,-1.074,0.276,1.2,1049.0591,1050.402,1053.9542,BEAR,1045.85,1049.5189,42.86,-0.072,27.21,False,True,False,False,False,False,False,False
2026-08-27T10:05:10,NTPC,2026-08-27 10:00:00+05:30,BEAR,NEAR,80.0,BREAKOUT_CONTINUATION,RVOL,331.5,334.2545,14.66,-1.471,0.792,1.2,333.528,338.6815,333.6447,BEAR,331.95,336.2499,21.26,-1.615,22.98,False,True,False,False,False,True,False,False
2026-08-27T10:05:10,HDFCLIFE,2026-08-27 10:00:00+05:30,BEAR,NEAR,80.0,VWAP_PULLBACK,RVOL,553.7,556.1057,31.79,-0.868,0.366,1.2,554.3136,554.7198,557.252,BEAR,555.0,556.9484,44.6,-0.964,31.05,False,True,False,True,False,False,False,False
2026-08-27T10:05:11,SBILIFE,2026-08-27 10:00:00+05:30,BULL,NO_SIGNAL,60.0,BREAKOUT_CONTINUATION,MACRO_BULL|RVOL,1783.8,1777.8163,64.78,0.496,0.552,1.2,1777.1302,1768.5505,1770.6127,BULL,1782.9,1775.3911,59.34,0.107,21.49,True,False,False,False,True,False,False,False
2026-08-27T10:05:11,HINDUNILVR,2026-08-27 10:00:00+05:30,BEAR,NO_SIGNAL,40.0,,MACRO_BEAR|RVOL|ENTRY_TRIGGER,2011.1,2019.8328,26.67,-0.598,1.112,1.2,2018.2281,2023.0481,2020.6467,BEAR,2010.5,2024.4531,25.43,-0.892,20.86,False,True,False,False,False,False,False,False
2026-08-27T10:05:12,MARUTI,2026-08-27 10:00:00+05:30,BEAR,NO_SIGNAL,60.0,,RVOL|ENTRY_TRIGGER,13417.0,13502.8306,25.24,-0.901,0.665,1.2,13475.1504,13558.492,13510.5125,BEAR,13435.0,13558.621,24.65,-1.3,22.67,False,True,False,False,False,False,False,False
2026-08-27T10:05:12,ITC,2026-08-27 10:00:00+05:30,BEAR,NO_SIGNAL,60.0,,RVOL|ENTRY_TRIGGER,269.55,270.4774,26.19,-0.572,0.534,1.2,270.2698,270.1323,270.8651,BEAR,269.65,270.9141,35.4,-0.7,24.15,False,True,False,False,False,False,False,False
2026-08-27T10:05:13,TMPV,2026-08-27 10:00:00+05:30,BULL,NO_SIGNAL,20.0,,MACRO_BULL|ST_BULL|RVOL|ENTRY_TRIGGER,314.85,315.155,46.79,0.0,0.582,1.2,315.3337,314.2959,316.509,BEAR,315.3,315.025,53.46,-0.079,23.21,False,False,False,False,False,False,False,False
2026-08-27T10:05:13,ADANIPORTS,2026-08-27 10:00:00+05:30,BULL,NO_SIGNAL,40.0,,MACRO_BULL|RVOL|ENTRY_TRIGGER,1697.1,1696.8505,51.08,-0.112,0.242,1.2,1698.1024,1690.9234,1690.3632,BULL,1695.4,1695.4958,51.04,0.124,31.35,False,False,False,False,False,False,False,False
2026-08-27T10:05:14,DRREDDY,2026-08-27 10:00:00+05:30,BEAR,NO_SIGNAL,60.0,VWAP_PULLBACK,MACRO_BEAR|RVOL,1178.6,1183.452,29.26,-0.908,0.34,1.2,1181.545,1186.5657,1187.7584,BEAR,1179.4,1185.8041,36.33,-0.974,15.25,False,True,False,True,False,False,False,False
2026-08-27T10:05:14,WIPRO,2026-08-27 10:00:00+05:30,BEAR,NO_SIGNAL,60.0,,RVOL|ENTRY_TRIGGER,177.09,177.4319,38.51,-0.186,0.339,1.2,177.6079,179.899,177.9473,BEAR,177.15,177.8848,34.16,-0.31,26.94,False,True,False,False,False,False,False,False
2026-08-27T10:05:15,ONGC,2026-08-27 10:00:00+05:30,BEAR,NEAR,80.0,TREND_CONTINUATION,RVOL,232.24,232.8184,37.31,-0.446,0.28,1.2,233.2251,234.5576,233.4997,BEAR,232.35,233.0028,37.94,-0.352,31.16,False,True,False,False,False,False,False,True
2026-08-27T10:05:15,SBIN,2026-08-27 10:00:00+05:30,BEAR,NO_SIGNAL,40.0,,BELOW_WVWAP|RVOL|ENTRY_TRIGGER,1047.1,1051.2635,29.27,-0.871,0.498,1.2,1049.8245,1042.8677,1053.3296,BEAR,1048.0,1052.8103,36.92,-0.833,30.03,False,True,False,False,False,False,False,False
2026-08-27T10:05:16,EICHERMOT,2026-08-27 10:00:00+05:30,BEAR,NEAR,80.0,VWAP_PULLBACK,RVOL,8004.0,8044.191,32.21,-0.867,1.18,1.2,8022.4766,8042.6491,8069.5879,BEAR,8026.5,8060.3687,38.36,-0.65,41.17,False,True,False,True,False,False,False,False
2026-08-27T10:05:16,COALINDIA,2026-08-27 10:00:00+05:30,BEAR,NO_SIGNAL,40.0,,MACRO_BEAR|RVOL|ENTRY_TRIGGER,401.9,403.1419,30.28,-0.446,0.214,1.2,403.0075,404.1706,403.6155,BEAR,402.2,403.483,37.69,-0.495,16.78,False,True,False,False,False,False,False,False
2026-08-27T10:05:17,BAJAJFINSV,2026-08-27 10:00:00+05:30,BULL,NO_SIGNAL,40.0,,MACRO_BULL|RVOL|ENTRY_TRIGGER,2010.3,2013.8276,41.73,-0.332,0.596,1.2,2015.4348,2008.2625,2009.7907,BULL,2012.5,2012.0901,51.85,-0.035,12.83,False,True,False,False,False,False,False,False
2026-08-27T10:05:17,MAXHEALTH,2026-08-27 10:00:00+05:30,BEAR,NO_SIGNAL,40.0,,BELOW_WVWAP|RVOL|ENTRY_TRIGGER,1004.6,1009.6332,32.03,-1.122,0.321,1.2,1006.4624,1000.2734,1013.6198,BEAR,1005.0,1012.3828,39.12,-1.151,37.07,False,True,False,False,False,False,False,False
2026-08-27T10:05:18,KOTAKBANK,2026-08-27 10:00:00+05:30,BULL,NO_SIGNAL,60.0,,RVOL|ENTRY_TRIGGER,426.35,420.9696,89.56,2.267,0.746,1.2,422.4424,409.3729,420.7883,BULL,426.0,416.0618,88.44,2.478,61.94,True,False,False,False,False,False,False,False
2026-08-27T10:05:18,APOLLOHOSP,2026-08-27 10:00:00+05:30,BEAR,NO_SIGNAL,40.0,,BELOW_WVWAP|RVOL|ENTRY_TRIGGER,8770.0,8789.0726,40.33,-0.477,0.517,1.2,8799.3468,8719.8171,8819.9615,BEAR,8760.5,8793.9235,38.0,-0.466,39.44,False,True,False,False,False,False,False,False
2026-08-27T10:05:19,CIPLA,2026-08-27 10:00:00+05:30,BEAR,NEAR,80.0,VWAP_PULLBACK,RVOL,1404.0,1408.1171,36.55,-0.693,0.151,1.2,1406.7911,1420.3734,1412.659,BEAR,1404.5,1410.3409,37.76,-0.064,30.19,False,True,False,True,False,False,False,False
2026-08-27T10:05:19,JSWSTEEL,2026-08-27 10:00:00+05:30,BULL,NEAR,80.0,TREND_CONTINUATION,RVOL,1340.4,1336.8881,58.78,0.03,0.924,1.2,1340.9234,1319.1575,1331.3161,BULL,1338.8,1328.8625,75.03,1.019,54.31,True,False,False,False,False,False,True,False
2026-08-27T10:05:20,HCLTECH,2026-08-27 10:00:00+05:30,BEAR,NO_SIGNAL,60.0,,RVOL|ENTRY_TRIGGER,1281.7,1290.7518,15.92,-1.521,0.493,1.2,1289.4653,1307.5679,1290.0141,BEAR,1282.5,1297.206,20.87,-1.194,24.64,False,True,False,False,False,False,False,False
2026-08-27T10:05:21,TCS,2026-08-27 10:00:00+05:30,BEAR,NO_SIGNAL,40.0,,MACRO_BEAR|RVOL|ENTRY_TRIGGER,2252.9,2263.0667,15.09,-0.784,0.558,1.2,2263.0569,2282.9335,2265.7136,BEAR,2253.0,2269.8678,24.54,-0.675,15.04,False,True,False,False,False,False,False,False
2026-08-27T10:05:21,INDIGO,2026-08-27 10:00:00+05:30,BEAR,NO_SIGNAL,40.0,,BELOW_WVWAP|RVOL|ENTRY_TRIGGER,5206.0,5230.1873,21.66,-0.97,0.44,1.2,5224.4266,5173.8457,5232.0163,BEAR,5203.5,5233.6808,38.11,-0.876,30.49,False,True,False,False,False,False,False,False
2026-08-27T10:05:22,BHARTIARTL,2026-08-27 10:00:00+05:30,BEAR,NO_SIGNAL,60.0,,RVOL|ENTRY_TRIGGER,1902.0,1905.6353,38.77,-0.715,0.439,1.2,1900.5988,1927.0237,1906.5437,BEAR,1903.5,1913.6204,32.56,-0.575,38.66,False,True,False,False,False,False,False,False
2026-08-27T10:05:22,ETERNAL,2026-08-27 10:00:00+05:30,BULL,NO_SIGNAL,20.0,,MACRO_BULL|ABOVE_WVWAP|RVOL|ENTRY_TRIGGER,326.1,327.0499,41.36,-0.351,0.319,1.2,327.951,328.2257,325.9563,BULL,326.45,327.2141,43.72,0.123,24.58,False,True,False,False,False,False,False,False
2026-08-27T10:05:23,LT,2026-08-27 10:00:00+05:30,BEAR,NO_SIGNAL,60.0,,RVOL|ENTRY_TRIGGER,4040.7,4050.2037,32.11,-0.434,0.398,1.2,4045.6468,4083.848,4060.3621,BEAR,4041.0,4060.2507,30.09,-0.232,26.02,False,True,False,False,False,False,False,False
2026-08-27T10:05:23,SHRIRAMFIN,2026-08-27 10:00:00+05:30,BEAR,NO_SIGNAL,60.0,,RVOL|ENTRY_TRIGGER,1097.7,1108.1432,23.9,-2.314,0.519,1.2,1105.3642,1120.3861,1109.7855,BEAR,1096.2,1115.7117,25.18,-1.616,29.71,False,True,False,False,False,False,False,False
2026-08-27T10:05:24,GRASIM,2026-08-27 10:00:00+05:30,BULL,NO_SIGNAL,60.0,,RVOL|ENTRY_TRIGGER,3291.0,3287.5823,54.29,0.046,0.253,1.2,3286.6216,3275.6479,3274.1812,BULL,3292.9,3282.5783,55.91,0.363,31.68,False,False,False,False,False,False,False,False
2026-08-27T10:05:24,AXISBANK,2026-08-27 10:00:00+05:30,BULL,SIGNAL,100.0,VWAP_PULLBACK,,1260.9,1257.2141,66.76,0.39,3.411,1.2,1257.7983,1242.0707,1252.9452,BULL,1260.2,1253.3437,72.23,0.366,45.42,True,False,True,False,False,False,False,False
2026-08-27T10:05:25,POWERGRID,2026-08-27 10:00:00+05:30,BEAR,NO_SIGNAL,60.0,,RVOL|ENTRY_TRIGGER,262.85,265.0759,17.52,-1.536,0.691,1.2,264.2422,269.0608,264.8605,BEAR,263.25,266.7034,16.19,-1.478,31.19,False,True,False,False,False,False,False,False
2026-08-27T10:05:25,ADANIENT,2026-08-27 10:00:00+05:30,BULL,NEAR,80.0,VWAP_PULLBACK,RVOL,3151.5,3141.4432,65.25,0.555,0.785,1.2,3144.5921,3075.3696,3126.217,BULL,3146.4,3129.2303,69.28,0.534,51.17,True,False,True,False,False,False,True,False
2026-08-27T10:05:26,TECHM,2026-08-27 10:00:00+05:30,BULL,NO_SIGNAL,60.0,,RVOL|ENTRY_TRIGGER,1584.3,1580.4364,60.37,0.757,0.273,1.2,1586.6114,1582.2052,1575.6594,BULL,1585.5,1576.466,61.36,1.155,22.68,True,False,False,False,False,False,False,False
2026-08-27T10:05:26,ICICIBANK,2026-08-27 10:00:00+05:30,BULL,NO_SIGNAL,60.0,,RVOL|ENTRY_TRIGGER,1438.8,1438.0162,53.47,0.272,0.411,1.2,1438.935,1424.2027,1431.3582,BULL,1439.5,1436.1717,62.65,0.111,24.32,False,False,False,False,False,False,False,False
2026-08-27T10:05:27,JIOFIN,2026-08-27 10:00:00+05:30,BEAR,NO_SIGNAL,40.0,,MACRO_BEAR|RVOL|ENTRY_TRIGGER,240.7,241.6054,22.49,-0.681,0.966,1.2,241.4382,242.4307,241.7711,BEAR,240.75,242.113,30.16,-0.722,18.62,False,True,False,False,False,False,False,False
2026-08-27T10:05:27,TATASTEEL,2026-08-27 10:00:00+05:30,BULL,NO_SIGNAL,60.0,,RVOL|ENTRY_TRIGGER,188.47,188.3279,53.95,-0.407,0.932,1.2,189.0777,185.8581,187.3843,BULL,188.15,186.8414,61.37,1.429,34.81,False,False,False,False,False,False,False,False
2026-08-27T10:05:28,TITAN,2026-08-27 10:00:00+05:30,BEAR,NO_SIGNAL,40.0,,BELOW_WVWAP|RVOL|ENTRY_TRIGGER,5094.9,5095.2003,49.12,-0.264,0.878,1.2,5091.4987,5089.1716,5120.8815,BEAR,5085.0,5097.1927,43.59,-0.298,26.65,False,False,True,False,False,False,False,False
2026-08-27T10:05:28,INFY,2026-08-27 10:00:00+05:30,BEAR,NO_SIGNAL,40.0,,MACRO_BEAR|RVOL|ENTRY_TRIGGER,1117.8,1119.7694,40.28,-0.41,0.46,1.2,1120.4278,1128.3016,1124.7583,BEAR,1116.8,1121.6162,35.28,-0.312,15.37,False,True,False,False,False,False,False,False
2026-08-27T10:05:29,TRENT,2026-08-27 10:00:00+05:30,BEAR,NO_SIGNAL,40.0,,MACRO_BEAR|RVOL|ENTRY_TRIGGER,2904.4,2910.4054,40.88,-0.326,0.512,1.2,2911.5948,2918.0242,2918.9506,BEAR,2903.0,2915.1058,38.26,-0.405,14.74,False,True,False,False,False,False,False,False
2026-08-27T10:05:29,ASIANPAINT,2026-08-27 10:00:00+05:30,BEAR,NO_SIGNAL,60.0,,RVOL|ENTRY_TRIGGER,2630.0,2637.3386,35.09,-0.36,0.349,1.2,2637.4007,2631.4781,2643.9059,BEAR,2629.6,2640.7403,36.9,-0.661,22.1,False,True,False,False,False,False,False,False
2026-08-27T10:05:30,ULTRACEMCO,2026-08-27 10:00:00+05:30,BULL,NEAR,80.0,VWAP_PULLBACK,ST_BULL,11798.0,11732.9573,67.43,0.28,1.305,1.2,11741.9139,11583.5997,11811.6904,BEAR,11730.0,11692.7911,61.2,0.488,33.67,True,False,True,False,True,False,False,False
2026-08-27T10:05:31,HDFCBANK,2026-08-27 10:00:00+05:30,BEAR,NO_SIGNAL,60.0,,RVOL|ENTRY_TRIGGER,720.4,723.2223,31.39,-1.058,0.432,1.2,720.4045,725.7926,724.6837,BEAR,720.2,725.7539,28.4,-1.255,24.41,False,True,False,False,False,False,False,False
2026-08-27T10:05:31,RELIANCE,2026-08-27 10:00:00+05:30,BEAR,NO_SIGNAL,60.0,VWAP_PULLBACK,MACRO_BEAR|RVOL,1300.3,1302.4465,38.59,-0.123,0.34,1.2,1303.0698,1306.2405,1305.1647,BEAR,1301.4,1304.33,37.69,-0.398,17.51,False,True,False,True,False,True,False,False
2026-08-27T10:05:32,M&M,2026-08-27 10:00:00+05:30,BEAR,NO_SIGNAL,60.0,,RVOL|ENTRY_TRIGGER,3378.2,3398.0351,24.39,-1.222,0.835,1.2,3389.0509,3416.9469,3401.5177,BEAR,3381.4,3412.9244,22.81,-1.244,25.11,False,True,False,False,False,False,False,False
2026-08-27T10:05:32,SUNPHARMA,2026-08-27 10:00:00+05:30,BEAR,NO_SIGNAL,60.0,VWAP_PULLBACK,MACRO_BEAR|RVOL,1903.3,1909.7738,32.27,-0.445,0.744,1.2,1910.5009,1912.5668,1916.461,BEAR,1907.1,1913.0395,36.78,-0.532,16.0,False,True,False,True,False,True,False,False
2026-08-27T10:10:07,BEL,2026-08-27 10:05:00+05:30,BULL,NO_SIGNAL,40.0,,MACRO_BULL|RVOL|ENTRY_TRIGGER,410.85,410.3732,55.78,0.514,0.282,1.2,410.5956,409.1529,408.6985,BULL,410.85,409.6227,57.8,0.379,14.16,True,False,False,False,False,False,False,False
2026-08-27T10:10:08,TATACONSUM,2026-08-27 10:05:00+05:30,BEAR,NO_SIGNAL,60.0,,RVOL|ENTRY_TRIGGER,1039.7,1042.4518,36.51,-0.631,0.241,1.2,1042.6125,1050.6249,1045.7586,BEAR,1040.3,1045.0845,36.1,-0.412,22.12,False,True,False,False,False,False,False,False
2026-08-27T10:10:08,BAJAJ-AUTO,2026-08-27 10:05:00+05:30,BEAR,NO_SIGNAL,60.0,,RVOL|ENTRY_TRIGGER,11635.0,11700.7479,25.63,-1.155,0.875,1.2,11686.3795,11791.9494,11725.7975,BEAR,11643.0,11757.8059,26.94,-0.868,25.92,False,True,False,False,False,False,False,False
2026-08-27T10:10:09,NESTLEIND,2026-08-27 10:05:00+05:30,BEAR,NO_SIGNAL,40.0,,MACRO_BEAR|RVOL|ENTRY_TRIGGER,1447.2,1451.2648,40.05,-0.604,0.683,1.2,1454.2481,1463.2271,1456.1514,BEAR,1445.8,1454.7597,31.57,-0.448,15.76,False,True,False,False,False,False,False,False
2026-08-27T10:10:09,BAJFINANCE,2026-08-27 10:05:00+05:30,BULL,NO_SIGNAL,60.0,,RVOL|ENTRY_TRIGGER,1091.1,1092.2483,48.27,0.368,0.355,1.2,1098.9118,1086.398,1088.1035,BULL,1093.3,1089.1217,59.53,0.607,32.79,False,False,False,False,False,False,False,False
2026-08-27T10:10:10,HINDALCO,2026-08-27 10:05:00+05:30,BEAR,NO_SIGNAL,60.0,,RVOL|ENTRY_TRIGGER,1046.35,1049.2462,41.13,-0.961,0.177,1.2,1048.9941,1050.3976,1053.75,BEAR,1045.85,1049.5189,42.86,-0.072,27.21,False,True,False,False,False,False,False,False
2026-08-27T10:10:10,NTPC,2026-08-27 10:05:00+05:30,BEAR,NEAR,80.0,,ENTRY_TRIGGER,331.05,333.9632,13.33,-1.62,1.62,1.2,333.2111,338.6051,333.1348,BEAR,331.95,336.2499,21.26,-1.615,22.98,False,True,False,False,False,False,False,False
2026-08-27T10:10:11,HDFCLIFE,2026-08-27 10:05:00+05:30,BEAR,NO_SIGNAL,40.0,,BELOW_WVWAP|RVOL|ENTRY_TRIGGER,554.75,555.9825,39.77,-0.511,0.792,1.2,554.3253,554.7186,557.252,BEAR,555.0,556.9484,44.6,-0.964,31.05,False,True,True,False,False,False,False,False
2026-08-27T10:10:11,SBILIFE,2026-08-27 10:05:00+05:30,BULL,NEAR,80.0,VWAP_PULLBACK,MACRO_BULL,1795.3,1779.4057,77.01,1.212,3.277,1.2,1780.7877,1769.0344,1771.6823,BULL,1782.9,1775.3911,59.34,0.107,21.49,True,False,True,False,True,False,False,False
2026-08-27T10:10:12,HINDUNILVR,2026-08-27 10:05:00+05:30,BEAR,NO_SIGNAL,60.0,,MACRO_BEAR|ENTRY_TRIGGER,2009.9,2018.9298,25.24,-0.721,1.954,1.2,2016.9617,2022.937,2020.6467,BEAR,2010.5,2024.4531,25.43,-0.892,20.86,False,True,False,False,False,False,False,False
2026-08-27T10:10:12,MARUTI,2026-08-27 10:05:00+05:30,BEAR,NO_SIGNAL,60.0,,RVOL|ENTRY_TRIGGER,13416.0,13494.9369,25.11,-0.821,0.605,1.2,13471.3234,13557.9294,13497.8678,BEAR,13435.0,13558.621,24.65,-1.3,22.67,False,True,False,False,False,False,False,False
2026-08-27T10:10:13,ITC,2026-08-27 10:05:00+05:30,BEAR,NO_SIGNAL,60.0,,RVOL|ENTRY_TRIGGER,269.8,270.4158,33.64,-0.443,0.308,1.2,270.2526,270.1315,270.8651,BEAR,269.65,270.9141,35.4,-0.7,24.15,False,True,False,False,False,False,False,False
2026-08-27T10:10:13,TMPV,2026-08-27 10:05:00+05:30,BULL,NO_SIGNAL,20.0,,MACRO_BULL|ST_BULL|RVOL|ENTRY_TRIGGER,315.1,315.15,49.44,0.159,0.475,1.2,315.314,314.2976,316.509,BEAR,315.3,315.025,53.46,-0.079,23.21,False,False,False,False,False,False,False,False
2026-08-27T10:10:14,ADANIPORTS,2026-08-27 10:05:00+05:30,BULL,NO_SIGNAL,40.0,,MACRO_BULL|RVOL|ENTRY_TRIGGER,1696.3,1696.8004,48.54,-0.159,0.356,1.2,1697.9729,1690.9389,1690.3632,BULL,1695.4,1695.4958,51.04,0.124,31.35,False,False,False,False,False,False,False,False
2026-08-27T10:10:15,DRREDDY,2026-08-27 10:05:00+05:30,BEAR,NO_SIGNAL,40.0,,MACRO_BEAR|RVOL|ENTRY_TRIGGER,1178.8,1183.0291,30.28,-0.875,0.263,1.2,1181.4059,1186.5545,1186.596,BEAR,1179.4,1185.8041,36.33,-0.974,15.25,False,True,False,False,False,False,False,False
2026-08-27T10:10:15,WIPRO,2026-08-27 10:05:00+05:30,BEAR,NO_SIGNAL,60.0,,RVOL|ENTRY_TRIGGER,177.3,177.4199,45.31,-0.062,0.348,1.2,177.5909,179.8941,177.9473,BEAR,177.15,177.8848,34.16,-0.31,26.94,False,False,False,False,False,False,False,False
2026-08-27T10:10:16,ONGC,2026-08-27 10:05:00+05:30,BEAR,NO_SIGNAL,60.0,,RVOL|ENTRY_TRIGGER,232.37,232.7776,40.47,-0.364,1.016,1.2,233.1318,234.5454,233.4498,BEAR,232.35,233.0028,37.94,-0.352,31.16,False,True,False,False,False,False,False,False
2026-08-27T10:10:16,SBIN,2026-08-27 10:05:00+05:30,BEAR,NO_SIGNAL,40.0,,BELOW_WVWAP|RVOL|ENTRY_TRIGGER,1047.2,1050.8941,29.88,-0.777,0.468,1.2,1049.6598,1042.8762,1052.1039,BEAR,1048.0,1052.8103,36.92,-0.833,30.03,False,True,False,False,False,False,False,False
2026-08-27T10:10:17,EICHERMOT,2026-08-27 10:05:00+05:30,BEAR,NO_SIGNAL,60.0,,RVOL|ENTRY_TRIGGER,8013.5,8041.4009,36.85,-0.676,0.526,1.2,8021.8702,8042.5534,8069.5879,BEAR,8026.5,8060.3687,38.36,-0.65,41.17,False,True,False,False,False,False,False,False
2026-08-27T10:10:17,COALINDIA,2026-08-27 10:05:00+05:30,BEAR,NO_SIGNAL,60.0,BREAKOUT_CONTINUATION,MACRO_BEAR|RVOL,401.05,402.9518,24.36,-0.644,0.768,1.2,402.7207,404.1576,403.2454,BEAR,402.2,403.483,37.69,-0.495,16.78,False,True,False,False,False,True,False,False
2026-08-27T10:10:18,BAJAJFINSV,2026-08-27 10:05:00+05:30,BULL,NO_SIGNAL,40.0,,MACRO_BULL|RVOL|ENTRY_TRIGGER,2010.3,2013.5069,41.73,-0.322,0.191,1.2,2015.3205,2008.2645,2009.7907,BULL,2012.5,2012.0901,51.85,-0.035,12.83,False,True,False,False,False,False,False,False
2026-08-27T10:10:18,MAXHEALTH,2026-08-27 10:05:00+05:30,BEAR,NO_SIGNAL,40.0,,BELOW_WVWAP|RVOL|ENTRY_TRIGGER,1004.5,1009.1666,31.84,-1.151,0.176,1.2,1006.4154,1000.2771,1012.817,BEAR,1005.0,1012.3828,39.12,-1.151,37.07,False,True,False,False,False,False,False,False
2026-08-27T10:10:19,KOTAKBANK,2026-08-27 10:05:00+05:30,BULL,NO_SIGNAL,60.0,,RVOL|ENTRY_TRIGGER,425.1,421.3451,77.45,1.979,0.536,1.2,422.5522,409.4846,420.7883,BULL,426.0,416.0618,88.44,2.478,61.94,True,False,False,False,False,False,False,False
2026-08-27T10:10:19,APOLLOHOSP,2026-08-27 10:05:00+05:30,BEAR,NO_SIGNAL,40.0,,BELOW_WVWAP|RVOL|ENTRY_TRIGGER,8764.0,8786.7933,38.31,-0.522,0.22,1.2,8798.7551,8719.8552,8814.2884,BEAR,8760.5,8793.9235,38.0,-0.466,39.44,False,True,False,False,False,False,False,False
2026-08-27T10:10:20,CIPLA,2026-08-27 10:05:00+05:30,BEAR,NO_SIGNAL,60.0,,RVOL|ENTRY_TRIGGER,1403.9,1407.7337,36.34,-0.56,0.135,1.2,1406.738,1420.3602,1411.6006,BEAR,1404.5,1410.3409,37.76,-0.064,30.19,False,True,False,False,False,False,False,False
2026-08-27T10:10:20,JSWSTEEL,2026-08-27 10:05:00+05:30,BULL,NO_SIGNAL,60.0,,RVOL|ENTRY_TRIGGER,1340.4,1337.2073,58.78,0.097,0.315,1.2,1340.8969,1319.2157,1331.3161,BULL,1338.8,1328.8625,75.03,1.019,54.31,True,False,False,False,False,False,False,False
2026-08-27T10:10:21,HCLTECH,2026-08-27 10:05:00+05:30,BEAR,NO_SIGNAL,60.0,,RVOL|ENTRY_TRIGGER,1284.6,1290.1925,29.14,-1.147,0.626,1.2,1289.1663,1307.4607,1290.0141,BEAR,1282.5,1297.206,20.87,-1.194,24.64,False,True,False,False,False,False,False,False
2026-08-27T10:10:21,TCS,2026-08-27 10:05:00+05:30,BEAR,NO_SIGNAL,40.0,,MACRO_BEAR|RVOL|ENTRY_TRIGGER,2255.4,2262.3698,26.18,-0.643,0.708,1.2,2262.5034,2282.823,2265.7136,BEAR,2253.0,2269.8678,24.54,-0.675,15.04,False,True,False,False,False,False,False,False
2026-08-27T10:10:22,INDIGO,2026-08-27 10:05:00+05:30,BEAR,NO_SIGNAL,40.0,,BELOW_WVWAP|RVOL|ENTRY_TRIGGER,5206.5,5228.0339,22.46,-0.876,0.532,1.2,5223.1629,5173.9105,5230.1568,BEAR,5203.5,5233.6808,38.11,-0.876,30.49,False,True,False,False,False,False,False,False
2026-08-27T10:10:22,BHARTIARTL,2026-08-27 10:05:00+05:30,BEAR,NO_SIGNAL,60.0,,RVOL|ENTRY_TRIGGER,1901.9,1905.2957,38.6,-0.658,0.735,1.2,1900.7008,1926.8575,1906.5437,BEAR,1903.5,1913.6204,32.56,-0.575,38.66,False,True,False,False,False,False,False,False
2026-08-27T10:10:23,ETERNAL,2026-08-27 10:05:00+05:30,BEAR,NO_SIGNAL,40.0,,MACRO_BEAR|RVOL|ENTRY_TRIGGER,325.5,326.909,37.13,-0.808,0.602,1.2,327.8063,328.2138,328.9945,BEAR,326.45,327.2141,43.72,0.123,24.58,False,True,False,False,False,False,False,False
2026-08-27T10:10:23,LT,2026-08-27 10:05:00+05:30,BEAR,NEAR,80.0,VWAP_PULLBACK,RVOL,4037.9,4049.0852,29.45,-0.377,0.84,1.2,4044.9079,4083.6361,4058.7818,BEAR,4041.0,4060.2507,30.09,-0.232,26.02,False,True,False,True,False,False,False,False
2026-08-27T10:10:24,SHRIRAMFIN,2026-08-27 10:05:00+05:30,BEAR,NO_SIGNAL,60.0,,RVOL|ENTRY_TRIGGER,1100.7,1107.4666,32.48,-2.09,0.617,1.2,1105.1304,1120.2805,1109.7855,BEAR,1096.2,1115.7117,25.18,-1.616,29.71,False,True,False,False,False,False,False,False
2026-08-27T10:10:24,GRASIM,2026-08-27 10:05:00+05:30,BULL,NO_SIGNAL,60.0,,RVOL|ENTRY_TRIGGER,3285.5,3287.393,48.87,-0.158,0.242,1.2,3286.6976,3275.6633,3274.1812,BULL,3292.9,3282.5783,55.91,0.363,31.68,False,False,False,False,False,False,False,False
2026-08-27T10:10:25,AXISBANK,2026-08-27 10:05:00+05:30,BULL,NEAR,80.0,,ENTRY_TRIGGER,1260.6,1257.5219,65.2,0.358,2.068,1.2,1258.2008,1242.3991,1252.9452,BULL,1260.2,1253.3437,72.23,0.366,45.42,True,False,False,False,False,False,False,False
2026-08-27T10:10:26,POWERGRID,2026-08-27 10:05:00+05:30,BEAR,NO_SIGNAL,60.0,,RVOL|ENTRY_TRIGGER,262.7,264.8599,16.88,-1.426,0.653,1.2,264.1405,269.0271,264.3661,BEAR,263.25,266.7034,16.19,-1.478,31.19,False,True,False,False,False,False,False,False
2026-08-27T10:10:26,ADANIENT,2026-08-27 10:05:00+05:30,BULL,NO_SIGNAL,60.0,,RVOL|ENTRY_TRIGGER,3145.5,3141.812,56.28,0.399,0.457,1.2,3144.6863,3075.5852,3126.217,BULL,3146.4,3129.2303,69.28,0.534,51.17,True,False,False,False,False,False,False,False
2026-08-27T10:10:27,TECHM,2026-08-27 10:05:00+05:30,BULL,NEAR,80.0,VWAP_PULLBACK,RVOL,1590.3,1581.3331,68.08,1.254,0.76,1.2,1586.7341,1582.2377,1575.6594,BULL,1585.5,1576.466,61.36,1.155,22.68,True,False,True,False,False,False,False,False
2026-08-27T10:10:27,ICICIBANK,2026-08-27 10:05:00+05:30,BULL,NEAR,80.0,VWAP_PULLBACK,RVOL,1442.0,1438.3784,61.94,0.565,0.691,1.2,1439.0346,1424.2679,1431.5928,BULL,1439.5,1436.1717,62.65,0.111,24.32,True,False,True,False,False,False,False,False
2026-08-27T10:10:28,JIOFIN,2026-08-27 10:05:00+05:30,BEAR,NO_SIGNAL,40.0,,MACRO_BEAR|RVOL|ENTRY_TRIGGER,240.4,241.4958,19.38,-0.702,1.046,1.2,241.3541,242.4181,241.6502,BEAR,240.75,242.113,30.16,-0.722,18.62,False,True,False,False,False,False,False,False
2026-08-27T10:10:28,TATASTEEL,2026-08-27 10:05:00+05:30,BULL,NO_SIGNAL,60.0,,RVOL|ENTRY_TRIGGER,188.34,188.329,52.67,-0.296,0.714,1.2,189.0255,185.8789,187.3843,BULL,188.15,186.8414,61.37,1.429,34.81,False,False,False,False,False,False,False,False
2026-08-27T10:10:29,TITAN,2026-08-27 10:05:00+05:30,BEAR,NO_SIGNAL,40.0,,BELOW_WVWAP|RVOL|ENTRY_TRIGGER,5098.5,5095.5002,51.88,-0.217,0.239,1.2,5091.5683,5089.1965,5120.8815,BEAR,5085.0,5097.1927,43.59,-0.298,26.65,False,False,True,False,False,False,False,False
2026-08-27T10:10:29,INFY,2026-08-27 10:05:00+05:30,BEAR,NO_SIGNAL,40.0,,MACRO_BEAR|RVOL|ENTRY_TRIGGER,1118.8,1119.6813,44.91,-0.241,0.514,1.2,1120.3362,1128.2794,1124.7583,BEAR,1116.8,1121.6162,35.28,-0.312,15.37,False,True,False,False,False,False,False,False
2026-08-27T10:10:30,TRENT,2026-08-27 10:05:00+05:30,BEAR,NO_SIGNAL,40.0,,MACRO_BEAR|RVOL|ENTRY_TRIGGER,2903.1,2909.7413,39.49,-0.275,0.314,1.2,2911.2652,2918.0036,2918.9506,BEAR,2903.0,2915.1058,38.26,-0.405,14.74,False,True,False,False,False,False,False,False
2026-08-27T10:10:30,ASIANPAINT,2026-08-27 10:05:00+05:30,BEAR,NO_SIGNAL,40.0,,BELOW_WVWAP|RVOL|ENTRY_TRIGGER,2633.8,2637.0169,42.78,0.053,0.465,1.2,2637.1269,2631.4796,2643.9059,BEAR,2629.6,2640.7403,36.9,-0.661,22.1,False,False,False,False,False,False,False,False
2026-08-27T10:10:31,ULTRACEMCO,2026-08-27 10:05:00+05:30,BULL,NO_SIGNAL,40.0,,ST_BULL|RVOL|ENTRY_TRIGGER,11799.0,11738.9612,67.6,0.503,0.823,1.2,11751.0858,11584.839,11811.6904,BEAR,11730.0,11692.7911,61.2,0.488,33.67,True,False,False,False,False,False,False,False
2026-08-27T10:10:31,HDFCBANK,2026-08-27 10:05:00+05:30,BEAR,NO_SIGNAL,60.0,,RVOL|ENTRY_TRIGGER,720.9,723.0112,34.84,-0.962,0.786,1.2,720.4129,725.7513,724.6074,BEAR,720.2,725.7539,28.4,-1.255,24.41,False,True,False,False,False,False,False,False
2026-08-27T10:10:32,RELIANCE,2026-08-27 10:05:00+05:30,BEAR,NO_SIGNAL,40.0,,MACRO_BEAR|RVOL|ENTRY_TRIGGER,1299.5,1302.1787,35.93,-0.177,0.681,1.2,1302.7396,1306.209,1304.8733,BEAR,1301.4,1304.33,37.69,-0.398,17.51,False,True,False,False,False,False,False,False
2026-08-27T10:10:32,M&M,2026-08-27 10:05:00+05:30,BEAR,NO_SIGNAL,60.0,,RVOL|ENTRY_TRIGGER,3375.8,3396.0137,23.19,-1.084,0.555,1.2,3388.5335,3416.7752,3397.0794,BEAR,3381.4,3412.9244,22.81,-1.244,25.11,False,True,False,False,False,False,False,False
2026-08-27T10:10:33,SUNPHARMA,2026-08-27 10:05:00+05:30,BEAR,NO_SIGNAL,60.0,BREAKOUT_CONTINUATION,MACRO_BEAR|RVOL,1901.0,1908.9762,28.99,-0.508,0.662,1.2,1910.0512,1912.5352,1914.7924,BEAR,1907.1,1913.0395,36.78,-0.532,16.0,False,True,False,False,False,True,False,False
2026-08-27T10:15:07,BEL,2026-08-27 10:10:00+05:30,BULL,NO_SIGNAL,40.0,,MACRO_BULL|RVOL|ENTRY_TRIGGER,410.45,410.3802,52.11,0.465,0.321,1.2,410.5946,409.1568,408.6985,BULL,410.45,409.6979,55.16,0.318,15.91,False,False,False,False,False,False,False,False
2026-08-27T10:15:08,TATACONSUM,2026-08-27 10:10:00+05:30,BEAR,NO_SIGNAL,60.0,,RVOL|ENTRY_TRIGGER,1040.3,1042.2562,39.62,-0.716,1.173,1.2,1042.1062,1050.5026,1045.7586,BEAR,1040.3,1044.6496,36.1,-0.412,23.02,False,True,False,False,False,False,False,False
2026-08-27T10:15:08,BAJAJ-AUTO,2026-08-27 10:10:00+05:30,BEAR,NO_SIGNAL,60.0,,RVOL|ENTRY_TRIGGER,11650.0,11696.1344,31.97,-0.851,0.924,1.2,11683.5593,11791.0723,11725.4693,BEAR,11650.0,11748.0054,28.8,-0.826,27.72,False,True,False,False,False,False,False,False
2026-08-27T10:15:09,NESTLEIND,2026-08-27 10:10:00+05:30,BEAR,NO_SIGNAL,40.0,,MACRO_BEAR|RVOL|ENTRY_TRIGGER,1445.5,1450.7408,37.39,-0.789,0.221,1.2,1454.0903,1463.2071,1456.1514,BEAR,1445.5,1453.9179,31.23,-0.585,14.87,False,True,False,False,False,False,False,False
2026-08-27T10:15:09,BAJFINANCE,2026-08-27 10:10:00+05:30,BULL,NO_SIGNAL,60.0,,RVOL|ENTRY_TRIGGER,1091.4,1092.1712,49.14,0.313,0.403,1.2,1098.7304,1086.4193,1088.1035,BULL,1091.4,1089.3288,55.47,0.451,33.99,False,False,False,False,False,False,False,False
2026-08-27T10:15:10,HINDALCO,2026-08-27 10:10:00+05:30,BEAR,NEAR,80.0,TREND_CONTINUATION,RVOL,1045.65,1048.9192,39.57,-1.167,0.184,1.2,1048.922,1050.3926,1052.7322,BEAR,1045.65,1049.1671,42.51,-0.062,26.18,False,True,False,False,False,False,False,True
2026-08-27T10:15:10,NTPC,2026-08-27 10:10:00+05:30,BEAR,NO_SIGNAL,60.0,,RVOL|ENTRY_TRIGGER,331.1,333.7029,14.26,-1.605,0.303,1.2,333.1576,338.5901,333.0191,BEAR,331.1,335.7817,19.25,-1.809,25.21,False,True,False,False,False,False,False,False
2026-08-27T10:15:11,HDFCLIFE,2026-08-27 10:10:00+05:30,BEAR,NO_SIGNAL,60.0,,RVOL|ENTRY_TRIGGER,554.55,555.8523,38.84,-0.225,0.283,1.2,554.3374,554.7184,557.252,BEAR,554.55,556.7303,43.26,-1.203,29.85,False,True,False,False,False,False,False,False
2026-08-27T10:15:11,SBILIFE,2026-08-27 10:10:00+05:30,BULL,NO_SIGNAL,60.0,,RVOL|ENTRY_TRIGGER,1791.6,1780.5143,68.74,1.066,0.485,1.2,1781.2696,1769.1176,1775.4777,BULL,1791.6,1776.8646,66.06,0.652,22.9,True,False,False,False,False,False,False,False
2026-08-27T10:15:12,HINDUNILVR,2026-08-27 10:10:00+05:30,BEAR,SIGNAL,100.0,BREAKOUT_CONTINUATION,,2005.2,2017.6817,20.59,-0.978,3.955,1.2,2014.281,2022.6318,2018.7782,BEAR,2005.2,2022.7028,21.57,-1.007,22.99,False,True,False,False,False,True,False,False
2026-08-27T10:15:12,MARUTI,2026-08-27 10:10:00+05:30,BEAR,NO_SIGNAL,60.0,,RVOL|ENTRY_TRIGGER,13422.0,13488.3063,27.44,-1.018,0.299,1.2,13469.6805,13557.6551,13494.101,BEAR,13422.0,13546.2009,23.47,-1.381,23.63,False,True,False,False,False,False,False,False
2026-08-27T10:15:13,ITC,2026-08-27 10:10:00+05:30,BEAR,NO_SIGNAL,60.0,,RVOL|ENTRY_TRIGGER,269.9,270.3689,36.41,-0.461,0.326,1.2,270.239,270.131,270.8651,BEAR,269.9,270.8219,39.02,-0.571,25.26,False,True,False,False,False,False,False,False
2026-08-27T10:15:13,TMPV,2026-08-27 10:10:00+05:30,BULL,NO_SIGNAL,20.0,,MACRO_BULL|ST_BULL|RVOL|ENTRY_TRIGGER,315.2,315.1546,50.5,0.063,0.654,1.2,315.3005,314.3006,316.509,BEAR,315.2,315.041,52.5,0.0,23.88,False,False,False,False,False,False,False,False
2026-08-27T10:15:14,ADANIPORTS,2026-08-27 10:10:00+05:30,BULL,NO_SIGNAL,40.0,,MACRO_BULL|RVOL|ENTRY_TRIGGER,1695.0,1696.6368,44.66,-0.106,0.155,1.2,1697.9076,1690.9448,1690.3632,BULL,1695.0,1695.4508,50.24,-0.018,32.37,False,True,False,False,False,False,False,True
2026-08-27T10:15:14,DRREDDY,2026-08-27 10:10:00+05:30,BEAR,NO_SIGNAL,40.0,,MACRO_BEAR|RVOL|ENTRY_TRIGGER,1178.1,1182.581,28.72,-0.582,0.445,1.2,1181.1396,1186.5341,1185.3608,BEAR,1178.1,1185.1037,34.47,-1.042,15.9,False,True,False,False,False,False,False,False
2026-08-27T10:15:15,WIPRO,2026-08-27 10:10:00+05:30,BEAR,NO_SIGNAL,60.0,,RVOL|ENTRY_TRIGGER,177.16,177.3963,41.98,-0.22,0.178,1.2,177.5818,179.8916,177.9473,BEAR,177.16,177.8189,34.38,-0.096,25.08,False,True,False,False,False,False,False,False
2026-08-27T10:15:15,ONGC,2026-08-27 10:10:00+05:30,BEAR,NO_SIGNAL,60.0,,RVOL|ENTRY_TRIGGER,232.23,232.7278,38.24,-0.429,0.523,1.2,233.0891,234.5389,233.4276,BEAR,232.23,232.9326,36.57,-0.36,30.5,False,True,False,False,False,False,False,False
2026-08-27T10:15:16,SBIN,2026-08-27 10:10:00+05:30,BEAR,NO_SIGNAL,40.0,,BELOW_WVWAP|RVOL|ENTRY_TRIGGER,1046.7,1050.5128,28.56,-0.871,0.27,1.2,1049.5761,1042.8812,1052.1039,BEAR,1046.7,1052.2548,34.22,-0.834,29.46,False,True,False,False,False,False,False,False
2026-08-27T10:15:17,EICHERMOT,2026-08-27 10:10:00+05:30,BEAR,NO_SIGNAL,60.0,,RVOL|ENTRY_TRIGGER,8019.0,8039.3645,39.44,-0.472,0.424,1.2,8021.6787,8042.4934,8069.5879,BEAR,8019.0,8056.6079,36.45,-0.724,41.5,False,True,False,False,False,False,False,False
2026-08-27T10:15:17,COALINDIA,2026-08-27 10:10:00+05:30,BEAR,NO_SIGNAL,40.0,,MACRO_BEAR|RVOL|ENTRY_TRIGGER,400.7,402.747,22.42,-0.694,0.319,1.2,402.5993,404.1514,402.6603,BEAR,400.7,403.23,29.23,-0.866,17.07,False,True,False,False,False,False,False,False
2026-08-27T10:15:18,BAJAJFINSV,2026-08-27 10:10:00+05:30,BULL,NO_SIGNAL,20.0,,MACRO_BULL|ST_BULL|RVOL|ENTRY_TRIGGER,2008.9,2013.0881,38.8,-0.451,0.19,1.2,2015.1969,2008.2658,2022.2393,BEAR,2008.9,2011.8001,46.63,-0.094,12.99,False,True,False,False,False,False,False,False
2026-08-27T10:15:18,MAXHEALTH,2026-08-27 10:10:00+05:30,BEAR,NO_SIGNAL,40.0,,BELOW_WVWAP|RVOL|ENTRY_TRIGGER,1004.3,1008.7241,31.44,-0.761,0.199,1.2,1006.3601,1000.2811,1011.886,BEAR,1004.3,1011.648,38.26,-1.035,35.82,False,True,False,False,False,False,False,False
2026-08-27T10:15:19,KOTAKBANK,2026-08-27 10:10:00+05:30,BULL,NO_SIGNAL,60.0,,RVOL|ENTRY_TRIGGER,424.85,421.6637,75.25,2.017,0.372,1.2,422.6053,409.5582,420.7883,BULL,424.85,416.8608,82.08,2.287,63.45,True,False,False,False,False,False,False,False
2026-08-27T10:15:19,APOLLOHOSP,2026-08-27 10:10:00+05:30,BEAR,NO_SIGNAL,40.0,,BELOW_WVWAP|RVOL|ENTRY_TRIGGER,8767.0,8784.9939,39.93,-0.364,0.178,1.2,8798.2965,8719.8859,8808.6043,BEAR,8767.0,8791.4759,41.02,-0.381,39.31,False,True,False,False,False,False,False,False
2026-08-27T10:15:20,CIPLA,2026-08-27 10:10:00+05:30,BEAR,NO_SIGNAL,60.0,,RVOL|ENTRY_TRIGGER,1403.5,1407.3488,35.44,-0.503,0.153,1.2,1406.6763,1420.3453,1410.8362,BEAR,1403.5,1409.719,36.43,-0.157,30.82,False,True,False,False,False,False,False,False
2026-08-27T10:15:20,JSWSTEEL,2026-08-27 10:10:00+05:30,BULL,NO_SIGNAL,60.0,,RVOL|ENTRY_TRIGGER,1339.4,1337.4067,56.57,0.097,0.136,1.2,1340.8795,1319.2401,1331.3161,BULL,1339.4,1329.8205,75.64,1.171,55.63,True,False,False,False,False,False,False,False
2026-08-27T10:15:21,HCLTECH,2026-08-27 10:10:00+05:30,BEAR,NO_SIGNAL,60.0,,RVOL|ENTRY_TRIGGER,1283.3,1289.5659,27.08,-1.285,0.28,1.2,1289.0384,1307.4121,1290.0141,BEAR,1283.3,1295.9418,23.09,-1.224,26.3,False,True,False,False,False,False,False,False
2026-08-27T10:15:21,TCS,2026-08-27 10:10:00+05:30,BEAR,NO_SIGNAL,40.0,,MACRO_BEAR|RVOL|ENTRY_TRIGGER,2252.8,2261.4998,22.84,-0.823,0.447,1.2,2262.1385,2282.7498,2265.7136,BEAR,2252.8,2268.3162,24.41,-0.81,13.99,False,True,False,False,False,False,False,False
2026-08-27T10:15:22,INDIGO,2026-08-27 10:10:00+05:30,BEAR,NO_SIGNAL,60.0,,BELOW_WVWAP|ENTRY_TRIGGER,5219.0,5227.2127,39.11,-0.496,1.448,1.2,5222.3672,5174.1592,5230.1568,BEAR,5219.0,5232.3462,46.36,-0.59,29.64,False,True,False,False,True,False,False,False
2026-08-27T10:15:22,BHARTIARTL,2026-08-27 10:10:00+05:30,BEAR,NO_SIGNAL,60.0,,RVOL|ENTRY_TRIGGER,1902.4,1905.0325,40.03,-0.601,0.574,1.2,1900.742,1926.7213,1906.5437,BEAR,1902.4,1912.6003,31.58,-0.57,38.32,False,True,False,False,False,False,False,False
2026-08-27T10:15:23,ETERNAL,2026-08-27 10:10:00+05:30,BEAR,NO_SIGNAL,40.0,,MACRO_BEAR|RVOL|ENTRY_TRIGGER,326.0,326.8264,42.41,-0.382,0.361,1.2,327.7326,328.2071,328.706,BEAR,326.0,327.1037,41.25,0.107,22.98,False,True,False,False,False,False,False,False
2026-08-27T10:15:23,LT,2026-08-27 10:10:00+05:30,BEAR,NO_SIGNAL,60.0,,RVOL|ENTRY_TRIGGER,4032.9,4047.6138,25.4,-0.471,0.282,1.2,4044.5592,4083.5571,4055.3987,BEAR,4032.9,4057.7643,26.32,-0.425,27.81,False,True,False,False,False,False,False,False
2026-08-27T10:15:24,SHRIRAMFIN,2026-08-27 10:10:00+05:30,BEAR,NO_SIGNAL,60.0,,RVOL|ENTRY_TRIGGER,1101.9,1106.9605,35.61,-1.756,0.781,1.2,1104.9689,1120.1608,1109.7855,BEAR,1101.9,1114.456,34.08,-1.131,30.17,False,True,False,False,False,False,False,False
2026-08-27T10:15:24,GRASIM,2026-08-27 10:10:00+05:30,BULL,NO_SIGNAL,60.0,,RVOL|ENTRY_TRIGGER,3283.5,3287.0391,47.04,-0.708,0.324,1.2,3286.5316,3275.6772,3274.1812,BULL,3283.5,3282.6621,51.36,0.321,32.47,False,False,False,False,False,False,False,False
2026-08-27T10:15:25,AXISBANK,2026-08-27 10:10:00+05:30,BULL,NEAR,80.0,,ENTRY_TRIGGER,1258.4,1257.6017,55.05,0.199,1.492,1.2,1258.2739,1242.6244,1252.9452,BULL,1258.4,1253.8033,65.99,0.072,45.93,True,False,False,False,False,False,False,False
2026-08-27T10:15:25,POWERGRID,2026-08-27 10:10:00+05:30,BEAR,NO_SIGNAL,60.0,,RVOL|ENTRY_TRIGGER,262.6,264.6545,16.45,-1.334,0.308,1.2,264.0971,269.0112,264.3424,BEAR,262.6,266.3304,14.53,-1.685,33.91,False,True,False,False,False,False,False,False
2026-08-27T10:15:26,ADANIENT,2026-08-27 10:10:00+05:30,BULL,NO_SIGNAL,60.0,,RVOL|ENTRY_TRIGGER,3144.2,3142.0291,54.53,0.486,0.396,1.2,3144.6729,3075.7651,3126.217,BULL,3144.2,3130.5912,66.91,0.444,51.09,False,False,False,False,False,False,False,False
2026-08-27T10:15:26,TECHM,2026-08-27 10:10:00+05:30,BULL,NO_SIGNAL,60.0,,RVOL|ENTRY_TRIGGER,1588.0,1581.9392,63.02,1.121,0.488,1.2,1586.817,1582.2597,1576.2276,BULL,1588.0,1577.5145,63.63,1.301,24.73,True,False,False,False,False,False,False,False
2026-08-27T10:15:27,ICICIBANK,2026-08-27 10:10:00+05:30,BULL,NO_SIGNAL,60.0,,RVOL|ENTRY_TRIGGER,1439.9,1438.5167,54.88,0.383,1.044,1.2,1439.1529,1424.3648,1432.3795,BULL,1439.9,1436.5106,63.51,0.181,25.12,False,False,False,False,False,False,False,False
2026-08-27T10:15:28,JIOFIN,2026-08-27 10:10:00+05:30,BEAR,NO_SIGNAL,40.0,,MACRO_BEAR|RVOL|ENTRY_TRIGGER,240.5,241.4052,23.19,-0.62,0.88,1.2,241.2913,242.4072,241.5823,BEAR,240.5,241.9664,28.22,-0.763,20.12,False,True,False,False,False,False,False,False
2026-08-27T10:15:28,TATASTEEL,2026-08-27 10:10:00+05:30,BULL,NO_SIGNAL,60.0,,RVOL|ENTRY_TRIGGER,188.31,188.3273,52.36,-0.602,0.308,1.2,189.005,185.8879,187.3843,BULL,188.31,186.9749,62.21,1.4,35.72,False,False,False,False,False,False,False,False
2026-08-27T10:15:29,TITAN,2026-08-27 10:10:00+05:30,BEAR,NO_SIGNAL,40.0,,BELOW_WVWAP|RVOL|ENTRY_TRIGGER,5089.5,5094.9548,45.26,-0.421,0.155,1.2,5091.5706,5089.2027,5120.8815,BEAR,5089.5,5096.4933,46.35,-0.173,26.45,False,False,False,False,False,False,False,False
2026-08-27T10:15:29,INFY,2026-08-27 10:10:00+05:30,BEAR,NO_SIGNAL,60.0,VWAP_PULLBACK,MACRO_BEAR|RVOL,1116.3,1119.3739,37.15,-0.588,0.651,1.2,1120.1626,1128.2476,1124.7583,BEAR,1116.3,1121.1329,34.36,-0.428,16.28,False,True,False,True,False,False,False,False
2026-08-27T10:15:30,TRENT,2026-08-27 10:10:00+05:30,BEAR,NO_SIGNAL,40.0,,MACRO_BEAR|RVOL|ENTRY_TRIGGER,2903.4,2909.1648,39.99,-0.227,0.362,1.2,2910.923,2917.98,2918.9506,BEAR,2903.4,2914.0416,38.7,-0.34,13.79,False,True,False,False,False,False,False,False
2026-08-27T10:15:30,ASIANPAINT,2026-08-27 10:10:00+05:30,BEAR,NO_SIGNAL,40.0,,BELOW_WVWAP|RVOL|ENTRY_TRIGGER,2636.1,2636.9336,46.89,0.004,0.563,1.2,2637.0332,2631.4929,2643.9059,BEAR,2636.1,2640.3184,45.61,-0.393,22.73,False,False,False,False,True,False,False,False
2026-08-27T10:15:31,ULTRACEMCO,2026-08-27 10:10:00+05:30,BULL,NO_SIGNAL,40.0,,ST_BULL|RVOL|ENTRY_TRIGGER,11777.0,11742.4192,60.5,0.017,0.255,1.2,11752.5587,11585.1967,11811.6904,BEAR,11777.0,11700.4464,67.63,0.882,34.08,True,False,False,False,False,False,False,False
2026-08-27T10:15:31,HDFCBANK,2026-08-27 10:10:00+05:30,BEAR,NO_SIGNAL,60.0,,RVOL|ENTRY_TRIGGER,720.8,722.8102,34.47,-0.901,1.076,1.2,720.4391,725.6971,724.6074,BEAR,720.8,725.3035,31.48,-1.016,26.13,False,True,False,False,False,False,False,False
2026-08-27T10:15:32,RELIANCE,2026-08-27 10:10:00+05:30,BEAR,NO_SIGNAL,40.0,,MACRO_BEAR|RVOL|ENTRY_TRIGGER,1298.7,1301.8624,33.44,-0.292,0.287,1.2,1302.6035,1306.195,1304.5557,BEAR,1298.7,1303.8182,31.53,-0.498,17.11,False,True,False,False,False,False,False,False
2026-08-27T10:15:32,M&M,2026-08-27 10:10:00+05:30,BEAR,NO_SIGNAL,60.0,,RVOL|ENTRY_TRIGGER,3376.2,3394.2125,23.86,-1.041,0.293,1.2,3388.2764,3416.6839,3395.3538,BEAR,3376.2,3409.5858,21.05,-1.359,27.61,False,True,False,False,False,False,False,False
2026-08-27T10:15:33,SUNPHARMA,2026-08-27 10:10:00+05:30,BEAR,NO_SIGNAL,60.0,,MACRO_BEAR|ENTRY_TRIGGER,1903.5,1908.4784,36.53,-0.34,2.424,1.2,1908.7141,1912.4186,1914.1721,BEAR,1903.5,1912.1723,31.9,-0.803,15.39,False,True,False,False,False,False,False,False
2026-08-27T10:20:07,BEL,2026-08-27 10:15:00+05:30,BULL,NO_SIGNAL,40.0,,MACRO_BULL|RVOL|ENTRY_TRIGGER,410.5,410.3911,52.53,0.281,0.294,1.2,410.5912,409.1601,408.6985,BULL,410.45,409.6979,55.16,0.318,15.91,False,False,False,False,False,False,False,False
2026-08-27T10:20:07,TATACONSUM,2026-08-27 10:15:00+05:30,BEAR,NEAR,80.0,VWAP_PULLBACK,RVOL,1039.2,1041.9783,36.13,-0.584,0.31,1.2,1041.9944,1050.4693,1045.7586,BEAR,1040.3,1044.6496,36.1,-0.412,23.02,False,True,False,True,False,False,False,False
2026-08-27T10:20:08,BAJAJ-AUTO,2026-08-27 10:15:00+05:30,BEAR,NO_SIGNAL,60.0,,RVOL|ENTRY_TRIGGER,11664.0,11693.2131,37.34,-0.842,0.503,1.2,11682.6593,11790.6388,11725.4693,BEAR,11650.0,11748.0054,28.8,-0.826,27.72,False,True,False,False,False,False,False,False
2026-08-27T10:20:08,NESTLEIND,2026-08-27 10:15:00+05:30,BEAR,NO_SIGNAL,40.0,,MACRO_BEAR|RVOL|ENTRY_TRIGGER,1446.4,1450.3461,39.67,-1.074,0.12,1.2,1454.0079,1463.1963,1455.4638,BEAR,1445.5,1453.9179,31.23,-0.585,14.87,False,True,False,False,False,False,False,False
2026-08-27T10:20:09,BAJFINANCE,2026-08-27 10:15:00+05:30,BULL,NO_SIGNAL,60.0,,RVOL|ENTRY_TRIGGER,1090.6,1092.0283,46.88,-1.115,0.936,1.2,1098.3145,1086.4628,1088.1035,BULL,1091.4,1089.3288,55.47,0.451,33.99,False,False,False,False,False,False,False,False
2026-08-27T10:20:09,HINDALCO,2026-08-27 10:15:00+05:30,BEAR,NO_SIGNAL,60.0,,RVOL|ENTRY_TRIGGER,1046.0,1048.6539,40.78,-0.314,0.273,1.2,1048.8297,1050.3859,1052.6419,BEAR,1045.65,1049.1671,42.51,-0.062,26.18,False,True,False,False,False,False,False,False
2026-08-27T10:20:10,NTPC,2026-08-27 10:15:00+05:30,BEAR,NO_SIGNAL,60.0,,RVOL|ENTRY_TRIGGER,330.9,333.4481,13.63,-0.854,0.394,1.2,333.0898,338.5705,332.9199,BEAR,331.1,335.7817,19.25,-1.809,25.21,False,True,False,False,False,False,False,False
2026-08-27T10:20:10,HDFCLIFE,2026-08-27 10:15:00+05:30,BEAR,NO_SIGNAL,60.0,,RVOL|ENTRY_TRIGGER,554.6,555.7384,39.22,0.199,0.275,1.2,554.3463,554.7183,557.252,BEAR,554.55,556.7303,43.26,-1.203,29.85,False,False,False,False,False,False,False,False
2026-08-27T10:20:11,SBILIFE,2026-08-27 10:15:00+05:30,BULL,NO_SIGNAL,60.0,,RVOL|ENTRY_TRIGGER,1796.8,1781.9948,73.11,1.325,0.88,1.2,1782.2356,1769.2847,1776.1309,BULL,1791.6,1776.8646,66.06,0.652,22.9,True,False,False,False,False,False,False,False
2026-08-27T10:20:11,HINDUNILVR,2026-08-27 10:15:00+05:30,BEAR,NEAR,80.0,,ENTRY_TRIGGER,2006.5,2016.6651,24.72,-0.737,1.242,1.2,2013.6139,2022.5261,2016.567,BEAR,2005.2,2022.7028,21.57,-1.007,22.99,False,True,False,False,False,False,False,False
2026-08-27T10:20:12,MARUTI,2026-08-27 10:15:00+05:30,BEAR,NO_SIGNAL,60.0,,RVOL|ENTRY_TRIGGER,13435.0,13483.4603,32.33,-0.702,0.311,1.2,13468.5729,13557.4029,13494.101,BEAR,13422.0,13546.2009,23.47,-1.381,23.63,False,True,False,False,False,False,False,False
2026-08-27T10:20:12,ITC,2026-08-27 10:15:00+05:30,BEAR,NEAR,80.0,VWAP_PULLBACK,RVOL,269.65,270.3036,32.74,-0.425,0.268,1.2,270.2259,270.1304,270.8651,BEAR,269.9,270.8219,39.02,-0.571,25.26,False,True,False,True,False,False,False,False
2026-08-27T10:20:13,TMPV,2026-08-27 10:15:00+05:30,BULL,NO_SIGNAL,20.0,,MACRO_BULL|ST_BULL|RVOL|ENTRY_TRIGGER,315.1,315.1496,49.38,-0.016,0.467,1.2,315.3005,314.3033,316.509,BEAR,315.2,315.041,52.5,0.0,23.88,False,False,False,False,False,False,False,False
2026-08-27T10:20:13,ADANIPORTS,2026-08-27 10:15:00+05:30,BULL,NO_SIGNAL,40.0,,MACRO_BULL|RVOL|ENTRY_TRIGGER,1695.7,1696.5516,47.11,-0.135,0.283,1.2,1697.7925,1690.9548,1690.3632,BULL,1695.0,1695.4508,50.24,-0.018,32.37,False,False,False,False,False,False,False,False
2026-08-27T10:20:14,DRREDDY,2026-08-27 10:15:00+05:30,BEAR,NO_SIGNAL,60.0,,MACRO_BEAR|ENTRY_TRIGGER,1183.9,1182.7009,51.16,0.025,1.95,1.2,1181.3131,1186.4868,1185.3608,BEAR,1178.1,1185.1037,34.47,-1.042,15.9,False,False,False,False,False,False,False,False
2026-08-27T10:20:15,WIPRO,2026-08-27 10:15:00+05:30,BEAR,NO_SIGNAL,60.0,,RVOL|ENTRY_TRIGGER,177.16,177.3748,41.98,-0.427,0.194,1.2,177.5718,179.8889,177.9227,BEAR,177.16,177.8189,34.38,-0.096,25.08,False,True,False,False,False,False,False,False
2026-08-27T10:20:15,ONGC,2026-08-27 10:15:00+05:30,BEAR,NEAR,80.0,TREND_CONTINUATION,RVOL,232.11,232.6717,36.38,-0.68,0.442,1.2,233.0501,234.5331,233.1637,BEAR,232.23,232.9326,36.57,-0.36,30.5,False,True,False,False,False,False,False,True
2026-08-27T10:20:16,SBIN,2026-08-27 10:15:00+05:30,BEAR,NO_SIGNAL,40.0,,BELOW_WVWAP|RVOL|ENTRY_TRIGGER,1046.8,1050.1753,29.23,-0.428,0.152,1.2,1049.5268,1042.8838,1051.309,BEAR,1046.7,1052.2548,34.22,-0.834,29.46,False,True,False,False,False,False,False,False
2026-08-27T10:20:16,EICHERMOT,2026-08-27 10:15:00+05:30,BEAR,NO_SIGNAL,60.0,,RVOL|ENTRY_TRIGGER,8040.0,8039.4222,48.16,-0.087,0.923,1.2,8022.6296,8042.4599,8069.5879,BEAR,8019.0,8056.6079,36.45,-0.724,41.5,False,False,False,False,False,False,False,False
2026-08-27T10:20:17,COALINDIA,2026-08-27 10:15:00+05:30,BEAR,NO_SIGNAL,40.0,,MACRO_BEAR|RVOL|ENTRY_TRIGGER,400.45,402.5382,21.13,-0.583,0.3,1.2,402.4843,404.1453,402.391,BEAR,400.7,403.23,29.23,-0.866,17.07,False,True,False,False,False,False,False,False
2026-08-27T10:20:17,BAJAJFINSV,2026-08-27 10:15:00+05:30,BULL,NO_SIGNAL,20.0,,MACRO_BULL|ST_BULL|RVOL|ENTRY_TRIGGER,2009.8,2012.7892,41.64,-0.613,0.376,1.2,2014.966,2008.2681,2020.7265,BEAR,2008.9,2011.8001,46.63,-0.094,12.99,False,True,False,False,False,False,False,False
2026-08-27T10:20:18,MAXHEALTH,2026-08-27 10:15:00+05:30,BEAR,NO_SIGNAL,40.0,,BELOW_WVWAP|RVOL|ENTRY_TRIGGER,1004.5,1008.3401,32.35,-0.238,0.267,1.2,1006.2877,1000.2855,1011.1808,BEAR,1004.3,1011.648,38.26,-1.035,35.82,False,True,False,False,False,False,False,False
2026-08-27T10:20:18,KOTAKBANK,2026-08-27 10:15:00+05:30,BULL,NO_SIGNAL,60.0,,RVOL|ENTRY_TRIGGER,426.2,422.0761,78.75,1.452,0.38,1.2,422.6764,409.6375,420.7883,BULL,424.85,416.8608,82.08,2.287,63.45,True,False,False,False,False,False,False,False
2026-08-27T10:20:19,APOLLOHOSP,2026-08-27 10:15:00+05:30,BEAR,NO_SIGNAL,60.0,,BELOW_WVWAP|ENTRY_TRIGGER,8786.0,8785.0853,49.08,-0.47,4.904,1.2,8793.5495,8720.9866,8808.6043,BEAR,8767.0,8791.4759,41.02,-0.381,39.31,False,False,False,False,True,False,False,False
2026-08-27T10:20:19,CIPLA,2026-08-27 10:15:00+05:30,BEAR,NO_SIGNAL,60.0,,RVOL|ENTRY_TRIGGER,1403.9,1407.0353,37.11,-0.312,0.173,1.2,1406.6125,1420.3292,1410.0739,BEAR,1403.5,1409.719,36.43,-0.157,30.82,False,True,False,False,False,False,False,False
2026-08-27T10:20:20,JSWSTEEL,2026-08-27 10:15:00+05:30,BULL,NO_SIGNAL,60.0,VWAP_PULLBACK,RVOL|ENTRY_TRIGGER,1342.0,1337.8242,60.7,-0.26,0.833,1.2,1340.894,1319.3913,1331.3161,BULL,1339.4,1329.8205,75.64,1.171,55.63,False,False,True,False,True,False,False,False
2026-08-27T10:20:20,HCLTECH,2026-08-27 10:15:00+05:30,BEAR,NO_SIGNAL,60.0,,RVOL|ENTRY_TRIGGER,1283.4,1289.0054,27.5,-1.041,0.232,1.2,1288.9265,1307.3714,1290.0141,BEAR,1283.3,1295.9418,23.09,-1.224,26.3,False,True,False,False,False,False,False,False
2026-08-27T10:20:21,TCS,2026-08-27 10:15:00+05:30,BEAR,NO_SIGNAL,40.0,,MACRO_BEAR|RVOL|ENTRY_TRIGGER,2252.0,2260.6362,21.91,-0.863,0.435,1.2,2261.7899,2282.6786,2265.4844,BEAR,2252.8,2268.3162,24.41,-0.81,13.99,False,True,False,False,False,False,False,False
2026-08-27T10:20:21,INDIGO,2026-08-27 10:15:00+05:30,BEAR,NO_SIGNAL,40.0,,BELOW_WVWAP|RVOL|ENTRY_TRIGGER,5214.5,5226.057,36.1,-0.401,0.825,1.2,5221.8547,5174.3022,5230.1568,BEAR,5219.0,5232.3462,46.36,-0.59,29.64,False,True,False,False,False,False,False,False
2026-08-27T10:20:22,BHARTIARTL,2026-08-27 10:15:00+05:30,BEAR,NO_SIGNAL,60.0,,RVOL|ENTRY_TRIGGER,1901.6,1904.7204,38.48,0.079,0.491,1.2,1900.7865,1926.6075,1906.5437,BEAR,1902.4,1912.6003,31.58,-0.57,38.32,False,False,False,False,False,False,False,False
2026-08-27T10:20:22,ETERNAL,2026-08-27 10:15:00+05:30,BEAR,NO_SIGNAL,40.0,,MACRO_BEAR|RVOL|ENTRY_TRIGGER,325.9,326.7422,41.66,-0.972,0.326,1.2,327.6762,328.2015,328.706,BEAR,326.0,327.1037,41.25,0.107,22.98,False,True,False,False,False,False,False,False
2026-08-27T10:20:23,LT,2026-08-27 10:15:00+05:30,BEAR,NO_SIGNAL,60.0,,RVOL|ENTRY_TRIGGER,4034.2,4046.3944,28.17,-0.242,0.203,1.2,4044.3378,4083.5044,4053.5203,BEAR,4032.9,4057.7643,26.32,-0.425,27.81,False,True,False,False,False,False,False,False
2026-08-27T10:20:23,SHRIRAMFIN,2026-08-27 10:15:00+05:30,BEAR,NO_SIGNAL,60.0,,RVOL|ENTRY_TRIGGER,1102.6,1106.5641,37.43,-1.624,0.573,1.2,1104.8882,1120.0755,1109.7855,BEAR,1101.9,1114.456,34.08,-1.131,30.17,False,True,False,False,False,False,False,False
2026-08-27T10:20:24,GRASIM,2026-08-27 10:15:00+05:30,BULL,NEAR,80.0,,ENTRY_TRIGGER,3286.1,3286.9537,49.68,-0.252,1.716,1.2,3286.1524,3275.7585,3274.1812,BULL,3283.5,3282.6621,51.36,0.321,32.47,False,False,False,False,False,False,False,False
2026-08-27T10:20:24,AXISBANK,2026-08-27 10:15:00+05:30,BULL,NEAR,80.0,VWAP_PULLBACK,RVOL,1259.1,1257.7379,57.33,0.511,0.631,1.2,1258.2959,1242.7202,1252.9452,BULL,1258.4,1253.8033,65.99,0.072,45.93,True,False,True,False,False,False,False,False
2026-08-27T10:20:25,POWERGRID,2026-08-27 10:15:00+05:30,BEAR,NO_SIGNAL,60.0,,RVOL|ENTRY_TRIGGER,262.65,264.4723,17.58,-0.568,0.39,1.2,264.0469,268.991,264.3424,BEAR,262.6,266.3304,14.53,-1.685,33.91,False,True,False,False,False,False,False,False
2026-08-27T10:20:25,ADANIENT,2026-08-27 10:15:00+05:30,BULL,NEAR,80.0,VWAP_PULLBACK,RVOL,3154.5,3143.1628,64.06,0.356,0.893,1.2,3145.127,3076.1989,3126.217,BULL,3144.2,3130.5912,66.91,0.444,51.09,True,False,True,False,False,False,True,False
2026-08-27T10:20:26,TECHM,2026-08-27 10:15:00+05:30,BULL,SIGNAL,100.0,VWAP_PULLBACK,,1591.1,1582.772,66.62,0.195,1.514,1.2,1587.1954,1582.3418,1576.9736,BULL,1588.0,1577.5145,63.63,1.301,24.73,True,False,True,False,False,False,False,False
2026-08-27T10:20:26,ICICIBANK,2026-08-27 10:15:00+05:30,BULL,NO_SIGNAL,60.0,,RVOL|ENTRY_TRIGGER,1439.8,1438.6334,54.56,0.09,0.444,1.2,1439.181,1424.4045,1432.3795,BULL,1439.9,1436.5106,63.51,0.181,25.12,False,False,False,False,False,False,False,False
2026-08-27T10:20:27,JIOFIN,2026-08-27 10:15:00+05:30,BEAR,NO_SIGNAL,40.0,,MACRO_BEAR|RVOL|ENTRY_TRIGGER,240.15,241.2911,19.69,-0.641,0.616,1.2,241.2452,242.3989,241.5823,BEAR,240.5,241.9664,28.22,-0.763,20.12,False,True,False,False,False,False,False,False
2026-08-27T10:20:28,TATASTEEL,2026-08-27 10:15:00+05:30,BULL,NO_SIGNAL,60.0,,RVOL|ENTRY_TRIGGER,188.4,188.3339,53.25,-0.09,0.254,1.2,188.9895,185.8952,187.3843,BULL,188.31,186.9749,62.21,1.4,35.72,False,False,False,False,False,False,False,False
2026-08-27T10:20:28,TITAN,2026-08-27 10:15:00+05:30,BEAR,NO_SIGNAL,40.0,,BELOW_WVWAP|RVOL|ENTRY_TRIGGER,5098.3,5095.2589,51.75,-0.069,0.423,1.2,5091.6918,5089.2472,5120.8815,BEAR,5089.5,5096.4933,46.35,-0.173,26.45,False,False,True,False,False,False,False,False
2026-08-27T10:20:29,INFY,2026-08-27 10:15:00+05:30,BEAR,NO_SIGNAL,40.0,,MACRO_BEAR|RVOL|ENTRY_TRIGGER,1116.4,1119.1036,37.62,-0.543,0.481,1.2,1120.0273,1128.2232,1124.4843,BEAR,1116.3,1121.1329,34.36,-0.428,16.28,False,True,False,False,False,False,False,False
2026-08-27T10:20:29,TRENT,2026-08-27 10:15:00+05:30,BEAR,NO_SIGNAL,40.0,,MACRO_BEAR|RVOL|ENTRY_TRIGGER,2901.7,2908.4862,38.05,-0.456,0.283,1.2,2910.6319,2917.96,2918.5436,BEAR,2903.4,2914.0416,38.7,-0.34,13.79,False,True,False,False,False,False,False,False
2026-08-27T10:20:30,ASIANPAINT,2026-08-27 10:15:00+05:30,BEAR,NO_SIGNAL,40.0,,BELOW_WVWAP|RVOL|ENTRY_TRIGGER,2638.4,2637.0669,50.69,-0.117,0.519,1.2,2637.0552,2631.5112,2643.9059,BEAR,2636.1,2640.3184,45.61,-0.393,22.73,False,False,True,False,False,False,False,False
2026-08-27T10:20:30,ULTRACEMCO,2026-08-27 10:15:00+05:30,BULL,NO_SIGNAL,40.0,,ST_BULL|RVOL|ENTRY_TRIGGER,11772.0,11745.1084,58.99,0.204,0.198,1.2,11753.4179,11585.4607,11811.6904,BEAR,11777.0,11700.4464,67.63,0.882,34.08,True,False,False,False,False,False,False,False
2026-08-27T10:20:31,HDFCBANK,2026-08-27 10:15:00+05:30,BEAR,NO_SIGNAL,60.0,,RVOL|ENTRY_TRIGGER,720.45,722.5956,33.13,-0.021,0.442,1.2,720.4418,725.6732,724.2692,BEAR,720.8,725.3035,31.48,-1.016,26.13,False,True,False,False,False,False,False,False
2026-08-27T10:20:31,RELIANCE,2026-08-27 10:15:00+05:30,BEAR,NO_SIGNAL,60.0,BREAKOUT_CONTINUATION,MACRO_BEAR|RVOL,1296.8,1301.4022,28.41,-0.522,0.656,1.2,1302.2342,1306.1586,1303.9049,BEAR,1298.7,1303.8182,31.53,-0.498,17.11,False,True,False,False,False,True,False,False
2026-08-27T10:20:32,M&M,2026-08-27 10:15:00+05:30,BEAR,NO_SIGNAL,60.0,,RVOL|ENTRY_TRIGGER,3379.6,3392.8841,29.52,-0.626,0.348,1.2,3388.0556,3416.5858,3395.3538,BEAR,3376.2,3409.5858,21.05,-1.359,27.61,False,True,False,False,False,False,False,False
2026-08-27T10:20:32,SUNPHARMA,2026-08-27 10:15:00+05:30,BEAR,NO_SIGNAL,40.0,,MACRO_BEAR|RVOL|ENTRY_TRIGGER,1907.0,1908.344,45.28,-0.178,0.4,1.2,1908.623,1912.405,1914.1721,BEAR,1903.5,1912.1723,31.9,-0.803,15.39,False,False,False,False,False,False,False,False
2026-08-27T10:25:07,BEL,2026-08-27 10:20:00+05:30,BULL,NO_SIGNAL,40.0,,MACRO_BULL|RVOL|ENTRY_TRIGGER,409.85,410.3419,46.77,0.012,0.676,1.2,410.5671,409.1655,408.6985,BULL,410.45,409.6979,55.16,0.318,15.91,False,False,False,False,False,False,False,False
2026-08-27T10:25:08,TATACONSUM,2026-08-27 10:20:00+05:30,BEAR,NO_SIGNAL,60.0,,RVOL|ENTRY_TRIGGER,1038.4,1041.653,33.79,-0.746,0.758,1.2,1041.6788,1050.383,1045.3242,BEAR,1040.3,1044.6496,36.1,-0.412,23.02,False,True,False,False,False,False,False,False
2026-08-27T10:25:08,BAJAJ-AUTO,2026-08-27 10:20:00+05:30,BEAR,NEAR,80.0,VWAP_PULLBACK,RVOL,11657.0,11689.921,35.82,-0.154,0.296,1.2,11682.1423,11790.3821,11725.4693,BEAR,11650.0,11748.0054,28.8,-0.826,27.72,False,True,False,True,False,False,False,False
2026-08-27T10:25:09,NESTLEIND,2026-08-27 10:20:00+05:30,BEAR,NO_SIGNAL,40.0,,MACRO_BEAR|RVOL|ENTRY_TRIGGER,1446.0,1449.951,38.99,-0.755,0.26,1.2,1453.8467,1463.1741,1455.4619,BEAR,1445.5,1453.9179,31.23,-0.585,14.87,False,True,False,False,False,False,False,False
2026-08-27T10:25:09,BAJFINANCE,2026-08-27 10:20:00+05:30,BULL,NO_SIGNAL,60.0,,RVOL|ENTRY_TRIGGER,1090.5,1091.8894,46.59,-0.755,0.427,1.2,1098.1073,1086.4789,1088.1035,BULL,1091.4,1089.3288,55.47,0.451,33.99,False,False,False,False,False,False,False,False
2026-08-27T10:25:10,HINDALCO,2026-08-27 10:20:00+05:30,BEAR,NEAR,80.0,TREND_CONTINUATION,RVOL,1044.6,1048.2853,37.54,-0.148,0.229,1.2,1048.7382,1050.3794,1051.893,BEAR,1045.65,1049.1671,42.51,-0.062,26.18,False,True,False,False,False,False,False,True
2026-08-27T10:25:10,NTPC,2026-08-27 10:20:00+05:30,BEAR,NO_SIGNAL,60.0,,RVOL|ENTRY_TRIGGER,330.8,333.2074,13.31,-1.003,0.283,1.2,333.0422,338.5563,332.7456,BEAR,331.1,335.7817,19.25,-1.809,25.21,False,True,False,False,False,False,False,False
2026-08-27T10:25:11,HDFCLIFE,2026-08-27 10:20:00+05:30,BEAR,NEAR,80.0,VWAP_PULLBACK,RVOL,553.65,555.5486,34.76,-0.009,0.457,1.2,554.3254,554.7167,557.0749,BEAR,554.55,556.7303,43.26,-1.203,29.85,False,True,False,True,False,False,False,False
2026-08-27T10:25:11,SBILIFE,2026-08-27 10:20:00+05:30,BULL,NO_SIGNAL,60.0,,RVOL|ENTRY_TRIGGER,1792.4,1782.9407,64.85,1.146,0.361,1.2,1782.5682,1769.3508,1777.2836,BULL,1791.6,1776.8646,66.06,0.652,22.9,True,False,False,False,False,False,False,False
2026-08-27T10:25:12,HINDUNILVR,2026-08-27 10:20:00+05:30,BEAR,NO_SIGNAL,60.0,,RVOL|ENTRY_TRIGGER,2006.2,2015.7138,24.41,-0.894,0.958,1.2,2013.1791,2022.444,2016.567,BEAR,2005.2,2022.7028,21.57,-1.007,22.99,False,True,False,False,False,False,False,False
2026-08-27T10:25:12,MARUTI,2026-08-27 10:20:00+05:30,BEAR,NO_SIGNAL,60.0,,RVOL|ENTRY_TRIGGER,13440.0,13479.5093,34.17,-0.54,0.234,1.2,13467.8361,13557.2183,13494.101,BEAR,13422.0,13546.2009,23.47,-1.381,23.63,False,True,False,False,False,False,False,False
2026-08-27T10:25:13,ITC,2026-08-27 10:20:00+05:30,BEAR,NEAR,80.0,VWAP_PULLBACK,RVOL,269.4,270.2214,29.53,-0.462,0.627,1.2,270.1878,270.1284,270.7974,BEAR,269.9,270.8219,39.02,-0.571,25.26,False,True,False,True,False,True,False,False
2026-08-27T10:25:13,TMPV,2026-08-27 10:20:00+05:30,BULL,NO_SIGNAL,20.0,,MACRO_BULL|ST_BULL|RVOL|ENTRY_TRIGGER,315.0,315.136,48.23,0.048,0.324,1.2,315.2929,314.3046,316.509,BEAR,315.2,315.041,52.5,0.0,23.88,False,False,False,False,False,False,False,False
2026-08-27T10:25:14,ADANIPORTS,2026-08-27 10:20:00+05:30,BULL,NO_SIGNAL,40.0,,MACRO_BULL|RVOL|ENTRY_TRIGGER,1695.4,1696.4469,46.17,-0.224,0.142,1.2,1697.7419,1690.9598,1690.3632,BULL,1695.0,1695.4508,50.24,-0.018,32.37,False,False,False,False,False,False,False,False
2026-08-27T10:25:14,DRREDDY,2026-08-27 10:20:00+05:30,BEAR,NO_SIGNAL,40.0,,MACRO_BEAR|RVOL|ENTRY_TRIGGER,1183.0,1182.7281,48.6,0.051,0.413,1.2,1181.4158,1186.4807,1185.3608,BEAR,1178.1,1185.1037,34.47,-1.042,15.9,False,False,False,False,False,False,False,False
2026-08-27T10:25:15,WIPRO,2026-08-27 10:20:00+05:30,BEAR,NO_SIGNAL,60.0,,RVOL|ENTRY_TRIGGER,177.17,177.3562,42.33,-0.304,0.159,1.2,177.5647,179.8867,177.9202,BEAR,177.16,177.8189,34.38,-0.096,25.08,False,True,False,False,False,False,False,False
2026-08-27T10:25:15,ONGC,2026-08-27 10:20:00+05:30,BEAR,NO_SIGNAL,60.0,,RVOL|ENTRY_TRIGGER,231.96,232.607,34.15,-0.872,0.783,1.2,232.981,234.5226,232.9953,BEAR,232.23,232.9326,36.57,-0.36,30.5,False,True,False,False,False,False,False,False
2026-08-27T10:25:16,SBIN,2026-08-27 10:20:00+05:30,BEAR,NO_SIGNAL,40.0,,BELOW_WVWAP|RVOL|ENTRY_TRIGGER,1047.1,1049.8957,31.31,-0.447,0.261,1.2,1049.4558,1042.8886,1051.3077,BEAR,1046.7,1052.2548,34.22,-0.834,29.46,False,True,False,False,False,False,False,False
2026-08-27T10:25:16,EICHERMOT,2026-08-27 10:20:00+05:30,BEAR,NO_SIGNAL,40.0,,BELOW_WVWAP|RVOL|ENTRY_TRIGGER,8043.0,8039.7475,49.28,0.337,0.4,1.2,8023.153,8042.4556,8069.5879,BEAR,8019.0,8056.6079,36.45,-0.724,41.5,False,False,False,False,False,False,False,False
2026-08-27T10:25:17,COALINDIA,2026-08-27 10:20:00+05:30,BEAR,NO_SIGNAL,40.0,,MACRO_BEAR|RVOL|ENTRY_TRIGGER,400.35,402.3393,20.61,-0.793,0.193,1.2,402.4147,404.1414,402.2101,BEAR,400.7,403.23,29.23,-0.866,17.07,False,True,False,False,False,False,False,False
2026-08-27T10:25:17,BAJAJFINSV,2026-08-27 10:20:00+05:30,BULL,NO_SIGNAL,20.0,,MACRO_BULL|ST_BULL|RVOL|ENTRY_TRIGGER,2009.0,2012.4447,39.87,-0.238,0.293,1.2,2014.7835,2008.2693,2019.6084,BEAR,2008.9,2011.8001,46.63,-0.094,12.99,False,True,False,False,False,False,False,False
2026-08-27T10:25:18,MAXHEALTH,2026-08-27 10:20:00+05:30,BEAR,NO_SIGNAL,40.0,,BELOW_WVWAP|RVOL|ENTRY_TRIGGER,1004.0,1007.9456,31.23,-0.219,0.082,1.2,1006.269,1000.287,1011.1407,BEAR,1004.3,1011.648,38.26,-1.035,35.82,False,True,False,False,False,False,False,False
2026-08-27T10:25:19,KOTAKBANK,2026-08-27 10:20:00+05:30,BULL,NO_SIGNAL,60.0,,RVOL|ENTRY_TRIGGER,425.55,422.3919,73.38,1.273,0.34,1.2,422.7407,409.7089,420.9645,BULL,424.85,416.8608,82.08,2.287,63.45,True,False,False,False,False,False,False,False
2026-08-27T10:25:19,APOLLOHOSP,2026-08-27 10:20:00+05:30,BEAR,NO_SIGNAL,40.0,,BELOW_WVWAP|RVOL|ENTRY_TRIGGER,8786.0,8785.1685,49.08,0.068,0.905,1.2,8793.086,8721.2506,8808.6043,BEAR,8767.0,8791.4759,41.02,-0.381,39.31,False,False,False,False,False,False,False,False
2026-08-27T10:25:20,CIPLA,2026-08-27 10:20:00+05:30,BEAR,NO_SIGNAL,60.0,,RVOL|ENTRY_TRIGGER,1404.4,1406.7957,39.22,-0.397,0.105,1.2,1406.5849,1420.32,1410.0739,BEAR,1403.5,1409.719,36.43,-0.157,30.82,False,True,False,False,False,False,False,False
2026-08-27T10:25:20,JSWSTEEL,2026-08-27 10:20:00+05:30,BULL,NO_SIGNAL,60.0,,RVOL|ENTRY_TRIGGER,1340.8,1338.0948,57.96,0.299,0.731,1.2,1340.9028,1319.5128,1331.3161,BULL,1339.4,1329.8205,75.64,1.171,55.63,True,False,False,False,False,False,False,False
2026-08-27T10:25:21,HCLTECH,2026-08-27 10:20:00+05:30,BEAR,NO_SIGNAL,60.0,,RVOL|ENTRY_TRIGGER,1284.5,1288.5958,32.17,-0.465,0.904,1.2,1288.6477,1307.2359,1290.0141,BEAR,1283.3,1295.9418,23.09,-1.224,26.3,False,True,False,False,False,False,False,False
2026-08-27T10:25:21,TCS,2026-08-27 10:20:00+05:30,BEAR,NO_SIGNAL,40.0,,MACRO_BEAR|RVOL|ENTRY_TRIGGER,2252.3,2259.8783,23.17,-0.548,0.371,1.2,2261.5127,2282.6178,2264.5581,BEAR,2252.8,2268.3162,24.41,-0.81,13.99,False,True,False,False,False,False,False,False
2026-08-27T10:25:22,INDIGO,2026-08-27 10:20:00+05:30,BEAR,NO_SIGNAL,40.0,,BELOW_WVWAP|RVOL|ENTRY_TRIGGER,5207.0,5224.3245,31.73,-0.497,0.548,1.2,5221.0978,5174.3795,5230.1568,BEAR,5219.0,5232.3462,46.36,-0.59,29.64,False,True,False,False,False,False,False,False
2026-08-27T10:25:22,BHARTIARTL,2026-08-27 10:20:00+05:30,BEAR,NO_SIGNAL,60.0,,RVOL|ENTRY_TRIGGER,1901.2,1904.4004,37.7,0.047,0.469,1.2,1900.802,1926.4946,1906.5437,BEAR,1902.4,1912.6003,31.58,-0.57,38.32,False,False,False,False,False,False,False,False
2026-08-27T10:25:23,ETERNAL,2026-08-27 10:20:00+05:30,BEAR,NO_SIGNAL,40.0,,MACRO_BEAR|RVOL|ENTRY_TRIGGER,326.3,326.702,45.81,-0.775,0.36,1.2,327.6268,328.1961,328.706,BEAR,326.0,327.1037,41.25,0.107,22.98,False,False,False,False,False,False,False,False
2026-08-27T10:25:23,LT,2026-08-27 10:20:00+05:30,BEAR,NO_SIGNAL,60.0,,RVOL|ENTRY_TRIGGER,4033.0,4045.1767,27.16,-0.326,0.121,1.2,4044.2093,4083.4736,4051.6246,BEAR,4032.9,4057.7643,26.32,-0.425,27.81,False,True,False,False,False,False,False,False
2026-08-27T10:25:24,SHRIRAMFIN,2026-08-27 10:20:00+05:30,BEAR,NEAR,80.0,TREND_CONTINUATION,RVOL,1100.4,1106.0037,34.16,-0.569,0.513,1.2,1104.7679,1119.992,1109.7855,BEAR,1101.9,1114.456,34.08,-1.131,30.17,False,True,False,False,False,False,False,True
2026-08-27T10:25:24,GRASIM,2026-08-27 10:20:00+05:30,BULL,NO_SIGNAL,60.0,,RVOL|ENTRY_TRIGGER,3285.0,3286.7761,48.58,-0.194,0.258,1.2,3286.1051,3275.7714,3274.1812,BULL,3283.5,3282.6621,51.36,0.321,32.47,False,False,False,False,False,False,False,False
2026-08-27T10:25:25,AXISBANK,2026-08-27 10:20:00+05:30,BULL,NEAR,80.0,,ENTRY_TRIGGER,1259.8,1257.9254,59.54,0.327,1.369,1.2,1258.4633,1242.9441,1252.9452,BULL,1258.4,1253.8033,65.99,0.072,45.93,True,False,False,False,False,False,False,False
2026-08-27T10:25:25,POWERGRID,2026-08-27 10:20:00+05:30,BEAR,NO_SIGNAL,60.0,,RVOL|ENTRY_TRIGGER,262.5,264.293,16.84,-0.831,0.253,1.2,264.0136,268.9778,264.1689,BEAR,262.6,266.3304,14.53,-1.685,33.91,False,True,False,False,False,False,False,False
2026-08-27T10:25:26,ADANIENT,2026-08-27 10:20:00+05:30,BULL,NO_SIGNAL,60.0,,RVOL|ENTRY_TRIGGER,3145.8,3143.4025,53.8,0.048,0.899,1.2,3145.451,3076.6331,3126.217,BULL,3144.2,3130.5912,66.91,0.444,51.09,False,False,False,False,False,False,False,False
2026-08-27T10:25:26,TECHM,2026-08-27 10:20:00+05:30,BULL,NEAR,80.0,BREAKOUT_CONTINUATION,RVOL,1594.1,1583.8018,69.7,0.258,0.82,1.2,1587.5868,1582.4085,1580.4345,BULL,1588.0,1577.5145,63.63,1.301,24.73,True,False,False,False,True,False,False,False
2026-08-27T10:25:27,ICICIBANK,2026-08-27 10:20:00+05:30,BULL,NEAR,80.0,VWAP_PULLBACK,RVOL,1440.7,1438.8213,56.99,0.083,0.299,1.2,1439.207,1424.4319,1432.9574,BULL,1439.9,1436.5106,63.51,0.181,25.12,True,False,True,False,False,False,False,False
2026-08-27T10:25:28,JIOFIN,2026-08-27 10:20:00+05:30,BEAR,NEAR,80.0,BREAKOUT_CONTINUATION,MACRO_BEAR,239.9,241.1647,17.64,-0.786,1.822,1.2,241.0832,242.37,241.1957,BEAR,240.5,241.9664,28.22,-0.763,20.12,False,True,False,False,False,True,False,False
2026-08-27T10:25:28,TATASTEEL,2026-08-27 10:20:00+05:30,BULL,NO_SIGNAL,60.0,,RVOL|ENTRY_TRIGGER,188.31,188.3317,52.2,-0.36,0.211,1.2,188.9777,185.9008,187.3843,BULL,188.31,186.9749,62.21,1.4,35.72,False,False,False,False,False,False,False,False
2026-08-27T10:25:29,TITAN,2026-08-27 10:20:00+05:30,BULL,NO_SIGNAL,60.0,VWAP_PULLBACK,MACRO_BULL|ST_BULL,5116.5,5097.1899,61.82,0.536,6.633,1.2,5097.8458,5091.3976,5120.8815,BEAR,5089.5,5096.4933,46.35,-0.173,26.45,True,False,True,False,True,False,True,False
2026-08-27T10:25:29,INFY,2026-08-27 10:20:00+05:30,BEAR,NO_SIGNAL,40.0,,MACRO_BEAR|RVOL|ENTRY_TRIGGER,1116.0,1118.8214,36.46,-0.473,0.634,1.2,1119.8604,1128.1909,1124.4843,BEAR,1116.3,1121.1329,34.36,-0.428,16.28,False,True,False,False,False,False,False,False
2026-08-27T10:25:30,TRENT,2026-08-27 10:20:00+05:30,BEAR,NO_SIGNAL,60.0,BREAKOUT_CONTINUATION,MACRO_BEAR|RVOL,2897.0,2907.442,33.23,-0.549,0.951,1.2,2909.3593,2917.8751,2915.7945,BEAR,2903.4,2914.0416,38.7,-0.34,13.79,False,True,False,False,False,True,False,False
2026-08-27T10:25:30,ASIANPAINT,2026-08-27 10:20:00+05:30,BEAR,NO_SIGNAL,40.0,,BELOW_WVWAP|RVOL|ENTRY_TRIGGER,2637.1,2637.0699,48.57,-0.061,0.5,1.2,2637.084,2631.5296,2643.9059,BEAR,2636.1,2640.3184,45.61,-0.393,22.73,False,False,False,False,False,False,False,False
2026-08-27T10:25:31,ULTRACEMCO,2026-08-27 10:20:00+05:30,BULL,NO_SIGNAL,40.0,,ST_BULL|RVOL|ENTRY_TRIGGER,11770.0,11747.3713,58.36,0.298,0.201,1.2,11753.9629,11585.7118,11811.6904,BEAR,11777.0,11700.4464,67.63,0.882,34.08,True,False,False,False,False,False,False,False
2026-08-27T10:25:31,HDFCBANK,2026-08-27 10:20:00+05:30,BEAR,NO_SIGNAL,60.0,VWAP_PULLBACK,RVOL|ENTRY_TRIGGER,720.0,722.3597,31.44,0.272,0.694,1.2,720.4251,725.6321,723.6915,BEAR,720.8,725.3035,31.48,-1.016,26.13,False,False,False,True,False,False,False,False
2026-08-27T10:25:32,RELIANCE,2026-08-27 10:20:00+05:30,BEAR,NO_SIGNAL,40.0,,MACRO_BEAR|RVOL|ENTRY_TRIGGER,1296.2,1300.9293,27.03,-0.667,0.494,1.2,1301.9354,1306.128,1302.3613,BEAR,1298.7,1303.8182,31.53,-0.498,17.11,False,True,False,False,False,False,False,False
2026-08-27T10:25:32,M&M,2026-08-27 10:20:00+05:30,BEAR,NO_SIGNAL,60.0,,RVOL|ENTRY_TRIGGER,3382.4,3391.931,33.88,-0.133,0.415,1.2,3387.8645,3416.4752,3395.3538,BEAR,3376.2,3409.5858,21.05,-1.359,27.61,False,True,False,False,False,False,False,False
2026-08-27T10:25:33,SUNPHARMA,2026-08-27 10:20:00+05:30,BEAR,NO_SIGNAL,40.0,,MACRO_BEAR|RVOL|ENTRY_TRIGGER,1908.4,1908.3491,48.35,0.079,0.193,1.2,1908.6117,1912.4006,1914.1721,BEAR,1903.5,1912.1723,31.9,-0.803,15.39,False,False,False,False,False,False,False,False
2026-08-27T10:30:07,BEL,2026-08-27 10:25:00+05:30,BULL,NO_SIGNAL,40.0,,MACRO_BULL|RVOL|ENTRY_TRIGGER,410.25,410.3336,50.38,0.159,0.242,1.05,410.5589,409.1674,408.6985,BULL,410.25,409.7481,53.83,0.146,16.54,False,False,False,False,False,False,False,False
2026-08-27T10:30:07,TATACONSUM,2026-08-27 10:25:00+05:30,BEAR,NO_SIGNAL,60.0,,RVOL|ENTRY_TRIGGER,1038.2,1041.3391,33.22,-0.422,0.231,1.05,1041.5712,1050.3548,1043.9993,BEAR,1038.2,1044.0633,32.54,-0.403,24.09,False,True,False,False,False,False,False,False
2026-08-27T10:30:08,BAJAJ-AUTO,2026-08-27 10:25:00+05:30,BEAR,NEAR,80.0,TREND_CONTINUATION,RVOL,11644.0,11685.7464,33.12,-0.163,0.197,1.05,11681.6856,11790.2013,11725.4693,BEAR,11644.0,11738.5503,28.14,-1.096,28.63,False,True,False,False,False,False,False,True
2026-08-27T10:30:08,NESTLEIND,2026-08-27 10:25:00+05:30,BEAR,NO_SIGNAL,40.0,,MACRO_BEAR|RVOL|ENTRY_TRIGGER,1445.5,1449.5464,38.11,-0.42,0.253,1.05,1453.6861,1463.1522,1453.8602,BEAR,1445.5,1453.1526,31.23,-0.598,14.05,False,True,False,False,False,False,False,False
2026-08-27T10:30:09,BAJFINANCE,2026-08-27 10:25:00+05:30,BULL,NO_SIGNAL,60.0,,RVOL|ENTRY_TRIGGER,1090.2,1091.7358,45.68,-0.792,0.8,1.05,1097.7514,1086.5107,1088.1035,BULL,1090.2,1089.408,53.01,0.202,34.5,False,False,False,False,False,False,False,False
2026-08-27T10:30:09,HINDALCO,2026-08-27 10:25:00+05:30,BEAR,NO_SIGNAL,60.0,,RVOL|ENTRY_TRIGGER,1044.6,1047.9503,37.54,-0.353,0.288,1.05,1048.6198,1050.3708,1050.8762,BEAR,1044.6,1048.7519,40.62,-0.4,25.46,False,True,False,False,False,False,False,False
2026-08-27T10:30:10,NTPC,2026-08-27 10:25:00+05:30,BEAR,NO_SIGNAL,60.0,,RVOL|ENTRY_TRIGGER,330.7,332.9794,12.99,-0.869,0.376,1.05,332.9773,338.537,332.4177,BEAR,330.7,335.3198,18.37,-1.855,27.28,False,True,False,False,False,False,False,False
2026-08-27T10:30:10,HDFCLIFE,2026-08-27 10:25:00+05:30,BEAR,NO_SIGNAL,60.0,VWAP_PULLBACK,RVOL|ENTRY_TRIGGER,553.55,555.3669,34.32,0.027,0.298,1.05,554.3043,554.7153,556.3999,BEAR,553.55,556.4412,40.36,-1.24,28.77,False,False,False,True,False,False,False,False
2026-08-27T10:30:11,SBILIFE,2026-08-27 10:25:00+05:30,BULL,NO_SIGNAL,60.0,,RVOL|ENTRY_TRIGGER,1794.0,1783.9461,66.34,1.39,0.574,1.05,1783.0557,1769.4548,1777.3217,BULL,1794.0,1778.4224,67.64,0.798,24.27,True,False,False,False,False,False,False,False
2026-08-27T10:30:11,HINDUNILVR,2026-08-27 10:25:00+05:30,BEAR,NO_SIGNAL,60.0,,RVOL|ENTRY_TRIGGER,2005.6,2014.7943,23.75,-0.674,0.81,1.05,2012.7932,2022.3689,2014.9768,BEAR,2005.6,2021.148,22.53,-0.982,24.96,False,True,False,False,False,False,False,False
2026-08-27T10:30:12,MARUTI,2026-08-27 10:25:00+05:30,BEAR,NO_SIGNAL,60.0,,RVOL|ENTRY_TRIGGER,13438.0,13475.7358,33.77,-0.163,0.283,1.05,13466.9942,13557.0006,13494.101,BEAR,13438.0,13536.3644,28.03,-1.227,24.08,False,True,False,False,False,False,False,False
2026-08-27T10:30:13,ITC,2026-08-27 10:25:00+05:30,BEAR,NEAR,80.0,,ENTRY_TRIGGER,269.25,270.1331,27.77,-0.407,1.267,1.05,270.0822,270.1216,270.4085,BEAR,269.25,270.679,33.74,-0.664,27.06,False,True,False,False,False,False,False,False
2026-08-27T10:30:13,TMPV,2026-08-27 10:25:00+05:30,BULL,NO_SIGNAL,40.0,,MACRO_BULL|ST_BULL|ENTRY_TRIGGER,314.95,315.1191,47.64,0.064,1.461,1.05,315.2319,314.3082,316.509,BEAR,314.95,315.0327,50.08,-0.19,24.78,False,False,False,False,False,False,False,False
2026-08-27T10:30:14,ADANIPORTS,2026-08-27 10:25:00+05:30,BULL,NO_SIGNAL,40.0,,MACRO_BULL|RVOL|ENTRY_TRIGGER,1694.6,1696.279,43.65,-0.047,0.183,1.05,1697.6632,1690.965,1690.3632,BULL,1694.6,1695.3734,49.39,-0.071,33.14,False,True,False,False,False,False,False,False
2026-08-27T10:30:14,DRREDDY,2026-08-27 10:25:00+05:30,BULL,NO_SIGNAL,60.0,VWAP_PULLBACK,MACRO_BULL|RVOL,1187.0,1183.1165,58.52,0.627,0.556,1.05,1181.6712,1186.4785,1176.0264,BULL,1187.0,1185.2761,52.43,-0.252,14.8,True,False,True,False,False,False,False,False
2026-08-27T10:30:15,WIPRO,2026-08-27 10:25:00+05:30,BEAR,NO_SIGNAL,60.0,,RVOL|ENTRY_TRIGGER,177.08,177.3311,39.99,-0.209,0.231,1.05,177.5536,179.8837,177.8644,BEAR,177.08,177.7517,33.42,-0.04,23.36,False,True,False,False,False,False,False,False
2026-08-27T10:30:15,ONGC,2026-08-27 10:25:00+05:30,BEAR,NO_SIGNAL,60.0,,RVOL|ENTRY_TRIGGER,232.12,232.5627,38.48,-0.553,0.309,1.05,232.9575,234.5185,232.941,BEAR,232.12,232.8587,35.31,-0.373,30.25,False,True,False,False,False,False,False,False
2026-08-27T10:30:16,SBIN,2026-08-27 10:25:00+05:30,BEAR,NO_SIGNAL,40.0,,BELOW_WVWAP|RVOL|ENTRY_TRIGGER,1046.5,1049.587,29.45,-0.162,0.477,1.05,1049.3102,1042.8962,1050.7209,BEAR,1046.5,1051.7317,33.82,-0.834,29.03,False,True,False,False,False,False,False,False
2026-08-27T10:30:16,EICHERMOT,2026-08-27 10:25:00+05:30,BEAR,NO_SIGNAL,60.0,,RVOL|ENTRY_TRIGGER,8042.0,8039.9523,48.9,0.556,0.444,1.05,8023.614,8042.444,8069.5879,BEAR,8042.0,8055.2799,45.41,-0.575,40.64,False,False,False,False,False,False,False,False
2026-08-27T10:30:17,COALINDIA,2026-08-27 10:25:00+05:30,BEAR,NO_SIGNAL,40.0,,MACRO_BEAR|RVOL|ENTRY_TRIGGER,400.4,402.163,21.64,-0.707,0.138,1.05,402.3739,404.1389,402.198,BEAR,400.4,402.9727,27.88,-0.928,17.68,False,True,False,False,False,False,False,False
2026-08-27T10:30:17,BAJAJFINSV,2026-08-27 10:25:00+05:30,BEAR,NO_SIGNAL,40.0,,MACRO_BEAR|RVOL|ENTRY_TRIGGER,2008.1,2012.0497,37.91,-0.342,0.541,1.05,2014.4151,2008.2681,2018.1715,BEAR,2008.1,2011.4637,45.53,-0.015,13.48,False,True,False,False,False,False,False,False
2026-08-27T10:30:18,MAXHEALTH,2026-08-27 10:25:00+05:30,BEAR,NO_SIGNAL,40.0,,BELOW_WVWAP|RVOL|ENTRY_TRIGGER,1003.5,1007.5414,30.11,-0.555,0.224,1.05,1006.2097,1000.2904,1010.142,BEAR,1003.5,1010.9073,37.25,-1.211,34.94,False,True,False,False,False,False,False,False
2026-08-27T10:30:18,KOTAKBANK,2026-08-27 10:25:00+05:30,BULL,NO_SIGNAL,60.0,,RVOL|ENTRY_TRIGGER,426.0,422.7199,74.66,1.296,0.189,1.05,422.7754,409.7483,421.1375,BULL,426.0,417.6916,83.37,2.712,64.86,True,False,False,False,False,False,False,False
2026-08-27T10:30:19,APOLLOHOSP,2026-08-27 10:25:00+05:30,BEAR,NO_SIGNAL,40.0,,BELOW_WVWAP|RVOL|ENTRY_TRIGGER,8780.0,8784.6986,46.49,0.023,0.633,1.05,8792.6915,8721.4323,8808.6043,BEAR,8780.0,8790.4326,46.62,-0.205,39.87,False,False,False,False,False,False,False,False
2026-08-27T10:30:19,CIPLA,2026-08-27 10:25:00+05:30,BEAR,NO_SIGNAL,40.0,,MACRO_BEAR|RVOL|ENTRY_TRIGGER,1406.0,1406.7234,45.53,-0.099,0.201,1.05,1406.5577,1420.3043,1410.0739,BEAR,1406.0,1409.3809,41.94,0.121,30.98,False,False,False,False,False,False,False,False
2026-08-27T10:30:20,JSWSTEEL,2026-08-27 10:25:00+05:30,BULL,NO_SIGNAL,60.0,,RVOL|ENTRY_TRIGGER,1340.2,1338.2861,56.59,0.075,0.337,1.05,1340.8923,1319.5651,1331.3198,BULL,1340.2,1330.7641,76.46,1.056,56.95,True,False,False,False,False,False,False,False
2026-08-27T10:30:20,HCLTECH,2026-08-27 10:25:00+05:30,BEAR,NO_SIGNAL,60.0,,RVOL|ENTRY_TRIGGER,1284.5,1288.2235,32.17,-0.171,0.701,1.05,1288.4862,1307.1324,1290.0141,BEAR,1284.5,1294.9016,26.44,-1.124,27.33,False,True,False,False,False,False,False,False
2026-08-27T10:30:21,TCS,2026-08-27 10:25:00+05:30,BEAR,NO_SIGNAL,40.0,,MACRO_BEAR|RVOL|ENTRY_TRIGGER,2251.1,2259.0803,21.67,-0.433,0.622,1.05,2261.0215,2282.5119,2262.9783,BEAR,2251.1,2266.7511,23.25,-0.789,13.18,False,True,False,False,False,False,False,False
2026-08-27T10:30:21,INDIGO,2026-08-27 10:25:00+05:30,BEAR,NO_SIGNAL,40.0,,BELOW_WVWAP|RVOL|ENTRY_TRIGGER,5205.0,5222.5678,30.66,-0.459,0.386,1.05,5220.5516,5174.4318,5230.1568,BEAR,5205.0,5229.8601,41.04,-0.923,28.84,False,True,False,False,False,False,False,False
2026-08-27T10:30:22,BHARTIARTL,2026-08-27 10:25:00+05:30,BEAR,NO_SIGNAL,60.0,VWAP_PULLBACK,RVOL|ENTRY_TRIGGER,1900.3,1904.0276,35.92,0.111,0.61,1.05,1900.7867,1926.3428,1906.5437,BEAR,1900.3,1911.4821,29.74,-0.633,38.15,False,False,False,True,False,False,False,False
2026-08-27T10:30:22,ETERNAL,2026-08-27 10:25:00+05:30,BEAR,NO_SIGNAL,40.0,,MACRO_BEAR|RVOL|ENTRY_TRIGGER,326.3,326.6654,45.81,-0.7,0.713,1.05,327.5422,328.1858,328.589,BEAR,326.3,327.0307,43.54,0.138,21.51,False,False,False,False,False,False,False,False
2026-08-27T10:30:23,LT,2026-08-27 10:25:00+05:30,BEAR,NO_SIGNAL,60.0,,RVOL|ENTRY_TRIGGER,4038.0,4044.5243,37.19,-0.203,0.523,1.05,4043.8189,4083.3501,4051.6246,BEAR,4038.0,4055.9675,32.09,-0.392,29.48,False,True,False,False,False,False,False,False
2026-08-27T10:30:24,SHRIRAMFIN,2026-08-27 10:25:00+05:30,BEAR,NEAR,80.0,TREND_CONTINUATION,RVOL,1100.0,1105.4579,33.59,-0.443,0.495,1.05,1104.6359,1119.9078,1109.7855,BEAR,1100.0,1113.1419,32.69,-1.61,30.47,False,True,False,False,False,False,False,True
2026-08-27T10:30:24,GRASIM,2026-08-27 10:25:00+05:30,BULL,NO_SIGNAL,60.0,VWAP_PULLBACK,RVOL|ENTRY_TRIGGER,3287.9,3286.8783,51.64,0.085,0.198,1.05,3286.1303,3275.7833,3274.1812,BULL,3287.9,3283.1383,53.28,0.125,33.07,False,False,True,False,False,False,False,False
2026-08-27T10:30:25,AXISBANK,2026-08-27 10:25:00+05:30,BULL,NEAR,80.0,VWAP_PULLBACK,RVOL,1260.6,1258.1685,61.96,0.382,0.59,1.05,1258.5312,1243.0435,1252.9452,BULL,1260.6,1254.4212,69.47,0.398,46.56,True,False,True,False,False,False,True,False
2026-08-27T10:30:25,POWERGRID,2026-08-27 10:25:00+05:30,BEAR,NO_SIGNAL,60.0,,RVOL|ENTRY_TRIGGER,262.5,264.13,16.84,-0.719,0.453,1.05,263.952,268.9536,263.8805,BEAR,262.5,265.9822,14.29,-1.612,36.45,False,True,False,False,False,False,False,False
2026-08-27T10:30:26,ADANIENT,2026-08-27 10:25:00+05:30,BULL,NO_SIGNAL,60.0,,RVOL|ENTRY_TRIGGER,3139.8,3143.075,48.08,-0.038,0.799,1.05,3145.2151,3076.9804,3126.217,BULL,3139.8,3131.4284,62.33,0.15,51.31,False,False,False,False,False,False,False,False
2026-08-27T10:30:26,TECHM,2026-08-27 10:25:00+05:30,BULL,NO_SIGNAL,60.0,,RVOL|ENTRY_TRIGGER,1593.3,1584.6653,67.9,0.479,0.837,1.05,1588.0039,1582.4833,1582.6653,BULL,1593.3,1578.9496,67.93,1.633,27.01,True,False,False,False,False,False,False,False
2026-08-27T10:30:27,ICICIBANK,2026-08-27 10:25:00+05:30,BULL,NEAR,80.0,,ENTRY_TRIGGER,1441.2,1439.0375,58.32,0.278,1.615,1.05,1439.4395,1424.5856,1434.2635,BULL,1441.2,1436.9369,66.22,0.327,26.06,True,False,False,False,False,False,False,False
2026-08-27T10:30:27,JIOFIN,2026-08-27 10:25:00+05:30,BEAR,NO_SIGNAL,60.0,,RVOL|ENTRY_TRIGGER,239.8,241.0406,16.88,-0.704,0.997,1.05,240.9926,242.3519,240.9677,BEAR,239.8,241.7694,23.63,-1.032,22.27,False,True,False,False,False,False,False,False
2026-08-27T10:30:28,TATASTEEL,2026-08-27 10:25:00+05:30,BULL,NO_SIGNAL,60.0,,RVOL|ENTRY_TRIGGER,188.13,188.3134,50.09,-0.323,0.218,1.05,188.9634,185.9058,187.3843,BULL,188.13,187.0799,60.62,1.352,36.54,False,False,False,False,False,False,False,False
2026-08-27T10:30:28,TITAN,2026-08-27 10:25:00+05:30,BULL,NO_SIGNAL,40.0,,ST_BULL|RVOL|ENTRY_TRIGGER,5114.9,5098.7999,60.62,0.507,0.382,1.05,5098.2744,5091.5791,5120.8815,BEAR,5114.9,5098.1667,58.64,0.379,25.43,True,False,False,False,False,False,False,False
2026-08-27T10:30:29,INFY,2026-08-27 10:25:00+05:30,BEAR,NEAR,80.0,BREAKOUT_CONTINUATION,MACRO_BEAR,1112.8,1118.274,28.8,-0.385,2.065,1.05,1119.0506,1128.0617,1122.5313,BEAR,1112.8,1120.3754,28.72,-0.643,15.88,False,True,False,False,False,True,False,False
2026-08-27T10:30:29,TRENT,2026-08-27 10:25:00+05:30,BEAR,NO_SIGNAL,40.0,,MACRO_BEAR|RVOL|ENTRY_TRIGGER,2894.4,2906.2564,30.9,-0.833,0.556,1.05,2908.4833,2917.8141,2910.6096,BEAR,2894.4,2912.256,33.04,-0.557,13.92,False,True,False,False,False,False,False,False
2026-08-27T10:30:30,ASIANPAINT,2026-08-27 10:25:00+05:30,BULL,NEAR,80.0,VWAP_PULLBACK,MACRO_BULL,2645.9,2637.8726,60.59,0.22,2.272,1.05,2638.2071,2631.6905,2626.2511,BULL,2645.9,2640.8259,55.57,-0.042,21.39,True,False,True,False,True,False,False,False
2026-08-27T10:30:30,ULTRACEMCO,2026-08-27 10:25:00+05:30,BULL,NO_SIGNAL,40.0,,ST_BULL|RVOL|ENTRY_TRIGGER,11770.0,11749.4284,58.36,0.435,0.257,1.05,11754.5433,11586.0035,11811.6904,BEAR,11770.0,11706.7695,65.88,0.771,34.46,True,False,False,False,False,False,False,False
2026-08-27T10:30:31,HDFCBANK,2026-08-27 10:25:00+05:30,BEAR,NO_SIGNAL,60.0,,RVOL|ENTRY_TRIGGER,720.05,722.1497,31.86,0.049,0.375,1.05,720.4149,725.6093,723.2641,BEAR,720.05,724.8259,29.75,-1.065,27.81,False,False,False,False,False,False,False,False
2026-08-27T10:30:31,RELIANCE,2026-08-27 10:25:00+05:30,BEAR,NO_SIGNAL,60.0,,MACRO_BEAR|ENTRY_TRIGGER,1296.1,1300.4903,26.8,-0.415,2.351,1.05,1300.753,1305.9768,1301.7097,BEAR,1296.1,1303.1166,26.96,-0.606,17.66,False,True,False,False,False,False,False,False
2026-08-27T10:30:32,M&M,2026-08-27 10:25:00+05:30,BEAR,NEAR,80.0,VWAP_PULLBACK,RVOL,3378.1,3390.6736,30.74,-0.003,0.62,1.05,3387.5042,3416.2987,3395.3538,BEAR,3378.1,3406.7235,23.38,-1.315,29.67,False,True,False,True,False,False,False,False
2026-08-27T10:30:32,SUNPHARMA,2026-08-27 10:25:00+05:30,BEAR,NO_SIGNAL,40.0,,MACRO_BEAR|RVOL|ENTRY_TRIGGER,1909.5,1908.4537,50.69,0.084,0.27,1.05,1908.6171,1912.396,1914.1721,BEAR,1909.5,1911.9293,45.0,-0.485,14.51,False,False,False,False,False,False,False,False
2026-08-27T10:35:07,BEL,2026-08-27 10:30:00+05:30,BULL,NO_SIGNAL,40.0,,MACRO_BULL|RVOL|ENTRY_TRIGGER,410.1,410.3123,49.04,-0.558,0.245,1.05,410.55,409.1693,408.6985,BULL,410.25,409.7481,53.83,0.146,16.54,False,False,False,False,False,False,False,False
2026-08-27T10:35:08,TATACONSUM,2026-08-27 10:30:00+05:30,BEAR,NO_SIGNAL,60.0,,RVOL|ENTRY_TRIGGER,1040.6,1041.2719,45.3,-0.154,0.656,1.05,1041.4246,1050.2859,1043.9993,BEAR,1038.2,1044.0633,32.54,-0.403,24.09,False,False,False,False,False,False,False,False
2026-08-27T10:35:08,BAJAJ-AUTO,2026-08-27 10:30:00+05:30,BEAR,NO_SIGNAL,60.0,,RVOL|ENTRY_TRIGGER,11648.0,11682.3149,34.75,-0.137,0.358,1.05,11680.8656,11789.8779,11716.8704,BEAR,11644.0,11738.5503,28.14,-1.096,28.63,False,True,False,False,False,False,False,False
2026-08-27T10:35:09,NESTLEIND,2026-08-27 10:30:00+05:30,BEAR,NO_SIGNAL,40.0,,MACRO_BEAR|RVOL|ENTRY_TRIGGER,1447.5,1449.3604,43.6,-0.495,0.312,1.05,1453.5349,1463.1279,1453.8602,BEAR,1445.5,1453.1526,31.23,-0.598,14.05,False,True,False,False,False,False,False,False
2026-08-27T10:35:09,BAJFINANCE,2026-08-27 10:30:00+05:30,BULL,NO_SIGNAL,60.0,,RVOL|ENTRY_TRIGGER,1090.6,1091.6326,47.16,-0.602,0.72,1.05,1097.4485,1086.5379,1088.1035,BULL,1090.2,1089.408,53.01,0.202,34.5,False,False,False,False,False,False,False,False
2026-08-27T10:35:10,HINDALCO,2026-08-27 10:30:00+05:30,BEAR,NO_SIGNAL,60.0,,RVOL|ENTRY_TRIGGER,1044.15,1047.6048,36.45,-0.477,0.331,1.05,1048.4846,1050.3607,1049.9331,BEAR,1044.6,1048.7519,40.62,-0.4,25.46,False,True,False,False,False,False,False,False
2026-08-27T10:35:11,NTPC,2026-08-27 10:30:00+05:30,BEAR,SIGNAL,100.0,BREAKOUT_CONTINUATION,,329.55,332.6676,9.97,-1.051,3.767,1.05,332.3083,338.3378,332.1045,BEAR,330.7,335.3198,18.37,-1.855,27.28,False,True,False,False,False,True,False,False
2026-08-27T10:35:11,HDFCLIFE,2026-08-27 10:30:00+05:30,BEAR,NO_SIGNAL,60.0,,RVOL|ENTRY_TRIGGER,553.75,555.2199,36.07,-0.099,0.826,1.05,554.2548,554.7116,556.3999,BEAR,553.55,556.4412,40.36,-1.24,28.77,False,True,False,False,False,False,False,False
2026-08-27T10:35:12,SBILIFE,2026-08-27 10:30:00+05:30,BULL,NO_SIGNAL,60.0,,RVOL|ENTRY_TRIGGER,1798.0,1785.2237,69.78,0.881,0.53,1.05,1783.5528,1769.5581,1778.3614,BULL,1794.0,1778.4224,67.64,0.798,24.27,True,False,False,False,False,False,False,False
2026-08-27T10:35:12,HINDUNILVR,2026-08-27 10:30:00+05:30,BEAR,NO_SIGNAL,60.0,,RVOL|ENTRY_TRIGGER,2006.6,2014.0494,27.25,-0.737,0.758,1.05,2012.497,2022.3015,2014.9768,BEAR,2005.6,2021.148,22.53,-0.982,24.96,False,True,False,False,False,False,False,False
2026-08-27T10:35:13,MARUTI,2026-08-27 10:30:00+05:30,BEAR,NO_SIGNAL,60.0,,RVOL|ENTRY_TRIGGER,13451.0,13473.487,38.73,-0.067,0.504,1.05,13466.2251,13556.6793,13494.101,BEAR,13438.0,13536.3644,28.03,-1.227,24.08,False,True,False,False,False,False,False,False
2026-08-27T10:35:13,ITC,2026-08-27 10:30:00+05:30,BEAR,NO_SIGNAL,60.0,,RVOL|ENTRY_TRIGGER,269.1,270.0392,26.09,-0.481,0.275,1.05,270.0623,270.1201,270.3822,BEAR,269.25,270.679,33.74,-0.664,27.06,False,True,False,False,False,False,False,False
2026-08-27T10:35:14,TMPV,2026-08-27 10:30:00+05:30,BULL,NO_SIGNAL,20.0,,MACRO_BULL|ST_BULL|RVOL|ENTRY_TRIGGER,314.65,315.0765,44.11,-0.016,0.192,1.05,315.2243,314.3086,316.509,BEAR,314.95,315.0327,50.08,-0.19,24.78,False,True,False,False,False,False,False,False
2026-08-27T10:35:14,ADANIPORTS,2026-08-27 10:30:00+05:30,BULL,NEAR,80.0,VWAP_PULLBACK,MACRO_BULL,1698.3,1696.4627,55.68,0.012,1.525,1.05,1697.6031,1691.0242,1690.3632,BULL,1694.6,1695.3734,49.39,-0.071,33.14,True,False,True,False,True,False,True,False
2026-08-27T10:35:15,DRREDDY,2026-08-27 10:30:00+05:30,BULL,NO_SIGNAL,40.0,,MACRO_BULL|RVOL|ENTRY_TRIGGER,1186.7,1183.4423,57.63,0.483,0.368,1.05,1181.8602,1186.4789,1177.9798,BULL,1187.0,1185.2761,52.43,-0.252,14.8,True,False,False,False,False,False,False,False
2026-08-27T10:35:15,WIPRO,2026-08-27 10:30:00+05:30,BEAR,NO_SIGNAL,60.0,,RVOL|ENTRY_TRIGGER,177.04,177.3046,38.95,-0.248,0.254,1.05,177.5404,179.8803,177.6952,BEAR,177.08,177.7517,33.42,-0.04,23.36,False,True,False,False,False,False,False,False
2026-08-27T10:35:16,ONGC,2026-08-27 10:30:00+05:30,BEAR,NO_SIGNAL,60.0,,RVOL|ENTRY_TRIGGER,231.99,232.5106,36.39,-0.237,0.43,1.05,232.9255,234.5129,232.8723,BEAR,232.12,232.8587,35.31,-0.373,30.25,False,True,False,False,False,False,False,False
2026-08-27T10:35:16,SBIN,2026-08-27 10:30:00+05:30,BEAR,NO_SIGNAL,40.0,,BELOW_WVWAP|RVOL|ENTRY_TRIGGER,1046.9,1049.3427,32.34,-0.257,0.278,1.05,1049.2371,1042.9005,1050.4679,BEAR,1046.5,1051.7317,33.82,-0.834,29.03,False,True,False,False,False,False,False,False
2026-08-27T10:35:17,EICHERMOT,2026-08-27 10:30:00+05:30,BEAR,NO_SIGNAL,40.0,,BELOW_WVWAP|RVOL|ENTRY_TRIGGER,8044.0,8040.3202,49.74,0.218,0.351,1.05,8024.1205,8042.4473,8069.5879,BEAR,8042.0,8055.2799,45.41,-0.575,40.64,False,False,False,False,False,False,False,False
2026-08-27T10:35:17,COALINDIA,2026-08-27 10:30:00+05:30,BEAR,NO_SIGNAL,40.0,,MACRO_BEAR|RVOL|ENTRY_TRIGGER,400.7,402.03,27.67,-0.571,0.177,1.05,402.3313,404.136,402.198,BEAR,400.4,402.9727,27.88,-0.928,17.68,False,True,False,False,False,False,False,False
2026-08-27T10:35:18,BAJAJFINSV,2026-08-27 10:30:00+05:30,BULL,NO_SIGNAL,20.0,,MACRO_BULL|ST_BULL|RVOL|ENTRY_TRIGGER,2011.6,2012.0088,48.48,-0.223,0.7,1.05,2014.1707,2008.277,2018.1715,BEAR,2008.1,2011.4637,45.53,-0.015,13.48,False,False,False,False,False,False,False,False
2026-08-27T10:35:18,MAXHEALTH,2026-08-27 10:30:00+05:30,BEAR,NO_SIGNAL,40.0,,BELOW_WVWAP|RVOL|ENTRY_TRIGGER,1002.7,1007.1013,28.36,-0.693,0.219,1.05,1006.1433,1000.2929,1009.0718,BEAR,1003.5,1010.9073,37.25,-1.211,34.94,False,True,False,False,False,False,False,False
2026-08-27T10:35:19,KOTAKBANK,2026-08-27 10:30:00+05:30,BULL,NO_SIGNAL,60.0,,RVOL|ENTRY_TRIGGER,425.65,422.9863,71.75,0.925,0.647,1.05,422.9067,409.885,421.7178,BULL,426.0,417.6916,83.37,2.712,64.86,True,False,False,False,False,False,False,False
2026-08-27T10:35:19,APOLLOHOSP,2026-08-27 10:30:00+05:30,BEAR,NO_SIGNAL,40.0,,BELOW_WVWAP|RVOL|ENTRY_TRIGGER,8779.0,8784.1806,46.05,-0.182,1.009,1.05,8792.0907,8721.725,8808.6043,BEAR,8780.0,8790.4326,46.62,-0.205,39.87,False,False,False,False,False,False,False,False
2026-08-27T10:35:20,CIPLA,2026-08-27 10:30:00+05:30,BEAR,NO_SIGNAL,40.0,,MACRO_BEAR|RVOL|ENTRY_TRIGGER,1406.9,1406.7394,48.75,-0.064,0.34,1.05,1406.5694,1420.2815,1410.0739,BEAR,1406.0,1409.3809,41.94,0.121,30.98,False,False,False,False,False,False,False,False
2026-08-27T10:35:20,JSWSTEEL,2026-08-27 10:30:00+05:30,BULL,NO_SIGNAL,60.0,,RVOL|ENTRY_TRIGGER,1339.4,1338.3874,54.72,-0.09,0.158,1.05,1340.8781,1319.5882,1331.3198,BULL,1340.2,1330.7641,76.46,1.056,56.95,False,False,False,False,False,False,False,False
2026-08-27T10:35:21,HCLTECH,2026-08-27 10:30:00+05:30,BEAR,NO_SIGNAL,60.0,,RVOL|ENTRY_TRIGGER,1283.0,1287.7486,29.2,-0.202,0.36,1.05,1288.3541,1307.0738,1290.0141,BEAR,1284.5,1294.9016,26.44,-1.124,27.33,False,True,False,False,False,False,False,False
2026-08-27T10:35:22,TCS,2026-08-27 10:30:00+05:30,BEAR,NEAR,80.0,BREAKOUT_CONTINUATION,MACRO_BEAR,2248.6,2258.1275,18.91,-0.54,1.305,1.05,2259.9095,2282.2731,2260.8029,BEAR,2251.1,2266.7511,23.25,-0.789,13.18,False,True,False,False,False,True,False,False
2026-08-27T10:35:22,INDIGO,2026-08-27 10:30:00+05:30,BEAR,NO_SIGNAL,40.0,,BELOW_WVWAP|RVOL|ENTRY_TRIGGER,5206.5,5221.107,32.49,-0.345,0.33,1.05,5220.1156,5174.4764,5230.1568,BEAR,5205.0,5229.8601,41.04,-0.923,28.84,False,True,False,False,False,False,False,False
2026-08-27T10:35:23,BHARTIARTL,2026-08-27 10:30:00+05:30,BEAR,NO_SIGNAL,60.0,,RVOL|ENTRY_TRIGGER,1902.9,1903.9251,44.11,0.396,0.698,1.05,1900.8392,1926.1802,1906.5437,BEAR,1900.3,1911.4821,29.74,-0.633,38.15,False,False,False,False,False,False,False,False
2026-08-27T10:35:23,ETERNAL,2026-08-27 10:30:00+05:30,BEAR,NO_SIGNAL,40.0,,MACRO_BEAR|RVOL|ENTRY_TRIGGER,326.8,326.6777,50.87,-0.518,0.524,1.05,327.5086,328.1804,328.589,BEAR,326.3,327.0307,43.54,0.138,21.51,False,False,False,False,False,False,False,False
2026-08-27T10:35:24,LT,2026-08-27 10:30:00+05:30,BEAR,NO_SIGNAL,60.0,,RVOL|ENTRY_TRIGGER,4039.0,4044.0221,38.99,-0.247,0.296,1.05,4043.6909,4083.2877,4051.6246,BEAR,4038.0,4055.9675,32.09,-0.392,29.48,False,True,False,False,False,False,False,False
2026-08-27T10:35:24,SHRIRAMFIN,2026-08-27 10:30:00+05:30,BEAR,NEAR,80.0,TREND_CONTINUATION,RVOL,1099.5,1104.9163,32.84,-0.245,0.335,1.05,1104.5356,1119.8485,1109.5294,BEAR,1100.0,1113.1419,32.69,-1.61,30.47,False,True,False,False,False,False,False,True
2026-08-27T10:35:25,GRASIM,2026-08-27 10:30:00+05:30,BULL,NO_SIGNAL,60.0,,RVOL|ENTRY_TRIGGER,3285.4,3286.7439,48.93,0.052,0.164,1.05,3286.1295,3275.7924,3274.1812,BULL,3287.9,3283.1383,53.28,0.125,33.07,False,False,False,False,False,False,False,False
2026-08-27T10:35:25,AXISBANK,2026-08-27 10:30:00+05:30,BULL,NO_SIGNAL,60.0,,RVOL|ENTRY_TRIGGER,1260.4,1258.3714,60.97,0.374,0.516,1.05,1258.5969,1243.13,1253.1313,BULL,1260.6,1254.4212,69.47,0.398,46.56,True,False,False,False,False,False,False,False
2026-08-27T10:35:26,POWERGRID,2026-08-27 10:30:00+05:30,BEAR,NO_SIGNAL,60.0,,RVOL|ENTRY_TRIGGER,262.5,263.9818,16.84,-0.756,0.245,1.05,263.9212,268.9406,263.8547,BEAR,262.5,265.9822,14.29,-1.612,36.45,False,True,False,False,False,False,False,False
2026-08-27T10:35:26,ADANIENT,2026-08-27 10:30:00+05:30,BULL,NEAR,80.0,VWAP_PULLBACK,RVOL,3149.4,3143.65,56.12,0.331,0.869,1.05,3145.2529,3077.3823,3126.217,BULL,3139.8,3131.4284,62.33,0.15,51.31,True,False,True,False,False,False,False,False
2026-08-27T10:35:27,TECHM,2026-08-27 10:30:00+05:30,BULL,NO_SIGNAL,60.0,,RVOL|ENTRY_TRIGGER,1593.0,1585.423,67.2,0.441,0.473,1.05,1588.1845,1582.5222,1582.6653,BULL,1593.3,1578.9496,67.93,1.633,27.01,True,False,False,False,False,False,False,False
2026-08-27T10:35:27,ICICIBANK,2026-08-27 10:30:00+05:30,BULL,NEAR,80.0,VWAP_PULLBACK,RVOL,1442.0,1439.3068,60.42,0.202,0.746,1.05,1439.5417,1424.6591,1434.2635,BULL,1441.2,1436.9369,66.22,0.327,26.06,True,False,True,False,False,False,True,False
2026-08-27T10:35:28,JIOFIN,2026-08-27 10:30:00+05:30,BEAR,NO_SIGNAL,60.0,,RVOL|ENTRY_TRIGGER,239.9,240.9369,20.55,-0.663,0.62,1.05,240.9444,242.3409,240.9677,BEAR,239.8,241.7694,23.63,-1.032,22.27,False,True,False,False,False,False,False,False
2026-08-27T10:35:28,TATASTEEL,2026-08-27 10:30:00+05:30,BULL,NO_SIGNAL,60.0,,RVOL|ENTRY_TRIGGER,188.21,188.304,51.04,-0.796,0.161,1.05,188.9528,185.9093,187.3843,BULL,188.13,187.0799,60.62,1.352,36.54,False,False,False,False,False,False,False,False
2026-08-27T10:35:29,TITAN,2026-08-27 10:30:00+05:30,BULL,NO_SIGNAL,40.0,,ST_BULL|RVOL|ENTRY_TRIGGER,5113.5,5100.1363,59.53,0.493,0.172,1.05,5098.4244,5091.648,5120.8815,BEAR,5114.9,5098.1667,58.64,0.379,25.43,True,False,False,False,False,False,False,False
2026-08-27T10:35:29,INFY,2026-08-27 10:30:00+05:30,BEAR,NO_SIGNAL,60.0,,MACRO_BEAR|ENTRY_TRIGGER,1112.4,1117.74,28.01,-0.412,1.808,1.05,1118.2373,1127.9262,1119.7483,BEAR,1112.8,1120.3754,28.72,-0.643,15.88,False,True,False,False,False,False,False,False
2026-08-27T10:35:30,TRENT,2026-08-27 10:30:00+05:30,BEAR,NO_SIGNAL,60.0,BREAKOUT_CONTINUATION,MACRO_BEAR|RVOL,2891.1,2904.8785,28.2,-0.82,0.386,1.05,2907.8772,2917.7704,2908.2653,BEAR,2894.4,2912.256,33.04,-0.557,13.92,False,True,False,False,False,True,False,False
2026-08-27T10:35:30,ASIANPAINT,2026-08-27 10:30:00+05:30,BULL,NO_SIGNAL,60.0,,MACRO_BULL|ENTRY_TRIGGER,2648.3,2638.8206,63.12,0.227,2.084,1.05,2639.6785,2631.9077,2632.4938,BULL,2645.9,2640.8259,55.57,-0.042,21.39,True,False,False,False,False,False,False,False
2026-08-27T10:35:31,ULTRACEMCO,2026-08-27 10:30:00+05:30,BULL,NO_SIGNAL,40.0,,ST_BULL|RVOL|ENTRY_TRIGGER,11763.0,11750.6622,55.93,0.496,0.165,1.05,11754.7964,11586.1778,11811.6904,BEAR,11770.0,11706.7695,65.88,0.771,34.46,True,False,False,False,False,False,False,False
2026-08-27T10:35:31,HDFCBANK,2026-08-27 10:30:00+05:30,BEAR,NO_SIGNAL,60.0,,RVOL|ENTRY_TRIGGER,720.0,721.9543,31.65,0.069,0.254,1.05,720.4089,725.5939,723.105,BEAR,720.05,724.8259,29.75,-1.065,27.81,False,False,False,False,False,False,False,False
2026-08-27T10:35:32,RELIANCE,2026-08-27 10:30:00+05:30,BEAR,NO_SIGNAL,40.0,,MACRO_BEAR|RVOL|ENTRY_TRIGGER,1296.4,1300.1184,28.79,-0.354,0.315,1.05,1300.632,1305.9563,1301.7097,BEAR,1296.1,1303.1166,26.96,-0.606,17.66,False,True,False,False,False,False,False,False
2026-08-27T10:35:33,M&M,2026-08-27 10:30:00+05:30,BEAR,NO_SIGNAL,60.0,,RVOL|ENTRY_TRIGGER,3380.4,3389.7396,34.25,0.05,0.301,1.05,3387.3624,3416.2151,3395.3538,BEAR,3378.1,3406.7235,23.38,-1.315,29.67,False,False,False,False,False,False,False,False
2026-08-27T10:35:33,SUNPHARMA,2026-08-27 10:30:00+05:30,BULL,NO_SIGNAL,40.0,VWAP_PULLBACK,MACRO_BULL|ST_BULL|RVOL,1913.4,1908.9034,57.96,0.225,0.45,1.05,1908.7212,1912.3953,1914.1721,BEAR,1909.5,1911.9293,45.0,-0.485,14.51,True,False,True,False,False,False,False,False
2026-08-27T10:40:07,BEL,2026-08-27 10:35:00+05:30,BULL,NO_SIGNAL,40.0,,MACRO_BULL|RVOL|ENTRY_TRIGGER,410.1,410.293,49.04,-0.377,0.157,1.05,410.5453,409.1706,408.6985,BULL,410.25,409.7481,53.83,0.146,16.54,False,False,False,False,False,False,False,False
2026-08-27T10:40:08,TATACONSUM,2026-08-27 10:35:00+05:30,BEAR,NEAR,80.0,VWAP_PULLBACK,RVOL,1039.7,1041.129,42.21,-0.192,0.603,1.05,1041.3254,1050.2307,1043.9993,BEAR,1038.2,1044.0633,32.54,-0.403,24.09,False,True,False,True,False,False,False,False
2026-08-27T10:40:08,BAJAJ-AUTO,2026-08-27 10:35:00+05:30,BEAR,NEAR,80.0,,ENTRY_TRIGGER,11661.0,11680.3772,39.88,0.163,1.237,1.05,11678.3625,11788.7878,11716.8704,BEAR,11644.0,11738.5503,28.14,-1.096,28.63,False,False,False,False,False,False,False,False
2026-08-27T10:40:09,NESTLEIND,2026-08-27 10:35:00+05:30,BEAR,NO_SIGNAL,40.0,,MACRO_BEAR|RVOL|ENTRY_TRIGGER,1447.7,1449.2094,44.14,-0.262,0.14,1.05,1453.4716,1463.1172,1453.8602,BEAR,1445.5,1453.1526,31.23,-0.598,14.05,False,True,False,False,False,False,False,False
2026-08-27T10:40:09,BAJFINANCE,2026-08-27 10:35:00+05:30,BULL,NO_SIGNAL,60.0,,RVOL|ENTRY_TRIGGER,1089.9,1091.4751,44.86,-0.411,0.118,1.05,1097.3997,1086.5424,1088.1035,BULL,1090.2,1089.408,53.01,0.202,34.5,False,True,False,False,False,False,False,True
2026-08-27T10:40:10,HINDALCO,2026-08-27 10:35:00+05:30,BEAR,NO_SIGNAL,60.0,,RVOL|ENTRY_TRIGGER,1044.3,1047.3044,37.1,-0.41,0.585,1.05,1048.2576,1050.3427,1049.657,BEAR,1044.6,1048.7519,40.62,-0.4,25.46,False,True,False,False,False,False,False,False
2026-08-27T10:40:10,NTPC,2026-08-27 10:35:00+05:30,BEAR,NEAR,80.0,,ENTRY_TRIGGER,329.0,332.3342,8.9,-1.305,2.214,1.05,331.9276,338.1981,331.7038,BEAR,330.7,335.3198,18.37,-1.855,27.28,False,True,False,False,False,False,False,False
2026-08-27T10:40:11,HDFCLIFE,2026-08-27 10:35:00+05:30,BEAR,NEAR,80.0,VWAP_PULLBACK,RVOL,553.45,555.059,34.58,-0.027,0.298,1.05,554.2369,554.7102,556.3561,BEAR,553.55,556.4412,40.36,-1.24,28.77,False,True,False,True,False,False,False,False
2026-08-27T10:40:11,SBILIFE,2026-08-27 10:35:00+05:30,BULL,NO_SIGNAL,60.0,,RVOL|ENTRY_TRIGGER,1796.9,1786.2852,67.73,0.921,0.398,1.05,1783.9254,1769.6376,1780.9312,BULL,1794.0,1778.4224,67.64,0.798,24.27,True,False,False,False,False,False,False,False
2026-08-27T10:40:12,HINDUNILVR,2026-08-27 10:35:00+05:30,BEAR,NO_SIGNAL,60.0,,RVOL|ENTRY_TRIGGER,2007.3,2013.4358,29.68,-0.53,0.505,1.05,2012.3363,2022.2585,2014.9768,BEAR,2005.6,2021.148,22.53,-0.982,24.96,False,True,False,False,False,False,False,False
2026-08-27T10:40:12,MARUTI,2026-08-27 10:35:00+05:30,BEAR,NEAR,80.0,VWAP_PULLBACK,ENTRY_TRIGGER,13447.0,13471.0791,37.79,0.015,1.434,1.05,13464.2676,13555.7932,13494.101,BEAR,13438.0,13536.3644,28.03,-1.227,24.08,False,False,False,True,False,False,False,False
2026-08-27T10:40:13,ITC,2026-08-27 10:35:00+05:30,BEAR,NO_SIGNAL,60.0,,RVOL|ENTRY_TRIGGER,269.0,269.9447,25.01,-0.333,0.653,1.05,270.0129,270.1163,270.2491,BEAR,269.25,270.679,33.74,-0.664,27.06,False,True,False,False,False,False,False,False
2026-08-27T10:40:13,TMPV,2026-08-27 10:35:00+05:30,BULL,NO_SIGNAL,20.0,,MACRO_BULL|ST_BULL|RVOL|ENTRY_TRIGGER,315.05,315.074,49.48,0.207,0.363,1.05,315.2129,314.3096,316.509,BEAR,314.95,315.0327,50.08,-0.19,24.78,False,False,False,False,False,False,False,False
2026-08-27T10:40:14,ADANIPORTS,2026-08-27 10:35:00+05:30,BULL,NO_SIGNAL,60.0,,MACRO_BULL|ENTRY_TRIGGER,1695.0,1696.3298,46.21,-0.188,7.567,1.05,1697.17,1691.2601,1690.3632,BULL,1694.6,1695.3734,49.39,-0.071,33.14,False,False,False,False,False,False,False,False
2026-08-27T10:40:14,DRREDDY,2026-08-27 10:35:00+05:30,BULL,NO_SIGNAL,20.0,,MACRO_BULL|ABOVE_WVWAP|RVOL|ENTRY_TRIGGER,1186.0,1183.6748,55.48,0.594,0.336,1.05,1181.9844,1186.4785,1178.3184,BULL,1187.0,1185.2761,52.43,-0.252,14.8,True,False,False,False,False,False,False,False
2026-08-27T10:40:15,WIPRO,2026-08-27 10:35:00+05:30,BEAR,NEAR,80.0,BREAKOUT_CONTINUATION,RVOL,176.89,177.2669,35.27,-0.214,1.009,1.05,177.4912,179.8686,177.6052,BEAR,177.08,177.7517,33.42,-0.04,23.36,False,True,False,False,False,True,False,False
2026-08-27T10:40:15,ONGC,2026-08-27 10:35:00+05:30,BEAR,NO_SIGNAL,60.0,,RVOL|ENTRY_TRIGGER,231.95,232.4597,35.75,-0.219,0.164,1.05,232.9137,234.5108,232.7541,BEAR,232.12,232.8587,35.31,-0.373,30.25,False,True,False,False,False,False,False,False
2026-08-27T10:40:16,SBIN,2026-08-27 10:35:00+05:30,BEAR,NO_SIGNAL,40.0,,BELOW_WVWAP|RVOL|ENTRY_TRIGGER,1046.4,1049.0752,30.65,-0.124,0.321,1.05,1049.1582,1042.9048,1050.1939,BEAR,1046.5,1051.7317,33.82,-0.834,29.03,False,True,False,False,False,False,False,False
2026-08-27T10:40:17,EICHERMOT,2026-08-27 10:35:00+05:30,BEAR,NO_SIGNAL,60.0,,RVOL|ENTRY_TRIGGER,8036.5,8039.9729,46.66,0.312,0.263,1.05,8024.3688,8042.4407,8069.5879,BEAR,8042.0,8055.2799,45.41,-0.575,40.64,False,False,False,False,False,False,False,False
2026-08-27T10:40:17,COALINDIA,2026-08-27 10:35:00+05:30,BEAR,NO_SIGNAL,40.0,,MACRO_BEAR|RVOL|ENTRY_TRIGGER,400.5,401.8909,26.22,-0.509,0.34,1.05,402.2629,404.1311,402.198,BEAR,400.4,402.9727,27.88,-0.928,17.68,False,True,False,False,False,False,False,False
2026-08-27T10:40:18,BAJAJFINSV,2026-08-27 10:35:00+05:30,BULL,NO_SIGNAL,20.0,,MACRO_BULL|ST_BULL|RVOL|ENTRY_TRIGGER,2009.0,2011.7353,42.67,-0.298,0.194,1.05,2014.1002,2008.2789,2018.1715,BEAR,2008.1,2011.4637,45.53,-0.015,13.48,False,True,False,False,False,False,False,False
2026-08-27T10:40:18,MAXHEALTH,2026-08-27 10:35:00+05:30,BEAR,NO_SIGNAL,40.0,,BELOW_WVWAP|RVOL|ENTRY_TRIGGER,1003.3,1006.7557,31.58,-0.119,0.528,1.05,1006.0076,1000.2993,1009.0718,BEAR,1003.5,1010.9073,37.25,-1.211,34.94,False,True,False,False,False,False,False,False
2026-08-27T10:40:19,KOTAKBANK,2026-08-27 10:35:00+05:30,BULL,NO_SIGNAL,60.0,,RVOL|ENTRY_TRIGGER,425.65,423.2285,71.75,0.686,0.246,1.05,422.9432,409.9335,421.7178,BULL,426.0,417.6916,83.37,2.712,64.86,True,False,False,False,False,False,False,False
2026-08-27T10:40:19,APOLLOHOSP,2026-08-27 10:35:00+05:30,BEAR,NO_SIGNAL,40.0,,BELOW_WVWAP|RVOL|ENTRY_TRIGGER,8780.0,8783.8005,46.59,0.085,0.724,1.05,8791.5716,8721.9287,8808.6043,BEAR,8780.0,8790.4326,46.62,-0.205,39.87,False,False,False,False,False,False,False,False
2026-08-27T10:40:20,CIPLA,2026-08-27 10:35:00+05:30,BEAR,NO_SIGNAL,40.0,VWAP_PULLBACK,MACRO_BEAR|RVOL|ENTRY_TRIGGER,1406.1,1406.6813,46.14,0.142,0.163,1.05,1406.5668,1420.2711,1410.0739,BEAR,1406.0,1409.3809,41.94,0.121,30.98,False,False,False,True,False,False,False,False
2026-08-27T10:40:20,JSWSTEEL,2026-08-27 10:35:00+05:30,BULL,NO_SIGNAL,60.0,,RVOL|ENTRY_TRIGGER,1339.5,1338.4886,54.92,-0.157,0.266,1.05,1340.8461,1319.624,1331.3198,BULL,1340.2,1330.7641,76.46,1.056,56.95,False,False,False,False,False,False,False,False
2026-08-27T10:40:21,HCLTECH,2026-08-27 10:35:00+05:30,BEAR,NO_SIGNAL,60.0,,RVOL|ENTRY_TRIGGER,1282.5,1287.2715,28.26,-0.047,0.147,1.05,1288.3001,1307.0507,1290.0141,BEAR,1284.5,1294.9016,26.44,-1.124,27.33,False,True,False,False,False,False,False,False
2026-08-27T10:40:21,TCS,2026-08-27 10:35:00+05:30,BEAR,NO_SIGNAL,40.0,,MACRO_BEAR|RVOL|ENTRY_TRIGGER,2248.0,2257.2069,18.31,-0.505,0.409,1.05,2259.5795,2282.1955,2259.781,BEAR,2251.1,2266.7511,23.25,-0.789,13.18,False,True,False,False,False,False,False,False
2026-08-27T10:40:22,INDIGO,2026-08-27 10:35:00+05:30,BEAR,NO_SIGNAL,60.0,,BELOW_WVWAP|ENTRY_TRIGGER,5206.0,5219.7337,32.19,-0.23,4.987,1.05,5215.8799,5175.1477,5230.1568,BEAR,5205.0,5229.8601,41.04,-0.923,28.84,False,True,False,False,False,False,False,False
2026-08-27T10:40:22,BHARTIARTL,2026-08-27 10:35:00+05:30,BEAR,NO_SIGNAL,60.0,,RVOL|ENTRY_TRIGGER,1904.0,1903.9319,47.19,0.443,0.411,1.05,1900.9081,1926.0935,1906.5437,BEAR,1900.3,1911.4821,29.74,-0.633,38.15,False,False,False,False,False,False,False,False
2026-08-27T10:40:23,ETERNAL,2026-08-27 10:35:00+05:30,BEAR,NO_SIGNAL,40.0,,MACRO_BEAR|RVOL|ENTRY_TRIGGER,327.7,326.7706,58.4,-0.031,0.662,1.05,327.4978,328.1764,328.589,BEAR,326.3,327.0307,43.54,0.138,21.51,False,False,False,False,False,False,False,False
2026-08-27T10:40:23,LT,2026-08-27 10:35:00+05:30,BEAR,NEAR,80.0,VWAP_PULLBACK,RVOL,4036.0,4043.2928,35.68,-0.311,0.613,1.05,4043.3938,4083.158,4051.6246,BEAR,4038.0,4055.9675,32.09,-0.392,29.48,False,True,False,True,False,False,False,False
2026-08-27T10:40:24,SHRIRAMFIN,2026-08-27 10:35:00+05:30,BEAR,NEAR,80.0,TREND_CONTINUATION,RVOL,1099.2,1104.3966,32.38,-0.027,0.417,1.05,1104.4141,1119.7755,1108.8895,BEAR,1100.0,1113.1419,32.69,-1.61,30.47,False,True,False,False,False,False,False,True
2026-08-27T10:40:24,GRASIM,2026-08-27 10:35:00+05:30,BULL,NO_SIGNAL,60.0,,RVOL|ENTRY_TRIGGER,3285.8,3286.6581,49.39,0.085,0.158,1.05,3286.102,3275.7999,3274.1812,BULL,3287.9,3283.1383,53.28,0.125,33.07,False,False,False,False,False,False,False,False
2026-08-27T10:40:25,AXISBANK,2026-08-27 10:35:00+05:30,BULL,NEAR,80.0,VWAP_PULLBACK,RVOL,1260.5,1258.5649,61.31,0.27,0.722,1.05,1258.6723,1243.2488,1253.1313,BULL,1260.6,1254.4212,69.47,0.398,46.56,True,False,True,False,False,False,False,False
2026-08-27T10:40:25,POWERGRID,2026-08-27 10:35:00+05:30,BEAR,NO_SIGNAL,60.0,,RVOL|ENTRY_TRIGGER,262.5,263.8471,16.84,-0.812,0.817,1.05,263.8419,268.9027,263.8547,BEAR,262.5,265.9822,14.29,-1.612,36.45,False,True,False,False,False,False,False,False
2026-08-27T10:40:26,ADANIENT,2026-08-27 10:35:00+05:30,BULL,NO_SIGNAL,60.0,,RVOL|ENTRY_TRIGGER,3145.4,3143.8091,52.47,0.045,0.288,1.05,3145.2746,3077.5135,3126.217,BULL,3139.8,3131.4284,62.33,0.15,51.31,False,False,False,False,False,False,False,False
2026-08-27T10:40:27,TECHM,2026-08-27 10:35:00+05:30,BULL,NO_SIGNAL,60.0,,RVOL|ENTRY_TRIGGER,1592.9,1586.1027,66.95,0.524,0.532,1.05,1588.3737,1582.5657,1582.9786,BULL,1593.3,1578.9496,67.93,1.633,27.01,True,False,False,False,False,False,False,False
2026-08-27T10:40:27,ICICIBANK,2026-08-27 10:35:00+05:30,BULL,NEAR,80.0,TREND_CONTINUATION,RVOL,1442.9,1439.6335,62.71,0.362,0.536,1.05,1439.6373,1424.715,1435.5528,BULL,1441.2,1436.9369,66.22,0.327,26.06,True,False,False,False,False,False,True,False
2026-08-27T10:40:28,JIOFIN,2026-08-27 10:35:00+05:30,BEAR,NO_SIGNAL,60.0,,RVOL|ENTRY_TRIGGER,239.85,240.8381,20.07,-0.56,0.548,1.05,240.9031,242.3311,240.8615,BEAR,239.8,241.7694,23.63,-1.032,22.27,False,True,False,False,False,False,False,False
2026-08-27T10:40:28,TATASTEEL,2026-08-27 10:35:00+05:30,BULL,NO_SIGNAL,60.0,,RVOL|ENTRY_TRIGGER,188.18,188.2927,50.65,-0.953,0.198,1.05,188.9412,185.9132,187.3843,BULL,188.13,187.0799,60.62,1.352,36.54,False,False,False,False,False,False,False,False
2026-08-27T10:40:29,TITAN,2026-08-27 10:35:00+05:30,BULL,NO_SIGNAL,40.0,,ST_BULL|RVOL|ENTRY_TRIGGER,5109.7,5101.0057,56.57,0.363,0.156,1.05,5098.5257,5091.6992,5120.8815,BEAR,5114.9,5098.1667,58.64,0.379,25.43,True,False,False,False,False,False,False,False
2026-08-27T10:40:29,INFY,2026-08-27 10:35:00+05:30,BEAR,NO_SIGNAL,40.0,,MACRO_BEAR|RVOL|ENTRY_TRIGGER,1112.0,1117.2182,27.2,-0.51,0.416,1.05,1118.0823,1127.8947,1119.7483,BEAR,1112.8,1120.3754,28.72,-0.643,15.88,False,True,False,False,False,False,False,False
2026-08-27T10:40:30,TRENT,2026-08-27 10:35:00+05:30,BEAR,NO_SIGNAL,40.0,,MACRO_BEAR|RVOL|ENTRY_TRIGGER,2892.8,2903.7805,31.52,-0.478,0.772,1.05,2906.8449,2917.6894,2906.1703,BEAR,2894.4,2912.256,33.04,-0.557,13.92,False,True,False,False,False,False,False,False
2026-08-27T10:40:30,ASIANPAINT,2026-08-27 10:35:00+05:30,BULL,NO_SIGNAL,40.0,,MACRO_BULL|RVOL|ENTRY_TRIGGER,2649.2,2639.7642,64.05,0.451,0.8,1.05,2640.1797,2631.9959,2633.3018,BULL,2645.9,2640.8259,55.57,-0.042,21.39,True,False,False,False,False,False,False,False
2026-08-27T10:40:31,ULTRACEMCO,2026-08-27 10:35:00+05:30,BULL,NO_SIGNAL,40.0,,ST_BULL|RVOL|ENTRY_TRIGGER,11757.0,11751.2384,53.87,0.419,0.218,1.05,11754.9244,11586.3583,11811.6904,BEAR,11770.0,11706.7695,65.88,0.771,34.46,False,False,False,False,False,False,False,False
2026-08-27T10:40:31,HDFCBANK,2026-08-27 10:35:00+05:30,BEAR,NEAR,80.0,VWAP_PULLBACK,RVOL,719.65,721.7448,30.18,-0.021,0.379,1.05,720.3964,725.5707,722.9114,BEAR,720.05,724.8259,29.75,-1.065,27.81,False,True,False,True,False,False,False,False
2026-08-27T10:40:32,RELIANCE,2026-08-27 10:35:00+05:30,BEAR,NO_SIGNAL,40.0,,MACRO_BEAR|RVOL|ENTRY_TRIGGER,1296.2,1299.7622,28.24,-0.407,0.392,1.05,1300.5004,1305.9335,1301.2326,BEAR,1296.1,1303.1166,26.96,-0.606,17.66,False,True,False,False,False,False,False,False
2026-08-27T10:40:32,M&M,2026-08-27 10:35:00+05:30,BEAR,NO_SIGNAL,60.0,,RVOL|ENTRY_TRIGGER,3378.4,3388.7088,32.7,-0.006,0.325,1.05,3387.1865,3416.1231,3395.2784,BEAR,3378.1,3406.7235,23.38,-1.315,29.67,False,True,False,False,False,False,False,False
2026-08-27T10:40:33,SUNPHARMA,2026-08-27 10:35:00+05:30,BULL,NO_SIGNAL,20.0,,MACRO_BULL|ST_BULL|RVOL|ENTRY_TRIGGER,1912.9,1909.2667,56.8,0.367,0.249,1.05,1908.7924,1912.3962,1914.1721,BEAR,1909.5,1911.9293,45.0,-0.485,14.51,True,False,False,False,False,False,False,False
2026-08-27T10:45:07,BEL,2026-08-27 10:40:00+05:30,BULL,NO_SIGNAL,40.0,,MACRO_BULL|RVOL|ENTRY_TRIGGER,409.8,410.2482,46.18,-0.655,0.166,1.05,410.5392,409.1715,408.6985,BULL,409.8,409.7528,50.88,-0.085,17.13,False,False,False,False,False,False,False,False
2026-08-27T10:45:07,TATACONSUM,2026-08-27 10:40:00+05:30,BEAR,NO_SIGNAL,60.0,,RVOL|ENTRY_TRIGGER,1040.3,1041.0537,44.9,-0.067,0.395,1.05,1041.2733,1050.1956,1043.9993,BEAR,1040.3,1043.7211,39.02,-0.288,25.08,False,True,False,False,False,False,False,False
2026-08-27T10:45:08,BAJAJ-AUTO,2026-08-27 10:40:00+05:30,BEAR,NEAR,80.0,VWAP_PULLBACK,RVOL,11624.0,11675.252,32.14,-0.394,0.871,1.05,11676.2148,11787.9514,11716.8704,BEAR,11624.0,11728.1367,26.0,-1.517,29.83,False,True,False,True,False,False,False,False
2026-08-27T10:45:08,NESTLEIND,2026-08-27 10:40:00+05:30,BEAR,NO_SIGNAL,40.0,,MACRO_BEAR|RVOL|ENTRY_TRIGGER,1446.4,1448.954,41.39,-0.214,0.162,1.05,1453.3978,1463.1052,1453.8602,BEAR,1446.4,1452.5388,33.72,-0.441,13.14,False,True,False,False,False,False,False,False
2026-08-27T10:45:09,BAJFINANCE,2026-08-27 10:40:00+05:30,BULL,NO_SIGNAL,40.0,,MACRO_BULL|RVOL|ENTRY_TRIGGER,1089.4,1091.2864,43.24,-0.439,0.345,1.05,1097.2511,1086.5529,1088.1035,BULL,1089.4,1089.4073,51.37,0.212,34.86,False,True,False,False,False,False,False,True
2026-08-27T10:45:09,HINDALCO,2026-08-27 10:40:00+05:30,BEAR,NEAR,80.0,BREAKOUT_CONTINUATION,RVOL,1042.25,1046.8449,32.25,-0.458,0.435,1.05,1048.0662,1050.3274,1049.0417,BEAR,1042.25,1048.1609,36.69,-0.667,25.35,False,True,False,False,False,True,False,False
2026-08-27T10:45:10,NTPC,2026-08-27 10:40:00+05:30,BEAR,NEAR,80.0,,ENTRY_TRIGGER,329.3,332.0584,14.29,-1.215,3.857,1.05,331.3975,337.9422,331.464,BEAR,329.3,334.7725,15.66,-2.111,29.88,False,True,False,False,False,False,False,False
2026-08-27T10:45:10,HDFCLIFE,2026-08-27 10:40:00+05:30,BEAR,NEAR,80.0,VWAP_PULLBACK,RVOL,553.3,554.8991,33.83,-0.072,0.682,1.05,554.1879,554.7065,556.0552,BEAR,553.3,556.1557,39.64,-1.364,28.1,False,True,False,True,False,False,False,False
2026-08-27T10:45:11,SBILIFE,2026-08-27 10:40:00+05:30,BULL,NO_SIGNAL,60.0,,RVOL|ENTRY_TRIGGER,1794.5,1787.032,63.35,0.758,0.343,1.05,1784.1884,1769.7006,1780.9312,BULL,1794.5,1779.884,67.98,0.815,25.65,True,False,False,False,False,False,False,False
2026-08-27T10:45:11,HINDUNILVR,2026-08-27 10:40:00+05:30,BEAR,NO_SIGNAL,60.0,,RVOL|ENTRY_TRIGGER,2006.0,2012.7598,27.82,-0.595,0.599,1.05,2012.1379,2022.2065,2014.6502,BEAR,2006.0,2019.771,23.53,-0.973,26.8,False,True,False,False,False,False,False,False
2026-08-27T10:45:12,MARUTI,2026-08-27 10:40:00+05:30,BEAR,NEAR,80.0,VWAP_PULLBACK,RVOL,13434.0,13467.7083,34.84,-0.267,0.209,1.05,13463.9159,13555.6571,13494.101,BEAR,13434.0,13527.0586,27.59,-1.3,23.87,False,True,False,True,False,False,False,False
2026-08-27T10:45:12,ITC,2026-08-27 10:40:00+05:30,BEAR,NO_SIGNAL,60.0,,RVOL|ENTRY_TRIGGER,268.8,269.8407,22.96,-0.481,0.427,1.05,269.9787,270.1135,270.0492,BEAR,268.8,270.5082,30.64,-0.958,28.81,False,True,False,False,False,False,False,False
2026-08-27T10:45:13,TMPV,2026-08-27 10:40:00+05:30,BEAR,NO_SIGNAL,40.0,,BELOW_WVWAP|RVOL|ENTRY_TRIGGER,314.8,315.0491,46.47,-0.016,0.361,1.05,315.2045,314.3107,316.509,BEAR,314.8,315.0115,48.63,-0.111,25.61,False,False,False,False,False,False,False,False
2026-08-27T10:45:13,ADANIPORTS,2026-08-27 10:40:00+05:30,BULL,NO_SIGNAL,40.0,,MACRO_BULL|RVOL|ENTRY_TRIGGER,1694.7,1696.1816,45.45,-0.124,0.342,1.05,1697.1167,1691.269,1690.3632,BULL,1694.7,1695.3122,49.62,-0.018,34.4,False,False,False,False,False,False,False,False
2026-08-27T10:45:14,DRREDDY,2026-08-27 10:40:00+05:30,BULL,NO_SIGNAL,20.0,,MACRO_BULL|ABOVE_WVWAP|RVOL|ENTRY_TRIGGER,1185.9,1183.8771,55.17,0.534,0.132,1.05,1182.028,1186.4783,1178.8729,BULL,1185.9,1185.3328,50.58,-0.345,13.93,True,False,False,False,False,False,False,False
2026-08-27T10:45:15,WIPRO,2026-08-27 10:40:00+05:30,BEAR,NEAR,80.0,BREAKOUT_CONTINUATION,RVOL,176.72,177.2172,31.62,-0.417,0.655,1.05,177.4577,179.861,177.4809,BEAR,176.72,177.6579,29.43,-0.107,22.41,False,True,False,False,False,True,False,False
2026-08-27T10:45:15,ONGC,2026-08-27 10:40:00+05:30,BEAR,NO_SIGNAL,60.0,,RVOL|ENTRY_TRIGGER,231.91,232.4097,35.08,-0.168,0.214,1.05,232.8982,234.5081,232.6092,BEAR,231.91,232.7725,32.97,-0.553,30.26,False,True,False,False,False,False,False,False
2026-08-27T10:45:16,SBIN,2026-08-27 10:40:00+05:30,BEAR,NO_SIGNAL,40.0,,BELOW_WVWAP|RVOL|ENTRY_TRIGGER,1046.4,1048.832,30.65,-0.153,0.25,1.05,1049.1059,1042.908,1050.1519,BEAR,1046.4,1051.247,33.6,-0.815,28.64,False,True,False,False,False,False,False,False
2026-08-27T10:45:16,EICHERMOT,2026-08-27 10:40:00+05:30,BEAR,NO_SIGNAL,60.0,VWAP_PULLBACK,RVOL|ENTRY_TRIGGER,8022.5,8038.3845,41.49,0.006,0.237,1.05,8024.4312,8042.4228,8069.5879,BEAR,8022.5,8052.2999,40.23,-0.847,39.56,False,False,False,True,False,True,False,False
2026-08-27T10:45:17,COALINDIA,2026-08-27 10:40:00+05:30,BEAR,NO_SIGNAL,40.0,,MACRO_BEAR|RVOL|ENTRY_TRIGGER,400.5,401.7645,26.22,-0.522,0.263,1.05,402.2115,404.1273,402.0976,BEAR,400.5,402.7479,29.05,-0.989,18.06,False,True,False,False,False,False,False,False
2026-08-27T10:45:17,BAJAJFINSV,2026-08-27 10:40:00+05:30,BEAR,NO_SIGNAL,40.0,,MACRO_BEAR|RVOL|ENTRY_TRIGGER,2006.8,2011.2867,38.47,-0.461,0.319,1.05,2013.9276,2008.2774,2018.1715,BEAR,2006.8,2011.0398,43.73,-0.075,13.12,False,True,False,False,False,False,False,False
2026-08-27T10:45:18,MAXHEALTH,2026-08-27 10:40:00+05:30,BEAR,NO_SIGNAL,40.0,,BELOW_WVWAP|RVOL|ENTRY_TRIGGER,1002.8,1006.3961,30.35,-0.09,0.126,1.05,1005.9766,1000.3008,1009.0718,BEAR,1002.8,1010.1703,36.34,-1.792,34.27,False,True,False,False,False,False,False,False
2026-08-27T10:45:18,KOTAKBANK,2026-08-27 10:40:00+05:30,BULL,NO_SIGNAL,60.0,,RVOL|ENTRY_TRIGGER,424.4,423.335,61.78,-0.129,0.466,1.05,422.9889,410.0191,421.7178,BULL,424.4,418.3015,75.27,2.081,66.28,False,False,False,False,False,False,False,False
2026-08-27T10:45:19,APOLLOHOSP,2026-08-27 10:40:00+05:30,BEAR,NO_SIGNAL,40.0,,BELOW_WVWAP|RVOL|ENTRY_TRIGGER,8777.0,8783.1823,45.13,0.034,0.656,1.05,8791.0731,8722.1108,8808.6043,BEAR,8777.0,8789.2115,45.55,-0.352,40.4,False,False,False,False,False,False,False,False
2026-08-27T10:45:19,CIPLA,2026-08-27 10:40:00+05:30,BEAR,NO_SIGNAL,60.0,VWAP_PULLBACK,RVOL|ENTRY_TRIGGER,1404.1,1406.4467,40.32,0.05,0.294,1.05,1406.527,1420.252,1410.0739,BEAR,1404.1,1408.9008,39.16,-0.213,30.39,False,False,False,True,False,False,False,False
2026-08-27T10:45:20,JSWSTEEL,2026-08-27 10:40:00+05:30,BULL,NO_SIGNAL,60.0,,RVOL|ENTRY_TRIGGER,1338.7,1338.5078,52.91,0.015,0.128,1.05,1340.8321,1319.6408,1331.6518,BULL,1338.7,1331.4855,71.57,1.103,57.45,False,False,False,False,False,False,False,False
2026-08-27T10:45:20,HCLTECH,2026-08-27 10:40:00+05:30,BEAR,NO_SIGNAL,60.0,,RVOL|ENTRY_TRIGGER,1282.9,1286.8741,30.19,-0.031,0.249,1.05,1288.2192,1307.0136,1289.8694,BEAR,1282.9,1293.8106,24.88,-1.11,28.4,False,True,False,False,False,False,False,False
2026-08-27T10:45:21,TCS,2026-08-27 10:40:00+05:30,BEAR,NO_SIGNAL,60.0,BREAKOUT_CONTINUATION,MACRO_BEAR|RVOL,2246.0,2256.1881,16.43,-0.571,0.614,1.05,2259.0384,2282.0747,2257.648,BEAR,2246.0,2264.8646,20.18,-0.987,13.38,False,True,False,False,False,True,False,False
2026-08-27T10:45:21,INDIGO,2026-08-27 10:40:00+05:30,BEAR,NO_SIGNAL,40.0,,BELOW_WVWAP|RVOL|ENTRY_TRIGGER,5214.5,5219.2579,42.15,-0.105,0.395,1.05,5215.8149,5175.2247,5230.1568,BEAR,5214.5,5228.4638,45.6,-0.676,28.21,False,True,False,False,True,False,False,False
2026-08-27T10:45:22,BHARTIARTL,2026-08-27 10:40:00+05:30,BEAR,NO_SIGNAL,60.0,,RVOL|ENTRY_TRIGGER,1902.0,1903.7563,42.6,0.19,0.953,1.05,1900.9857,1925.8845,1906.5437,BEAR,1902.0,1910.6201,33.13,-0.601,37.66,False,False,False,False,False,False,False,False
2026-08-27T10:45:22,ETERNAL,2026-08-27 10:40:00+05:30,BEAR,NO_SIGNAL,40.0,VWAP_PULLBACK,MACRO_BEAR|RVOL|ENTRY_TRIGGER,326.85,326.7778,50.52,-0.183,0.529,1.05,327.4843,328.1728,328.589,BEAR,326.85,327.0142,47.58,0.415,21.22,False,False,False,True,False,False,False,False
2026-08-27T10:45:23,LT,2026-08-27 10:40:00+05:30,BEAR,NO_SIGNAL,60.0,,RVOL|ENTRY_TRIGGER,4038.6,4042.8662,40.41,-0.215,0.325,1.05,4043.254,4083.0921,4051.6246,BEAR,4038.6,4054.3887,32.76,-0.269,30.79,False,True,False,False,False,False,False,False
2026-08-27T10:45:23,SHRIRAMFIN,2026-08-27 10:40:00+05:30,BEAR,NEAR,80.0,BREAKOUT_CONTINUATION,RVOL,1097.0,1103.7242,29.14,-0.191,0.416,1.05,1104.2529,1119.697,1106.8196,BEAR,1097.0,1111.6744,30.56,-1.764,31.1,False,True,False,False,False,True,False,False
2026-08-27T10:45:23,GRASIM,2026-08-27 10:40:00+05:30,BULL,NO_SIGNAL,60.0,,RVOL|ENTRY_TRIGGER,3285.0,3286.5073,48.46,0.119,0.371,1.05,3286.0321,3275.8164,3274.1812,BULL,3285.0,3283.3075,51.82,0.192,33.63,False,False,False,False,False,False,False,False
2026-08-27T10:45:24,AXISBANK,2026-08-27 10:40:00+05:30,BULL,NO_SIGNAL,60.0,,RVOL|ENTRY_TRIGGER,1260.0,1258.6954,58.63,0.199,0.685,1.05,1258.7283,1243.3583,1253.1313,BULL,1260.0,1254.9284,67.44,0.382,47.14,True,False,False,False,False,False,False,False
2026-08-27T10:45:24,POWERGRID,2026-08-27 10:40:00+05:30,BEAR,NO_SIGNAL,60.0,,RVOL|ENTRY_TRIGGER,262.75,263.7474,24.02,-0.624,0.574,1.05,263.7957,268.8765,263.8547,BEAR,262.75,265.6883,17.98,-1.518,38.8,False,True,False,False,False,False,False,False
2026-08-27T10:45:25,ADANIENT,2026-08-27 10:40:00+05:30,BULL,NO_SIGNAL,60.0,,RVOL|ENTRY_TRIGGER,3142.8,3143.7174,50.19,-0.108,0.935,1.05,3145.2307,3077.8992,3126.217,BULL,3142.8,3132.4621,64.13,0.319,51.33,False,False,False,False,False,False,False,False
2026-08-27T10:45:25,TECHM,2026-08-27 10:40:00+05:30,BULL,NO_SIGNAL,60.0,,RVOL|ENTRY_TRIGGER,1592.6,1586.6934,66.17,0.29,0.523,1.05,1588.5292,1582.6063,1582.9786,BULL,1592.6,1580.1905,66.81,1.569,29.13,True,False,False,False,False,False,False,False
2026-08-27T10:45:26,ICICIBANK,2026-08-27 10:40:00+05:30,BULL,NO_SIGNAL,60.0,,RVOL|ENTRY_TRIGGER,1442.2,1439.8668,59.82,0.257,0.45,1.05,1439.7048,1424.7607,1435.8309,BULL,1442.2,1437.4154,68.18,0.39,26.94,True,False,False,False,False,False,False,False
2026-08-27T10:45:27,JIOFIN,2026-08-27 10:40:00+05:30,BEAR,NO_SIGNAL,60.0,,RVOL|ENTRY_TRIGGER,239.65,240.7301,18.25,-0.663,0.403,1.05,240.8729,242.3239,240.8027,BEAR,239.65,241.5768,22.77,-0.971,24.26,False,True,False,False,False,False,False,False
2026-08-27T10:45:27,TATASTEEL,2026-08-27 10:40:00+05:30,BULL,NO_SIGNAL,60.0,,RVOL|ENTRY_TRIGGER,187.79,188.247,45.76,-0.96,0.452,1.05,188.9095,185.9204,187.3843,BULL,187.79,187.1444,57.61,1.289,36.63,False,False,False,False,False,False,False,False
2026-08-27T10:45:28,TITAN,2026-08-27 10:40:00+05:30,BULL,NO_SIGNAL,40.0,,ST_BULL|RVOL|ENTRY_TRIGGER,5115.0,5102.2779,59.59,0.308,0.181,1.05,5098.6714,5091.7677,5120.8815,BEAR,5115.0,5099.697,58.68,0.361,24.49,True,False,False,False,False,False,False,False
2026-08-27T10:45:28,INFY,2026-08-27 10:40:00+05:30,BEAR,NO_SIGNAL,40.0,,MACRO_BEAR|RVOL|ENTRY_TRIGGER,1110.6,1116.6165,24.54,-0.777,0.5,1.05,1117.8699,1127.8542,1119.2865,BEAR,1110.6,1119.4867,25.84,-0.786,14.94,False,True,False,False,False,False,False,False
2026-08-27T10:45:29,TRENT,2026-08-27 10:40:00+05:30,BEAR,NEAR,80.0,VWAP_PULLBACK,MACRO_BEAR,2892.3,2902.7368,31.07,-0.707,1.142,1.05,2905.8828,2917.5916,2906.1703,BEAR,2892.3,2910.4419,31.86,-0.526,14.5,False,True,False,True,False,False,False,False
2026-08-27T10:45:29,ASIANPAINT,2026-08-27 10:40:00+05:30,BULL,NO_SIGNAL,40.0,,MACRO_BULL|RVOL|ENTRY_TRIGGER,2648.0,2640.5129,61.81,0.371,0.499,1.05,2640.4665,2632.0503,2635.3158,BULL,2648.0,2641.4781,57.37,0.125,20.04,True,False,False,False,False,False,False,False
2026-08-27T10:45:30,ULTRACEMCO,2026-08-27 10:40:00+05:30,BULL,NO_SIGNAL,40.0,,ST_BULL|RVOL|ENTRY_TRIGGER,11750.0,11751.1258,51.48,0.316,0.44,1.05,11754.8141,11586.6486,11811.6904,BEAR,11750.0,11710.6995,61.02,0.608,34.37,False,False,False,False,False,False,False,False
2026-08-27T10:45:30,HDFCBANK,2026-08-27 10:40:00+05:30,BEAR,NO_SIGNAL,60.0,,RVOL|ENTRY_TRIGGER,720.0,721.5862,33.51,-0.111,0.414,1.05,720.3841,725.5456,722.6419,BEAR,720.0,724.3872,29.64,-1.051,29.39,False,True,False,False,False,False,False,False
2026-08-27T10:45:30,RELIANCE,2026-08-27 10:40:00+05:30,BEAR,NO_SIGNAL,40.0,,MACRO_BEAR|RVOL|ENTRY_TRIGGER,1295.5,1299.3747,26.34,-0.553,0.333,1.05,1300.3974,1305.9153,1301.0637,BEAR,1295.5,1302.4241,26.02,-0.598,18.17,False,True,False,False,False,False,False,False
2026-08-27T10:45:31,M&M,2026-08-27 10:40:00+05:30,BEAR,NEAR,80.0,BREAKOUT_CONTINUATION,RVOL,3373.1,3387.2898,28.95,-0.266,0.857,1.05,3386.5773,3415.8649,3393.0029,BEAR,3373.1,3403.6668,21.58,-1.429,31.72,False,True,False,False,False,True,False,False
2026-08-27T10:45:31,SUNPHARMA,2026-08-27 10:40:00+05:30,BEAR,NO_SIGNAL,40.0,,MACRO_BEAR|RVOL|ENTRY_TRIGGER,1912.0,1909.5152,54.69,0.105,0.258,1.05,1908.8473,1912.3959,1914.1721,BEAR,1912.0,1911.9357,49.37,-0.198,14.2,False,False,False,False,False,False,False,False
2026-08-27T10:50:27,BEL,2026-08-27 10:45:00+05:30,BULL,NO_SIGNAL,40.0,,MACRO_BULL|RVOL|ENTRY_TRIGGER,410.15,410.2393,49.85,-0.449,0.188,1.05,410.5343,409.1728,408.6985,BULL,409.8,409.7528,50.88,-0.085,17.13,False,False,False,False,False,False,False,False
2026-08-27T10:50:27,TATACONSUM,2026-08-27 10:45:00+05:30,BEAR,NO_SIGNAL,60.0,,RVOL|ENTRY_TRIGGER,1040.7,1041.0215,46.69,-0.038,0.218,1.05,1041.2593,1050.1781,1043.9993,BEAR,1040.3,1043.7211,39.02,-0.288,25.08,False,False,False,False,False,False,False,False
2026-08-27T10:50:28,BAJAJ-AUTO,2026-08-27 10:45:00+05:30,BEAR,NO_SIGNAL,60.0,,RVOL|ENTRY_TRIGGER,11629.0,11671.0473,34.0,-0.377,0.496,1.05,11674.8682,11787.457,11704.8163,BEAR,11624.0,11728.1367,26.0,-1.517,29.83,False,True,False,False,False,False,False,False
2026-08-27T10:50:28,NESTLEIND,2026-08-27 10:45:00+05:30,BEAR,NO_SIGNAL,40.0,,MACRO_BEAR|RVOL|ENTRY_TRIGGER,1447.1,1448.7855,43.43,0.048,0.736,1.05,1453.1013,1463.0532,1453.8602,BEAR,1446.4,1452.5388,33.72,-0.441,13.14,False,False,False,False,False,False,False,False
2026-08-27T10:50:29,BAJFINANCE,2026-08-27 10:45:00+05:30,BULL,NO_SIGNAL,40.0,,MACRO_BULL|RVOL|ENTRY_TRIGGER,1089.0,1091.0786,41.93,-0.457,0.243,1.05,1097.144,1086.5591,1088.1035,BULL,1089.4,1089.4073,51.37,0.212,34.86,False,True,False,False,False,False,False,False
2026-08-27T10:50:29,HINDALCO,2026-08-27 10:45:00+05:30,BEAR,SIGNAL,100.0,BREAKOUT_CONTINUATION,,1041.6,1046.3681,30.87,-0.63,1.126,1.05,1047.6175,1050.2878,1049.0417,BEAR,1042.25,1048.1609,36.69,-0.667,25.35,False,True,False,False,False,True,False,False
2026-08-27T10:50:30,NTPC,2026-08-27 10:45:00+05:30,BEAR,NO_SIGNAL,60.0,,RVOL|ENTRY_TRIGGER,329.3,331.8076,14.29,-1.141,0.237,1.05,331.3702,337.9249,331.464,BEAR,329.3,334.7725,15.66,-2.111,29.88,False,True,False,False,False,False,False,False
2026-08-27T10:50:30,HDFCLIFE,2026-08-27 10:45:00+05:30,BEAR,NO_SIGNAL,60.0,,RVOL|ENTRY_TRIGGER,553.1,554.7355,32.8,-0.342,0.447,1.05,554.1524,554.7039,555.7116,BEAR,553.3,556.1557,39.64,-1.364,28.1,False,True,False,False,False,False,False,False
2026-08-27T10:50:31,SBILIFE,2026-08-27 10:45:00+05:30,BULL,NO_SIGNAL,60.0,,RVOL|ENTRY_TRIGGER,1793.1,1787.5836,60.88,0.657,0.639,1.05,1784.5689,1769.8066,1780.9312,BULL,1794.5,1779.884,67.98,0.815,25.65,True,False,False,False,False,False,False,False
2026-08-27T10:50:31,HINDUNILVR,2026-08-27 10:45:00+05:30,BEAR,NO_SIGNAL,60.0,,RVOL|ENTRY_TRIGGER,2007.7,2012.2998,33.66,-0.486,0.667,1.05,2011.9653,2022.1524,2014.6502,BEAR,2006.0,2019.771,23.53,-0.973,26.8,False,True,False,False,False,False,False,False
2026-08-27T10:50:32,MARUTI,2026-08-27 10:45:00+05:30,BEAR,NO_SIGNAL,60.0,,RVOL|ENTRY_TRIGGER,13432.0,13464.4621,34.4,-0.423,0.396,1.05,13463.0822,13555.4027,13489.5151,BEAR,13434.0,13527.0586,27.59,-1.3,23.87,False,True,False,False,False,False,False,False
2026-08-27T10:50:32,ITC,2026-08-27 10:45:00+05:30,BEAR,NO_SIGNAL,60.0,,RVOL|ENTRY_TRIGGER,268.95,269.7597,27.75,-0.444,0.333,1.05,269.9548,270.1115,269.9529,BEAR,268.8,270.5082,30.64,-0.958,28.81,False,True,False,False,False,False,False,False
2026-08-27T10:50:33,TMPV,2026-08-27 10:45:00+05:30,BEAR,NO_SIGNAL,40.0,,BELOW_WVWAP|RVOL|ENTRY_TRIGGER,314.85,315.031,47.17,-0.474,0.288,1.05,315.1983,314.3115,316.509,BEAR,314.8,315.0115,48.63,-0.111,25.61,False,False,False,False,False,False,False,False
2026-08-27T10:50:33,ADANIPORTS,2026-08-27 10:45:00+05:30,BULL,NO_SIGNAL,40.0,,MACRO_BULL|RVOL|ENTRY_TRIGGER,1695.3,1696.1015,47.31,-0.071,0.502,1.05,1697.059,1691.2824,1690.3632,BULL,1694.7,1695.3122,49.62,-0.018,34.4,False,False,False,False,False,False,False,False
2026-08-27T10:50:34,DRREDDY,2026-08-27 10:45:00+05:30,BULL,NO_SIGNAL,20.0,,MACRO_BULL|ABOVE_WVWAP|RVOL|ENTRY_TRIGGER,1185.7,1184.0428,54.5,0.577,0.358,1.05,1182.1283,1186.4776,1179.2982,BULL,1185.9,1185.3328,50.58,-0.345,13.93,False,False,False,False,False,False,False,False
2026-08-27T10:50:35,WIPRO,2026-08-27 10:45:00+05:30,BEAR,NO_SIGNAL,60.0,,RVOL|ENTRY_TRIGGER,176.79,177.1784,34.62,-0.372,0.587,1.05,177.4292,179.8545,177.37,BEAR,176.72,177.6579,29.43,-0.107,22.41,False,True,False,False,False,False,False,False
2026-08-27T10:50:35,ONGC,2026-08-27 10:45:00+05:30,BEAR,NO_SIGNAL,60.0,,ST_BEAR|ENTRY_TRIGGER,232.66,232.4325,52.88,0.047,2.08,1.05,232.8529,234.4896,231.4278,BULL,231.91,232.7725,32.97,-0.553,30.26,False,False,False,False,False,False,False,False
2026-08-27T10:50:36,SBIN,2026-08-27 10:45:00+05:30,BEAR,NO_SIGNAL,40.0,,BELOW_WVWAP|RVOL|ENTRY_TRIGGER,1046.3,1048.6018,30.28,-0.172,0.364,1.05,1049.0334,1042.912,1049.9445,BEAR,1046.4,1051.247,33.6,-0.815,28.64,False,True,False,False,False,False,False,False
2026-08-27T10:50:36,EICHERMOT,2026-08-27 10:45:00+05:30,BEAR,NEAR,80.0,,ENTRY_TRIGGER,8031.5,8037.7586,45.66,-0.019,1.085,1.05,8024.5428,8042.333,8069.5879,BEAR,8022.5,8052.2999,40.23,-0.847,39.56,False,False,False,False,False,False,False,False
2026-08-27T10:50:37,COALINDIA,2026-08-27 10:45:00+05:30,BEAR,NO_SIGNAL,40.0,,MACRO_BEAR|RVOL|ENTRY_TRIGGER,400.65,401.6631,29.44,-0.497,0.182,1.05,402.1856,404.1252,402.0976,BEAR,400.5,402.7479,29.05,-0.989,18.06,False,True,False,False,False,False,False,False
2026-08-27T10:50:37,BAJAJFINSV,2026-08-27 10:45:00+05:30,BEAR,NO_SIGNAL,40.0,,MACRO_BEAR|RVOL|ENTRY_TRIGGER,2006.8,2010.8788,38.47,-0.377,0.323,1.05,2013.7617,2008.2755,2018.1715,BEAR,2006.8,2011.0398,43.73,-0.075,13.12,False,True,False,False,False,False,False,False
2026-08-27T10:50:38,MAXHEALTH,2026-08-27 10:45:00+05:30,BEAR,NO_SIGNAL,40.0,,BELOW_WVWAP|RVOL|ENTRY_TRIGGER,1002.6,1006.051,29.85,-0.11,0.463,1.05,1005.8539,1000.3049,1008.2755,BEAR,1002.8,1010.1703,36.34,-1.792,34.27,False,True,False,False,False,False,False,False
2026-08-27T10:50:38,KOTAKBANK,2026-08-27 10:45:00+05:30,BULL,NO_SIGNAL,60.0,,RVOL|ENTRY_TRIGGER,424.55,423.4454,62.45,-0.364,0.175,1.05,423.0029,410.0502,421.7178,BULL,424.4,418.3015,75.27,2.081,66.28,False,False,False,False,False,False,False,False
2026-08-27T10:50:39,APOLLOHOSP,2026-08-27 10:45:00+05:30,BEAR,NO_SIGNAL,40.0,,BELOW_WVWAP|RVOL|ENTRY_TRIGGER,8789.0,8783.7112,51.66,0.154,1.001,1.05,8790.8413,8722.4252,8808.6043,BEAR,8777.0,8789.2115,45.55,-0.352,40.4,False,False,False,False,False,False,False,False
2026-08-27T10:50:39,CIPLA,2026-08-27 10:45:00+05:30,BEAR,NO_SIGNAL,60.0,,RVOL|ENTRY_TRIGGER,1404.4,1406.2606,41.51,-0.007,0.43,1.05,1406.482,1420.228,1410.0739,BEAR,1404.1,1408.9008,39.16,-0.213,30.39,False,True,False,False,False,False,False,False
2026-08-27T10:50:40,JSWSTEEL,2026-08-27 10:45:00+05:30,BULL,NO_SIGNAL,60.0,,RVOL|ENTRY_TRIGGER,1339.0,1338.5525,53.59,0.075,0.439,1.05,1340.7923,1319.6958,1332.223,BULL,1338.7,1331.4855,71.57,1.103,57.45,False,False,False,False,False,False,False,False
2026-08-27T10:50:40,HCLTECH,2026-08-27 10:45:00+05:30,BEAR,NO_SIGNAL,60.0,,RVOL|ENTRY_TRIGGER,1283.9,1286.6037,34.91,0.039,0.205,1.05,1288.1645,1306.9849,1289.8694,BEAR,1282.9,1293.8106,24.88,-1.11,28.4,False,False,False,False,False,False,False,False
2026-08-27T10:50:41,TCS,2026-08-27 10:45:00+05:30,BEAR,NO_SIGNAL,40.0,,MACRO_BEAR|RVOL|ENTRY_TRIGGER,2248.1,2255.4528,25.11,-0.469,0.976,1.05,2258.3117,2281.8941,2257.3412,BEAR,2246.0,2264.8646,20.18,-0.987,13.38,False,True,False,False,False,False,False,False
2026-08-27T10:50:41,INDIGO,2026-08-27 10:45:00+05:30,BEAR,NO_SIGNAL,40.0,,BELOW_WVWAP|RVOL|ENTRY_TRIGGER,5215.5,5218.9163,43.21,0.086,0.178,1.05,5215.8003,5175.2592,5230.1568,BEAR,5214.5,5228.4638,45.6,-0.676,28.21,False,False,False,False,False,False,False,False
2026-08-27T10:50:42,BHARTIARTL,2026-08-27 10:45:00+05:30,BEAR,NO_SIGNAL,60.0,,RVOL|ENTRY_TRIGGER,1901.8,1903.5785,42.16,0.137,0.357,1.05,1901.0045,1925.8052,1906.5437,BEAR,1902.0,1910.6201,33.13,-0.601,37.66,False,False,False,False,False,False,False,False
2026-08-27T10:50:42,ETERNAL,2026-08-27 10:45:00+05:30,BEAR,NO_SIGNAL,40.0,,MACRO_BEAR|RVOL|ENTRY_TRIGGER,327.15,326.8117,52.94,0.076,0.423,1.05,327.4737,328.17,328.589,BEAR,326.85,327.0142,47.58,0.415,21.22,False,False,False,False,False,False,False,False
2026-08-27T10:50:43,LT,2026-08-27 10:45:00+05:30,BEAR,NO_SIGNAL,60.0,,RVOL|ENTRY_TRIGGER,4037.7,4042.3965,39.33,-0.205,0.212,1.05,4043.1691,4083.052,4051.6246,BEAR,4038.6,4054.3887,32.76,-0.269,30.79,False,True,False,False,False,False,False,False
2026-08-27T10:50:43,SHRIRAMFIN,2026-08-27 10:45:00+05:30,BEAR,NEAR,80.0,BREAKOUT_CONTINUATION,RVOL,1095.6,1102.9856,27.26,-0.264,0.627,1.05,1103.9761,1119.5743,1104.7596,BEAR,1097.0,1111.6744,30.56,-1.764,31.1,False,True,False,False,False,True,False,False
2026-08-27T10:50:44,GRASIM,2026-08-27 10:45:00+05:30,BULL,NO_SIGNAL,60.0,,RVOL|ENTRY_TRIGGER,3284.6,3286.3339,47.97,0.021,0.196,1.05,3285.9974,3275.8246,3274.1812,BULL,3285.0,3283.3075,51.82,0.192,33.63,False,False,False,False,False,False,False,False
2026-08-27T10:50:44,AXISBANK,2026-08-27 10:45:00+05:30,BULL,NO_SIGNAL,60.0,VWAP_PULLBACK,RVOL|ENTRY_TRIGGER,1260.3,1258.8412,59.77,-0.056,0.364,1.05,1258.7584,1243.4163,1253.7598,BULL,1260.0,1254.9284,67.44,0.382,47.14,False,False,True,False,False,False,False,False
2026-08-27T10:50:45,POWERGRID,2026-08-27 10:45:00+05:30,BEAR,NO_SIGNAL,60.0,,RVOL|ENTRY_TRIGGER,262.6,263.643,22.75,-0.587,0.62,1.05,263.7515,268.8488,263.8547,BEAR,262.75,265.6883,17.98,-1.518,38.8,False,True,False,False,False,False,False,False
2026-08-27T10:50:46,ADANIENT,2026-08-27 10:45:00+05:30,BULL,NO_SIGNAL,60.0,,RVOL|ENTRY_TRIGGER,3144.7,3143.8067,51.84,-0.133,0.425,1.05,3145.2393,3078.0719,3126.217,BULL,3142.8,3132.4621,64.13,0.319,51.33,False,False,False,False,False,False,False,False
2026-08-27T10:50:46,TECHM,2026-08-27 10:45:00+05:30,BULL,NEAR,80.0,VWAP_PULLBACK,RVOL,1594.4,1587.394,68.56,0.46,0.68,1.05,1588.7393,1582.66,1582.9786,BULL,1592.6,1580.1905,66.81,1.569,29.13,True,False,True,False,False,False,False,False
2026-08-27T10:50:47,ICICIBANK,2026-08-27 10:45:00+05:30,BULL,NO_SIGNAL,60.0,,RVOL|ENTRY_TRIGGER,1442.3,1440.088,60.1,0.09,0.802,1.05,1439.8172,1424.8407,1436.2408,BULL,1442.2,1437.4154,68.18,0.39,26.94,True,False,False,False,False,False,False,False
2026-08-27T10:50:47,JIOFIN,2026-08-27 10:45:00+05:30,BEAR,NO_SIGNAL,60.0,,RVOL|ENTRY_TRIGGER,239.6,240.6274,17.81,-0.705,0.7,1.05,240.8198,242.3111,240.5559,BEAR,239.65,241.5768,22.77,-0.971,24.26,False,True,False,False,False,False,False,False
2026-08-27T10:50:48,TATASTEEL,2026-08-27 10:45:00+05:30,BULL,NO_SIGNAL,60.0,,RVOL|ENTRY_TRIGGER,187.83,188.2091,46.34,-0.771,0.226,1.05,188.8949,185.9238,187.3843,BULL,187.79,187.1444,57.61,1.289,36.63,False,False,False,False,False,False,False,False
2026-08-27T10:50:48,TITAN,2026-08-27 10:45:00+05:30,BULL,NO_SIGNAL,40.0,,ST_BULL|RVOL|ENTRY_TRIGGER,5117.7,5103.6799,61.08,0.526,0.13,1.05,5098.796,5091.8236,5120.8815,BEAR,5115.0,5099.697,58.68,0.361,24.49,True,False,False,False,False,False,False,False
2026-08-27T10:50:49,INFY,2026-08-27 10:45:00+05:30,BEAR,NO_SIGNAL,40.0,,MACRO_BEAR|RVOL|ENTRY_TRIGGER,1112.8,1116.2696,35.26,-0.643,0.508,1.05,1117.7015,1127.8167,1119.2865,BEAR,1110.6,1119.4867,25.84,-0.786,14.94,False,True,False,False,False,False,False,False
2026-08-27T10:50:49,TRENT,2026-08-27 10:45:00+05:30,BEAR,NO_SIGNAL,40.0,,MACRO_BEAR|RVOL|ENTRY_TRIGGER,2891.5,2901.7153,30.31,-0.567,0.412,1.05,2905.4803,2917.5517,2906.1703,BEAR,2892.3,2910.4419,31.86,-0.526,14.5,False,True,False,False,False,False,False,False
2026-08-27T10:50:50,ASIANPAINT,2026-08-27 10:45:00+05:30,BULL,NO_SIGNAL,40.0,,MACRO_BULL|RVOL|ENTRY_TRIGGER,2645.3,2640.9481,56.97,0.479,1.027,1.05,2640.8015,2632.137,2635.3158,BULL,2648.0,2641.4781,57.37,0.125,20.04,True,False,False,False,False,False,False,False
2026-08-27T10:50:50,ULTRACEMCO,2026-08-27 10:45:00+05:30,BULL,NO_SIGNAL,60.0,,ST_BULL|ENTRY_TRIGGER,11732.0,11749.3871,45.85,0.051,1.991,1.05,11752.4023,11587.7894,11802.9781,BEAR,11750.0,11710.6995,61.02,0.608,34.37,False,False,False,False,False,False,False,False
2026-08-27T10:50:51,HDFCBANK,2026-08-27 10:45:00+05:30,BEAR,NEAR,80.0,VWAP_PULLBACK,RVOL,719.55,721.4011,31.43,-0.236,0.37,1.05,720.3712,725.523,722.6109,BEAR,720.0,724.3872,29.64,-1.051,29.39,False,True,False,True,False,False,False,False
2026-08-27T10:50:52,RELIANCE,2026-08-27 10:45:00+05:30,BEAR,NO_SIGNAL,40.0,,MACRO_BEAR|RVOL|ENTRY_TRIGGER,1294.5,1298.9316,23.86,-0.675,0.758,1.05,1300.1527,1305.8739,1300.0117,BEAR,1295.5,1302.4241,26.02,-0.598,18.17,False,True,False,False,False,False,False,False
2026-08-27T10:50:52,M&M,2026-08-27 10:45:00+05:30,BEAR,NEAR,80.0,BREAKOUT_CONTINUATION,RVOL,3369.6,3385.6816,26.77,-0.593,0.433,1.05,3386.1906,3415.7217,3388.4311,BEAR,3373.1,3403.6668,21.58,-1.429,31.72,False,True,False,False,False,True,False,False
2026-08-27T10:50:53,SUNPHARMA,2026-08-27 10:45:00+05:30,BULL,NO_SIGNAL,20.0,,MACRO_BULL|ST_BULL|RVOL|ENTRY_TRIGGER,1914.0,1909.9229,58.4,0.199,0.368,1.05,1908.9434,1912.3977,1914.1721,BEAR,1912.0,1911.9357,49.37,-0.198,14.2,True,False,False,False,False,False,False,False
2026-08-27T10:55:07,BEL,2026-08-27 10:50:00+05:30,BULL,NO_SIGNAL,40.0,,MACRO_BULL|RVOL|ENTRY_TRIGGER,410.1,410.2266,49.33,-0.255,0.229,1.05,410.5296,409.1745,408.6985,BULL,409.8,409.7528,50.88,-0.085,17.13,False,False,False,False,False,False,False,False
2026-08-27T10:55:07,TATACONSUM,2026-08-27 10:50:00+05:30,BEAR,NEAR,80.0,VWAP_PULLBACK,RVOL,1040.1,1040.9377,44.37,-0.086,0.296,1.05,1041.2403,1050.1611,1043.9993,BEAR,1040.3,1043.7211,39.02,-0.288,25.08,False,True,False,True,False,False,False,False
2026-08-27T10:55:08,BAJAJ-AUTO,2026-08-27 10:50:00+05:30,BEAR,NEAR,80.0,,ENTRY_TRIGGER,11622.0,11666.5884,32.65,-0.249,1.329,1.05,11671.5954,11786.184,11699.914,BEAR,11624.0,11728.1367,26.0,-1.517,29.83,False,True,False,False,False,False,False,False
2026-08-27T10:55:08,NESTLEIND,2026-08-27 10:50:00+05:30,BEAR,NO_SIGNAL,40.0,,MACRO_BEAR|RVOL|ENTRY_TRIGGER,1445.7,1448.505,40.4,-0.062,0.442,1.05,1452.9284,1463.0234,1453.2692,BEAR,1446.4,1452.5388,33.72,-0.441,13.14,False,True,False,False,False,False,False,False
2026-08-27T10:55:09,BAJFINANCE,2026-08-27 10:50:00+05:30,BEAR,NO_SIGNAL,40.0,TREND_CONTINUATION,MACRO_BEAR|BELOW_WVWAP|RVOL,1087.5,1090.7532,37.37,-0.621,0.469,1.05,1096.9261,1086.5653,1094.3958,BEAR,1089.4,1089.4073,51.37,0.212,34.86,False,True,False,False,False,False,False,True
2026-08-27T10:55:09,HINDALCO,2026-08-27 10:50:00+05:30,BEAR,SIGNAL,100.0,BREAKOUT_CONTINUATION,,1038.35,1045.6392,25.08,-0.651,3.9,1.05,1046.1786,1050.1443,1046.9485,BEAR,1042.25,1048.1609,36.69,-0.667,25.35,False,True,False,False,False,True,False,False
2026-08-27T10:55:10,NTPC,2026-08-27 10:50:00+05:30,BEAR,NEAR,80.0,,ENTRY_TRIGGER,330.0,331.6433,26.1,-0.662,1.195,1.05,331.2737,337.8458,331.464,BEAR,329.3,334.7725,15.66,-2.111,29.88,False,True,False,False,False,False,False,False
2026-08-27T10:55:10,HDFCLIFE,2026-08-27 10:50:00+05:30,BEAR,SIGNAL,100.0,BREAKOUT_CONTINUATION,,551.65,554.455,26.52,-0.63,1.514,1.05,553.9815,554.692,555.2671,BEAR,553.3,556.1557,39.64,-1.364,28.1,False,True,False,False,False,True,False,False
2026-08-27T10:55:11,SBILIFE,2026-08-27 10:50:00+05:30,BULL,NO_SIGNAL,60.0,,RVOL|ENTRY_TRIGGER,1788.9,1787.7033,54.06,0.41,0.716,1.05,1784.7809,1769.8976,1780.9312,BULL,1794.5,1779.884,67.98,0.815,25.65,False,False,False,False,False,False,False,False
2026-08-27T10:55:11,HINDUNILVR,2026-08-27 10:50:00+05:30,BEAR,NO_SIGNAL,60.0,,RVOL|ENTRY_TRIGGER,2010.5,2012.1362,42.0,-0.233,0.353,1.05,2011.9163,2022.128,2014.6502,BEAR,2006.0,2019.771,23.53,-0.973,26.8,False,True,False,False,False,False,False,False
2026-08-27T10:55:12,MARUTI,2026-08-27 10:50:00+05:30,BEAR,NO_SIGNAL,60.0,,RVOL|ENTRY_TRIGGER,13430.0,13461.3292,33.93,-0.26,0.903,1.05,13461.4546,13554.8863,13487.7273,BEAR,13434.0,13527.0586,27.59,-1.3,23.87,False,True,False,False,False,False,False,False
2026-08-27T10:55:12,ITC,2026-08-27 10:50:00+05:30,BEAR,NO_SIGNAL,60.0,,RVOL|ENTRY_TRIGGER,268.95,269.6861,27.75,-0.334,0.339,1.05,269.9354,270.1097,269.9529,BEAR,268.8,270.5082,30.64,-0.958,28.81,False,True,False,False,False,False,False,False
2026-08-27T10:55:13,TMPV,2026-08-27 10:50:00+05:30,BEAR,NO_SIGNAL,40.0,,BELOW_WVWAP|RVOL|ENTRY_TRIGGER,314.7,315.0009,45.28,-0.348,0.344,1.05,315.1893,314.3121,316.509,BEAR,314.8,315.0115,48.63,-0.111,25.61,False,False,False,False,False,False,False,False
2026-08-27T10:55:13,ADANIPORTS,2026-08-27 10:50:00+05:30,BULL,NO_SIGNAL,40.0,,MACRO_BULL|RVOL|ENTRY_TRIGGER,1693.7,1695.8831,43.09,-0.077,0.535,1.05,1696.9726,1691.2914,1690.3632,BULL,1694.7,1695.3122,49.62,-0.018,34.4,False,True,False,False,False,False,False,True
2026-08-27T10:55:14,DRREDDY,2026-08-27 10:50:00+05:30,BULL,NO_SIGNAL,20.0,,MACRO_BULL|ABOVE_WVWAP|RVOL|ENTRY_TRIGGER,1184.8,1184.1116,51.49,0.458,0.204,1.05,1182.1651,1186.4766,1179.2982,BULL,1185.9,1185.3328,50.58,-0.345,13.93,False,False,False,False,False,True,False,False
2026-08-27T10:55:15,WIPRO,2026-08-27 10:50:00+05:30,BEAR,NO_SIGNAL,60.0,,RVOL|ENTRY_TRIGGER,176.8,177.144,35.06,-0.237,0.283,1.05,177.4186,179.8517,177.37,BEAR,176.72,177.6579,29.43,-0.107,22.41,False,True,False,False,False,False,False,False
2026-08-27T10:55:15,ONGC,2026-08-27 10:50:00+05:30,BEAR,NO_SIGNAL,60.0,,ST_BEAR|ENTRY_TRIGGER,233.07,232.4904,59.43,0.284,3.721,1.05,232.8858,234.4657,231.8567,BULL,231.91,232.7725,32.97,-0.553,30.26,True,False,False,False,False,False,False,False
2026-08-27T10:55:16,SBIN,2026-08-27 10:50:00+05:30,BEAR,NO_SIGNAL,60.0,,BELOW_WVWAP|ENTRY_TRIGGER,1045.8,1048.3471,28.45,-0.277,1.309,1.05,1048.7968,1042.9229,1049.631,BEAR,1046.4,1051.247,33.6,-0.815,28.64,False,True,False,False,False,False,False,False
2026-08-27T10:55:16,EICHERMOT,2026-08-27 10:50:00+05:30,BEAR,NO_SIGNAL,60.0,,BELOW_WVWAP|ENTRY_TRIGGER,8048.0,8038.6897,52.36,0.237,1.695,1.05,8026.1849,8042.3398,8069.5879,BEAR,8022.5,8052.2999,40.23,-0.847,39.56,False,False,True,False,False,False,False,False
2026-08-27T10:55:17,COALINDIA,2026-08-27 10:50:00+05:30,BEAR,NO_SIGNAL,40.0,,MACRO_BEAR|RVOL|ENTRY_TRIGGER,400.7,401.5756,30.52,-0.373,0.204,1.05,402.162,404.1233,402.0013,BEAR,400.5,402.7479,29.05,-0.989,18.06,False,True,False,False,False,False,False,False
2026-08-27T10:55:17,BAJAJFINSV,2026-08-27 10:50:00+05:30,BEAR,NO_SIGNAL,40.0,,MACRO_BEAR|RVOL|ENTRY_TRIGGER,2005.2,2010.3625,35.52,-0.447,0.313,1.05,2013.6218,2008.2727,2016.3208,BEAR,2006.8,2011.0398,43.73,-0.075,13.12,False,True,False,False,False,False,False,False
2026-08-27T10:55:18,MAXHEALTH,2026-08-27 10:50:00+05:30,BEAR,NO_SIGNAL,40.0,,BELOW_WVWAP|RVOL|ENTRY_TRIGGER,1001.2,1005.61,26.56,-0.388,0.298,1.05,1005.7813,1000.3063,1007.9076,BEAR,1002.8,1010.1703,36.34,-1.792,34.27,False,True,False,False,False,False,False,False
2026-08-27T10:55:18,KOTAKBANK,2026-08-27 10:50:00+05:30,BULL,NO_SIGNAL,60.0,,RVOL|ENTRY_TRIGGER,423.9,423.4868,57.7,-0.54,0.545,1.05,423.031,410.1403,421.7178,BULL,424.4,418.3015,75.27,2.081,66.28,False,False,False,False,False,False,False,False
2026-08-27T10:55:19,APOLLOHOSP,2026-08-27 10:50:00+05:30,BEAR,NO_SIGNAL,60.0,TREND_CONTINUATION,BELOW_WVWAP|RVOL,8770.0,8782.4647,42.95,-0.063,0.731,1.05,8790.3431,8722.6174,8808.6043,BEAR,8777.0,8789.2115,45.55,-0.352,40.4,False,True,False,False,False,False,False,True
2026-08-27T10:55:19,CIPLA,2026-08-27 10:50:00+05:30,BEAR,NEAR,80.0,VWAP_PULLBACK,RVOL,1402.8,1405.946,37.24,-0.185,0.556,1.05,1406.3849,1420.198,1410.0739,BEAR,1404.1,1408.9008,39.16,-0.213,30.39,False,True,False,True,False,True,False,True
2026-08-27T10:55:20,JSWSTEEL,2026-08-27 10:50:00+05:30,BULL,NO_SIGNAL,60.0,,RVOL|ENTRY_TRIGGER,1338.2,1338.5205,51.44,0.142,0.41,1.05,1340.7492,1319.7437,1332.223,BULL,1338.7,1331.4855,71.57,1.103,57.45,False,False,False,False,False,False,False,False
2026-08-27T10:55:20,HCLTECH,2026-08-27 10:50:00+05:30,BEAR,NO_SIGNAL,60.0,,RVOL|ENTRY_TRIGGER,1284.6,1286.4215,38.07,0.078,0.35,1.05,1288.095,1306.9404,1289.8694,BEAR,1282.9,1293.8106,24.88,-1.11,28.4,False,False,False,False,False,False,False,False
2026-08-27T10:55:21,TCS,2026-08-27 10:50:00+05:30,BEAR,NO_SIGNAL,60.0,,MACRO_BEAR|ENTRY_TRIGGER,2248.8,2254.848,27.81,-0.244,1.289,1.05,2257.6214,2281.6852,2257.3412,BEAR,2246.0,2264.8646,20.18,-0.987,13.38,False,True,False,False,False,False,False,False
2026-08-27T10:55:21,INDIGO,2026-08-27 10:50:00+05:30,BEAR,NO_SIGNAL,40.0,,BELOW_WVWAP|RVOL|ENTRY_TRIGGER,5216.5,5218.6966,44.3,0.144,0.297,1.05,5215.8341,5175.3087,5230.1568,BEAR,5214.5,5228.4638,45.6,-0.676,28.21,False,False,False,False,False,False,False,False
2026-08-27T10:55:22,BHARTIARTL,2026-08-27 10:50:00+05:30,BEAR,NO_SIGNAL,60.0,,RVOL|ENTRY_TRIGGER,1903.0,1903.5259,45.79,-0.005,0.946,1.05,1901.0859,1925.6104,1906.5437,BEAR,1902.0,1910.6201,33.13,-0.601,37.66,False,False,False,False,False,False,False,False
2026-08-27T10:55:23,ETERNAL,2026-08-27 10:50:00+05:30,BEAR,NO_SIGNAL,40.0,,MACRO_BEAR|RVOL|ENTRY_TRIGGER,327.25,326.8515,53.75,0.322,0.555,1.05,327.4661,328.1671,328.589,BEAR,326.85,327.0142,47.58,0.415,21.22,False,False,False,False,False,False,False,False
2026-08-27T10:55:23,LT,2026-08-27 10:50:00+05:30,BEAR,NO_SIGNAL,60.0,,RVOL|ENTRY_TRIGGER,4041.0,4042.2696,45.12,-0.074,0.453,1.05,4043.0662,4082.9809,4051.6246,BEAR,4038.6,4054.3887,32.76,-0.269,30.79,False,False,False,False,False,False,False,False
2026-08-27T10:55:24,SHRIRAMFIN,2026-08-27 10:50:00+05:30,BEAR,SIGNAL,100.0,BREAKOUT_CONTINUATION,,1092.9,1102.0688,24.05,-0.237,1.133,1.05,1103.4071,1119.3402,1103.2297,BEAR,1097.0,1111.6744,30.56,-1.764,31.1,False,True,False,False,False,True,False,False
2026-08-27T10:55:24,GRASIM,2026-08-27 10:50:00+05:30,BULL,NO_SIGNAL,60.0,,RVOL|ENTRY_TRIGGER,3282.2,3285.9581,45.04,-0.28,0.339,1.05,3285.902,3275.834,3274.1812,BULL,3285.0,3283.3075,51.82,0.192,33.63,False,False,False,False,False,False,False,False
2026-08-27T10:55:25,AXISBANK,2026-08-27 10:50:00+05:30,BULL,NEAR,80.0,,ENTRY_TRIGGER,1259.6,1258.9102,55.92,-0.071,1.745,1.05,1258.8311,1243.6705,1253.7598,BULL,1260.0,1254.9284,67.44,0.382,47.14,False,False,False,False,False,False,False,False
2026-08-27T10:55:25,POWERGRID,2026-08-27 10:50:00+05:30,BEAR,NEAR,80.0,,ENTRY_TRIGGER,262.8,263.5664,28.19,-0.266,2.745,1.05,263.6263,268.7396,263.8547,BEAR,262.75,265.6883,17.98,-1.518,38.8,False,True,False,False,False,False,False,False
2026-08-27T10:55:26,ADANIENT,2026-08-27 10:50:00+05:30,BULL,NO_SIGNAL,60.0,,RVOL|ENTRY_TRIGGER,3144.8,3143.897,51.93,-0.171,0.285,1.05,3145.2203,3078.1772,3126.217,BULL,3142.8,3132.4621,64.13,0.319,51.33,False,False,False,False,False,False,False,False
2026-08-27T10:55:26,TECHM,2026-08-27 10:50:00+05:30,BULL,NO_SIGNAL,60.0,,RVOL|ENTRY_TRIGGER,1594.0,1587.9945,67.42,0.574,0.587,1.05,1588.9084,1582.7036,1584.355,BULL,1592.6,1580.1905,66.81,1.569,29.13,True,False,False,False,False,False,False,False
2026-08-27T10:55:27,ICICIBANK,2026-08-27 10:50:00+05:30,BULL,NEAR,80.0,,ENTRY_TRIGGER,1441.9,1440.2527,58.33,0.042,1.166,1.05,1439.9333,1424.9477,1436.2408,BULL,1442.2,1437.4154,68.18,0.39,26.94,True,False,False,False,False,False,False,False
2026-08-27T10:55:27,JIOFIN,2026-08-27 10:50:00+05:30,BEAR,NO_SIGNAL,60.0,,RVOL|ENTRY_TRIGGER,239.4,240.5158,16.15,-0.746,0.642,1.05,240.7725,242.2996,240.4586,BEAR,239.65,241.5768,22.77,-0.971,24.26,False,True,False,False,False,False,False,False
2026-08-27T10:55:28,TATASTEEL,2026-08-27 10:50:00+05:30,BULL,NO_SIGNAL,60.0,,RVOL|ENTRY_TRIGGER,187.5,188.1446,42.37,-0.441,0.461,1.05,188.8615,185.9291,187.3843,BULL,187.79,187.1444,57.61,1.289,36.63,False,True,False,False,False,False,False,True
2026-08-27T10:55:28,TITAN,2026-08-27 10:50:00+05:30,BULL,NO_SIGNAL,40.0,,ST_BULL|RVOL|ENTRY_TRIGGER,5117.9,5104.9727,61.19,0.742,0.19,1.05,5098.9838,5091.9072,5120.8815,BEAR,5115.0,5099.697,58.68,0.361,24.49,True,False,False,False,False,False,False,False
2026-08-27T10:55:29,INFY,2026-08-27 10:50:00+05:30,BEAR,NO_SIGNAL,40.0,,MACRO_BEAR|RVOL|ENTRY_TRIGGER,1113.4,1116.0087,37.85,-0.394,0.579,1.05,1117.5675,1127.7796,1119.2865,BEAR,1110.6,1119.4867,25.84,-0.786,14.94,False,True,False,False,False,False,False,False
2026-08-27T10:55:29,TRENT,2026-08-27 10:50:00+05:30,BEAR,NO_SIGNAL,40.0,,MACRO_BEAR|RVOL|ENTRY_TRIGGER,2891.2,2900.7593,30.02,-0.485,0.348,1.05,2905.1831,2917.5216,2905.5013,BEAR,2892.3,2910.4419,31.86,-0.526,14.5,False,True,False,False,False,False,False,False
2026-08-27T10:55:30,ASIANPAINT,2026-08-27 10:50:00+05:30,BULL,NO_SIGNAL,40.0,,MACRO_BULL|RVOL|ENTRY_TRIGGER,2642.0,2641.0437,51.65,0.483,0.857,1.05,2640.8793,2632.1875,2635.3158,BULL,2648.0,2641.4781,57.37,0.125,20.04,False,False,False,False,False,False,False,False
2026-08-27T10:55:30,ULTRACEMCO,2026-08-27 10:50:00+05:30,BULL,NO_SIGNAL,60.0,,ST_BULL|ENTRY_TRIGGER,11738.0,11748.3519,47.9,0.094,2.738,1.05,11749.7485,11589.1644,11801.9812,BEAR,11750.0,11710.6995,61.02,0.608,34.37,False,False,False,False,False,False,False,False
2026-08-27T10:55:31,HDFCBANK,2026-08-27 10:50:00+05:30,BEAR,NEAR,80.0,VWAP_PULLBACK,RVOL,718.9,721.1737,28.66,-0.25,1.042,1.05,720.2938,725.4523,721.9451,BEAR,720.0,724.3872,29.64,-1.051,29.39,False,True,False,True,False,True,False,False
2026-08-27T10:55:32,RELIANCE,2026-08-27 10:50:00+05:30,BEAR,NEAR,80.0,BREAKOUT_CONTINUATION,MACRO_BEAR,1293.6,1298.4469,21.87,-0.721,1.34,1.05,1299.6991,1305.7968,1298.7815,BEAR,1295.5,1302.4241,26.02,-0.598,18.17,False,True,False,False,False,True,False,False
2026-08-27T10:55:32,M&M,2026-08-27 10:50:00+05:30,BEAR,NEAR,80.0,BREAKOUT_CONTINUATION,RVOL,3365.6,3383.856,24.5,-0.62,0.815,1.05,3385.3763,3415.4495,3383.7124,BEAR,3373.1,3403.6668,21.58,-1.429,31.72,False,True,False,False,False,True,False,False
2026-08-27T10:55:33,SUNPHARMA,2026-08-27 10:50:00+05:30,BEAR,NO_SIGNAL,40.0,,MACRO_BEAR|RVOL|ENTRY_TRIGGER,1911.4,1910.0572,52.39,0.183,0.491,1.05,1909.0207,1912.3967,1914.1721,BEAR,1912.0,1911.9357,49.37,-0.198,14.2,False,False,False,False,False,False,False,False
2026-08-27T11:00:03,BEL,2026-08-27 10:55:00+05:30,BULL,NO_SIGNAL,40.0,,MACRO_BULL|RVOL|ENTRY_TRIGGER,410.05,410.2106,48.79,-0.195,0.161,1.05,410.5261,409.1755,408.6985,BULL,410.05,409.7798,52.44,0.098,17.76,False,False,False,False,False,False,False,False
2026-08-27T11:00:03,TATACONSUM,2026-08-27 10:55:00+05:30,BEAR,NO_SIGNAL,60.0,,RVOL|ENTRY_TRIGGER,1040.2,1040.8707,44.86,-0.01,0.763,1.05,1041.2033,1050.1262,1043.9993,BEAR,1040.2,1043.401,38.82,-0.067,25.88,False,True,False,False,False,False,False,False
2026-08-27T11:00:04,BAJAJ-AUTO,2026-08-27 10:55:00+05:30,BEAR,NO_SIGNAL,60.0,,RVOL|ENTRY_TRIGGER,11618.0,11662.1713,31.87,-0.215,0.686,1.05,11669.9938,11785.5317,11694.0691,BEAR,11618.0,11718.1243,25.38,-1.451,30.99,False,True,False,False,False,False,False,False
2026-08-27T11:00:04,NESTLEIND,2026-08-27 10:55:00+05:30,BEAR,NO_SIGNAL,40.0,,MACRO_BEAR|RVOL|ENTRY_TRIGGER,1444.9,1448.1772,38.74,-0.062,0.575,1.05,1452.7022,1462.9862,1451.5022,BEAR,1444.9,1451.8443,31.66,-0.633,12.58,False,True,False,False,False,False,False,False
2026-08-27T11:00:05,BAJFINANCE,2026-08-27 10:55:00+05:30,BULL,NO_SIGNAL,20.0,,MACRO_BULL|ST_BULL|RVOL|ENTRY_TRIGGER,1087.9,1090.4939,39.26,-0.494,0.146,1.05,1096.8595,1086.567,1093.3035,BEAR,1087.9,1089.2702,48.36,0.083,34.5,False,True,False,False,False,False,False,False
2026-08-27T11:00:05,HINDALCO,2026-08-27 10:55:00+05:30,BEAR,NEAR,80.0,,ENTRY_TRIGGER,1040.15,1045.1401,32.61,-0.545,4.683,1.05,1044.9084,1049.9603,1045.9844,BEAR,1040.15,1047.4326,33.56,-0.943,26.2,False,True,False,False,False,False,False,False
2026-08-27T11:00:06,NTPC,2026-08-27 10:55:00+05:30,BEAR,NO_SIGNAL,60.0,,RVOL|ENTRY_TRIGGER,329.7,331.4666,24.54,-0.678,0.652,1.05,331.2303,337.8053,331.464,BEAR,329.7,334.3114,19.32,-1.919,32.3,False,True,False,False,False,False,False,False
2026-08-27T11:00:06,HDFCLIFE,2026-08-27 10:55:00+05:30,BEAR,NO_SIGNAL,60.0,,RVOL|ENTRY_TRIGGER,551.4,554.1773,25.61,-0.649,0.989,1.05,553.8568,554.6829,554.2289,BEAR,551.4,555.7233,34.61,-1.536,28.41,False,True,False,False,False,False,False,False
2026-08-27T11:00:07,SBILIFE,2026-08-27 10:55:00+05:30,BULL,NO_SIGNAL,60.0,,RVOL|ENTRY_TRIGGER,1790.2,1787.9303,55.71,0.409,0.265,1.05,1784.8457,1769.9276,1780.9312,BULL,1790.2,1780.8218,62.02,0.902,26.0,True,False,False,False,False,False,False,False
2026-08-27T11:00:07,HINDUNILVR,2026-08-27 10:55:00+05:30,BEAR,NEAR,80.0,VWAP_PULLBACK,RVOL,2010.1,2011.9511,41.2,-0.02,0.703,1.05,2011.8569,2022.0855,2014.6502,BEAR,2010.1,2018.8918,33.1,-0.687,27.47,False,True,False,True,False,False,False,False
2026-08-27T11:00:08,MARUTI,2026-08-27 10:55:00+05:30,BEAR,NEAR,80.0,,ENTRY_TRIGGER,13449.0,13460.2083,41.99,0.104,2.27,1.05,13459.6077,13553.8214,13487.7273,BEAR,13449.0,13519.9624,31.93,-1.03,24.03,False,False,False,False,False,False,False,False
2026-08-27T11:00:08,ITC,2026-08-27 10:55:00+05:30,BEAR,NO_SIGNAL,60.0,,RVOL|ENTRY_TRIGGER,269.0,269.6237,29.44,-0.241,0.429,1.05,269.915,270.1078,269.9529,BEAR,269.0,270.3711,33.56,-0.775,30.53,False,True,False,False,False,False,False,False
2026-08-27T11:00:09,TMPV,2026-08-27 10:55:00+05:30,BEAR,NO_SIGNAL,60.0,TREND_CONTINUATION,BELOW_WVWAP|RVOL,314.65,314.969,44.63,-0.206,0.277,1.05,315.1828,314.3126,316.4889,BEAR,314.65,314.9787,47.16,-0.143,26.38,False,True,False,False,False,False,False,True
2026-08-27T11:00:09,ADANIPORTS,2026-08-27 10:55:00+05:30,BULL,NO_SIGNAL,40.0,,MACRO_BULL|RVOL|ENTRY_TRIGGER,1694.1,1695.721,44.43,-0.077,0.849,1.05,1696.8175,1691.3001,1690.3632,BULL,1694.1,1695.202,48.22,-0.124,34.33,False,True,False,False,False,False,False,False
2026-08-27T11:00:10,DRREDDY,2026-08-27 10:55:00+05:30,BULL,NO_SIGNAL,20.0,,MACRO_BULL|ABOVE_WVWAP|RVOL|ENTRY_TRIGGER,1184.9,1184.1833,51.81,0.466,0.405,1.05,1182.218,1186.4749,1179.2982,BULL,1184.9,1185.2935,48.9,-0.311,13.11,False,False,False,False,False,False,False,False
2026-08-27T11:00:10,WIPRO,2026-08-27 10:55:00+05:30,BEAR,NO_SIGNAL,40.0,,MACRO_BEAR|RVOL|ENTRY_TRIGGER,176.95,177.1263,41.4,-0.113,0.676,1.05,177.4016,179.8462,177.37,BEAR,176.95,177.5936,34.79,0.011,21.91,False,True,False,False,False,False,False,False
2026-08-27T11:00:11,ONGC,2026-08-27 10:55:00+05:30,BULL,NO_SIGNAL,60.0,TREND_CONTINUATION,ABOVE_WVWAP|RVOL,233.15,232.5504,60.58,0.344,0.699,1.05,232.8911,234.4612,231.8567,BULL,233.15,232.8068,52.84,0.034,28.8,True,False,False,False,False,False,True,False
2026-08-27T11:00:11,SBIN,2026-08-27 10:55:00+05:30,BEAR,NO_SIGNAL,40.0,,BELOW_WVWAP|RVOL|ENTRY_TRIGGER,1046.6,1048.1883,35.22,-0.134,0.812,1.05,1048.6982,1042.9295,1049.631,BEAR,1046.6,1050.8245,34.5,-0.768,28.54,False,True,False,False,False,False,False,False
2026-08-27T11:00:12,EICHERMOT,2026-08-27 10:55:00+05:30,BEAR,NO_SIGNAL,40.0,,BELOW_WVWAP|RVOL|ENTRY_TRIGGER,8043.5,8039.127,50.53,0.212,0.487,1.05,8026.6126,8042.344,8069.5879,BEAR,8043.5,8051.4999,47.22,-0.556,38.84,False,False,False,False,False,False,False,False
2026-08-27T11:00:12,COALINDIA,2026-08-27 10:55:00+05:30,BEAR,NO_SIGNAL,40.0,,MACRO_BEAR|RVOL|ENTRY_TRIGGER,401.3,401.5505,42.06,-0.224,0.672,1.05,402.1285,404.1196,402.0013,BEAR,401.3,402.6163,37.79,-0.914,17.9,False,True,False,False,False,False,False,False
2026-08-27T11:00:13,BAJAJFINSV,2026-08-27 10:55:00+05:30,BEAR,NO_SIGNAL,40.0,,MACRO_BEAR|RVOL|ENTRY_TRIGGER,2005.9,2009.9568,37.77,-0.328,0.422,1.05,2013.4642,2008.2697,2015.6678,BEAR,2005.9,2010.5725,42.47,-0.134,12.98,False,True,False,False,False,False,False,False
2026-08-27T11:00:14,MAXHEALTH,2026-08-27 10:55:00+05:30,BEAR,NO_SIGNAL,60.0,,BELOW_WVWAP|ENTRY_TRIGGER,1002.0,1005.2818,31.23,-0.299,1.364,1.05,1005.4803,1000.3091,1006.8636,BEAR,1002.0,1009.4275,35.29,-1.417,34.23,False,True,False,False,False,False,False,False
2026-08-27T11:00:14,KOTAKBANK,2026-08-27 10:55:00+05:30,BULL,NO_SIGNAL,60.0,,RVOL|ENTRY_TRIGGER,423.85,423.5198,57.34,-0.505,0.454,1.05,423.0462,410.2118,421.7178,BULL,423.85,418.8059,72.65,2.01,66.81,False,False,False,False,False,False,False,False
2026-08-27T11:00:15,APOLLOHOSP,2026-08-27 10:55:00+05:30,BULL,NO_SIGNAL,40.0,VWAP_PULLBACK,MACRO_BULL|ST_BULL|ENTRY_TRIGGER,8791.0,8783.2406,52.49,0.348,1.604,1.05,8789.8969,8723.0695,8808.6043,BEAR,8791.0,8789.3741,51.2,-0.102,41.02,False,False,True,False,False,False,False,False
2026-08-27T11:00:15,CIPLA,2026-08-27 10:55:00+05:30,BEAR,NO_SIGNAL,60.0,,RVOL|ENTRY_TRIGGER,1404.4,1405.8054,43.5,-0.007,0.629,1.05,1406.308,1420.1698,1410.0739,BEAR,1404.4,1408.4917,39.84,-0.468,30.24,False,True,False,False,False,False,False,False
2026-08-27T11:00:16,JSWSTEEL,2026-08-27 10:55:00+05:30,BULL,NO_SIGNAL,60.0,,RVOL|ENTRY_TRIGGER,1339.0,1338.5641,53.45,0.015,0.229,1.05,1340.7256,1319.7698,1332.223,BULL,1339.0,1332.1686,71.95,1.034,57.91,False,False,False,False,False,False,False,False
2026-08-27T11:00:16,HCLTECH,2026-08-27 10:55:00+05:30,BEAR,NO_SIGNAL,60.0,,RVOL|ENTRY_TRIGGER,1285.9,1286.3741,43.54,0.265,0.532,1.05,1288.0312,1306.881,1289.8694,BEAR,1285.9,1293.0914,32.85,-0.909,28.63,False,False,False,False,False,False,False,False
2026-08-27T11:00:17,TCS,2026-08-27 10:55:00+05:30,BEAR,NO_SIGNAL,40.0,,MACRO_BEAR|RVOL|ENTRY_TRIGGER,2249.8,2254.3891,31.59,-0.142,0.431,1.05,2257.4523,2281.6219,2257.3412,BEAR,2249.8,2263.4951,27.84,-0.851,13.78,False,True,False,False,False,False,False,False
2026-08-27T11:00:17,INDIGO,2026-08-27 10:55:00+05:30,BEAR,NO_SIGNAL,40.0,,BELOW_WVWAP|RVOL|ENTRY_TRIGGER,5214.0,5218.2696,42.12,0.202,0.28,1.05,5215.8019,5175.346,5230.1568,BEAR,5214.0,5227.1489,45.4,-0.695,27.36,False,False,False,False,False,False,False,False
2026-08-27T11:00:18,BHARTIARTL,2026-08-27 10:55:00+05:30,BEAR,NEAR,80.0,VWAP_PULLBACK,RVOL,1900.3,1903.2326,39.74,-0.168,0.895,1.05,1901.0937,1925.4165,1906.5437,BEAR,1900.3,1909.6819,31.5,-0.638,37.22,False,True,False,True,False,False,False,True
2026-08-27T11:00:18,ETERNAL,2026-08-27 10:55:00+05:30,BEAR,NO_SIGNAL,40.0,,MACRO_BEAR|RVOL|ENTRY_TRIGGER,327.85,326.9423,58.38,0.429,0.675,1.05,327.4721,328.1653,328.589,BEAR,327.85,327.0902,54.01,0.676,21.02,True,False,False,False,False,False,False,False
2026-08-27T11:00:19,LT,2026-08-27 10:55:00+05:30,BEAR,NEAR,80.0,VWAP_PULLBACK,RVOL,4030.9,4041.236,34.33,-0.25,0.597,1.05,4042.814,4082.8915,4051.6246,BEAR,4030.9,4052.2533,28.84,-0.643,32.26,False,True,False,True,False,True,False,False
2026-08-27T11:00:19,SHRIRAMFIN,2026-08-27 10:55:00+05:30,BEAR,NO_SIGNAL,60.0,,RVOL|ENTRY_TRIGGER,1093.9,1101.3262,27.46,-0.21,0.413,1.05,1103.2087,1119.2535,1101.7897,BEAR,1093.9,1110.0586,28.49,-2.086,32.1,False,True,False,False,False,False,False,False
2026-08-27T11:00:20,GRASIM,2026-08-27 10:55:00+05:30,BULL,NO_SIGNAL,60.0,,MACRO_BULL|ENTRY_TRIGGER,3281.0,3285.5074,43.61,-0.361,1.514,1.05,3285.5852,3275.851,3274.1812,BULL,3281.0,3283.0977,49.81,0.14,33.93,False,True,False,False,False,False,False,True
2026-08-27T11:00:20,AXISBANK,2026-08-27 10:55:00+05:30,BULL,NO_SIGNAL,60.0,,RVOL|ENTRY_TRIGGER,1259.0,1258.9184,52.78,-0.095,0.602,1.05,1258.8429,1243.7583,1253.7598,BULL,1259.0,1255.2985,64.1,0.327,47.34,False,False,False,False,False,False,False,False
2026-08-27T11:00:21,POWERGRID,2026-08-27 10:55:00+05:30,BEAR,NO_SIGNAL,60.0,,RVOL|ENTRY_TRIGGER,262.65,263.4831,26.67,-0.228,0.232,1.05,263.6152,268.7309,263.8547,BEAR,262.65,265.4121,17.65,-1.592,40.29,False,True,False,False,False,False,False,False
2026-08-27T11:00:21,ADANIENT,2026-08-27 10:55:00+05:30,BULL,NO_SIGNAL,60.0,,RVOL|ENTRY_TRIGGER,3138.1,3143.37,45.75,-0.264,0.762,1.05,3144.9773,3078.4086,3126.217,BULL,3138.1,3132.9747,59.34,0.131,50.48,False,False,False,False,False,False,False,False
2026-08-27T11:00:22,TECHM,2026-08-27 10:55:00+05:30,BULL,NO_SIGNAL,60.0,,RVOL|ENTRY_TRIGGER,1593.9,1588.5314,67.12,0.53,0.387,1.05,1589.0018,1582.7293,1584.9329,BULL,1593.9,1581.4368,67.87,1.704,31.15,True,False,False,False,False,False,False,False
2026-08-27T11:00:22,ICICIBANK,2026-08-27 10:55:00+05:30,BULL,NO_SIGNAL,60.0,,RVOL|ENTRY_TRIGGER,1441.7,1440.3843,57.42,0.153,1.022,1.05,1440.0062,1425.0406,1436.2408,BULL,1441.7,1437.8049,66.12,0.327,27.63,True,False,False,False,False,False,False,False
2026-08-27T11:00:23,JIOFIN,2026-08-27 10:55:00+05:30,BEAR,NO_SIGNAL,60.0,,RVOL|ENTRY_TRIGGER,239.45,240.4189,18.2,-0.54,0.775,1.05,240.72,242.2862,240.3181,BEAR,239.45,241.3834,21.65,-1.033,26.44,False,True,False,False,False,False,False,False
2026-08-27T11:00:23,TATASTEEL,2026-08-27 10:55:00+05:30,BULL,NO_SIGNAL,60.0,,RVOL|ENTRY_TRIGGER,187.63,188.0978,44.39,-0.276,0.456,1.05,188.8337,185.9339,187.3843,BULL,187.63,187.1886,56.2,0.86,36.13,False,True,False,False,False,False,False,False
2026-08-27T11:00:24,TITAN,2026-08-27 10:55:00+05:30,BULL,NO_SIGNAL,40.0,,ST_BULL|RVOL|ENTRY_TRIGGER,5118.0,5106.157,61.25,0.649,0.162,1.05,5099.1226,5091.9715,5120.8815,BEAR,5118.0,5101.3609,59.94,0.392,23.92,True,False,False,False,False,False,False,False
2026-08-27T11:00:25,INFY,2026-08-27 10:55:00+05:30,BEAR,NO_SIGNAL,40.0,,MACRO_BEAR|RVOL|ENTRY_TRIGGER,1114.5,1115.8716,42.4,-0.206,0.619,1.05,1117.4704,1127.745,1119.2865,BEAR,1114.5,1119.0334,37.74,-0.456,14.21,False,True,False,False,False,False,False,False
2026-08-27T11:00:25,TRENT,2026-08-27 10:55:00+05:30,BEAR,NO_SIGNAL,40.0,,MACRO_BEAR|RVOL|ENTRY_TRIGGER,2890.5,2899.8267,29.3,-0.431,0.665,1.05,2904.7073,2917.4718,2903.7225,BEAR,2890.5,2908.629,30.85,-0.674,15.03,False,True,False,False,False,False,False,False
2026-08-27T11:00:26,ASIANPAINT,2026-08-27 10:55:00+05:30,BULL,NO_SIGNAL,40.0,,MACRO_BULL|RVOL|ENTRY_TRIGGER,2642.0,2641.1306,51.65,0.472,0.257,1.05,2640.8952,2632.201,2635.3158,BULL,2642.0,2641.5255,51.01,-0.064,19.35,False,False,False,False,False,False,False,False
2026-08-27T11:00:26,ULTRACEMCO,2026-08-27 10:55:00+05:30,BULL,NO_SIGNAL,40.0,,ST_BULL|RVOL|ENTRY_TRIGGER,11716.0,11745.4108,41.68,-0.119,0.518,1.05,11749.0734,11589.3808,11795.4839,BEAR,11716.0,11711.1814,53.76,0.351,33.19,False,True,False,False,False,False,False,True
2026-08-27T11:00:27,HDFCBANK,2026-08-27 10:55:00+05:30,BEAR,NO_SIGNAL,60.0,,RVOL|ENTRY_TRIGGER,718.9,720.967,28.66,-0.181,1.011,1.05,720.2195,725.3865,721.6065,BEAR,718.9,723.8884,27.12,-1.236,31.22,False,True,False,False,False,False,False,False
2026-08-27T11:00:27,RELIANCE,2026-08-27 10:55:00+05:30,BEAR,NO_SIGNAL,60.0,,MACRO_BEAR|ENTRY_TRIGGER,1292.2,1297.879,19.19,-0.707,1.268,1.05,1299.2777,1305.7222,1298.0199,BEAR,1292.2,1301.4947,21.58,-0.89,19.56,False,True,False,False,False,False,False,False
2026-08-27T11:00:28,M&M,2026-08-27 10:55:00+05:30,BEAR,NO_SIGNAL,60.0,,RVOL|ENTRY_TRIGGER,3365.2,3382.16,24.27,-0.479,0.512,1.05,3384.8778,3415.2783,3381.7963,BEAR,3365.2,3400.1698,19.07,-1.657,33.95,False,True,False,False,False,False,False,False
2026-08-27T11:00:28,SUNPHARMA,2026-08-27 10:55:00+05:30,BEAR,NO_SIGNAL,40.0,,MACRO_BEAR|RVOL|ENTRY_TRIGGER,1912.3,1910.2611,54.15,0.273,0.326,1.05,1909.0626,1912.3957,1914.1721,BEAR,1912.3,1911.9689,49.88,-0.193,13.99,False,False,False,False,False,False,False,False
2026-08-27T11:05:20,BEL,2026-08-27 11:00:00+05:30,BULL,NO_SIGNAL,40.0,,MACRO_BULL|RVOL|ENTRY_TRIGGER,410.0,410.1914,48.21,-0.243,0.378,1.05,410.5194,409.1771,408.6985,BULL,410.05,409.7798,52.44,0.098,17.76,False,False,False,False,False,False,False,False
2026-08-27T11:05:20,TATACONSUM,2026-08-27 11:00:00+05:30,BEAR,NO_SIGNAL,60.0,,RVOL|ENTRY_TRIGGER,1041.3,1040.9097,50.09,0.192,0.365,1.05,1041.1999,1050.1115,1043.9993,BEAR,1040.2,1043.401,38.82,-0.067,25.88,False,False,False,False,False,False,False,False
2026-08-27T11:05:21,BAJAJ-AUTO,2026-08-27 11:00:00+05:30,BEAR,NO_SIGNAL,60.0,,RVOL|ENTRY_TRIGGER,11628.0,11659.0648,35.99,-0.129,0.765,1.05,11668.6049,11784.8993,11691.2021,BEAR,11618.0,11718.1243,25.38,-1.451,30.99,False,True,False,False,False,False,False,False
2026-08-27T11:05:21,NESTLEIND,2026-08-27 11:00:00+05:30,BEAR,NO_SIGNAL,40.0,,MACRO_BEAR|RVOL|ENTRY_TRIGGER,1444.6,1447.852,38.11,-0.021,0.2,1.05,1452.6445,1462.9766,1450.6733,BEAR,1444.9,1451.8443,31.66,-0.633,12.58,False,True,False,False,False,False,False,False
2026-08-27T11:05:22,BAJFINANCE,2026-08-27 11:00:00+05:30,BULL,NO_SIGNAL,20.0,,MACRO_BULL|ST_BULL|RVOL|ENTRY_TRIGGER,1087.8,1090.249,38.95,-0.339,0.579,1.05,1096.6741,1086.5708,1093.0245,BEAR,1087.9,1089.2702,48.36,0.083,34.5,False,True,False,False,False,False,False,False
2026-08-27T11:05:22,HINDALCO,2026-08-27 11:00:00+05:30,BEAR,NEAR,80.0,,ENTRY_TRIGGER,1041.25,1044.7865,36.79,-0.435,2.15,1.05,1044.5467,1049.8829,1045.9844,BEAR,1040.15,1047.4326,33.56,-0.943,26.2,False,True,False,False,False,False,False,False
2026-08-27T11:05:23,NTPC,2026-08-27 11:00:00+05:30,BEAR,NO_SIGNAL,60.0,,RVOL|ENTRY_TRIGGER,330.05,331.3378,29.81,-0.437,0.353,1.05,331.2114,337.7861,331.464,BEAR,329.7,334.3114,19.32,-1.919,32.3,False,True,False,False,False,False,False,False
2026-08-27T11:05:24,HDFCLIFE,2026-08-27 11:00:00+05:30,BEAR,NO_SIGNAL,60.0,,RVOL|ENTRY_TRIGGER,551.05,553.893,24.35,-0.479,0.641,1.05,553.787,554.6776,554.0141,BEAR,551.4,555.7233,34.61,-1.536,28.41,False,True,False,False,False,False,False,False
2026-08-27T11:05:24,SBILIFE,2026-08-27 11:00:00+05:30,BULL,NO_SIGNAL,60.0,,RVOL|ENTRY_TRIGGER,1787.9,1787.9275,52.14,0.23,0.253,1.05,1784.8872,1769.9525,1780.9312,BULL,1790.2,1780.8218,62.02,0.902,26.0,False,False,False,False,False,False,False,False
2026-08-27T11:05:25,HINDUNILVR,2026-08-27 11:00:00+05:30,BEAR,SIGNAL,100.0,VWAP_PULLBACK,,2008.6,2011.6465,38.27,-0.124,1.163,1.05,2011.7131,2022.0133,2014.6502,BEAR,2010.1,2018.8918,33.1,-0.687,27.47,False,True,False,True,False,False,False,False
2026-08-27T11:05:25,MARUTI,2026-08-27 11:00:00+05:30,BEAR,NO_SIGNAL,60.0,,RVOL|ENTRY_TRIGGER,13452.0,13459.4621,43.17,0.261,0.282,1.05,13459.5046,13553.7005,13487.7273,BEAR,13449.0,13519.9624,31.93,-1.03,24.03,False,False,False,False,False,False,False,False
2026-08-27T11:05:26,ITC,2026-08-27 11:00:00+05:30,BEAR,NO_SIGNAL,60.0,,RVOL|ENTRY_TRIGGER,269.2,269.5852,35.92,-0.13,0.375,1.05,269.9022,270.1065,269.9529,BEAR,269.0,270.3711,33.56,-0.775,30.53,False,True,False,False,False,False,False,False
2026-08-27T11:05:26,TMPV,2026-08-27 11:00:00+05:30,BEAR,NO_SIGNAL,40.0,,BELOW_WVWAP|RVOL|ENTRY_TRIGGER,314.85,314.9582,47.82,0.0,0.316,1.05,315.1786,314.3131,316.444,BEAR,314.65,314.9787,47.16,-0.143,26.38,False,False,False,False,False,False,False,False
2026-08-27T11:05:27,ADANIPORTS,2026-08-27 11:00:00+05:30,BULL,NO_SIGNAL,40.0,,MACRO_BULL|RVOL|ENTRY_TRIGGER,1696.7,1695.81,52.26,-0.024,0.695,1.05,1696.7827,1691.3145,1690.3632,BULL,1694.1,1695.202,48.22,-0.124,34.33,False,False,False,False,False,False,False,False
2026-08-27T11:05:27,DRREDDY,2026-08-27 11:00:00+05:30,BULL,NO_SIGNAL,20.0,,MACRO_BULL|ABOVE_WVWAP|RVOL|ENTRY_TRIGGER,1185.1,1184.2666,52.48,0.552,0.29,1.05,1182.2518,1186.4739,1179.2982,BULL,1184.9,1185.2935,48.9,-0.311,13.11,False,False,False,False,False,False,False,False
2026-08-27T11:05:28,WIPRO,2026-08-27 11:00:00+05:30,BEAR,NO_SIGNAL,40.0,,MACRO_BEAR|RVOL|ENTRY_TRIGGER,176.96,177.1112,41.81,-0.073,0.559,1.05,177.3916,179.8427,177.37,BEAR,176.95,177.5936,34.79,0.011,21.91,False,True,False,False,False,False,False,False
2026-08-27T11:05:28,ONGC,2026-08-27 11:00:00+05:30,BULL,NO_SIGNAL,60.0,,ABOVE_WVWAP|ENTRY_TRIGGER,233.65,232.6503,66.9,0.607,4.355,1.05,232.9986,234.4453,232.1621,BULL,233.15,232.8068,52.84,0.034,28.8,True,False,False,False,False,False,False,False
2026-08-27T11:05:29,SBIN,2026-08-27 11:00:00+05:30,BEAR,NO_SIGNAL,40.0,,BELOW_WVWAP|RVOL|ENTRY_TRIGGER,1046.7,1048.053,36.03,-0.038,0.519,1.05,1048.6562,1042.9333,1049.631,BEAR,1046.6,1050.8245,34.5,-0.768,28.54,False,True,False,False,False,False,False,False
2026-08-27T11:05:29,EICHERMOT,2026-08-27 11:00:00+05:30,BEAR,NO_SIGNAL,60.0,,RVOL|ENTRY_TRIGGER,8036.0,8038.8427,47.54,0.4,0.247,1.05,8026.7217,8042.3386,8069.5879,BEAR,8043.5,8051.4999,47.22,-0.556,38.84,False,False,False,False,False,False,False,False
2026-08-27T11:05:30,COALINDIA,2026-08-27 11:00:00+05:30,BEAR,NO_SIGNAL,40.0,,MACRO_BEAR|RVOL|ENTRY_TRIGGER,401.8,401.5732,49.57,-0.025,0.608,1.05,402.1141,404.117,402.0013,BEAR,401.3,402.6163,37.79,-0.914,17.9,False,False,False,False,False,False,False,False
2026-08-27T11:05:30,BAJAJFINSV,2026-08-27 11:00:00+05:30,BEAR,NO_SIGNAL,40.0,,MACRO_BEAR|RVOL|ENTRY_TRIGGER,2005.8,2009.5789,37.57,-0.224,0.685,1.05,2013.2605,2008.2655,2015.0153,BEAR,2005.9,2010.5725,42.47,-0.134,12.98,False,True,False,False,False,False,False,False
2026-08-27T11:05:31,MAXHEALTH,2026-08-27 11:00:00+05:30,BEAR,NO_SIGNAL,40.0,,BELOW_WVWAP|RVOL|ENTRY_TRIGGER,1001.2,1004.9108,29.23,-0.338,0.394,1.05,1005.4217,1000.3101,1006.8636,BEAR,1002.0,1009.4275,35.29,-1.417,34.23,False,True,False,False,False,False,False,False
2026-08-27T11:05:31,KOTAKBANK,2026-08-27 11:00:00+05:30,BULL,NO_SIGNAL,60.0,VWAP_PULLBACK,RVOL|ENTRY_TRIGGER,424.5,423.6089,60.78,-0.434,0.679,1.05,423.0774,410.3034,421.7178,BULL,423.85,418.8059,72.65,2.01,66.81,False,False,True,False,False,False,False,False
2026-08-27T11:05:32,APOLLOHOSP,2026-08-27 11:00:00+05:30,BULL,NO_SIGNAL,40.0,VWAP_PULLBACK,MACRO_BULL|ST_BULL|ENTRY_TRIGGER,8797.5,8784.5369,54.99,0.314,4.872,1.05,8790.7061,8724.4313,8808.6043,BEAR,8791.0,8789.3741,51.2,-0.102,41.02,False,False,True,False,False,False,False,False
2026-08-27T11:05:32,CIPLA,2026-08-27 11:00:00+05:30,BEAR,NO_SIGNAL,60.0,,RVOL|ENTRY_TRIGGER,1404.9,1405.7231,45.34,0.064,0.262,1.05,1406.2933,1420.161,1410.0739,BEAR,1404.4,1408.4917,39.84,-0.468,30.24,False,False,False,False,False,False,False,False
2026-08-27T11:05:33,JSWSTEEL,2026-08-27 11:00:00+05:30,BULL,NO_SIGNAL,60.0,,RVOL|ENTRY_TRIGGER,1339.5,1338.6492,54.72,-0.067,0.524,1.05,1340.6961,1319.8174,1332.9063,BULL,1339.0,1332.1686,71.95,1.034,57.91,False,False,False,False,False,False,False,False
2026-08-27T11:05:34,HCLTECH,2026-08-27 11:00:00+05:30,BEAR,NEAR,80.0,,ENTRY_TRIGGER,1285.5,1286.2947,42.3,0.296,1.624,1.05,1287.8523,1306.7266,1289.8694,BEAR,1285.9,1293.0914,32.85,-0.909,28.63,False,False,False,False,False,False,False,False
2026-08-27T11:05:34,TCS,2026-08-27 11:00:00+05:30,BEAR,NO_SIGNAL,40.0,,MACRO_BEAR|RVOL|ENTRY_TRIGGER,2251.5,2254.1264,37.58,-0.062,0.533,1.05,2257.2979,2281.556,2257.3412,BEAR,2249.8,2263.4951,27.84,-0.851,13.78,False,True,False,False,False,False,False,False
2026-08-27T11:05:35,INDIGO,2026-08-27 11:00:00+05:30,BEAR,NO_SIGNAL,40.0,,BELOW_WVWAP|RVOL|ENTRY_TRIGGER,5213.0,5217.7906,41.24,0.134,0.248,1.05,5215.7673,5175.3755,5230.1568,BEAR,5214.0,5227.1489,45.4,-0.695,27.36,False,False,False,False,False,False,False,False
2026-08-27T11:05:35,BHARTIARTL,2026-08-27 11:00:00+05:30,BEAR,NEAR,80.0,VWAP_PULLBACK,RVOL,1898.8,1902.8296,36.83,-0.168,0.811,1.05,1901.0321,1925.2563,1906.5437,BEAR,1900.3,1909.6819,31.5,-0.638,37.22,False,True,False,True,False,True,False,True
2026-08-27T11:05:36,ETERNAL,2026-08-27 11:00:00+05:30,BEAR,NO_SIGNAL,40.0,,MACRO_BEAR|RVOL|ENTRY_TRIGGER,328.0,327.0384,59.47,0.583,0.943,1.05,327.4889,328.1643,328.589,BEAR,327.85,327.0902,54.01,0.676,21.02,True,False,False,False,False,False,False,False
2026-08-27T11:05:36,LT,2026-08-27 11:00:00+05:30,BEAR,NO_SIGNAL,60.0,,RVOL|ENTRY_TRIGGER,4032.4,4040.4327,36.75,-0.205,0.893,1.05,4042.4645,4082.7832,4049.3433,BEAR,4030.9,4052.2533,28.84,-0.643,32.26,False,True,False,False,False,False,False,False
2026-08-27T11:05:37,SHRIRAMFIN,2026-08-27 11:00:00+05:30,BEAR,NO_SIGNAL,60.0,,RVOL|ENTRY_TRIGGER,1093.6,1100.6238,27.07,-0.374,0.879,1.05,1102.8168,1119.0798,1100.9698,BEAR,1093.9,1110.0586,28.49,-2.086,32.1,False,True,False,False,False,False,False,False
2026-08-27T11:05:37,GRASIM,2026-08-27 11:00:00+05:30,BULL,NO_SIGNAL,40.0,,MACRO_BULL|RVOL|ENTRY_TRIGGER,3281.3,3285.1249,44.09,-0.295,0.564,1.05,3285.4692,3275.8569,3274.1812,BULL,3281.0,3283.0977,49.81,0.14,33.93,False,True,False,False,False,False,False,False
2026-08-27T11:05:38,AXISBANK,2026-08-27 11:00:00+05:30,BULL,NO_SIGNAL,60.0,,RVOL|ENTRY_TRIGGER,1256.6,1258.7076,42.51,-0.341,0.612,1.05,1258.8054,1243.8321,1253.7598,BULL,1259.0,1255.2985,64.1,0.327,47.34,False,True,False,False,False,False,False,True
2026-08-27T11:05:38,POWERGRID,2026-08-27 11:00:00+05:30,BEAR,NEAR,80.0,,ENTRY_TRIGGER,263.1,263.4483,37.54,0.095,1.32,1.05,263.5821,268.6929,263.8547,BEAR,262.65,265.4121,17.65,-1.592,40.29,False,False,False,False,False,False,False,False
2026-08-27T11:05:39,ADANIENT,2026-08-27 11:00:00+05:30,BULL,NO_SIGNAL,60.0,,RVOL|ENTRY_TRIGGER,3142.5,3143.2909,49.96,-0.286,0.391,1.05,3144.906,3078.5206,3126.217,BULL,3138.1,3132.9747,59.34,0.131,50.48,False,False,False,False,False,False,False,False
2026-08-27T11:05:39,TECHM,2026-08-27 11:00:00+05:30,BULL,NO_SIGNAL,60.0,,RVOL|ENTRY_TRIGGER,1595.0,1589.1194,68.77,0.675,0.612,1.05,1589.1422,1582.7674,1585.5425,BULL,1593.9,1581.4368,67.87,1.704,31.15,True,False,False,False,False,False,False,False
2026-08-27T11:05:40,ICICIBANK,2026-08-27 11:00:00+05:30,BULL,SIGNAL,100.0,VWAP_PULLBACK,,1442.2,1440.5494,59.14,0.236,1.104,1.05,1440.0675,1425.1157,1436.2408,BULL,1441.7,1437.8049,66.12,0.327,27.63,True,False,True,False,False,False,False,False
2026-08-27T11:05:40,JIOFIN,2026-08-27 11:00:00+05:30,BEAR,NO_SIGNAL,60.0,,RVOL|ENTRY_TRIGGER,239.55,240.3399,22.31,-0.478,0.833,1.05,240.675,242.2738,240.3181,BEAR,239.45,241.3834,21.65,-1.033,26.44,False,True,False,False,False,False,False,False
2026-08-27T11:05:41,TATASTEEL,2026-08-27 11:00:00+05:30,BULL,NO_SIGNAL,60.0,,RVOL|ENTRY_TRIGGER,187.94,188.0835,48.98,-0.281,0.562,1.05,188.8071,185.9399,187.3843,BULL,187.63,187.1886,56.2,0.86,36.13,False,False,False,False,False,False,False,False
2026-08-27T11:05:41,TITAN,2026-08-27 11:00:00+05:30,BULL,NO_SIGNAL,40.0,,ST_BULL|RVOL|ENTRY_TRIGGER,5116.7,5107.1154,59.93,0.428,0.186,1.05,5099.2804,5092.0446,5120.8815,BEAR,5118.0,5101.3609,59.94,0.392,23.92,True,False,False,False,False,False,False,False
2026-08-27T11:05:42,INFY,2026-08-27 11:00:00+05:30,BEAR,NO_SIGNAL,40.0,,MACRO_BEAR|RVOL|ENTRY_TRIGGER,1114.9,1115.7832,44.01,-0.259,0.511,1.05,1117.4052,1127.7205,1119.2865,BEAR,1114.5,1119.0334,37.74,-0.456,14.21,False,True,False,False,False,False,False,False
2026-08-27T11:05:42,TRENT,2026-08-27 11:00:00+05:30,BEAR,NO_SIGNAL,40.0,,MACRO_BEAR|RVOL|ENTRY_TRIGGER,2891.2,2899.0424,31.07,-0.454,0.689,1.05,2904.2819,2917.4231,2903.7225,BEAR,2890.5,2908.629,30.85,-0.674,15.03,False,True,False,False,False,False,False,False
2026-08-27T11:05:43,ASIANPAINT,2026-08-27 11:00:00+05:30,BULL,NO_SIGNAL,40.0,VWAP_PULLBACK,MACRO_BULL|RVOL|ENTRY_TRIGGER,2642.3,2641.2369,52.13,0.468,0.335,1.05,2640.9094,2632.2163,2635.3158,BULL,2642.0,2641.5255,51.01,-0.064,19.35,False,False,True,False,False,False,False,False
2026-08-27T11:05:43,ULTRACEMCO,2026-08-27 11:00:00+05:30,BULL,NO_SIGNAL,40.0,,ST_BULL|RVOL|ENTRY_TRIGGER,11720.0,11743.1007,43.13,-0.661,0.459,1.05,11748.4499,11589.5494,11782.129,BEAR,11716.0,11711.1814,53.76,0.351,33.19,False,True,False,False,False,False,False,False
2026-08-27T11:05:44,HDFCBANK,2026-08-27 11:00:00+05:30,BEAR,NO_SIGNAL,60.0,,RVOL|ENTRY_TRIGGER,719.2,720.8064,31.88,-0.167,0.471,1.05,720.1965,725.3611,721.6065,BEAR,718.9,723.8884,27.12,-1.236,31.22,False,True,False,False,False,False,False,False
2026-08-27T11:05:45,RELIANCE,2026-08-27 11:00:00+05:30,BEAR,NO_SIGNAL,60.0,,MACRO_BEAR|ENTRY_TRIGGER,1291.4,1297.29,17.85,-0.684,1.795,1.05,1298.7274,1305.6214,1296.4956,BEAR,1292.2,1301.4947,21.58,-0.89,19.56,False,True,False,False,False,False,False,False
2026-08-27T11:05:45,M&M,2026-08-27 11:00:00+05:30,BEAR,NO_SIGNAL,60.0,,RVOL|ENTRY_TRIGGER,3365.5,3380.6455,24.82,-0.376,0.446,1.05,3384.5612,3415.1617,3381.7963,BEAR,3365.2,3400.1698,19.07,-1.657,33.95,False,True,False,False,False,False,False,False
2026-08-27T11:05:46,SUNPHARMA,2026-08-27 11:00:00+05:30,BEAR,NO_SIGNAL,40.0,,MACRO_BEAR|RVOL|ENTRY_TRIGGER,1910.5,1910.2828,50.16,0.378,0.258,1.05,1909.0802,1912.3948,1914.1721,BEAR,1912.3,1911.9689,49.88,-0.193,13.99,False,False,False,False,False,False,False,False
2026-08-27T11:10:06,BEL,2026-08-27 11:05:00+05:30,BULL,NO_SIGNAL,40.0,,MACRO_BULL|RVOL|ENTRY_TRIGGER,410.05,410.1786,48.86,-0.195,0.345,1.05,410.5141,409.1785,408.8291,BULL,410.05,409.7798,52.44,0.098,17.76,False,False,False,False,False,False,False,False
2026-08-27T11:10:07,TATACONSUM,2026-08-27 11:05:00+05:30,BEAR,NO_SIGNAL,60.0,VWAP_PULLBACK,RVOL|ENTRY_TRIGGER,1040.5,1040.8724,46.63,0.077,0.639,1.05,1041.1903,1050.0872,1043.9993,BEAR,1040.2,1043.401,38.82,-0.067,25.88,False,False,False,True,False,False,False,False
2026-08-27T11:10:07,BAJAJ-AUTO,2026-08-27 11:05:00+05:30,BEAR,NEAR,80.0,,ENTRY_TRIGGER,11638.0,11657.1498,39.9,0.026,1.579,1.05,11666.8613,11783.8052,11691.2021,BEAR,11618.0,11718.1243,25.38,-1.451,30.99,False,False,False,False,False,False,False,False
2026-08-27T11:10:08,NESTLEIND,2026-08-27 11:05:00+05:30,BEAR,NO_SIGNAL,40.0,,MACRO_BEAR|RVOL|ENTRY_TRIGGER,1444.8,1447.5746,38.83,-0.166,0.532,1.05,1452.5218,1462.9555,1450.4057,BEAR,1444.9,1451.8443,31.66,-0.633,12.58,False,True,False,False,False,False,False,False
2026-08-27T11:10:09,BAJFINANCE,2026-08-27 11:05:00+05:30,BULL,NO_SIGNAL,20.0,,MACRO_BULL|ST_BULL|RVOL|ENTRY_TRIGGER,1088.7,1090.1081,43.39,-0.22,0.278,1.05,1096.6102,1086.5739,1093.0245,BEAR,1087.9,1089.2702,48.36,0.083,34.5,False,True,False,False,False,False,False,False
2026-08-27T11:10:09,HINDALCO,2026-08-27 11:05:00+05:30,BEAR,NO_SIGNAL,60.0,,RVOL|ENTRY_TRIGGER,1042.55,1044.5832,41.42,-0.363,0.749,1.05,1044.4726,1049.8597,1045.9844,BEAR,1040.15,1047.4326,33.56,-0.943,26.2,False,True,False,False,False,False,False,False
2026-08-27T11:10:10,NTPC,2026-08-27 11:05:00+05:30,BEAR,NEAR,80.0,,ENTRY_TRIGGER,330.15,331.2299,31.29,-0.272,5.103,1.05,331.0219,337.5285,331.464,BEAR,329.7,334.3114,19.32,-1.919,32.3,False,True,False,False,False,False,False,False
2026-08-27T11:10:10,HDFCLIFE,2026-08-27 11:05:00+05:30,BEAR,NEAR,80.0,,ENTRY_TRIGGER,552.05,553.7254,34.3,-0.487,2.754,1.05,553.5873,554.659,554.0141,BEAR,551.4,555.7233,34.61,-1.536,28.41,False,True,False,False,False,False,False,False
2026-08-27T11:10:11,SBILIFE,2026-08-27 11:05:00+05:30,BULL,NO_SIGNAL,60.0,VWAP_PULLBACK,RVOL|ENTRY_TRIGGER,1788.9,1788.0159,53.53,-0.356,0.292,1.05,1784.9331,1769.9798,1780.9312,BULL,1790.2,1780.8218,62.02,0.902,26.0,False,False,True,False,False,False,False,False
2026-08-27T11:10:11,HINDUNILVR,2026-08-27 11:05:00+05:30,BEAR,NO_SIGNAL,60.0,,RVOL|ENTRY_TRIGGER,2008.9,2011.3968,39.2,-0.05,0.432,1.05,2011.6588,2021.9861,2014.6502,BEAR,2010.1,2018.8918,33.1,-0.687,27.47,False,True,False,False,False,False,False,False
2026-08-27T11:10:12,MARUTI,2026-08-27 11:05:00+05:30,BEAR,NO_SIGNAL,60.0,VWAP_PULLBACK,RVOL|ENTRY_TRIGGER,13450.0,13458.6019,42.55,0.253,0.316,1.05,13459.4011,13553.5713,13487.7273,BEAR,13449.0,13519.9624,31.93,-1.03,24.03,False,False,False,True,False,False,False,False
2026-08-27T11:10:12,ITC,2026-08-27 11:05:00+05:30,BEAR,NEAR,80.0,,ENTRY_TRIGGER,269.15,269.5456,35.05,-0.241,2.082,1.05,269.844,270.1002,269.9529,BEAR,269.0,270.3711,33.56,-0.775,30.53,False,True,False,False,False,False,False,False
2026-08-27T11:10:13,TMPV,2026-08-27 11:05:00+05:30,BEAR,NO_SIGNAL,40.0,,BELOW_WVWAP|RVOL|ENTRY_TRIGGER,314.7,314.9347,45.7,-0.127,0.382,1.05,315.1733,314.3136,316.3199,BEAR,314.65,314.9787,47.16,-0.143,26.38,False,False,False,False,False,False,False,False
2026-08-27T11:10:13,ADANIPORTS,2026-08-27 11:05:00+05:30,BULL,NO_SIGNAL,40.0,VWAP_PULLBACK,MACRO_BULL|RVOL|ENTRY_TRIGGER,1697.3,1695.9455,53.87,0.059,0.619,1.05,1696.7865,1691.3313,1690.3632,BULL,1694.1,1695.202,48.22,-0.124,34.33,False,False,True,False,False,False,False,False
2026-08-27T11:10:14,DRREDDY,2026-08-27 11:05:00+05:30,BULL,NO_SIGNAL,20.0,,MACRO_BULL|ABOVE_WVWAP|RVOL|ENTRY_TRIGGER,1185.5,1184.3788,53.87,0.568,0.311,1.05,1182.2923,1186.4733,1180.0277,BULL,1184.9,1185.2935,48.9,-0.311,13.11,False,False,False,False,False,False,False,False
2026-08-27T11:10:14,WIPRO,2026-08-27 11:05:00+05:30,BEAR,NO_SIGNAL,40.0,,MACRO_BEAR|RVOL|ENTRY_TRIGGER,176.9,177.092,40.01,-0.226,0.745,1.05,177.3798,179.8382,177.37,BEAR,176.95,177.5936,34.79,0.011,21.91,False,True,False,False,False,False,False,False
2026-08-27T11:10:15,ONGC,2026-08-27 11:05:00+05:30,BULL,NO_SIGNAL,40.0,,ABOVE_WVWAP|RVOL|ENTRY_TRIGGER,233.84,232.7585,68.94,0.633,0.434,1.05,233.0113,234.444,232.4196,BULL,233.15,232.8068,52.84,0.034,28.8,True,False,False,False,False,False,False,False
2026-08-27T11:10:15,SBIN,2026-08-27 11:05:00+05:30,BEAR,NO_SIGNAL,40.0,,BELOW_WVWAP|RVOL|ENTRY_TRIGGER,1046.8,1047.9391,36.88,-0.038,0.753,1.05,1048.6089,1042.9389,1049.631,BEAR,1046.6,1050.8245,34.5,-0.768,28.54,False,True,False,False,False,False,False,False
2026-08-27T11:10:16,EICHERMOT,2026-08-27 11:05:00+05:30,BEAR,NO_SIGNAL,60.0,,BELOW_WVWAP|ENTRY_TRIGGER,8044.0,8039.3115,50.88,0.381,1.358,1.05,8027.3827,8042.3248,8069.5879,BEAR,8043.5,8051.4999,47.22,-0.556,38.84,False,False,True,False,False,False,False,False
2026-08-27T11:10:16,COALINDIA,2026-08-27 11:05:00+05:30,BULL,NO_SIGNAL,20.0,,MACRO_BULL|ABOVE_WVWAP|RVOL|ENTRY_TRIGGER,402.1,401.6211,53.47,0.262,0.517,1.05,402.1107,404.1152,400.2924,BULL,401.3,402.6163,37.79,-0.914,17.9,False,False,False,False,False,False,False,False
2026-08-27T11:10:17,BAJAJFINSV,2026-08-27 11:05:00+05:30,BEAR,NO_SIGNAL,40.0,,MACRO_BEAR|RVOL|ENTRY_TRIGGER,2007.5,2009.3899,43.12,-0.139,0.418,1.05,2013.1686,2008.2644,2015.0153,BEAR,2005.9,2010.5725,42.47,-0.134,12.98,False,True,False,False,False,False,False,False
2026-08-27T11:10:17,MAXHEALTH,2026-08-27 11:05:00+05:30,BEAR,NO_SIGNAL,40.0,,BELOW_WVWAP|RVOL|ENTRY_TRIGGER,1001.6,1004.6098,31.59,-0.289,0.668,1.05,1005.3361,1000.3113,1006.811,BEAR,1002.0,1009.4275,35.29,-1.417,34.23,False,True,False,False,False,False,False,False
2026-08-27T11:10:18,KOTAKBANK,2026-08-27 11:05:00+05:30,BULL,NO_SIGNAL,60.0,,RVOL|ENTRY_TRIGGER,424.65,423.7035,61.55,-0.106,0.232,1.05,423.0913,410.333,421.7178,BULL,423.85,418.8059,72.65,2.01,66.81,False,False,False,False,False,False,False,False
2026-08-27T11:10:18,APOLLOHOSP,2026-08-27 11:05:00+05:30,BULL,NO_SIGNAL,20.0,,MACRO_BULL|ST_BULL|RVOL|ENTRY_TRIGGER,8795.5,8785.5336,54.05,0.359,0.321,1.05,8790.7638,8724.5348,8808.6043,BEAR,8791.0,8789.3741,51.2,-0.102,41.02,False,False,False,False,False,False,False,False
2026-08-27T11:10:19,CIPLA,2026-08-27 11:05:00+05:30,BEAR,NO_SIGNAL,60.0,,RVOL|ENTRY_TRIGGER,1405.5,1405.7028,47.54,0.114,0.462,1.05,1406.28,1420.1473,1410.0739,BEAR,1404.4,1408.4917,39.84,-0.468,30.24,False,False,False,False,False,False,False,False
2026-08-27T11:10:20,JSWSTEEL,2026-08-27 11:05:00+05:30,BULL,SIGNAL,100.0,VWAP_PULLBACK,,1341.8,1338.9356,60.09,0.104,2.34,1.05,1340.7245,1320.0148,1333.7697,BULL,1339.0,1332.1686,71.95,1.034,57.91,True,False,True,False,True,False,True,False
2026-08-27T11:10:20,HCLTECH,2026-08-27 11:05:00+05:30,BEAR,NEAR,80.0,,ENTRY_TRIGGER,1286.8,1286.3406,47.53,0.171,2.271,1.05,1287.7809,1306.5451,1289.8694,BEAR,1285.9,1293.0914,32.85,-0.909,28.63,False,False,False,False,False,False,False,False
2026-08-27T11:10:21,TCS,2026-08-27 11:05:00+05:30,BEAR,NO_SIGNAL,40.0,,MACRO_BEAR|RVOL|ENTRY_TRIGGER,2252.2,2253.9513,39.91,-0.142,1.009,1.05,2257.1019,2281.4457,2257.3412,BEAR,2249.8,2263.4951,27.84,-0.851,13.78,False,True,False,False,False,False,False,False
2026-08-27T11:10:21,INDIGO,2026-08-27 11:05:00+05:30,BEAR,NO_SIGNAL,40.0,,BELOW_WVWAP|RVOL|ENTRY_TRIGGER,5214.5,5217.4914,43.15,0.154,0.449,1.05,5215.7589,5175.4315,5230.1568,BEAR,5214.0,5227.1489,45.4,-0.695,27.36,False,False,False,False,False,False,False,False
2026-08-27T11:10:22,BHARTIARTL,2026-08-27 11:05:00+05:30,BEAR,NEAR,80.0,VWAP_PULLBACK,RVOL,1896.6,1902.2633,33.01,-0.279,0.835,1.05,1900.9191,1925.092,1906.0722,BEAR,1900.3,1909.6819,31.5,-0.638,37.22,False,True,False,True,False,True,False,False
2026-08-27T11:10:22,ETERNAL,2026-08-27 11:05:00+05:30,BEAR,NO_SIGNAL,40.0,VWAP_PULLBACK,MACRO_BEAR|RVOL|ENTRY_TRIGGER,327.45,327.0758,53.88,0.599,0.856,1.05,327.4924,328.1623,328.589,BEAR,327.85,327.0902,54.01,0.676,21.02,False,False,False,True,False,False,False,False
2026-08-27T11:10:23,LT,2026-08-27 11:05:00+05:30,BEAR,NO_SIGNAL,60.0,,RVOL|ENTRY_TRIGGER,4034.9,4039.9297,40.67,-0.074,0.393,1.05,4042.355,4082.7422,4049.3433,BEAR,4030.9,4052.2533,28.84,-0.643,32.26,False,True,False,False,False,False,False,False
2026-08-27T11:10:23,SHRIRAMFIN,2026-08-27 11:05:00+05:30,BEAR,NEAR,80.0,,ENTRY_TRIGGER,1097.2,1100.3125,38.44,-0.318,1.514,1.05,1102.449,1118.853,1100.9698,BEAR,1093.9,1110.0586,28.49,-2.086,32.1,False,True,False,False,False,False,False,False
2026-08-27T11:10:24,GRASIM,2026-08-27 11:05:00+05:30,BULL,NEAR,80.0,VWAP_PULLBACK,MACRO_BULL,3291.1,3285.6681,56.95,0.17,1.71,1.05,3285.6865,3275.9003,3274.1812,BULL,3281.0,3283.0977,49.81,0.14,33.93,True,False,True,False,True,False,True,False
2026-08-27T11:10:24,AXISBANK,2026-08-27 11:05:00+05:30,BULL,NO_SIGNAL,60.0,,RVOL|ENTRY_TRIGGER,1258.3,1258.6706,49.94,-0.182,0.467,1.05,1258.7839,1243.8879,1253.7598,BULL,1259.0,1255.2985,64.1,0.327,47.34,False,False,False,False,False,False,False,False
2026-08-27T11:10:25,POWERGRID,2026-08-27 11:05:00+05:30,BEAR,NO_SIGNAL,60.0,,RVOL|ENTRY_TRIGGER,263.55,263.4575,46.14,0.324,1.021,1.05,263.575,268.6671,263.8547,BEAR,262.65,265.4121,17.65,-1.592,40.29,False,False,False,False,False,False,False,False
2026-08-27T11:10:25,ADANIENT,2026-08-27 11:05:00+05:30,BULL,NO_SIGNAL,60.0,VWAP_PULLBACK,RVOL|ENTRY_TRIGGER,3144.9,3143.4372,52.14,-0.019,0.327,1.05,3144.8877,3078.6114,3126.217,BULL,3138.1,3132.9747,59.34,0.131,50.48,False,False,True,False,False,False,False,False
2026-08-27T11:10:26,TECHM,2026-08-27 11:05:00+05:30,BULL,SIGNAL,100.0,BREAKOUT_CONTINUATION,,1597.8,1589.9086,72.54,0.472,1.072,1.05,1589.4672,1582.8432,1587.4793,BULL,1593.9,1581.4368,67.87,1.704,31.15,True,False,False,False,True,False,False,False
2026-08-27T11:10:26,ICICIBANK,2026-08-27 11:05:00+05:30,BULL,NO_SIGNAL,60.0,,RVOL|ENTRY_TRIGGER,1440.8,1440.5721,52.72,-0.083,0.947,1.05,1440.1044,1425.177,1436.2408,BULL,1441.7,1437.8049,66.12,0.327,27.63,False,False,False,False,False,False,False,False
2026-08-27T11:10:27,JIOFIN,2026-08-27 11:05:00+05:30,BEAR,NO_SIGNAL,60.0,,RVOL|ENTRY_TRIGGER,239.65,240.2772,26.29,-0.312,0.427,1.05,240.6573,242.2681,240.3181,BEAR,239.45,241.3834,21.65,-1.033,26.44,False,True,False,False,False,False,False,False
2026-08-27T11:10:27,TATASTEEL,2026-08-27 11:05:00+05:30,BULL,SIGNAL,100.0,BREAKOUT_CONTINUATION,,188.5,188.1214,56.04,0.085,2.373,1.05,188.7589,185.9713,187.3843,BULL,187.63,187.1886,56.2,0.86,36.13,True,False,False,False,True,False,True,False
2026-08-27T11:10:28,TITAN,2026-08-27 11:05:00+05:30,BULL,NO_SIGNAL,40.0,,ST_BULL|RVOL|ENTRY_TRIGGER,5120.0,5108.2867,62.16,0.422,0.169,1.05,5099.4206,5092.1092,5120.8815,BEAR,5118.0,5101.3609,59.94,0.392,23.92,True,False,False,False,False,False,False,False
2026-08-27T11:10:29,INFY,2026-08-27 11:05:00+05:30,BEAR,NO_SIGNAL,40.0,,MACRO_BEAR|RVOL|ENTRY_TRIGGER,1115.0,1115.712,44.42,-0.34,0.543,1.05,1117.3534,1127.6972,1119.2865,BEAR,1114.5,1119.0334,37.74,-0.456,14.21,False,True,False,False,False,False,False,False
2026-08-27T11:10:29,TRENT,2026-08-27 11:05:00+05:30,BEAR,NO_SIGNAL,40.0,,MACRO_BEAR|RVOL|ENTRY_TRIGGER,2891.4,2898.3477,31.6,-0.403,0.406,1.05,2904.0503,2917.3954,2903.188,BEAR,2890.5,2908.629,30.85,-0.674,15.03,False,True,False,False,False,False,False,False
2026-08-27T11:10:30,ASIANPAINT,2026-08-27 11:05:00+05:30,BULL,NO_SIGNAL,60.0,VWAP_PULLBACK,MACRO_BULL|RVOL,2645.4,2641.6154,56.81,0.44,0.61,1.05,2641.0086,2632.2519,2635.3158,BULL,2642.0,2641.5255,51.01,-0.064,19.35,True,False,True,False,False,False,False,False
2026-08-27T11:10:30,ULTRACEMCO,2026-08-27 11:05:00+05:30,BULL,NO_SIGNAL,60.0,,ST_BULL|ENTRY_TRIGGER,11741.0,11742.9098,50.12,-0.492,1.059,1.05,11748.0049,11589.9793,11782.129,BEAR,11716.0,11711.1814,53.76,0.351,33.19,False,False,False,False,False,False,False,False
2026-08-27T11:10:31,HDFCBANK,2026-08-27 11:05:00+05:30,BEAR,NEAR,80.0,VWAP_PULLBACK,RVOL,718.85,720.6285,30.17,-0.284,0.353,1.05,720.1812,725.3446,721.6065,BEAR,718.9,723.8884,27.12,-1.236,31.22,False,True,False,True,False,False,False,False
2026-08-27T11:10:31,RELIANCE,2026-08-27 11:05:00+05:30,BEAR,NO_SIGNAL,60.0,,MACRO_BEAR|ENTRY_TRIGGER,1290.5,1296.6727,16.45,-0.693,1.079,1.05,1298.4001,1305.5567,1296.3605,BEAR,1292.2,1301.4947,21.58,-0.89,19.56,False,True,False,False,False,False,False,False
2026-08-27T11:10:32,M&M,2026-08-27 11:05:00+05:30,BEAR,NO_SIGNAL,60.0,,RVOL|ENTRY_TRIGGER,3363.0,3379.0413,23.3,-0.379,0.546,1.05,3384.1632,3415.0228,3379.1391,BEAR,3365.2,3400.1698,19.07,-1.657,33.95,False,True,False,False,False,False,False,False
2026-08-27T11:10:32,SUNPHARMA,2026-08-27 11:05:00+05:30,BEAR,NO_SIGNAL,40.0,,MACRO_BEAR|RVOL|ENTRY_TRIGGER,1910.5,1910.3025,50.16,0.5,0.534,1.05,1909.1033,1912.392,1914.1721,BEAR,1912.3,1911.9689,49.88,-0.193,13.99,False,False,False,False,False,False,False,False
2026-08-27T11:15:07,BEL,2026-08-27 11:10:00+05:30,BULL,NO_SIGNAL,60.0,,MACRO_BULL|ENTRY_TRIGGER,410.1,410.1714,49.54,-0.085,1.097,1.05,410.4953,409.1821,408.8291,BULL,410.1,409.8089,52.76,0.195,17.96,False,False,False,False,False,False,False,False
2026-08-27T11:15:08,TATACONSUM,2026-08-27 11:10:00+05:30,BEAR,NO_SIGNAL,60.0,VWAP_PULLBACK,RVOL|ENTRY_TRIGGER,1040.3,1040.8204,45.77,0.0,0.439,1.05,1041.1769,1050.0706,1043.9993,BEAR,1040.3,1043.1191,39.15,-0.211,26.18,False,False,False,True,False,False,False,False
2026-08-27T11:15:08,BAJAJ-AUTO,2026-08-27 11:10:00+05:30,BEAR,NO_SIGNAL,60.0,,RVOL|ENTRY_TRIGGER,11642.0,11655.7726,41.44,-0.069,0.766,1.05,11666.1337,11783.2837,11691.2021,BEAR,11642.0,11711.2039,32.36,-1.306,31.4,False,True,False,False,False,False,False,False
2026-08-27T11:15:09,NESTLEIND,2026-08-27 11:10:00+05:30,BEAR,NO_SIGNAL,40.0,,MACRO_BEAR|RVOL|ENTRY_TRIGGER,1445.4,1447.3769,41.04,-0.007,0.806,1.05,1452.3546,1462.9252,1450.4057,BEAR,1445.4,1451.2585,33.13,-0.612,12.21,False,True,False,False,False,False,False,False
2026-08-27T11:15:09,BAJFINANCE,2026-08-27 11:10:00+05:30,BULL,NO_SIGNAL,20.0,,MACRO_BULL|ST_BULL|RVOL|ENTRY_TRIGGER,1089.1,1090.0165,45.29,-0.211,0.245,1.05,1096.5688,1086.5764,1093.0245,BEAR,1089.1,1089.2548,50.84,0.129,34.01,False,False,False,False,False,False,False,False
2026-08-27T11:15:10,HINDALCO,2026-08-27 11:10:00+05:30,BEAR,NEAR,80.0,VWAP_PULLBACK,RVOL,1040.85,1044.2438,37.55,-0.459,0.61,1.05,1044.4035,1049.8399,1045.9844,BEAR,1040.85,1046.8342,35.54,-0.937,26.99,False,True,False,True,False,False,False,False
2026-08-27T11:15:10,NTPC,2026-08-27 11:10:00+05:30,BEAR,NO_SIGNAL,60.0,,RVOL|ENTRY_TRIGGER,329.8,331.0999,28.99,-0.393,0.527,1.05,330.998,337.4963,331.464,BEAR,329.8,333.9012,20.25,-1.947,34.12,False,True,False,False,False,False,False,False
2026-08-27T11:15:11,HDFCLIFE,2026-08-27 11:10:00+05:30,BEAR,NEAR,80.0,,ENTRY_TRIGGER,552.85,553.6459,40.98,-0.307,2.511,1.05,553.5118,554.6471,554.0141,BEAR,552.85,555.4621,40.78,-1.303,28.7,False,True,False,False,False,False,False,False
2026-08-27T11:15:11,SBILIFE,2026-08-27 11:10:00+05:30,BULL,NO_SIGNAL,60.0,,RVOL|ENTRY_TRIGGER,1789.0,1788.1054,53.68,-0.145,0.235,1.05,1784.9731,1770.0013,1780.9312,BULL,1789.0,1781.5653,60.42,0.76,26.15,False,False,False,False,False,False,False,False
2026-08-27T11:15:12,HINDUNILVR,2026-08-27 11:10:00+05:30,BEAR,NO_SIGNAL,60.0,VWAP_PULLBACK,RVOL|ENTRY_TRIGGER,2008.5,2011.1334,38.37,0.165,0.348,1.05,2011.6141,2021.9644,2014.6502,BEAR,2008.5,2017.9471,31.45,-0.8,28.09,False,False,False,True,False,False,False,False
2026-08-27T11:15:13,MARUTI,2026-08-27 11:10:00+05:30,BEAR,NEAR,80.0,,ENTRY_TRIGGER,13453.0,13458.0927,43.85,0.231,3.804,1.05,13458.7049,13552.1782,13487.7273,BEAR,13453.0,13513.8749,33.09,-0.957,23.63,False,False,False,False,False,False,False,False
2026-08-27T11:15:13,ITC,2026-08-27 11:10:00+05:30,BEAR,NO_SIGNAL,60.0,,RVOL|ENTRY_TRIGGER,269.2,269.5142,36.7,-0.259,0.817,1.05,269.826,270.098,269.9529,BEAR,269.2,270.2646,36.43,-0.792,31.42,False,True,False,False,False,False,False,False
2026-08-27T11:15:14,TMPV,2026-08-27 11:10:00+05:30,BEAR,NO_SIGNAL,60.0,TREND_CONTINUATION,BELOW_WVWAP|RVOL,314.5,314.8952,42.95,-0.222,0.372,1.05,315.1667,314.3139,316.1063,BEAR,314.5,314.9352,45.68,-0.19,27.01,False,True,False,False,False,False,False,True
2026-08-27T11:15:14,ADANIPORTS,2026-08-27 11:10:00+05:30,BULL,NEAR,80.0,VWAP_PULLBACK,RVOL,1699.2,1696.2413,58.65,0.248,0.469,1.05,1696.8241,1691.3481,1690.3632,BULL,1699.2,1695.5655,58.85,0.2,34.87,True,False,True,False,True,False,True,False
2026-08-27T11:15:15,DRREDDY,2026-08-27 11:10:00+05:30,BULL,NO_SIGNAL,20.0,,MACRO_BULL|ABOVE_WVWAP|RVOL|ENTRY_TRIGGER,1185.5,1184.4807,53.87,0.628,0.213,1.05,1182.3175,1186.4729,1180.338,BULL,1185.5,1185.3123,49.98,-0.453,12.35,False,False,False,False,False,False,False,False
2026-08-27T11:15:15,WIPRO,2026-08-27 11:10:00+05:30,BEAR,NO_SIGNAL,60.0,,MACRO_BEAR|ENTRY_TRIGGER,177.01,177.0846,44.71,-0.085,1.287,1.05,177.3637,179.8311,177.37,BEAR,177.01,177.5405,36.15,-0.186,21.21,False,True,False,False,False,False,False,False
2026-08-27T11:15:16,ONGC,2026-08-27 11:10:00+05:30,BULL,NO_SIGNAL,40.0,,ABOVE_WVWAP|RVOL|ENTRY_TRIGGER,233.7,232.8441,65.73,0.633,0.526,1.05,233.0261,234.4425,232.5782,BULL,233.7,232.888,58.69,0.21,28.44,True,False,False,False,False,False,False,False
2026-08-27T11:15:16,SBIN,2026-08-27 11:10:00+05:30,BEAR,NO_SIGNAL,40.0,,BELOW_WVWAP|RVOL|ENTRY_TRIGGER,1046.8,1047.8355,36.88,0.01,0.277,1.05,1048.5919,1042.9408,1049.631,BEAR,1046.8,1050.4587,35.45,-0.777,28.12,False,False,False,False,False,False,False,False
2026-08-27T11:15:17,EICHERMOT,2026-08-27 11:10:00+05:30,BEAR,NEAR,80.0,VWAP_PULLBACK,ENTRY_TRIGGER,8024.5,8037.965,43.61,0.069,4.491,1.05,8027.7492,8042.1253,8069.5879,BEAR,8024.5,8049.0454,42.39,-0.816,38.18,False,False,False,True,False,False,False,False
2026-08-27T11:15:17,COALINDIA,2026-08-27 11:10:00+05:30,BULL,NO_SIGNAL,20.0,,MACRO_BULL|ABOVE_WVWAP|RVOL|ENTRY_TRIGGER,402.0,401.6555,52.02,0.324,0.904,1.05,402.1089,404.1127,400.6542,BULL,402.0,402.5603,44.25,-0.728,16.87,False,False,False,True,False,False,False,False
2026-08-27T11:15:18,BAJAJFINSV,2026-08-27 11:10:00+05:30,BEAR,NO_SIGNAL,40.0,,MACRO_BEAR|RVOL|ENTRY_TRIGGER,2007.3,2009.2,42.64,-0.08,0.644,1.05,2013.0454,2008.2632,2015.0153,BEAR,2007.3,2010.275,45.11,-0.179,12.86,False,True,False,False,False,False,False,False
2026-08-27T11:15:18,MAXHEALTH,2026-08-27 11:10:00+05:30,BEAR,NO_SIGNAL,40.0,,BELOW_WVWAP|RVOL|ENTRY_TRIGGER,1001.6,1004.3362,31.59,-0.269,0.27,1.05,1005.3075,1000.3119,1006.811,BEAR,1001.6,1008.7159,34.75,-1.563,34.2,False,True,False,False,False,False,False,False
2026-08-27T11:15:19,KOTAKBANK,2026-08-27 11:10:00+05:30,BULL,NO_SIGNAL,60.0,,RVOL|ENTRY_TRIGGER,424.4,423.7668,59.45,-0.106,0.732,1.05,423.1205,410.4168,421.7178,BULL,424.4,419.3144,73.64,2.044,67.35,False,False,False,False,False,False,False,False
2026-08-27T11:15:19,APOLLOHOSP,2026-08-27 11:10:00+05:30,BULL,NO_SIGNAL,20.0,,MACRO_BULL|ST_BULL|RVOL|ENTRY_TRIGGER,8790.5,8785.9851,51.66,0.268,0.378,1.05,8790.7835,8724.6472,8808.6043,BEAR,8790.5,8789.4764,51.0,-0.187,41.84,False,False,False,False,False,False,False,False
2026-08-27T11:15:20,CIPLA,2026-08-27 11:10:00+05:30,BEAR,NO_SIGNAL,60.0,,RVOL|ENTRY_TRIGGER,1405.9,1405.7208,49.01,0.171,0.15,1.05,1406.2778,1420.1431,1410.0739,BEAR,1405.9,1408.2561,43.24,-0.678,30.11,False,False,False,False,False,False,False,False
2026-08-27T11:15:20,JSWSTEEL,2026-08-27 11:10:00+05:30,BULL,NEAR,80.0,VWAP_PULLBACK,RVOL,1341.9,1339.2051,60.32,0.187,0.203,1.05,1340.7319,1320.0326,1335.4097,BULL,1341.9,1333.0533,75.43,1.169,58.59,True,False,True,False,False,False,False,False
2026-08-27T11:15:21,HCLTECH,2026-08-27 11:10:00+05:30,BEAR,NEAR,80.0,VWAP_PULLBACK,ENTRY_TRIGGER,1285.1,1286.2278,42.15,0.14,15.545,1.05,1286.9117,1305.2783,1289.8694,BEAR,1285.1,1292.3649,31.88,-1.139,28.33,False,False,False,True,False,False,False,False
2026-08-27T11:15:21,TCS,2026-08-27 11:10:00+05:30,BEAR,NO_SIGNAL,40.0,,MACRO_BEAR|RVOL|ENTRY_TRIGGER,2250.3,2253.6194,35.98,-0.111,0.502,1.05,2256.9876,2281.3906,2257.3412,BEAR,2250.3,2262.2956,28.81,-0.903,13.7,False,True,False,False,False,False,False,False
2026-08-27T11:15:22,INDIGO,2026-08-27 11:10:00+05:30,BEAR,NO_SIGNAL,40.0,,BELOW_WVWAP|RVOL|ENTRY_TRIGGER,5217.0,5217.4468,46.29,-0.038,0.451,1.05,5215.7725,5175.4873,5230.1568,BEAR,5217.0,5226.2263,46.9,-0.695,26.57,False,False,True,False,False,False,False,False
2026-08-27T11:15:22,BHARTIARTL,2026-08-27 11:10:00+05:30,BEAR,NEAR,80.0,,ENTRY_TRIGGER,1895.8,1901.6757,31.73,-0.347,1.107,1.05,1900.7401,1924.8775,1903.9691,BEAR,1895.8,1908.4199,27.61,-0.992,37.48,False,True,False,False,False,False,False,False
2026-08-27T11:15:23,ETERNAL,2026-08-27 11:10:00+05:30,BEAR,NO_SIGNAL,40.0,VWAP_PULLBACK,MACRO_BEAR|RVOL|ENTRY_TRIGGER,326.8,327.0508,48.13,0.245,0.937,1.05,327.4777,328.1581,328.589,BEAR,326.8,327.0638,47.43,0.169,21.06,False,False,False,True,False,False,False,False
2026-08-27T11:15:24,LT,2026-08-27 11:10:00+05:30,BEAR,NO_SIGNAL,60.0,,RVOL|ENTRY_TRIGGER,4033.9,4039.3816,39.61,0.025,0.368,1.05,4042.2656,4082.7062,4049.3433,BEAR,4033.9,4050.5848,32.24,-0.569,33.64,False,False,False,False,False,False,False,False
2026-08-27T11:15:24,SHRIRAMFIN,2026-08-27 11:10:00+05:30,BEAR,NO_SIGNAL,60.0,,RVOL|ENTRY_TRIGGER,1097.3,1100.0387,38.72,-0.417,0.666,1.05,1102.3376,1118.7647,1100.9698,BEAR,1097.3,1108.8987,33.78,-1.887,32.6,False,True,False,False,False,False,False,False
2026-08-27T11:15:25,GRASIM,2026-08-27 11:10:00+05:30,BULL,NO_SIGNAL,60.0,,RVOL|ENTRY_TRIGGER,3289.1,3285.9801,54.21,0.171,0.417,1.05,3285.7456,3275.9112,3274.1812,BULL,3289.1,3283.6434,53.73,0.125,34.83,False,False,False,False,False,False,False,False
2026-08-27T11:15:25,AXISBANK,2026-08-27 11:10:00+05:30,BULL,NO_SIGNAL,60.0,,RVOL|ENTRY_TRIGGER,1258.0,1258.6096,48.74,-0.032,0.383,1.05,1258.7742,1243.9337,1253.7598,BULL,1258.0,1255.5441,60.84,0.231,46.07,False,False,False,False,False,False,False,False
2026-08-27T11:15:26,POWERGRID,2026-08-27 11:10:00+05:30,BEAR,NO_SIGNAL,60.0,,RVOL|ENTRY_TRIGGER,263.4,263.4523,43.96,0.305,0.729,1.05,263.5702,268.649,263.8547,BEAR,263.4,265.2292,28.22,-1.33,41.17,False,False,False,False,False,False,False,False
2026-08-27T11:15:26,ADANIENT,2026-08-27 11:10:00+05:30,BULL,NO_SIGNAL,60.0,,RVOL|ENTRY_TRIGGER,3142.3,3143.3338,49.62,-0.06,0.752,1.05,3144.8422,3078.8107,3126.217,BULL,3142.3,3133.8224,62.07,0.223,49.69,False,False,False,False,False,False,False,False
2026-08-27T11:15:27,TECHM,2026-08-27 11:10:00+05:30,BULL,NO_SIGNAL,60.0,,RVOL|ENTRY_TRIGGER,1597.9,1590.6351,72.67,0.623,0.417,1.05,1589.5992,1582.8739,1589.5108,BULL,1597.9,1582.9335,70.95,1.835,33.32,True,False,False,False,False,False,False,False
2026-08-27T11:15:27,ICICIBANK,2026-08-27 11:10:00+05:30,BULL,NEAR,80.0,,ENTRY_TRIGGER,1440.7,1440.5838,52.29,0.056,1.38,1.05,1440.1348,1425.2604,1436.2408,BULL,1440.7,1438.0681,62.07,0.313,28.15,False,False,False,False,False,False,False,False
2026-08-27T11:15:28,JIOFIN,2026-08-27 11:10:00+05:30,BEAR,NO_SIGNAL,60.0,,RVOL|ENTRY_TRIGGER,239.35,240.1929,22.56,-0.478,0.6,1.05,240.6307,242.26,240.3181,BEAR,239.35,241.1986,21.09,-1.156,28.47,False,True,False,False,False,False,False,False
2026-08-27T11:15:28,TATASTEEL,2026-08-27 11:10:00+05:30,BULL,NEAR,80.0,,ENTRY_TRIGGER,188.41,188.1476,54.73,0.053,1.177,1.05,188.7449,185.9879,187.3843,BULL,188.41,187.2996,61.19,1.247,36.22,False,False,False,False,False,False,False,False
2026-08-27T11:15:29,TITAN,2026-08-27 11:10:00+05:30,BULL,NO_SIGNAL,40.0,,ST_BULL|RVOL|ENTRY_TRIGGER,5120.0,5109.3516,62.16,0.599,0.136,1.05,5099.5275,5092.1579,5120.8815,BEAR,5120.0,5103.0553,60.79,0.418,23.4,True,False,False,False,False,False,False,False
2026-08-27T11:15:29,INFY,2026-08-27 11:10:00+05:30,BEAR,NO_SIGNAL,40.0,,MACRO_BEAR|RVOL|ENTRY_TRIGGER,1112.7,1115.4382,37.5,-0.322,0.719,1.05,1117.2515,1127.6647,1119.2865,BEAR,1112.7,1118.4576,34.95,-0.749,13.63,False,True,False,False,False,False,False,False
2026-08-27T11:15:30,TRENT,2026-08-27 11:10:00+05:30,BEAR,NO_SIGNAL,40.0,,MACRO_BEAR|RVOL|ENTRY_TRIGGER,2890.8,2897.6615,30.84,-0.434,0.657,1.05,2903.7311,2917.3563,2901.8397,BEAR,2890.8,2907.0081,31.25,-0.769,15.56,False,True,False,False,False,False,False,False
2026-08-27T11:15:30,ASIANPAINT,2026-08-27 11:10:00+05:30,BULL,NO_SIGNAL,40.0,,MACRO_BULL|RVOL|ENTRY_TRIGGER,2642.2,2641.6685,51.24,0.231,0.258,1.05,2641.031,2632.2641,2635.3158,BULL,2642.2,2641.5868,51.2,-0.026,18.7,False,False,False,False,False,False,False,False
2026-08-27T11:15:31,ULTRACEMCO,2026-08-27 11:10:00+05:30,BULL,NO_SIGNAL,60.0,,ST_BULL|ENTRY_TRIGGER,11733.0,11742.0089,47.71,-0.374,3.455,1.05,11747.0928,11591.42,11782.129,BEAR,11733.0,11713.1649,56.54,0.334,32.09,False,False,False,False,False,False,False,False
2026-08-27T11:15:31,HDFCBANK,2026-08-27 11:10:00+05:30,BEAR,NEAR,80.0,VWAP_PULLBACK,RVOL,718.1,720.3986,26.85,-0.375,0.67,1.05,720.146,725.315,721.3216,BEAR,718.1,723.3622,25.43,-1.407,32.95,False,True,False,True,False,False,False,False
2026-08-27T11:15:32,RELIANCE,2026-08-27 11:10:00+05:30,BEAR,NO_SIGNAL,60.0,,MACRO_BEAR|ENTRY_TRIGGER,1290.1,1296.0752,15.85,-0.662,1.478,1.05,1297.9591,1305.4653,1295.0161,BEAR,1290.1,1300.4588,19.32,-0.982,21.2,False,True,False,False,False,False,False,False
2026-08-27T11:15:33,M&M,2026-08-27 11:10:00+05:30,BEAR,NO_SIGNAL,60.0,,RVOL|ENTRY_TRIGGER,3361.3,3377.4285,22.3,-0.441,0.623,1.05,3383.7321,3414.8751,3375.9764,BEAR,3361.3,3396.6362,17.96,-1.825,36.11,False,True,False,False,False,False,False,False
2026-08-27T11:15:33,SUNPHARMA,2026-08-27 11:10:00+05:30,BEAR,NO_SIGNAL,40.0,,MACRO_BEAR|RVOL|ENTRY_TRIGGER,1910.7,1910.3387,50.63,0.378,0.194,1.05,1909.1109,1912.391,1914.1721,BEAR,1910.7,1911.8535,47.13,-0.183,13.64,False,False,False,False,False,False,False,False
2026-08-27T11:20:07,BEL,2026-08-27 11:15:00+05:30,BULL,NO_SIGNAL,40.0,,MACRO_BULL|RVOL|ENTRY_TRIGGER,410.0,410.1558,48.16,-0.122,0.514,1.05,410.4909,409.1837,408.9076,BULL,410.1,409.8089,52.76,0.195,17.96,False,False,False,False,False,False,False,False
2026-08-27T11:20:08,TATACONSUM,2026-08-27 11:15:00+05:30,BEAR,NO_SIGNAL,60.0,VWAP_PULLBACK,RVOL|ENTRY_TRIGGER,1040.3,1040.7731,45.77,0.106,0.862,1.05,1041.1517,1050.0393,1043.9993,BEAR,1040.3,1043.1191,39.15,-0.211,26.18,False,False,False,True,False,False,False,False
2026-08-27T11:20:08,BAJAJ-AUTO,2026-08-27 11:15:00+05:30,BEAR,NO_SIGNAL,60.0,,RVOL|ENTRY_TRIGGER,11638.0,11654.1569,40.33,-0.223,0.347,1.05,11665.8141,11783.0491,11691.2021,BEAR,11642.0,11711.2039,32.36,-1.306,31.4,False,True,False,False,False,False,False,False
2026-08-27T11:20:09,NESTLEIND,2026-08-27 11:15:00+05:30,BEAR,NO_SIGNAL,40.0,,MACRO_BEAR|RVOL|ENTRY_TRIGGER,1444.0,1447.0699,37.62,-0.166,0.513,1.05,1452.2463,1462.9056,1450.4057,BEAR,1445.4,1451.2585,33.13,-0.612,12.21,False,True,False,False,False,False,False,False
2026-08-27T11:20:09,BAJFINANCE,2026-08-27 11:15:00+05:30,BULL,NO_SIGNAL,20.0,,MACRO_BULL|ST_BULL|RVOL|ENTRY_TRIGGER,1088.6,1089.8877,43.33,-0.183,0.522,1.05,1096.4877,1086.5807,1093.0245,BEAR,1089.1,1089.2548,50.84,0.129,34.01,False,True,False,False,False,False,False,False
2026-08-27T11:20:10,HINDALCO,2026-08-27 11:15:00+05:30,BEAR,NO_SIGNAL,60.0,,RVOL|ENTRY_TRIGGER,1039.8,1043.8398,35.35,-0.593,0.245,1.05,1044.3657,1049.8309,1045.9844,BEAR,1040.85,1046.8342,35.54,-0.937,26.99,False,True,False,False,False,False,False,False
2026-08-27T11:20:10,NTPC,2026-08-27 11:15:00+05:30,BEAR,NO_SIGNAL,60.0,,RVOL|ENTRY_TRIGGER,329.5,330.9544,27.15,-0.423,0.136,1.05,330.9904,337.4879,331.464,BEAR,329.8,333.9012,20.25,-1.947,34.12,False,True,False,False,False,False,False,False
2026-08-27T11:20:11,HDFCLIFE,2026-08-27 11:15:00+05:30,BEAR,NO_SIGNAL,60.0,,RVOL|ENTRY_TRIGGER,553.15,553.6008,43.31,-0.261,0.732,1.05,553.504,554.6444,554.0141,BEAR,552.85,555.4621,40.78,-1.303,28.7,False,True,False,False,False,False,False,False
2026-08-27T11:20:11,SBILIFE,2026-08-27 11:15:00+05:30,BULL,NO_SIGNAL,60.0,,RVOL|ENTRY_TRIGGER,1787.3,1788.0322,50.77,-0.529,0.294,1.05,1785.0025,1770.0231,1780.9312,BULL,1789.0,1781.5653,60.42,0.76,26.15,False,False,False,False,False,False,False,False
2026-08-27T11:20:12,HINDUNILVR,2026-08-27 11:15:00+05:30,BEAR,NO_SIGNAL,60.0,,RVOL|ENTRY_TRIGGER,2010.3,2011.0577,44.11,0.189,0.92,1.05,2011.5572,2021.9143,2014.6502,BEAR,2008.5,2017.9471,31.45,-0.8,28.09,False,False,False,False,False,False,False,False
2026-08-27T11:20:12,MARUTI,2026-08-27 11:15:00+05:30,BEAR,NO_SIGNAL,60.0,VWAP_PULLBACK,RVOL|ENTRY_TRIGGER,13451.0,13457.4479,43.15,0.119,0.725,1.05,13458.5848,13551.8792,13487.7273,BEAR,13453.0,13513.8749,33.09,-0.957,23.63,False,False,False,True,False,False,False,False
2026-08-27T11:20:13,ITC,2026-08-27 11:15:00+05:30,BEAR,NO_SIGNAL,60.0,,RVOL|ENTRY_TRIGGER,269.2,269.4856,36.7,-0.167,0.514,1.05,269.8149,270.0966,269.9529,BEAR,269.2,270.2646,36.43,-0.792,31.42,False,True,False,False,False,False,False,False
2026-08-27T11:20:13,TMPV,2026-08-27 11:15:00+05:30,BEAR,NEAR,80.0,TREND_CONTINUATION,BELOW_WVWAP,314.35,314.8457,40.97,-0.238,1.243,1.05,315.1393,314.3141,315.8018,BEAR,314.5,314.9352,45.68,-0.19,27.01,False,True,False,False,False,False,False,True
2026-08-27T11:20:14,ADANIPORTS,2026-08-27 11:15:00+05:30,BULL,NO_SIGNAL,60.0,,RVOL|ENTRY_TRIGGER,1698.8,1696.474,57.3,0.183,0.596,1.05,1696.8738,1691.3695,1691.5405,BULL,1699.2,1695.5655,58.85,0.2,34.87,True,False,False,False,False,False,False,False
2026-08-27T11:20:15,DRREDDY,2026-08-27 11:15:00+05:30,BULL,NO_SIGNAL,40.0,,MACRO_BULL|ABOVE_WVWAP|ENTRY_TRIGGER,1185.4,1184.5643,53.41,0.127,1.457,1.05,1182.4745,1186.4703,1180.7397,BULL,1185.5,1185.3123,49.98,-0.453,12.35,False,False,False,False,False,False,False,False
2026-08-27T11:20:15,WIPRO,2026-08-27 11:15:00+05:30,BEAR,NO_SIGNAL,60.0,,MACRO_BEAR|ENTRY_TRIGGER,177.15,177.0905,50.07,-0.006,1.268,1.05,177.3552,179.8249,177.37,BEAR,177.01,177.5405,36.15,-0.186,21.21,False,False,False,False,False,False,False,False
2026-08-27T11:20:16,ONGC,2026-08-27 11:15:00+05:30,BULL,NO_SIGNAL,40.0,,ABOVE_WVWAP|RVOL|ENTRY_TRIGGER,233.6,232.9128,63.45,0.642,0.552,1.05,233.0368,234.4406,232.5782,BULL,233.7,232.888,58.69,0.21,28.44,True,False,False,False,False,False,False,False
2026-08-27T11:20:16,SBIN,2026-08-27 11:15:00+05:30,BEAR,NO_SIGNAL,40.0,,BELOW_WVWAP|RVOL|ENTRY_TRIGGER,1046.8,1047.7414,36.88,0.0,0.602,1.05,1048.5661,1042.9446,1049.631,BEAR,1046.8,1050.4587,35.45,-0.777,28.12,False,False,False,False,False,False,False,False
2026-08-27T11:20:17,EICHERMOT,2026-08-27 11:15:00+05:30,BEAR,NEAR,80.0,VWAP_PULLBACK,RVOL,8018.5,8036.1955,41.64,-0.267,0.363,1.05,8027.6579,8042.0948,8067.5018,BEAR,8024.5,8049.0454,42.39,-0.816,38.18,False,True,False,True,False,False,False,True
2026-08-27T11:20:17,COALINDIA,2026-08-27 11:15:00+05:30,BULL,NO_SIGNAL,40.0,,MACRO_BULL|ABOVE_WVWAP|ENTRY_TRIGGER,401.85,401.6732,49.85,0.35,2.101,1.05,402.099,404.1068,400.6542,BULL,402.0,402.5603,44.25,-0.728,16.87,False,False,False,True,False,False,False,False
2026-08-27T11:20:18,BAJAJFINSV,2026-08-27 11:15:00+05:30,BEAR,NO_SIGNAL,40.0,,MACRO_BEAR|RVOL|ENTRY_TRIGGER,2005.5,2008.8636,38.48,-0.214,0.788,1.05,2012.8792,2008.2601,2015.0153,BEAR,2007.3,2010.275,45.11,-0.179,12.86,False,True,False,False,False,False,False,False
2026-08-27T11:20:18,MAXHEALTH,2026-08-27 11:15:00+05:30,BEAR,NO_SIGNAL,40.0,,BELOW_WVWAP|RVOL|ENTRY_TRIGGER,1000.5,1003.9874,28.55,-0.398,0.489,1.05,1005.2501,1000.3124,1006.0969,BEAR,1001.6,1008.7159,34.75,-1.563,34.2,False,True,False,False,False,False,False,False
2026-08-27T11:20:19,KOTAKBANK,2026-08-27 11:15:00+05:30,BULL,NO_SIGNAL,60.0,,RVOL|ENTRY_TRIGGER,424.6,423.8426,60.61,-0.375,0.217,1.05,423.1302,410.4408,421.7178,BULL,424.4,419.3144,73.64,2.044,67.35,False,False,False,False,False,False,False,False
2026-08-27T11:20:19,APOLLOHOSP,2026-08-27 11:15:00+05:30,BULL,NO_SIGNAL,20.0,,MACRO_BULL|ST_BULL|RVOL|ENTRY_TRIGGER,8782.0,8785.6228,47.79,-0.046,0.55,1.05,8790.7067,8724.7931,8808.6043,BEAR,8790.5,8789.4764,51.0,-0.187,41.84,False,False,False,False,False,False,False,False
2026-08-27T11:20:20,CIPLA,2026-08-27 11:15:00+05:30,BEAR,NEAR,80.0,,ENTRY_TRIGGER,1405.9,1405.7371,49.01,0.142,2.156,1.05,1406.2557,1420.0865,1410.0739,BEAR,1405.9,1408.2561,43.24,-0.678,30.11,False,False,False,False,False,False,False,False
2026-08-27T11:20:20,JSWSTEEL,2026-08-27 11:15:00+05:30,BULL,NO_SIGNAL,60.0,,RVOL|ENTRY_TRIGGER,1341.0,1339.3683,57.25,-0.075,0.729,1.05,1340.7399,1320.089,1335.4097,BULL,1341.9,1333.0533,75.43,1.169,58.59,False,False,False,False,False,False,False,False
2026-08-27T11:20:21,HCLTECH,2026-08-27 11:15:00+05:30,BEAR,NEAR,80.0,,ENTRY_TRIGGER,1286.2,1286.2253,46.38,0.218,1.367,1.05,1286.8506,1305.1162,1289.8694,BEAR,1285.1,1292.3649,31.88,-1.139,28.33,False,False,False,False,False,False,False,False
2026-08-27T11:20:21,TCS,2026-08-27 11:15:00+05:30,BEAR,NO_SIGNAL,40.0,,MACRO_BEAR|RVOL|ENTRY_TRIGGER,2251.4,2253.4176,39.69,-0.027,0.619,1.05,2256.8654,2281.3275,2257.3412,BEAR,2250.3,2262.2956,28.81,-0.903,13.7,False,True,False,False,False,False,False,False
2026-08-27T11:20:22,INDIGO,2026-08-27 11:15:00+05:30,BEAR,NO_SIGNAL,40.0,,BELOW_WVWAP|RVOL|ENTRY_TRIGGER,5217.5,5217.4516,46.92,0.058,0.28,1.05,5215.7858,5175.521,5230.1568,BEAR,5217.0,5226.2263,46.9,-0.695,26.57,False,False,False,False,False,False,False,False
2026-08-27T11:20:22,BHARTIARTL,2026-08-27 11:15:00+05:30,BEAR,NO_SIGNAL,60.0,,RVOL|ENTRY_TRIGGER,1896.3,1901.187,33.47,-0.279,0.882,1.05,1900.6173,1924.7186,1903.5735,BEAR,1895.8,1908.4199,27.61,-0.992,37.48,False,True,False,False,False,False,False,False
2026-08-27T11:20:23,ETERNAL,2026-08-27 11:15:00+05:30,BEAR,NO_SIGNAL,40.0,,MACRO_BEAR|RVOL|ENTRY_TRIGGER,326.7,327.0189,47.3,0.245,0.932,1.05,327.4499,328.1523,328.589,BEAR,326.8,327.0638,47.43,0.169,21.06,False,False,False,False,False,False,False,False
2026-08-27T11:20:23,LT,2026-08-27 11:15:00+05:30,BEAR,NEAR,80.0,,ENTRY_TRIGGER,4028.6,4038.4014,34.49,-0.139,2.406,1.05,4041.5302,4082.4745,4047.3073,BEAR,4033.9,4050.5848,32.24,-0.569,33.64,False,True,False,False,False,False,False,False
2026-08-27T11:20:24,SHRIRAMFIN,2026-08-27 11:15:00+05:30,BEAR,NO_SIGNAL,60.0,,RVOL|ENTRY_TRIGGER,1097.3,1099.7897,38.72,-0.481,0.45,1.05,1102.2713,1118.7104,1100.9698,BEAR,1097.3,1108.8987,33.78,-1.887,32.6,False,True,False,False,False,False,False,False
2026-08-27T11:20:24,GRASIM,2026-08-27 11:15:00+05:30,BULL,NO_SIGNAL,60.0,,RVOL|ENTRY_TRIGGER,3285.0,3285.891,49.0,-0.033,0.494,1.05,3285.7584,3275.9209,3274.1812,BULL,3289.1,3283.6434,53.73,0.125,34.83,False,False,False,False,False,False,False,False
2026-08-27T11:20:25,AXISBANK,2026-08-27 11:15:00+05:30,BULL,NO_SIGNAL,60.0,,RVOL|ENTRY_TRIGGER,1257.4,1258.4996,46.35,-0.135,0.63,1.05,1258.7398,1244.0035,1253.7598,BULL,1258.0,1255.5441,60.84,0.231,46.07,False,False,False,False,False,False,False,False
2026-08-27T11:20:26,POWERGRID,2026-08-27 11:15:00+05:30,BEAR,NEAR,80.0,VWAP_PULLBACK,ENTRY_TRIGGER,262.85,263.3975,37.07,0.076,2.24,1.05,263.5365,268.592,263.8547,BEAR,263.4,265.2292,28.22,-1.33,41.17,False,False,False,True,False,False,False,False
2026-08-27T11:20:26,ADANIENT,2026-08-27 11:15:00+05:30,BULL,NO_SIGNAL,60.0,,RVOL|ENTRY_TRIGGER,3143.1,3143.3126,50.41,-0.361,0.717,1.05,3144.8064,3078.9869,3126.217,BULL,3142.3,3133.8224,62.07,0.223,49.69,False,False,False,False,False,False,False,False
2026-08-27T11:20:27,TECHM,2026-08-27 11:15:00+05:30,BULL,NO_SIGNAL,60.0,,RVOL|ENTRY_TRIGGER,1597.2,1591.2319,70.22,0.383,0.559,1.05,1589.7437,1582.9103,1589.5108,BULL,1597.9,1582.9335,70.95,1.835,33.32,True,False,False,False,False,False,False,False
2026-08-27T11:20:27,ICICIBANK,2026-08-27 11:15:00+05:30,BULL,NEAR,80.0,VWAP_PULLBACK,ENTRY_TRIGGER,1440.9,1440.6125,53.12,0.076,1.271,1.05,1440.1601,1425.3387,1436.2408,BULL,1440.7,1438.0681,62.07,0.313,28.15,False,False,True,False,False,False,False,False
2026-08-27T11:20:28,JIOFIN,2026-08-27 11:15:00+05:30,BEAR,NO_SIGNAL,60.0,,RVOL|ENTRY_TRIGGER,239.15,240.0981,20.47,-0.416,0.656,1.05,240.5979,242.2506,240.2276,BEAR,239.35,241.1986,21.09,-1.156,28.47,False,True,False,False,False,False,False,False
2026-08-27T11:20:28,TATASTEEL,2026-08-27 11:15:00+05:30,BULL,NO_SIGNAL,60.0,,RVOL|ENTRY_TRIGGER,188.0,188.1342,49.1,-0.212,0.567,1.05,188.7333,185.9946,187.3843,BULL,188.41,187.2996,61.19,1.247,36.22,False,False,False,False,False,False,False,False
2026-08-27T11:20:29,TITAN,2026-08-27 11:15:00+05:30,BULL,NO_SIGNAL,40.0,,ST_BULL|RVOL|ENTRY_TRIGGER,5117.2,5110.0651,58.94,0.371,0.211,1.05,5099.6681,5092.2237,5120.8815,BEAR,5120.0,5103.0553,60.79,0.418,23.4,True,False,False,False,False,False,False,False
2026-08-27T11:20:29,INFY,2026-08-27 11:15:00+05:30,BEAR,NO_SIGNAL,40.0,,MACRO_BEAR|RVOL|ENTRY_TRIGGER,1114.5,1115.3529,44.76,-0.17,0.299,1.05,1117.2171,1127.6522,1119.2865,BEAR,1112.7,1118.4576,34.95,-0.749,13.63,False,True,False,False,False,False,False,False
2026-08-27T11:20:30,TRENT,2026-08-27 11:15:00+05:30,BEAR,NEAR,80.0,BREAKOUT_CONTINUATION,MACRO_BEAR,2886.3,2896.6286,25.81,-0.531,1.785,1.05,2902.7589,2917.2399,2900.2054,BEAR,2890.8,2907.0081,31.25,-0.769,15.56,False,True,False,False,False,True,False,False
2026-08-27T11:20:30,ASIANPAINT,2026-08-27 11:15:00+05:30,BULL,NO_SIGNAL,40.0,,MACRO_BULL|RVOL|ENTRY_TRIGGER,2642.4,2641.735,51.56,0.152,0.334,1.05,2641.0443,2632.278,2635.3158,BULL,2642.2,2641.5868,51.2,-0.026,18.7,False,False,False,False,False,False,False,False
2026-08-27T11:20:31,ULTRACEMCO,2026-08-27 11:15:00+05:30,BULL,NO_SIGNAL,60.0,,ST_BULL|ENTRY_TRIGGER,11722.0,11740.1899,44.55,-0.425,3.829,1.05,11744.9393,11593.103,11782.129,BEAR,11733.0,11713.1649,56.54,0.334,32.09,False,True,False,False,False,False,False,False
2026-08-27T11:20:31,HDFCBANK,2026-08-27 11:15:00+05:30,BEAR,SIGNAL,100.0,BREAKOUT_CONTINUATION,,717.3,720.117,23.84,-0.437,2.186,1.05,719.9917,725.2135,720.4471,BEAR,718.1,723.3622,25.43,-1.407,32.95,False,True,False,False,False,True,False,False
2026-08-27T11:20:32,RELIANCE,2026-08-27 11:15:00+05:30,BEAR,NEAR,80.0,BREAKOUT_CONTINUATION,MACRO_BEAR,1288.0,1295.3411,13.17,-0.679,2.027,1.05,1297.3208,1305.3291,1294.121,BEAR,1290.1,1300.4588,19.32,-0.982,21.2,False,True,False,False,False,True,False,False
2026-08-27T11:20:32,M&M,2026-08-27 11:15:00+05:30,BEAR,NEAR,80.0,,ENTRY_TRIGGER,3361.1,3375.9441,22.18,-0.547,1.203,1.05,3383.0265,3414.629,3374.4798,BEAR,3361.3,3396.6362,17.96,-1.825,36.11,False,True,False,False,False,False,False,False
2026-08-27T11:20:33,SUNPHARMA,2026-08-27 11:15:00+05:30,BEAR,NO_SIGNAL,40.0,,MACRO_BEAR|RVOL|ENTRY_TRIGGER,1912.1,1910.4988,53.9,0.267,0.282,1.05,1909.1359,1912.3909,1914.1721,BEAR,1910.7,1911.8535,47.13,-0.183,13.64,False,False,False,False,False,False,False,False
2026-08-27T11:25:07,BEL,2026-08-27 11:20:00+05:30,BULL,NO_SIGNAL,40.0,,MACRO_BULL|RVOL|ENTRY_TRIGGER,410.05,410.1462,48.93,0.049,0.637,1.05,410.485,409.1852,408.9076,BULL,410.1,409.8089,52.76,0.195,17.96,False,False,False,False,False,False,False,False
2026-08-27T11:25:07,TATACONSUM,2026-08-27 11:20:00+05:30,BEAR,NO_SIGNAL,60.0,,RVOL|ENTRY_TRIGGER,1041.2,1040.8119,50.49,0.27,0.706,1.05,1041.1455,1050.0153,1043.9993,BEAR,1040.3,1043.1191,39.15,-0.211,26.18,False,False,False,False,False,False,False,False
2026-08-27T11:25:08,BAJAJ-AUTO,2026-08-27 11:20:00+05:30,BEAR,NEAR,80.0,,ENTRY_TRIGGER,11634.0,11652.3244,39.19,-0.197,1.541,1.05,11664.474,11782.0625,11691.2021,BEAR,11642.0,11711.2039,32.36,-1.306,31.4,False,True,False,False,False,False,False,False
2026-08-27T11:25:08,NESTLEIND,2026-08-27 11:20:00+05:30,BEAR,NO_SIGNAL,40.0,,MACRO_BEAR|RVOL|ENTRY_TRIGGER,1443.3,1446.7272,36.01,-0.187,0.548,1.05,1452.1368,1462.8863,1449.7711,BEAR,1445.4,1451.2585,33.13,-0.612,12.21,False,True,False,False,False,False,False,False
2026-08-27T11:25:09,BAJFINANCE,2026-08-27 11:20:00+05:30,BULL,NO_SIGNAL,20.0,,MACRO_BULL|ST_BULL|RVOL|ENTRY_TRIGGER,1088.6,1089.7707,43.33,-0.174,0.201,1.05,1096.4577,1086.5821,1092.7951,BEAR,1089.1,1089.2548,50.84,0.129,34.01,False,True,False,False,False,False,False,False
2026-08-27T11:25:09,HINDALCO,2026-08-27 11:20:00+05:30,BEAR,NO_SIGNAL,60.0,,RVOL|ENTRY_TRIGGER,1040.5,1043.5362,37.96,-0.392,0.296,1.05,1044.323,1049.8203,1045.8741,BEAR,1040.85,1046.8342,35.54,-0.937,26.99,False,True,False,False,False,False,False,False
2026-08-27T11:25:10,NTPC,2026-08-27 11:20:00+05:30,BEAR,NEAR,80.0,,ENTRY_TRIGGER,329.55,330.8268,27.97,-0.378,2.342,1.05,330.8821,337.3506,331.464,BEAR,329.8,333.9012,20.25,-1.947,34.12,False,True,False,False,False,False,False,False
2026-08-27T11:25:10,HDFCLIFE,2026-08-27 11:20:00+05:30,BEAR,SIGNAL,100.0,VWAP_PULLBACK,,552.2,553.4734,38.17,-0.262,1.572,1.05,553.4478,554.6354,554.0141,BEAR,552.85,555.4621,40.78,-1.303,28.7,False,True,False,True,False,False,False,False
2026-08-27T11:25:11,SBILIFE,2026-08-27 11:20:00+05:30,BULL,NEAR,80.0,,ENTRY_TRIGGER,1784.5,1787.7111,46.31,-0.441,1.101,1.05,1785.0234,1770.0906,1780.9312,BULL,1789.0,1781.5653,60.42,0.76,26.15,False,False,False,False,False,False,False,False
2026-08-27T11:25:11,HINDUNILVR,2026-08-27 11:20:00+05:30,BEAR,NO_SIGNAL,60.0,VWAP_PULLBACK,RVOL|ENTRY_TRIGGER,2010.1,2010.9706,43.63,0.194,0.489,1.05,2011.5406,2021.8886,2014.6502,BEAR,2008.5,2017.9471,31.45,-0.8,28.09,False,False,False,True,False,False,False,False
2026-08-27T11:25:12,MARUTI,2026-08-27 11:20:00+05:30,BEAR,NO_SIGNAL,60.0,,RVOL|ENTRY_TRIGGER,13459.0,13457.589,46.82,0.141,0.949,1.05,13458.5544,13551.5213,13487.7273,BEAR,13453.0,13513.8749,33.09,-0.957,23.63,False,False,False,False,False,False,False,False
2026-08-27T11:25:12,ITC,2026-08-27 11:20:00+05:30,BEAR,NEAR,80.0,TREND_CONTINUATION,RVOL,268.95,269.437,32.0,-0.167,0.843,1.05,269.7939,270.094,269.9529,BEAR,269.2,270.2646,36.43,-0.792,31.42,False,True,False,False,False,False,False,True
2026-08-27T11:25:13,TMPV,2026-08-27 11:20:00+05:30,BEAR,NO_SIGNAL,40.0,,BELOW_WVWAP|RVOL|ENTRY_TRIGGER,314.5,314.8142,43.77,-0.159,0.469,1.05,315.1302,314.3143,315.8016,BEAR,314.5,314.9352,45.68,-0.19,27.01,False,True,False,False,False,False,False,False
2026-08-27T11:25:13,ADANIPORTS,2026-08-27 11:20:00+05:30,BULL,NEAR,80.0,VWAP_PULLBACK,RVOL,1699.4,1696.74,58.83,0.236,0.515,1.05,1696.9134,1691.3879,1691.5405,BULL,1699.2,1695.5655,58.85,0.2,34.87,True,False,True,False,False,False,True,False
2026-08-27T11:25:14,DRREDDY,2026-08-27 11:20:00+05:30,BULL,NO_SIGNAL,20.0,,MACRO_BULL|ABOVE_WVWAP|RVOL|ENTRY_TRIGGER,1185.3,1184.6311,52.94,0.194,0.331,1.05,1182.5074,1186.4696,1180.9412,BULL,1185.5,1185.3123,49.98,-0.453,12.35,False,False,False,False,False,False,False,False
2026-08-27T11:25:14,WIPRO,2026-08-27 11:20:00+05:30,BEAR,NO_SIGNAL,40.0,VWAP_PULLBACK,MACRO_BEAR|RVOL|ENTRY_TRIGGER,177.0,177.0823,45.03,-0.096,0.589,1.05,177.3504,179.822,177.37,BEAR,177.01,177.5405,36.15,-0.186,21.21,False,False,False,True,False,False,False,False
2026-08-27T11:25:15,ONGC,2026-08-27 11:20:00+05:30,BULL,NO_SIGNAL,40.0,,ABOVE_WVWAP|RVOL|ENTRY_TRIGGER,233.6,232.9753,63.45,0.707,0.564,1.05,233.0481,234.4387,232.5782,BULL,233.7,232.888,58.69,0.21,28.44,True,False,False,False,False,False,False,False
2026-08-27T11:25:15,SBIN,2026-08-27 11:20:00+05:30,BEAR,NO_SIGNAL,40.0,,BELOW_WVWAP|RVOL|ENTRY_TRIGGER,1046.6,1047.6376,35.69,-0.048,0.67,1.05,1048.5378,1042.9484,1049.631,BEAR,1046.8,1050.4587,35.45,-0.777,28.12,False,True,False,False,False,False,False,False
2026-08-27T11:25:16,EICHERMOT,2026-08-27 11:20:00+05:30,BEAR,SIGNAL,100.0,VWAP_PULLBACK,,8013.0,8034.0868,39.86,-0.373,7.283,1.05,8026.0754,8041.5069,8067.5018,BEAR,8024.5,8049.0454,42.39,-0.816,38.18,False,True,False,True,False,False,False,True
2026-08-27T11:25:16,COALINDIA,2026-08-27 11:20:00+05:30,BULL,NO_SIGNAL,40.0,,MACRO_BULL|ABOVE_WVWAP|ENTRY_TRIGGER,402.0,401.7029,52.01,0.412,1.436,1.05,402.0915,404.1027,400.6542,BULL,402.0,402.5603,44.25,-0.728,16.87,False,False,False,False,False,False,False,False
2026-08-27T11:25:17,BAJAJFINSV,2026-08-27 11:20:00+05:30,BEAR,NO_SIGNAL,60.0,,MACRO_BEAR|ENTRY_TRIGGER,2005.2,2008.5305,37.82,-0.189,1.089,1.05,2012.6267,2008.2524,2013.4809,BEAR,2007.3,2010.275,45.11,-0.179,12.86,False,True,False,False,False,False,False,False
2026-08-27T11:25:18,MAXHEALTH,2026-08-27 11:20:00+05:30,BEAR,NO_SIGNAL,60.0,,RVOL|ENTRY_TRIGGER,1000.3,1003.6522,28.02,-0.369,0.351,1.05,1005.209,1000.3124,1005.1616,BEAR,1001.6,1008.7159,34.75,-1.563,34.2,False,True,False,False,False,False,False,False
2026-08-27T11:25:18,KOTAKBANK,2026-08-27 11:20:00+05:30,BULL,NO_SIGNAL,60.0,,RVOL|ENTRY_TRIGGER,425.0,423.9478,62.89,-0.129,0.533,1.05,423.1546,410.4963,421.74,BULL,424.4,419.3144,73.64,2.044,67.35,False,False,False,False,False,False,False,False
2026-08-27T11:25:19,APOLLOHOSP,2026-08-27 11:20:00+05:30,BULL,NO_SIGNAL,20.0,,MACRO_BULL|ST_BULL|RVOL|ENTRY_TRIGGER,8785.5,8785.6116,49.47,-0.006,0.265,1.05,8790.6739,8724.8632,8808.6043,BEAR,8790.5,8789.4764,51.0,-0.187,41.84,False,False,False,False,False,False,False,False
2026-08-27T11:25:19,CIPLA,2026-08-27 11:20:00+05:30,BEAR,NO_SIGNAL,60.0,VWAP_PULLBACK,RVOL|ENTRY_TRIGGER,1404.4,1405.6155,43.67,0.0,0.443,1.05,1406.2349,1420.0735,1410.0739,BEAR,1405.9,1408.2561,43.24,-0.678,30.11,False,False,False,True,False,False,False,False
2026-08-27T11:25:20,JSWSTEEL,2026-08-27 11:20:00+05:30,BULL,NO_SIGNAL,60.0,,RVOL|ENTRY_TRIGGER,1340.7,1339.4893,56.22,-0.007,0.163,1.05,1340.7393,1320.1008,1335.4097,BULL,1341.9,1333.0533,75.43,1.169,58.59,False,False,False,False,False,False,False,False
2026-08-27T11:25:20,HCLTECH,2026-08-27 11:20:00+05:30,BEAR,NO_SIGNAL,60.0,VWAP_PULLBACK,RVOL|ENTRY_TRIGGER,1285.1,1286.123,42.99,0.047,0.73,1.05,1286.8184,1305.0278,1289.8694,BEAR,1285.1,1292.3649,31.88,-1.139,28.33,False,False,False,True,False,False,False,False
2026-08-27T11:25:21,TCS,2026-08-27 11:20:00+05:30,BEAR,NO_SIGNAL,40.0,,MACRO_BEAR|RVOL|ENTRY_TRIGGER,2249.1,2253.0251,35.11,-0.142,0.416,1.05,2256.7694,2281.2838,2257.3412,BEAR,2250.3,2262.2956,28.81,-0.903,13.7,False,True,False,False,False,False,False,False
2026-08-27T11:25:21,INDIGO,2026-08-27 11:20:00+05:30,BEAR,NO_SIGNAL,40.0,,BELOW_WVWAP|RVOL|ENTRY_TRIGGER,5216.5,5217.3651,45.76,0.182,0.39,1.05,5215.7936,5175.5652,5230.1568,BEAR,5217.0,5226.2263,46.9,-0.695,26.57,False,False,False,False,False,False,False,False
2026-08-27T11:25:22,BHARTIARTL,2026-08-27 11:20:00+05:30,BEAR,NEAR,80.0,,ENTRY_TRIGGER,1898.5,1900.9428,40.67,-0.142,1.422,1.05,1900.5111,1924.4851,1903.5735,BEAR,1895.8,1908.4199,27.61,-0.992,37.48,False,True,False,False,False,False,False,False
2026-08-27T11:25:22,ETERNAL,2026-08-27 11:20:00+05:30,BEAR,NO_SIGNAL,40.0,,MACRO_BEAR|RVOL|ENTRY_TRIGGER,326.85,327.0035,48.74,0.169,0.77,1.05,327.4355,328.1484,328.589,BEAR,326.8,327.0638,47.43,0.169,21.06,False,False,False,False,False,False,False,False
2026-08-27T11:25:23,LT,2026-08-27 11:20:00+05:30,BEAR,NEAR,80.0,,ENTRY_TRIGGER,4026.7,4037.3377,32.85,-0.156,1.226,1.05,4041.0719,4082.3456,4042.0134,BEAR,4033.9,4050.5848,32.24,-0.569,33.64,False,True,False,False,False,False,False,False
2026-08-27T11:25:23,SHRIRAMFIN,2026-08-27 11:20:00+05:30,BEAR,NO_SIGNAL,60.0,,RVOL|ENTRY_TRIGGER,1096.5,1099.4906,37.12,-0.354,0.551,1.05,1102.1829,1118.6461,1100.9698,BEAR,1097.3,1108.8987,33.78,-1.887,32.6,False,True,False,False,False,False,False,False
2026-08-27T11:25:24,GRASIM,2026-08-27 11:20:00+05:30,BULL,NO_SIGNAL,60.0,VWAP_PULLBACK,RVOL|ENTRY_TRIGGER,3286.6,3285.9554,50.98,0.049,0.699,1.05,3285.7803,3275.9345,3274.1812,BULL,3289.1,3283.6434,53.73,0.125,34.83,False,False,True,False,False,False,False,False
2026-08-27T11:25:24,AXISBANK,2026-08-27 11:20:00+05:30,BULL,NO_SIGNAL,60.0,,RVOL|ENTRY_TRIGGER,1256.8,1258.3451,44.02,-0.238,0.502,1.05,1258.7055,1244.0564,1253.7598,BULL,1258.0,1255.5441,60.84,0.231,46.07,False,True,False,False,False,False,False,True
2026-08-27T11:25:25,POWERGRID,2026-08-27 11:20:00+05:30,BEAR,NEAR,80.0,,ENTRY_TRIGGER,262.7,263.3341,35.44,0.076,1.302,1.05,263.5045,268.555,263.8547,BEAR,263.4,265.2292,28.22,-1.33,41.17,False,False,False,False,False,False,False,False
2026-08-27T11:25:25,ADANIENT,2026-08-27 11:20:00+05:30,BULL,NO_SIGNAL,60.0,,RVOL|ENTRY_TRIGGER,3141.5,3143.1478,48.76,-0.137,0.594,1.05,3144.7301,3079.1252,3126.217,BULL,3142.3,3133.8224,62.07,0.223,49.69,False,False,False,False,False,False,False,False
2026-08-27T11:25:26,TECHM,2026-08-27 11:20:00+05:30,BULL,NO_SIGNAL,60.0,,RVOL|ENTRY_TRIGGER,1597.2,1591.7744,70.22,0.194,0.725,1.05,1589.9134,1582.9546,1589.6283,BULL,1597.9,1582.9335,70.95,1.835,33.32,True,False,False,False,False,False,False,False
2026-08-27T11:25:26,ICICIBANK,2026-08-27 11:20:00+05:30,BULL,NO_SIGNAL,60.0,,RVOL|ENTRY_TRIGGER,1440.1,1440.5659,49.4,-0.042,0.705,1.05,1440.1674,1425.3824,1436.2408,BULL,1440.7,1438.0681,62.07,0.313,28.15,False,False,False,False,False,False,False,False
2026-08-27T11:25:27,JIOFIN,2026-08-27 11:20:00+05:30,BEAR,NO_SIGNAL,60.0,,RVOL|ENTRY_TRIGGER,239.15,240.0119,20.47,-0.313,0.967,1.05,240.5495,242.2365,240.0701,BEAR,239.35,241.1986,21.09,-1.156,28.47,False,True,False,False,False,False,False,False
2026-08-27T11:25:27,TATASTEEL,2026-08-27 11:20:00+05:30,BULL,NEAR,80.0,TREND_CONTINUATION,RVOL,188.51,188.1683,55.27,0.106,0.495,1.05,188.7274,186.0002,187.3843,BULL,188.41,187.2996,61.19,1.247,36.22,True,False,False,False,False,False,True,False
2026-08-27T11:25:28,TITAN,2026-08-27 11:20:00+05:30,BULL,NO_SIGNAL,40.0,,ST_BULL|RVOL|ENTRY_TRIGGER,5115.0,5110.5137,56.46,-0.029,0.303,1.05,5099.8313,5092.3037,5120.8815,BEAR,5120.0,5103.0553,60.79,0.418,23.4,False,False,False,False,False,False,False,False
2026-08-27T11:25:29,INFY,2026-08-27 11:20:00+05:30,BEAR,NO_SIGNAL,40.0,,MACRO_BEAR|RVOL|ENTRY_TRIGGER,1112.5,1115.0936,39.3,-0.314,0.362,1.05,1117.1683,1127.6366,1119.2865,BEAR,1112.7,1118.4576,34.95,-0.749,13.63,False,True,False,False,False,False,False,False
2026-08-27T11:25:29,TRENT,2026-08-27 11:20:00+05:30,BEAR,NEAR,80.0,BREAKOUT_CONTINUATION,MACRO_BEAR,2883.0,2895.3897,22.87,-0.483,3.124,1.05,2900.899,2917.0054,2896.2118,BEAR,2890.8,2907.0081,31.25,-0.769,15.56,False,True,False,False,False,True,False,False
2026-08-27T11:25:30,ASIANPAINT,2026-08-27 11:20:00+05:30,BULL,NO_SIGNAL,40.0,,MACRO_BULL|RVOL|ENTRY_TRIGGER,2636.8,2641.2864,43.04,-0.011,0.457,1.05,2641.0077,2632.2903,2635.3158,BULL,2642.2,2641.5868,51.2,-0.026,18.7,False,True,False,False,False,False,False,False
2026-08-27T11:25:30,ULTRACEMCO,2026-08-27 11:20:00+05:30,BULL,NO_SIGNAL,40.0,,ST_BULL|RVOL|ENTRY_TRIGGER,11716.0,11737.9908,42.88,-0.459,0.464,1.05,11744.428,11593.3121,11782.129,BEAR,11733.0,11713.1649,56.54,0.334,32.09,False,True,False,False,False,False,False,True
2026-08-27T11:25:31,HDFCBANK,2026-08-27 11:20:00+05:30,BEAR,SIGNAL,100.0,BREAKOUT_CONTINUATION,,716.5,719.7881,21.27,-0.486,1.857,1.05,719.8243,725.1155,719.6225,BEAR,718.1,723.3622,25.43,-1.407,32.95,False,True,False,False,False,True,False,False
2026-08-27T11:25:31,RELIANCE,2026-08-27 11:20:00+05:30,BEAR,NO_SIGNAL,60.0,,MACRO_BEAR|ENTRY_TRIGGER,1288.5,1294.7192,16.78,-0.594,1.667,1.05,1296.8014,1305.2088,1293.018,BEAR,1290.1,1300.4588,19.32,-0.982,21.2,False,True,False,False,False,False,False,False
2026-08-27T11:25:32,M&M,2026-08-27 11:20:00+05:30,BEAR,NO_SIGNAL,60.0,,RVOL|ENTRY_TRIGGER,3359.9,3374.4855,21.44,-0.665,0.58,1.05,3382.693,3414.509,3374.4798,BEAR,3361.3,3396.6362,17.96,-1.825,36.11,False,True,False,False,False,False,False,False
2026-08-27T11:25:32,SUNPHARMA,2026-08-27 11:20:00+05:30,BEAR,NO_SIGNAL,40.0,,MACRO_BEAR|RVOL|ENTRY_TRIGGER,1911.4,1910.5807,52.04,0.157,0.358,1.05,1909.1546,1912.3897,1914.1721,BEAR,1910.7,1911.8535,47.13,-0.183,13.64,False,False,False,False,False,False,False,False
2026-08-27T11:30:07,BEL,2026-08-27 11:25:00+05:30,BULL,NO_SIGNAL,60.0,,MACRO_BULL|ENTRY_TRIGGER,409.85,410.1193,46.0,-0.098,2.335,1.05,410.4603,409.1894,408.9076,BULL,409.85,409.8126,50.9,0.232,18.35,False,False,False,False,False,False,False,False
2026-08-27T11:30:08,TATACONSUM,2026-08-27 11:25:00+05:30,BEAR,NEAR,80.0,,ENTRY_TRIGGER,1041.6,1040.8836,52.47,0.327,1.807,1.05,1041.1685,1049.9589,1043.9993,BEAR,1041.6,1042.981,43.31,-0.096,26.03,False,False,False,False,False,False,False,False
2026-08-27T11:30:08,BAJAJ-AUTO,2026-08-27 11:25:00+05:30,BEAR,NO_SIGNAL,60.0,,RVOL|ENTRY_TRIGGER,11648.0,11651.9313,45.02,0.034,0.506,1.05,11664.1349,11781.7603,11691.2021,BEAR,11648.0,11705.4581,34.03,-1.28,31.79,False,False,False,False,False,False,False,False
2026-08-27T11:30:09,NESTLEIND,2026-08-27 11:25:00+05:30,BEAR,NO_SIGNAL,40.0,,MACRO_BEAR|RVOL|ENTRY_TRIGGER,1443.6,1446.4429,37.25,-0.131,0.539,1.05,1452.0341,1462.8684,1448.4966,BEAR,1443.6,1450.5622,30.58,-0.579,12.27,False,True,False,False,False,False,False,False
2026-08-27T11:30:09,BAJFINANCE,2026-08-27 11:25:00+05:30,BEAR,NO_SIGNAL,60.0,TREND_CONTINUATION,BELOW_WVWAP|RVOL,1087.5,1089.5642,39.02,-0.248,0.341,1.05,1096.4074,1086.5836,1092.3815,BEAR,1087.5,1089.0952,47.56,-0.129,33.56,False,True,False,False,False,False,False,True
2026-08-27T11:30:10,HINDALCO,2026-08-27 11:25:00+05:30,BEAR,NO_SIGNAL,60.0,,RVOL|ENTRY_TRIGGER,1039.7,1043.1875,36.16,-0.469,0.398,1.05,1044.2665,1049.8064,1045.7957,BEAR,1039.7,1046.1856,33.76,-1.211,27.73,False,True,False,False,False,False,False,False
2026-08-27T11:30:10,NTPC,2026-08-27 11:25:00+05:30,BEAR,NO_SIGNAL,60.0,,RVOL|ENTRY_TRIGGER,330.2,330.7698,37.79,-0.151,0.188,1.05,330.8753,337.3392,331.464,BEAR,330.2,333.5648,24.02,-1.843,35.86,False,True,False,False,False,False,False,False
2026-08-27T11:30:11,HDFCLIFE,2026-08-27 11:25:00+05:30,BEAR,NO_SIGNAL,60.0,,RVOL|ENTRY_TRIGGER,552.1,553.3486,37.67,-0.262,0.24,1.05,553.4372,554.6338,554.0141,BEAR,552.1,555.1565,38.75,-1.428,28.68,False,True,False,False,False,False,False,False
2026-08-27T11:30:11,SBILIFE,2026-08-27 11:25:00+05:30,BULL,NO_SIGNAL,60.0,,RVOL|ENTRY_TRIGGER,1782.0,1787.1919,42.71,-0.669,0.575,1.05,1784.981,1770.1196,1780.9312,BULL,1782.0,1781.6048,52.03,0.508,25.03,False,True,False,False,False,False,False,True
2026-08-27T11:30:12,HINDUNILVR,2026-08-27 11:25:00+05:30,BEAR,NEAR,80.0,,ENTRY_TRIGGER,2009.3,2010.8187,41.65,0.184,1.421,1.05,2011.4137,2021.805,2014.6502,BEAR,2009.3,2017.161,33.24,-0.736,28.08,False,False,False,False,False,False,False,False
2026-08-27T11:30:13,MARUTI,2026-08-27 11:25:00+05:30,BEAR,NO_SIGNAL,60.0,,RVOL|ENTRY_TRIGGER,13465.0,13458.2627,49.46,0.201,1.045,1.05,13458.7904,13551.1665,13487.7273,BEAR,13465.0,13509.4317,36.56,-0.774,22.94,False,False,False,False,False,False,False,False
2026-08-27T11:30:13,ITC,2026-08-27 11:25:00+05:30,BEAR,NO_SIGNAL,60.0,,RVOL|ENTRY_TRIGGER,269.1,269.4063,37.19,-0.056,0.545,1.05,269.7817,270.0924,269.9529,BEAR,269.1,270.1587,35.6,-0.829,32.24,False,True,False,False,False,False,False,False
2026-08-27T11:30:14,TMPV,2026-08-27 11:25:00+05:30,BULL,NO_SIGNAL,20.0,,MACRO_BULL|ST_BULL|RVOL|ENTRY_TRIGGER,314.7,314.8038,47.35,-0.079,0.803,1.05,315.1191,314.3149,315.8016,BEAR,314.7,314.9138,48.03,0.016,27.16,False,False,False,False,False,False,False,False
2026-08-27T11:30:14,ADANIPORTS,2026-08-27 11:25:00+05:30,BULL,NO_SIGNAL,60.0,,RVOL|ENTRY_TRIGGER,1698.3,1696.8818,54.95,0.218,0.206,1.05,1696.9255,1691.3948,1691.5405,BULL,1698.3,1695.8141,56.64,0.218,35.38,False,False,False,False,False,False,False,False
2026-08-27T11:30:15,DRREDDY,2026-08-27 11:25:00+05:30,BULL,NO_SIGNAL,40.0,,MACRO_BULL|RVOL|ENTRY_TRIGGER,1186.7,1184.8192,58.54,-0.025,0.441,1.05,1182.5607,1186.4693,1181.3496,BULL,1186.7,1185.4384,52.15,-0.436,11.56,False,False,False,False,False,False,False,False
2026-08-27T11:30:15,WIPRO,2026-08-27 11:25:00+05:30,BEAR,NO_SIGNAL,40.0,,MACRO_BEAR|RVOL|ENTRY_TRIGGER,177.07,177.0812,47.68,-0.006,0.756,1.05,177.3446,179.8184,177.37,BEAR,177.07,177.4977,37.55,-0.338,20.23,False,False,False,False,False,False,False,False
2026-08-27T11:30:16,ONGC,2026-08-27 11:25:00+05:30,BULL,NO_SIGNAL,40.0,,ABOVE_WVWAP|RVOL|ENTRY_TRIGGER,233.64,233.0357,64.03,0.655,0.474,1.05,233.0567,234.4371,232.5782,BULL,233.64,232.9563,57.84,0.171,28.1,True,False,False,False,False,False,False,False
2026-08-27T11:30:16,SBIN,2026-08-27 11:25:00+05:30,BEAR,NEAR,80.0,TREND_CONTINUATION,BELOW_WVWAP,1045.4,1047.4342,29.53,-0.105,2.378,1.05,1048.3788,1042.9578,1049.6215,BEAR,1045.4,1049.9988,31.97,-0.91,28.17,False,True,False,False,False,False,False,True
2026-08-27T11:30:17,EICHERMOT,2026-08-27 11:25:00+05:30,BEAR,NEAR,80.0,,ENTRY_TRIGGER,8019.5,8032.7607,42.96,-0.28,1.099,1.05,8025.7261,8041.3786,8062.2564,BEAR,8019.5,8046.3594,41.2,-0.884,38.05,False,True,False,False,False,False,False,False
2026-08-27T11:30:17,COALINDIA,2026-08-27 11:25:00+05:30,BULL,NO_SIGNAL,20.0,,MACRO_BULL|ABOVE_WVWAP|RVOL|ENTRY_TRIGGER,401.95,401.7254,51.22,0.387,0.682,1.05,402.0887,404.1008,400.6888,BULL,401.95,402.5048,43.9,-0.729,15.76,False,False,False,True,False,False,False,False
2026-08-27T11:30:18,BAJAJFINSV,2026-08-27 11:25:00+05:30,BEAR,NO_SIGNAL,60.0,,MACRO_BEAR|ENTRY_TRIGGER,2002.5,2007.9823,32.42,-0.279,1.589,1.05,2012.2255,2008.2367,2013.0765,BEAR,2002.5,2009.5682,38.58,-0.398,13.34,False,True,False,False,False,False,False,False
2026-08-27T11:30:18,MAXHEALTH,2026-08-27 11:25:00+05:30,BEAR,NO_SIGNAL,40.0,,BELOW_WVWAP|RVOL|ENTRY_TRIGGER,1000.7,1003.3838,30.78,-0.279,0.371,1.05,1005.1705,1000.3126,1004.8814,BEAR,1000.7,1007.9872,33.5,-1.545,34.23,False,True,False,False,False,False,False,False
2026-08-27T11:30:19,KOTAKBANK,2026-08-27 11:25:00+05:30,BULL,NO_SIGNAL,60.0,,RVOL|ENTRY_TRIGGER,424.1,423.9616,55.16,-0.446,0.458,1.05,423.1672,410.5315,421.74,BULL,424.1,419.7495,72.11,2.058,67.86,False,False,False,False,False,False,False,False
2026-08-27T11:30:19,APOLLOHOSP,2026-08-27 11:25:00+05:30,BULL,NO_SIGNAL,20.0,VWAP_PULLBACK,MACRO_BULL|ST_BULL|RVOL|ENTRY_TRIGGER,8791.0,8786.1015,52.07,0.125,0.106,1.05,8790.6715,8724.892,8808.6043,BEAR,8791.0,8789.6149,51.21,-0.136,42.55,False,False,True,False,False,False,False,False
2026-08-27T11:30:20,CIPLA,2026-08-27 11:25:00+05:30,BEAR,NEAR,80.0,,ENTRY_TRIGGER,1405.7,1405.6232,48.87,-0.021,2.051,1.05,1406.2093,1420.039,1410.0739,BEAR,1405.7,1408.0237,42.9,-0.727,29.87,False,False,False,False,False,False,False,False
2026-08-27T11:30:20,JSWSTEEL,2026-08-27 11:25:00+05:30,BULL,NEAR,80.0,,ENTRY_TRIGGER,1341.0,1339.6267,57.05,0.06,1.067,1.05,1340.7477,1320.1758,1335.4097,BULL,1341.0,1333.7757,72.43,0.774,59.22,True,False,False,False,False,False,False,False
2026-08-27T11:30:21,HCLTECH,2026-08-27 11:25:00+05:30,BEAR,NO_SIGNAL,60.0,,RVOL|ENTRY_TRIGGER,1286.6,1286.1664,48.51,0.163,0.727,1.05,1286.8028,1304.9427,1289.8694,BEAR,1286.6,1291.8409,35.71,-1.061,28.05,False,False,False,False,False,False,False,False
2026-08-27T11:30:21,TCS,2026-08-27 11:25:00+05:30,BEAR,NO_SIGNAL,40.0,,MACRO_BEAR|RVOL|ENTRY_TRIGGER,2248.0,2252.5683,33.14,-0.138,0.493,1.05,2256.65,2281.2321,2257.3412,BEAR,2248.0,2260.996,27.01,-1.008,13.82,False,True,False,False,False,False,False,False
2026-08-27T11:30:22,INDIGO,2026-08-27 11:25:00+05:30,BEAR,NO_SIGNAL,40.0,,BELOW_WVWAP|RVOL|ENTRY_TRIGGER,5219.0,5217.5137,49.14,0.269,0.483,1.05,5215.8255,5175.6206,5230.1568,BEAR,5219.0,5225.5693,47.92,-0.628,25.84,False,False,True,False,False,False,False,False
2026-08-27T11:30:22,BHARTIARTL,2026-08-27 11:25:00+05:30,BEAR,NEAR,80.0,VWAP_PULLBACK,RVOL,1897.5,1900.6298,38.62,-0.147,0.595,1.05,1900.4661,1924.3851,1903.5735,BEAR,1897.5,1907.4272,31.07,-0.872,37.77,False,True,False,True,False,False,False,False
2026-08-27T11:30:23,ETERNAL,2026-08-27 11:25:00+05:30,BEAR,NO_SIGNAL,60.0,,MACRO_BEAR|ENTRY_TRIGGER,326.75,326.9805,47.8,0.138,1.134,1.05,327.4096,328.142,328.589,BEAR,326.75,327.0353,47.13,0.245,20.44,False,False,False,False,False,False,False,False
2026-08-27T11:30:24,LT,2026-08-27 11:25:00+05:30,BEAR,NEAR,80.0,,ENTRY_TRIGGER,4027.8,4036.4706,34.78,-0.253,1.898,1.05,4040.4292,4082.1476,4041.6615,BEAR,4027.8,4048.5135,29.19,-0.842,35.22,False,True,False,False,False,False,False,False
2026-08-27T11:30:24,SHRIRAMFIN,2026-08-27 11:25:00+05:30,BEAR,NEAR,80.0,TREND_CONTINUATION,RVOL,1095.3,1099.1097,34.8,-0.427,0.587,1.05,1102.085,1118.5794,1100.9698,BEAR,1095.3,1107.6624,32.27,-2.074,33.07,False,True,False,False,False,False,False,True
2026-08-27T11:30:25,GRASIM,2026-08-27 11:25:00+05:30,BULL,NO_SIGNAL,40.0,VWAP_PULLBACK,MACRO_BULL|RVOL|ENTRY_TRIGGER,3288.3,3286.1686,53.07,0.012,0.662,1.05,3285.8176,3275.9481,3274.1812,BULL,3288.3,3284.0667,53.29,-0.094,35.66,False,False,True,False,False,False,False,False
2026-08-27T11:30:25,AXISBANK,2026-08-27 11:25:00+05:30,BULL,NO_SIGNAL,60.0,,RVOL|ENTRY_TRIGGER,1257.5,1258.2683,47.34,-0.246,1.038,1.05,1258.6626,1244.1705,1253.7598,BULL,1257.5,1255.7219,59.22,0.271,44.72,False,False,False,False,False,False,False,False
2026-08-27T11:30:26,POWERGRID,2026-08-27 11:25:00+05:30,BEAR,NEAR,80.0,,ENTRY_TRIGGER,263.85,263.381,52.65,0.514,5.261,1.05,263.494,268.4217,263.8547,BEAR,263.85,265.1038,33.71,-1.161,41.33,False,False,False,False,False,False,False,False
2026-08-27T11:30:26,ADANIENT,2026-08-27 11:25:00+05:30,BULL,NO_SIGNAL,60.0,,RVOL|ENTRY_TRIGGER,3139.7,3142.8343,46.89,-0.003,0.425,1.05,3144.6656,3079.2206,3126.217,BULL,3139.7,3134.3568,59.41,0.169,48.95,False,False,False,False,False,False,False,False
2026-08-27T11:30:27,TECHM,2026-08-27 11:25:00+05:30,BULL,NO_SIGNAL,60.0,,RVOL|ENTRY_TRIGGER,1598.0,1592.3404,71.49,0.295,0.911,1.05,1590.1089,1583.0067,1589.6283,BULL,1598.0,1584.3032,71.03,1.589,35.34,True,False,False,False,False,False,False,False
2026-08-27T11:30:27,ICICIBANK,2026-08-27 11:25:00+05:30,BULL,NEAR,80.0,VWAP_PULLBACK,ENTRY_TRIGGER,1441.4,1440.6418,54.93,0.014,1.194,1.05,1440.2018,1425.458,1436.2408,BULL,1441.4,1438.371,63.74,0.397,28.64,False,False,True,False,False,False,False,False
2026-08-27T11:30:28,JIOFIN,2026-08-27 11:25:00+05:30,BEAR,NO_SIGNAL,60.0,,RVOL|ENTRY_TRIGGER,239.4,239.9563,29.88,-0.167,0.725,1.05,240.52,242.2267,240.0701,BEAR,239.4,241.0351,22.17,-1.115,30.44,False,True,False,False,False,False,False,False
2026-08-27T11:30:28,TATASTEEL,2026-08-27 11:25:00+05:30,BULL,SIGNAL,100.0,VWAP_PULLBACK,,189.0,188.244,60.25,0.462,3.45,1.05,188.7458,186.0435,187.3843,BULL,189.0,187.4542,64.49,1.395,36.75,True,False,True,False,True,False,True,False
2026-08-27T11:30:29,TITAN,2026-08-27 11:25:00+05:30,BULL,NO_SIGNAL,40.0,,ST_BULL|RVOL|ENTRY_TRIGGER,5115.0,5110.9216,56.46,0.002,0.169,1.05,5099.9052,5092.3415,5120.8815,BEAR,5115.0,5104.1412,57.49,0.302,23.09,True,False,False,False,False,False,False,False
2026-08-27T11:30:29,INFY,2026-08-27 11:25:00+05:30,BEAR,NO_SIGNAL,40.0,,MACRO_BEAR|RVOL|ENTRY_TRIGGER,1112.2,1114.8305,38.54,-0.054,0.243,1.05,1117.1301,1127.6258,1118.4193,BEAR,1112.2,1117.8887,34.2,-0.9,12.87,False,True,False,False,False,False,False,False
2026-08-27T11:30:30,TRENT,2026-08-27 11:25:00+05:30,BEAR,NO_SIGNAL,40.0,,MACRO_BEAR|RVOL|ENTRY_TRIGGER,2881.9,2894.1633,21.97,-0.432,1.015,1.05,2900.2446,2916.9156,2894.003,BEAR,2881.9,2904.7256,26.46,-1.0,16.96,False,True,False,False,False,False,False,False
2026-08-27T11:30:30,ASIANPAINT,2026-08-27 11:25:00+05:30,BULL,NO_SIGNAL,60.0,,MACRO_BULL|ENTRY_TRIGGER,2642.0,2641.3513,51.12,-0.147,2.038,1.05,2640.8725,2632.3457,2635.3158,BULL,2642.0,2641.6244,50.99,0.072,19.14,False,False,False,False,False,False,False,False
2026-08-27T11:30:31,ULTRACEMCO,2026-08-27 11:25:00+05:30,BULL,NO_SIGNAL,40.0,,ST_BULL|RVOL|ENTRY_TRIGGER,11730.0,11737.2644,47.8,-0.34,0.605,1.05,11743.9131,11593.5975,11782.129,BEAR,11730.0,11714.6954,55.9,0.171,30.98,False,False,False,False,False,False,False,False
2026-08-27T11:30:31,HDFCBANK,2026-08-27 11:25:00+05:30,BEAR,NEAR,80.0,,ENTRY_TRIGGER,716.05,719.4483,19.97,-0.556,1.3,1.05,719.6953,725.0414,719.0978,BEAR,716.05,722.6974,21.7,-1.628,35.12,False,True,False,False,False,False,False,False
2026-08-27T11:30:32,RELIANCE,2026-08-27 11:25:00+05:30,BEAR,NO_SIGNAL,60.0,,RVOL|ENTRY_TRIGGER,1289.6,1294.2538,24.26,-0.502,0.802,1.05,1296.5908,1305.1522,1293.018,BEAR,1289.6,1299.4716,18.81,-0.96,23.25,False,True,False,False,False,False,False,False
2026-08-27T11:30:32,M&M,2026-08-27 11:25:00+05:30,BEAR,NEAR,80.0,,ENTRY_TRIGGER,3363.9,3373.5232,29.92,-0.42,2.848,1.05,3381.3608,3413.9686,3374.4798,BEAR,3363.9,3393.6602,21.25,-1.767,38.23,False,True,False,False,False,False,False,False
2026-08-27T11:30:33,SUNPHARMA,2026-08-27 11:25:00+05:30,BEAR,NO_SIGNAL,40.0,,MACRO_BEAR|RVOL|ENTRY_TRIGGER,1912.3,1910.737,54.23,0.147,0.316,1.05,1909.1773,1912.3893,1914.1721,BEAR,1912.3,1911.8941,50.1,-0.068,13.62,False,False,False,False,False,False,False,False
2026-08-27T11:38:32,BEL,2026-08-27 11:30:00+05:30,BULL,NO_SIGNAL,40.0,,MACRO_BULL|RVOL|ENTRY_TRIGGER,410.1,410.1175,50.02,0.0,0.901,1.05,410.4531,409.1914,408.9076,BULL,409.85,409.8126,50.9,0.232,18.35,False,False,False,False,False,False,False,False
2026-08-27T11:38:33,TATACONSUM,2026-08-27 11:30:00+05:30,BEAR,NO_SIGNAL,60.0,,RVOL|ENTRY_TRIGGER,1041.2,1040.9123,50.31,0.058,0.897,1.05,1041.1785,1049.9294,1043.9993,BEAR,1041.6,1042.981,43.31,-0.096,26.03,False,False,False,False,False,False,False,False
2026-08-27T11:38:34,BAJAJ-AUTO,2026-08-27 11:30:00+05:30,BEAR,NO_SIGNAL,60.0,,RVOL|ENTRY_TRIGGER,11649.0,11651.6648,45.42,0.009,0.54,1.05,11663.8506,11781.4517,11691.2021,BEAR,11648.0,11705.4581,34.03,-1.28,31.79,False,False,False,False,False,False,False,False
2026-08-27T11:38:34,NESTLEIND,2026-08-27 11:30:00+05:30,BEAR,NO_SIGNAL,40.0,,MACRO_BEAR|RVOL|ENTRY_TRIGGER,1445.4,1446.3481,44.24,-0.145,0.369,1.05,1451.9801,1462.8576,1448.4966,BEAR,1443.6,1450.5622,30.58,-0.579,12.27,False,True,False,False,False,False,False,False
2026-08-27T11:38:35,BAJFINANCE,2026-08-27 11:30:00+05:30,BEAR,NO_SIGNAL,40.0,,BELOW_WVWAP|RVOL|ENTRY_TRIGGER,1088.3,1089.4493,43.43,-0.211,0.838,1.05,1096.2948,1086.5882,1092.3815,BEAR,1087.5,1089.0952,47.56,-0.129,33.56,False,True,False,False,False,False,False,False
2026-08-27T11:38:35,HINDALCO,2026-08-27 11:30:00+05:30,BEAR,NO_SIGNAL,60.0,,RVOL|ENTRY_TRIGGER,1039.7,1042.8704,36.16,-0.426,0.403,1.05,1044.2095,1049.7924,1045.1713,BEAR,1039.7,1046.1856,33.76,-1.211,27.73,False,True,False,False,False,False,False,False
2026-08-27T11:38:36,NTPC,2026-08-27 11:30:00+05:30,BEAR,NO_SIGNAL,60.0,,RVOL|ENTRY_TRIGGER,330.15,330.7134,37.37,0.182,0.14,1.05,330.8712,337.3309,331.464,BEAR,330.2,333.5648,24.02,-1.843,35.86,False,False,False,False,False,False,False,False
2026-08-27T11:38:36,HDFCLIFE,2026-08-27 11:30:00+05:30,BEAR,NEAR,80.0,VWAP_PULLBACK,RVOL,551.95,553.2214,36.88,-0.325,0.416,1.05,553.4192,554.6311,554.0141,BEAR,552.1,555.1565,38.75,-1.428,28.68,False,True,False,True,False,False,False,True
2026-08-27T11:38:37,SBILIFE,2026-08-27 11:30:00+05:30,BULL,NO_SIGNAL,60.0,,RVOL|ENTRY_TRIGGER,1781.3,1786.6563,41.73,-0.929,0.497,1.05,1784.9277,1770.1416,1780.9312,BULL,1782.0,1781.6048,52.03,0.508,25.03,False,True,False,False,False,False,False,False
2026-08-27T11:38:37,HINDUNILVR,2026-08-27 11:30:00+05:30,BEAR,NO_SIGNAL,60.0,,RVOL|ENTRY_TRIGGER,2010.6,2010.7989,45.94,0.199,0.181,1.05,2011.4042,2021.7948,2014.6502,BEAR,2009.3,2017.161,33.24,-0.736,28.08,False,False,False,False,False,False,False,False
2026-08-27T11:38:38,MARUTI,2026-08-27 11:30:00+05:30,BEAR,NO_SIGNAL,60.0,,RVOL|ENTRY_TRIGGER,13470.0,13459.3297,51.61,0.141,0.984,1.05,13459.1645,13550.8475,13487.7273,BEAR,13465.0,13509.4317,36.56,-0.774,22.94,False,False,False,False,False,False,False,False
2026-08-27T11:38:38,ITC,2026-08-27 11:30:00+05:30,BEAR,NO_SIGNAL,60.0,,RVOL|ENTRY_TRIGGER,269.35,269.4012,44.77,0.093,0.514,1.05,269.7738,270.0912,269.9529,BEAR,269.1,270.1587,35.6,-0.829,32.24,False,False,False,False,False,False,False,False
2026-08-27T11:38:39,TMPV,2026-08-27 11:30:00+05:30,BULL,NO_SIGNAL,40.0,BREAKOUT_CONTINUATION,MACRO_BULL|ST_BULL|ENTRY_TRIGGER,315.1,314.8308,53.71,0.143,2.189,1.05,315.1112,314.3181,315.8016,BEAR,314.7,314.9138,48.03,0.016,27.16,False,False,False,False,True,False,False,False
2026-08-27T11:38:39,ADANIPORTS,2026-08-27 11:30:00+05:30,BULL,NO_SIGNAL,60.0,,RVOL|ENTRY_TRIGGER,1697.7,1696.9562,52.91,-0.035,0.394,1.05,1696.9341,1691.4059,1691.5405,BULL,1698.3,1695.8141,56.64,0.218,35.38,False,False,False,False,False,False,False,False
2026-08-27T11:38:40,DRREDDY,2026-08-27 11:30:00+05:30,BULL,NEAR,80.0,BREAKOUT_CONTINUATION,MACRO_BULL,1187.4,1185.0538,61.04,0.059,2.269,1.05,1182.9061,1186.4742,1182.7854,BULL,1186.7,1185.4384,52.15,-0.436,11.56,True,False,False,False,True,False,False,False
2026-08-27T11:38:41,WIPRO,2026-08-27 11:30:00+05:30,BEAR,NO_SIGNAL,40.0,,MACRO_BEAR|RVOL|ENTRY_TRIGGER,177.13,177.0856,49.91,0.051,0.393,1.05,177.3421,179.8166,177.37,BEAR,177.07,177.4977,37.55,-0.338,20.23,False,False,False,False,False,False,False,False
2026-08-27T11:38:41,ONGC,2026-08-27 11:30:00+05:30,BULL,NO_SIGNAL,40.0,,ABOVE_WVWAP|RVOL|ENTRY_TRIGGER,233.61,233.0879,63.22,0.698,0.377,1.05,233.0635,234.4358,232.6217,BULL,233.64,232.9563,57.84,0.171,28.1,True,False,False,False,False,False,False,False
2026-08-27T11:38:42,SBIN,2026-08-27 11:30:00+05:30,BEAR,NO_SIGNAL,40.0,,BELOW_WVWAP|RVOL|ENTRY_TRIGGER,1047.6,1047.4493,47.45,0.067,0.944,1.05,1048.3438,1042.9633,1049.6215,BEAR,1045.4,1049.9988,31.97,-0.91,28.17,False,False,False,False,False,False,False,False
2026-08-27T11:38:42,EICHERMOT,2026-08-27 11:30:00+05:30,BEAR,SIGNAL,100.0,VWAP_PULLBACK,,8013.5,8031.0098,40.86,-0.379,1.783,1.05,8025.1681,8041.1635,8062.2564,BEAR,8019.5,8046.3594,41.2,-0.884,38.05,False,True,False,True,False,False,False,False
2026-08-27T11:38:43,COALINDIA,2026-08-27 11:30:00+05:30,BULL,NO_SIGNAL,20.0,,MACRO_BULL|ABOVE_WVWAP|RVOL|ENTRY_TRIGGER,402.1,401.7594,53.51,0.349,0.617,1.05,402.0889,404.0991,400.8904,BULL,401.95,402.5048,43.9,-0.729,15.76,False,False,False,False,False,False,False,False
2026-08-27T11:38:43,BAJAJFINSV,2026-08-27 11:30:00+05:30,BEAR,NO_SIGNAL,40.0,,MACRO_BEAR|RVOL|ENTRY_TRIGGER,2003.1,2007.5385,34.65,-0.423,0.955,1.05,2012.0088,2008.2273,2011.5155,BEAR,2002.5,2009.5682,38.58,-0.398,13.34,False,True,False,False,False,False,False,False
2026-08-27T11:38:44,MAXHEALTH,2026-08-27 11:30:00+05:30,BEAR,NO_SIGNAL,60.0,,RVOL|ENTRY_TRIGGER,1000.3,1003.1035,29.56,-0.239,0.719,1.05,1005.1005,1000.3128,1004.8814,BEAR,1000.7,1007.9872,33.5,-1.545,34.23,False,True,False,False,False,False,False,False
2026-08-27T11:38:44,KOTAKBANK,2026-08-27 11:30:00+05:30,BULL,NO_SIGNAL,60.0,,RVOL|ENTRY_TRIGGER,424.2,423.9833,55.81,-0.341,0.509,1.05,423.178,410.5671,421.74,BULL,424.1,419.7495,72.11,2.058,67.86,False,False,False,False,False,False,False,False
2026-08-27T11:38:45,APOLLOHOSP,2026-08-27 11:30:00+05:30,BULL,NO_SIGNAL,20.0,,MACRO_BULL|ST_BULL|RVOL|ENTRY_TRIGGER,8788.0,8786.2741,50.54,0.103,0.409,1.05,8790.6625,8724.9995,8808.6043,BEAR,8791.0,8789.6149,51.21,-0.136,42.55,False,False,False,False,False,False,False,False
2026-08-27T11:38:45,CIPLA,2026-08-27 11:30:00+05:30,BEAR,NEAR,80.0,,ENTRY_TRIGGER,1407.2,1405.7665,54.13,0.021,1.905,1.05,1406.2468,1420.0095,1410.0739,BEAR,1405.7,1408.0237,42.9,-0.727,29.87,False,False,False,False,False,False,False,False
2026-08-27T11:38:46,JSWSTEEL,2026-08-27 11:30:00+05:30,BULL,NO_SIGNAL,60.0,,RVOL|ENTRY_TRIGGER,1340.9,1339.7424,56.67,0.112,0.463,1.05,1340.7491,1320.2079,1335.4097,BULL,1341.0,1333.7757,72.43,0.774,59.22,True,False,False,False,False,False,False,False
2026-08-27T11:38:46,HCLTECH,2026-08-27 11:30:00+05:30,BEAR,NO_SIGNAL,60.0,,RVOL|ENTRY_TRIGGER,1286.5,1286.1967,48.17,0.273,0.372,1.05,1286.7983,1304.8995,1289.8694,BEAR,1286.6,1291.8409,35.71,-1.061,28.05,False,False,False,False,False,False,False,False
2026-08-27T11:38:47,TCS,2026-08-27 11:30:00+05:30,BEAR,NO_SIGNAL,40.0,,MACRO_BEAR|RVOL|ENTRY_TRIGGER,2250.9,2252.4166,42.32,0.102,0.318,1.05,2256.5859,2281.2003,2257.3412,BEAR,2248.0,2260.996,27.01,-1.008,13.82,False,False,False,False,False,False,False,False
2026-08-27T11:38:48,INDIGO,2026-08-27 11:30:00+05:30,BEAR,NO_SIGNAL,40.0,,BELOW_WVWAP|RVOL|ENTRY_TRIGGER,5218.5,5217.6034,48.49,0.23,0.217,1.05,5215.8456,5175.6456,5230.1568,BEAR,5219.0,5225.5693,47.92,-0.628,25.84,False,False,False,False,False,False,False,False
2026-08-27T11:38:48,BHARTIARTL,2026-08-27 11:30:00+05:30,BEAR,NO_SIGNAL,60.0,,RVOL|ENTRY_TRIGGER,1897.9,1900.3816,39.92,-0.263,0.576,1.05,1900.427,1924.2989,1903.5735,BEAR,1897.5,1907.4272,31.07,-0.872,37.77,False,True,False,False,False,False,False,False
2026-08-27T11:38:49,ETERNAL,2026-08-27 11:30:00+05:30,BEAR,NO_SIGNAL,40.0,,MACRO_BEAR|RVOL|ENTRY_TRIGGER,327.2,327.0004,52.25,0.122,0.83,1.05,327.3987,328.1384,328.589,BEAR,326.75,327.0353,47.13,0.245,20.44,False,False,False,False,False,False,False,False
2026-08-27T11:38:49,LT,2026-08-27 11:30:00+05:30,BEAR,NEAR,80.0,,ENTRY_TRIGGER,4037.1,4036.5278,48.33,-0.047,1.96,1.05,4040.1138,4081.9601,4041.6615,BEAR,4027.8,4048.5135,29.19,-0.842,35.22,False,False,False,False,False,False,False,False
2026-08-27T11:38:50,SHRIRAMFIN,2026-08-27 11:30:00+05:30,BEAR,NO_SIGNAL,60.0,,RVOL|ENTRY_TRIGGER,1094.7,1098.7088,33.67,-0.437,0.611,1.05,1101.9763,1118.5115,1100.9698,BEAR,1095.3,1107.6624,32.27,-2.074,33.07,False,True,False,False,False,False,False,False
2026-08-27T11:38:51,GRASIM,2026-08-27 11:30:00+05:30,BULL,NO_SIGNAL,40.0,,MACRO_BULL|RVOL|ENTRY_TRIGGER,3285.8,3286.1351,49.72,0.012,0.667,1.05,3285.8275,3275.9602,3274.1812,BULL,3288.3,3284.0667,53.29,-0.094,35.66,False,False,False,False,False,False,False,False
2026-08-27T11:38:51,AXISBANK,2026-08-27 11:30:00+05:30,BULL,NO_SIGNAL,60.0,,RVOL|ENTRY_TRIGGER,1257.3,1258.1803,46.49,-0.246,0.224,1.05,1258.6507,1244.1943,1253.7598,BULL,1257.5,1255.7219,59.22,0.271,44.72,False,False,False,False,False,False,False,False
2026-08-27T11:38:52,POWERGRID,2026-08-27 11:30:00+05:30,BEAR,NO_SIGNAL,40.0,,ST_BEAR|RVOL|ENTRY_TRIGGER,264.0,263.4373,54.36,0.571,0.542,1.05,263.5019,268.4068,262.1672,BULL,263.85,265.1038,33.71,-1.161,41.33,False,False,False,False,False,False,False,False
2026-08-27T11:38:52,ADANIENT,2026-08-27 11:30:00+05:30,BULL,NO_SIGNAL,60.0,,RVOL|ENTRY_TRIGGER,3137.1,3142.313,44.25,-0.391,0.702,1.05,3144.5174,3079.3666,3126.217,BULL,3139.7,3134.3568,59.41,0.169,48.95,False,True,False,False,False,False,False,True
2026-08-27T11:38:53,TECHM,2026-08-27 11:30:00+05:30,BULL,NO_SIGNAL,60.0,,RVOL|ENTRY_TRIGGER,1593.5,1592.4458,56.78,0.031,0.772,1.05,1590.2111,1583.0424,1589.6283,BULL,1598.0,1584.3032,71.03,1.589,35.34,True,False,False,False,False,False,False,False
2026-08-27T11:38:53,ICICIBANK,2026-08-27 11:30:00+05:30,BULL,SIGNAL,100.0,VWAP_PULLBACK,,1443.6,1440.9107,62.42,0.111,3.857,1.05,1440.5125,1425.7276,1436.4705,BULL,1441.4,1438.371,63.74,0.397,28.64,True,False,True,False,True,False,False,False
2026-08-27T11:38:54,JIOFIN,2026-08-27 11:30:00+05:30,BEAR,NO_SIGNAL,60.0,,RVOL|ENTRY_TRIGGER,239.4,239.9057,29.88,-0.208,0.342,1.05,240.5072,242.2222,240.0701,BEAR,239.4,241.0351,22.17,-1.115,30.44,False,True,False,False,False,False,False,False
2026-08-27T11:38:54,TATASTEEL,2026-08-27 11:30:00+05:30,BULL,SIGNAL,100.0,VWAP_PULLBACK,,189.13,188.3245,61.48,0.489,1.896,1.05,188.7629,186.071,187.403,BULL,189.0,187.4542,64.49,1.395,36.75,True,False,True,False,False,False,False,False
2026-08-27T11:38:55,TITAN,2026-08-27 11:30:00+05:30,BULL,NO_SIGNAL,60.0,,RVOL|ENTRY_TRIGGER,5122.5,5111.9741,62.67,0.176,0.445,1.05,5100.1487,5092.4558,5099.5456,BULL,5115.0,5104.1412,57.49,0.302,23.09,True,False,False,False,False,False,False,False
2026-08-27T11:38:55,INFY,2026-08-27 11:30:00+05:30,BEAR,NO_SIGNAL,60.0,BREAKOUT_CONTINUATION,MACRO_BEAR|RVOL,1110.8,1114.4641,35.13,-0.144,0.609,1.05,1117.0263,1127.5985,1117.8094,BEAR,1112.2,1117.8887,34.2,-0.9,12.87,False,True,False,False,False,True,False,False
2026-08-27T11:38:56,TRENT,2026-08-27 11:30:00+05:30,BEAR,NO_SIGNAL,60.0,,MACRO_BEAR|ENTRY_TRIGGER,2892.0,2893.9667,43.81,0.031,2.664,1.05,2899.2787,2916.7264,2894.003,BEAR,2881.9,2904.7256,26.46,-1.0,16.96,False,False,False,False,False,False,False,False
2026-08-27T11:38:56,ASIANPAINT,2026-08-27 11:30:00+05:30,BULL,NO_SIGNAL,60.0,VWAP_PULLBACK,MACRO_BULL|ENTRY_TRIGGER,2644.0,2641.5921,53.83,-0.162,1.896,1.05,2640.95,2632.4218,2635.3158,BULL,2642.0,2641.6244,50.99,0.072,19.14,False,False,True,False,False,False,False,False
2026-08-27T11:38:57,ULTRACEMCO,2026-08-27 11:30:00+05:30,BULL,NO_SIGNAL,60.0,,ST_BULL|ENTRY_TRIGGER,11730.0,11736.604,47.8,-0.281,1.931,1.05,11743.0313,11594.5715,11782.129,BEAR,11730.0,11714.6954,55.9,0.171,30.98,False,False,False,False,False,False,False,False
2026-08-27T11:38:57,HDFCBANK,2026-08-27 11:30:00+05:30,BEAR,NO_SIGNAL,60.0,,RVOL|ENTRY_TRIGGER,716.25,719.1576,22.25,-0.521,0.445,1.05,719.6537,725.0162,718.8446,BEAR,716.05,722.6974,21.7,-1.628,35.12,False,True,False,False,False,False,False,False
2026-08-27T11:38:58,RELIANCE,2026-08-27 11:30:00+05:30,BEAR,NEAR,80.0,,ENTRY_TRIGGER,1290.0,1293.8671,26.84,-0.494,1.384,1.05,1296.2964,1305.06,1293.018,BEAR,1289.6,1299.4716,18.81,-0.96,23.25,False,True,False,False,False,False,False,False
2026-08-27T11:38:59,M&M,2026-08-27 11:30:00+05:30,BEAR,NEAR,80.0,,ENTRY_TRIGGER,3364.3,3372.6847,30.73,-0.476,1.575,1.05,3380.7529,3413.6727,3374.4798,BEAR,3363.9,3393.6602,21.25,-1.767,38.23,False,True,False,False,False,False,False,False
2026-08-27T11:38:59,SUNPHARMA,2026-08-27 11:30:00+05:30,BEAR,NO_SIGNAL,40.0,,MACRO_BEAR|RVOL|ENTRY_TRIGGER,1912.2,1910.87,53.93,-0.063,0.343,1.05,1909.2055,1912.3894,1914.1721,BEAR,1912.3,1911.8941,50.1,-0.068,13.62,False,False,False,False,False,False,False,False
2026-08-27T11:40:07,BEL,2026-08-27 11:35:00+05:30,BULL,NO_SIGNAL,40.0,,MACRO_BULL|RVOL|ENTRY_TRIGGER,410.2,410.125,51.58,0.024,0.641,1.05,410.4498,409.193,408.9762,BULL,409.85,409.8126,50.9,0.232,18.35,False,False,False,False,False,False,False,False
2026-08-27T11:40:07,TATACONSUM,2026-08-27 11:35:00+05:30,BEAR,NO_SIGNAL,60.0,VWAP_PULLBACK,RVOL|ENTRY_TRIGGER,1040.7,1040.893,47.66,0.096,0.526,1.05,1041.1725,1049.9108,1043.9993,BEAR,1041.6,1042.981,43.31,-0.096,26.03,False,False,False,True,False,False,False,False
2026-08-27T11:40:08,BAJAJ-AUTO,2026-08-27 11:35:00+05:30,BEAR,NO_SIGNAL,60.0,,RVOL|ENTRY_TRIGGER,11653.0,11651.7862,47.09,-0.069,0.477,1.05,11663.7059,11781.2005,11691.2021,BEAR,11648.0,11705.4581,34.03,-1.28,31.79,False,False,False,False,False,False,False,False
2026-08-27T11:40:08,NESTLEIND,2026-08-27 11:35:00+05:30,BEAR,NO_SIGNAL,60.0,,MACRO_BEAR|ENTRY_TRIGGER,1443.1,1446.0528,38.36,-0.318,1.349,1.05,1451.795,1462.8226,1448.4966,BEAR,1443.6,1450.5622,30.58,-0.579,12.27,False,True,False,False,False,False,False,False
2026-08-27T11:40:09,BAJFINANCE,2026-08-27 11:35:00+05:30,BEAR,NO_SIGNAL,40.0,,BELOW_WVWAP|RVOL|ENTRY_TRIGGER,1087.6,1089.2812,40.66,-0.211,0.425,1.05,1096.2358,1086.5899,1091.9885,BEAR,1087.5,1089.0952,47.56,-0.129,33.56,False,True,False,False,False,False,False,False
2026-08-27T11:40:10,HINDALCO,2026-08-27 11:35:00+05:30,BEAR,NO_SIGNAL,60.0,,RVOL|ENTRY_TRIGGER,1039.25,1042.5413,35.08,-0.484,0.219,1.05,1044.1776,1049.7848,1044.5897,BEAR,1039.7,1046.1856,33.76,-1.211,27.73,False,True,False,False,False,False,False,False
2026-08-27T11:40:10,NTPC,2026-08-27 11:35:00+05:30,BEAR,NO_SIGNAL,60.0,,RVOL|ENTRY_TRIGGER,330.35,330.6804,40.25,0.41,0.24,1.05,330.8663,337.3175,331.464,BEAR,330.2,333.5648,24.02,-1.843,35.86,False,False,False,False,False,False,False,False
2026-08-27T11:40:11,HDFCLIFE,2026-08-27 11:35:00+05:30,BEAR,NO_SIGNAL,60.0,,RVOL|ENTRY_TRIGGER,552.4,553.1468,40.88,-0.19,0.471,1.05,553.4016,554.6282,554.0141,BEAR,552.1,555.1565,38.75,-1.428,28.68,False,True,False,False,False,False,False,False
2026-08-27T11:40:11,SBILIFE,2026-08-27 11:35:00+05:30,BULL,NO_SIGNAL,60.0,,RVOL|ENTRY_TRIGGER,1781.5,1786.1875,42.14,-0.857,0.444,1.05,1784.8785,1770.16,1780.9312,BULL,1782.0,1781.6048,52.03,0.508,25.03,False,True,False,False,False,False,False,False
2026-08-27T11:40:12,HINDUNILVR,2026-08-27 11:35:00+05:30,BEAR,NO_SIGNAL,60.0,VWAP_PULLBACK,RVOL|ENTRY_TRIGGER,2009.6,2010.6899,43.3,0.115,0.252,1.05,2011.3894,2021.7806,2014.6502,BEAR,2009.3,2017.161,33.24,-0.736,28.08,False,False,False,True,False,False,False,False
2026-08-27T11:40:12,MARUTI,2026-08-27 11:35:00+05:30,BEAR,NO_SIGNAL,60.0,,RVOL|ENTRY_TRIGGER,13460.0,13459.3907,47.27,0.097,0.561,1.05,13459.2534,13550.6499,13487.7273,BEAR,13465.0,13509.4317,36.56,-0.774,22.94,False,False,False,False,False,False,False,False
2026-08-27T11:40:13,ITC,2026-08-27 11:35:00+05:30,BEAR,NEAR,80.0,,ENTRY_TRIGGER,269.35,269.3965,44.77,0.13,3.161,1.05,269.7279,270.0839,269.9529,BEAR,269.1,270.1587,35.6,-0.829,32.24,False,False,False,False,False,False,False,False
2026-08-27T11:40:13,TMPV,2026-08-27 11:35:00+05:30,BULL,NO_SIGNAL,20.0,,MACRO_BULL|ST_BULL|RVOL|ENTRY_TRIGGER,315.05,314.8507,52.85,0.0,0.654,1.05,315.111,314.3192,315.8016,BEAR,314.7,314.9138,48.03,0.016,27.16,False,False,False,False,False,False,False,False
2026-08-27T11:40:14,ADANIPORTS,2026-08-27 11:35:00+05:30,BULL,NO_SIGNAL,60.0,VWAP_PULLBACK,RVOL|ENTRY_TRIGGER,1698.1,1697.0601,54.13,0.183,0.248,1.05,1696.9411,1691.4131,1691.5405,BULL,1698.3,1695.8141,56.64,0.218,35.38,False,False,True,False,False,False,False,False
2026-08-27T11:40:14,DRREDDY,2026-08-27 11:35:00+05:30,BULL,NO_SIGNAL,40.0,,MACRO_BULL|RVOL|ENTRY_TRIGGER,1186.6,1185.1944,56.82,0.051,0.49,1.05,1182.9648,1186.4744,1182.7854,BULL,1186.7,1185.4384,52.15,-0.436,11.56,True,False,False,False,False,False,False,False
2026-08-27T11:40:15,WIPRO,2026-08-27 11:35:00+05:30,BEAR,NO_SIGNAL,40.0,VWAP_PULLBACK,MACRO_BEAR|RVOL|ENTRY_TRIGGER,177.05,177.0824,47.03,0.09,0.339,1.05,177.34,179.8151,177.37,BEAR,177.07,177.4977,37.55,-0.338,20.23,False,False,False,True,False,False,False,False
2026-08-27T11:40:15,ONGC,2026-08-27 11:35:00+05:30,BULL,NO_SIGNAL,40.0,,ABOVE_WVWAP|RVOL|ENTRY_TRIGGER,233.8,233.1526,66.13,0.798,0.617,1.05,233.0766,234.434,232.6871,BULL,233.64,232.9563,57.84,0.171,28.1,True,False,False,False,False,False,False,False
2026-08-27T11:40:16,SBIN,2026-08-27 11:35:00+05:30,BEAR,NO_SIGNAL,40.0,,BELOW_WVWAP|RVOL|ENTRY_TRIGGER,1047.1,1047.4175,44.67,0.067,0.577,1.05,1048.3291,1042.967,1049.6215,BEAR,1045.4,1049.9988,31.97,-0.91,28.17,False,False,False,False,False,False,False,False
2026-08-27T11:40:16,EICHERMOT,2026-08-27 11:35:00+05:30,BEAR,NEAR,80.0,,ENTRY_TRIGGER,8017.0,8029.7361,42.62,-0.243,1.175,1.05,8024.8044,8041.0132,8058.4996,BEAR,8019.5,8046.3594,41.2,-0.884,38.05,False,True,False,False,False,False,False,False
2026-08-27T11:40:17,COALINDIA,2026-08-27 11:35:00+05:30,BULL,NO_SIGNAL,40.0,,MACRO_BULL|ABOVE_WVWAP|ENTRY_TRIGGER,402.4,401.8177,57.77,0.474,5.761,1.05,402.1328,404.0861,400.9346,BULL,401.95,402.5048,43.9,-0.729,15.76,True,False,False,False,False,False,False,False
2026-08-27T11:40:17,BAJAJFINSV,2026-08-27 11:35:00+05:30,BEAR,NO_SIGNAL,60.0,,MACRO_BEAR|ENTRY_TRIGGER,2004.4,2007.2531,39.33,-0.229,2.845,1.05,2011.4902,2008.2049,2011.5155,BEAR,2002.5,2009.5682,38.58,-0.398,13.34,False,True,False,False,False,False,False,False
2026-08-27T11:40:18,MAXHEALTH,2026-08-27 11:35:00+05:30,BEAR,NO_SIGNAL,40.0,,BELOW_WVWAP|RVOL|ENTRY_TRIGGER,1001.4,1002.9486,36.95,-0.189,0.702,1.05,1005.045,1000.3132,1004.8814,BEAR,1000.7,1007.9872,33.5,-1.545,34.23,False,True,False,False,False,False,False,False
2026-08-27T11:40:18,KOTAKBANK,2026-08-27 11:35:00+05:30,BULL,NO_SIGNAL,60.0,,RVOL|ENTRY_TRIGGER,424.45,424.0257,57.47,-0.282,0.34,1.05,423.185,410.5896,421.74,BULL,424.1,419.7495,72.11,2.058,67.86,False,False,False,False,False,False,False,False
2026-08-27T11:40:19,APOLLOHOSP,2026-08-27 11:35:00+05:30,BULL,NO_SIGNAL,20.0,VWAP_PULLBACK,MACRO_BULL|ST_BULL|RVOL|ENTRY_TRIGGER,8792.5,8786.8401,52.79,0.142,0.105,1.05,8790.6642,8725.0277,8808.6043,BEAR,8791.0,8789.6149,51.21,-0.136,42.55,False,False,True,False,False,False,False,False
2026-08-27T11:40:19,CIPLA,2026-08-27 11:35:00+05:30,BEAR,NO_SIGNAL,60.0,,RVOL|ENTRY_TRIGGER,1407.7,1405.9423,55.76,0.114,0.758,1.05,1406.2613,1419.9972,1410.0739,BEAR,1405.7,1408.0237,42.9,-0.727,29.87,True,False,False,False,False,False,False,False
2026-08-27T11:40:20,JSWSTEEL,2026-08-27 11:35:00+05:30,BULL,NO_SIGNAL,60.0,,RVOL|ENTRY_TRIGGER,1340.4,1339.8022,54.68,0.067,0.421,1.05,1340.7467,1320.2356,1335.4097,BULL,1341.0,1333.7757,72.43,0.774,59.22,False,False,False,False,False,False,False,False
2026-08-27T11:40:21,HCLTECH,2026-08-27 11:35:00+05:30,BEAR,NO_SIGNAL,60.0,VWAP_PULLBACK,RVOL|ENTRY_TRIGGER,1284.3,1286.0243,41.41,0.14,0.614,1.05,1286.7659,1304.8237,1289.8694,BEAR,1286.6,1291.8409,35.71,-1.061,28.05,False,False,False,True,False,False,False,False
2026-08-27T11:40:21,TCS,2026-08-27 11:35:00+05:30,BEAR,NO_SIGNAL,40.0,,MACRO_BEAR|RVOL|ENTRY_TRIGGER,2250.0,2252.1969,40.47,0.089,0.407,1.05,2256.5169,2281.1636,2257.3412,BEAR,2248.0,2260.996,27.01,-1.008,13.82,False,False,False,False,False,False,False,False
2026-08-27T11:40:22,INDIGO,2026-08-27 11:35:00+05:30,BEAR,NO_SIGNAL,40.0,,BELOW_WVWAP|RVOL|ENTRY_TRIGGER,5221.0,5217.9122,51.92,0.288,0.527,1.05,5215.9121,5175.706,5230.1568,BEAR,5219.0,5225.5693,47.92,-0.628,25.84,False,False,True,False,False,False,False,False
2026-08-27T11:40:22,BHARTIARTL,2026-08-27 11:35:00+05:30,BEAR,NEAR,80.0,,ENTRY_TRIGGER,1903.2,1900.6378,53.87,-0.042,1.464,1.05,1900.479,1924.1212,1903.5735,BEAR,1897.5,1907.4272,31.07,-0.872,37.77,False,False,False,False,False,False,False,False
2026-08-27T11:40:23,ETERNAL,2026-08-27 11:35:00+05:30,BEAR,NO_SIGNAL,60.0,,MACRO_BEAR|ENTRY_TRIGGER,327.85,327.0777,57.84,0.046,1.409,1.05,327.4115,328.1363,328.589,BEAR,326.75,327.0353,47.13,0.245,20.44,True,False,False,False,False,False,False,False
2026-08-27T11:40:23,LT,2026-08-27 11:35:00+05:30,BEAR,NEAR,80.0,VWAP_PULLBACK,RVOL,4030.2,4035.9526,41.45,-0.144,0.969,1.05,4039.9388,4081.8609,4041.6615,BEAR,4027.8,4048.5135,29.19,-0.842,35.22,False,True,False,True,False,False,False,False
2026-08-27T11:40:24,SHRIRAMFIN,2026-08-27 11:35:00+05:30,BEAR,NEAR,80.0,,ENTRY_TRIGGER,1095.8,1098.4443,37.68,-0.309,1.063,1.05,1101.8142,1118.3998,1100.9698,BEAR,1095.3,1107.6624,32.27,-2.074,33.07,False,True,False,False,False,False,False,False
2026-08-27T11:40:24,GRASIM,2026-08-27 11:35:00+05:30,BULL,NO_SIGNAL,40.0,VWAP_PULLBACK,MACRO_BULL|RVOL|ENTRY_TRIGGER,3286.8,3286.1955,51.05,0.03,0.581,1.05,3285.8346,3275.9706,3274.1812,BULL,3288.3,3284.0667,53.29,-0.094,35.66,False,False,True,False,False,False,False,False
2026-08-27T11:40:25,AXISBANK,2026-08-27 11:35:00+05:30,BULL,NO_SIGNAL,60.0,,RVOL|ENTRY_TRIGGER,1257.9,1258.1548,49.43,-0.206,0.399,1.05,1258.6357,1244.2352,1253.7598,BULL,1257.5,1255.7219,59.22,0.271,44.72,False,False,False,False,False,False,False,False
2026-08-27T11:40:25,POWERGRID,2026-08-27 11:35:00+05:30,BULL,NO_SIGNAL,60.0,TREND_CONTINUATION,MACRO_BULL|ABOVE_WVWAP,264.2,263.5066,56.61,0.648,3.108,1.05,263.5614,268.329,262.4219,BULL,263.85,265.1038,33.71,-1.161,41.33,True,False,False,False,False,False,True,False
2026-08-27T11:40:26,ADANIENT,2026-08-27 11:35:00+05:30,BULL,NO_SIGNAL,60.0,,RVOL|ENTRY_TRIGGER,3137.8,3141.9028,45.14,-0.242,0.68,1.05,3144.3847,3079.4992,3126.217,BULL,3139.7,3134.3568,59.41,0.169,48.95,False,False,False,False,False,False,False,False
2026-08-27T11:40:26,TECHM,2026-08-27 11:35:00+05:30,BULL,NO_SIGNAL,60.0,,RVOL|ENTRY_TRIGGER,1591.8,1592.3871,52.39,-0.069,0.711,1.05,1590.2475,1583.0676,1589.6283,BULL,1598.0,1584.3032,71.03,1.589,35.34,False,False,False,False,False,False,False,False
2026-08-27T11:40:27,ICICIBANK,2026-08-27 11:35:00+05:30,BULL,NO_SIGNAL,60.0,,RVOL|ENTRY_TRIGGER,1444.1,1441.2006,63.88,0.083,0.684,1.05,1440.5839,1425.7846,1437.8104,BULL,1441.4,1438.371,63.74,0.397,28.64,True,False,False,False,False,False,False,False
2026-08-27T11:40:27,JIOFIN,2026-08-27 11:35:00+05:30,BEAR,NO_SIGNAL,60.0,,RVOL|ENTRY_TRIGGER,239.55,239.8734,35.21,-0.125,0.414,1.05,240.4941,242.2171,240.0701,BEAR,239.4,241.0351,22.17,-1.115,30.44,False,True,False,False,False,False,False,False
2026-08-27T11:40:28,TATASTEEL,2026-08-27 11:35:00+05:30,BULL,NO_SIGNAL,60.0,,RVOL|ENTRY_TRIGGER,189.0,188.3859,59.5,0.436,0.566,1.05,188.7677,186.0793,187.5726,BULL,189.0,187.4542,64.49,1.395,36.75,True,False,False,False,False,False,False,False
2026-08-27T11:40:28,TITAN,2026-08-27 11:35:00+05:30,BULL,NO_SIGNAL,60.0,,RVOL|ENTRY_TRIGGER,5125.0,5113.1583,64.48,0.299,1.014,1.05,5100.7057,5092.7122,5104.6534,BULL,5115.0,5104.1412,57.49,0.302,23.09,True,False,False,False,False,False,False,False
2026-08-27T11:40:29,INFY,2026-08-27 11:35:00+05:30,BEAR,NO_SIGNAL,40.0,,MACRO_BEAR|RVOL|ENTRY_TRIGGER,1111.0,1114.1492,36.0,-0.09,0.64,1.05,1116.9196,1127.5698,1117.0724,BEAR,1112.2,1117.8887,34.2,-0.9,12.87,False,True,False,False,False,False,False,False
2026-08-27T11:40:29,TRENT,2026-08-27 11:35:00+05:30,BULL,NO_SIGNAL,40.0,,MACRO_BULL|ABOVE_WVWAP|ENTRY_TRIGGER,2896.8,2894.2242,50.85,0.138,2.148,1.05,2899.1093,2916.6116,2880.3335,BULL,2881.9,2904.7256,26.46,-1.0,16.96,False,False,False,False,False,False,False,False
2026-08-27T11:40:30,ASIANPAINT,2026-08-27 11:35:00+05:30,BULL,NO_SIGNAL,40.0,VWAP_PULLBACK,MACRO_BULL|RVOL|ENTRY_TRIGGER,2644.9,2641.8928,55.03,-0.162,0.575,1.05,2641.0145,2632.4515,2635.3158,BULL,2642.0,2641.6244,50.99,0.072,19.14,False,False,True,False,False,False,False,False
2026-08-27T11:40:30,ULTRACEMCO,2026-08-27 11:35:00+05:30,BULL,NO_SIGNAL,60.0,,ST_BULL|ENTRY_TRIGGER,11717.0,11734.8218,43.74,-0.34,1.424,1.05,11741.7714,11595.2662,11781.8362,BEAR,11730.0,11714.6954,55.9,0.171,30.98,False,True,False,False,False,False,False,False
2026-08-27T11:40:31,HDFCBANK,2026-08-27 11:35:00+05:30,BEAR,NEAR,80.0,,ENTRY_TRIGGER,715.35,718.8114,19.55,-0.598,1.993,1.05,719.4576,724.9037,718.5382,BEAR,716.05,722.6974,21.7,-1.628,35.12,False,True,False,False,False,False,False,False
2026-08-27T11:40:32,RELIANCE,2026-08-27 11:35:00+05:30,BEAR,NO_SIGNAL,60.0,,RVOL|ENTRY_TRIGGER,1289.0,1293.4246,24.59,-0.555,0.519,1.05,1296.1715,1305.022,1293.018,BEAR,1289.6,1299.4716,18.81,-0.96,23.25,False,True,False,False,False,False,False,False
2026-08-27T11:40:32,M&M,2026-08-27 11:35:00+05:30,BEAR,NO_SIGNAL,60.0,,RVOL|ENTRY_TRIGGER,3364.3,3371.9225,30.73,-0.417,0.497,1.05,3380.5561,3413.5758,3374.4798,BEAR,3363.9,3393.6602,21.25,-1.767,38.23,False,True,False,False,False,False,False,False
2026-08-27T11:40:33,SUNPHARMA,2026-08-27 11:35:00+05:30,BEAR,NO_SIGNAL,40.0,,MACRO_BEAR|RVOL|ENTRY_TRIGGER,1910.6,1910.8455,49.33,-0.12,0.519,1.05,1909.2287,1912.3882,1914.1721,BEAR,1912.3,1911.8941,50.1,-0.068,13.62,False,False,False,False,False,False,False,False
2026-08-27T11:45:07,BEL,2026-08-27 11:40:00+05:30,BULL,NO_SIGNAL,40.0,,MACRO_BULL|RVOL|ENTRY_TRIGGER,410.05,410.1182,49.11,0.061,0.876,1.05,410.4457,409.1951,409.0438,BULL,410.05,409.8342,52.35,0.294,18.63,False,False,False,False,False,False,False,False
2026-08-27T11:45:07,TATACONSUM,2026-08-27 11:40:00+05:30,BEAR,NEAR,80.0,VWAP_PULLBACK,ENTRY_TRIGGER,1040.2,1040.83,45.1,-0.01,1.179,1.05,1041.1511,1049.8709,1043.9993,BEAR,1040.2,1042.7282,40.13,-0.268,25.83,False,False,False,True,False,False,False,False
2026-08-27T11:45:08,BAJAJ-AUTO,2026-08-27 11:40:00+05:30,BEAR,NO_SIGNAL,60.0,VWAP_PULLBACK,RVOL|ENTRY_TRIGGER,11646.0,11651.2602,44.53,0.189,0.43,1.05,11663.5699,11780.9838,11691.2021,BEAR,11646.0,11700.0528,33.73,-1.179,31.44,False,False,False,True,False,False,False,False
2026-08-27T11:45:08,NESTLEIND,2026-08-27 11:40:00+05:30,BEAR,NO_SIGNAL,40.0,,MACRO_BEAR|RVOL|ENTRY_TRIGGER,1442.4,1445.7207,36.76,-0.277,0.703,1.05,1451.6879,1462.8031,1448.4966,BEAR,1442.4,1449.8202,28.98,-0.839,12.1,False,True,False,False,False,False,False,False
2026-08-27T11:45:09,BAJFINANCE,2026-08-27 11:40:00+05:30,BULL,NO_SIGNAL,20.0,,MACRO_BULL|ST_BULL|RVOL|ENTRY_TRIGGER,1088.8,1089.2374,46.91,-0.055,0.781,1.05,1096.1389,1086.5948,1091.9885,BEAR,1088.8,1089.0684,50.36,0.092,33.1,False,False,False,False,False,False,False,False
2026-08-27T11:45:09,HINDALCO,2026-08-27 11:40:00+05:30,BEAR,NO_SIGNAL,60.0,,RVOL|ENTRY_TRIGGER,1039.2,1042.2375,34.96,-0.293,0.407,1.05,1044.1195,1049.7707,1044.2769,BEAR,1039.2,1045.5506,32.99,-1.502,28.52,False,True,False,False,False,False,False,False
2026-08-27T11:45:10,NTPC,2026-08-27 11:40:00+05:30,BEAR,NO_SIGNAL,60.0,VWAP_PULLBACK,RVOL|ENTRY_TRIGGER,330.3,330.6458,39.76,0.304,0.288,1.05,330.8605,337.3016,331.464,BEAR,330.3,333.268,24.97,-1.784,37.03,False,False,False,True,False,False,False,False
2026-08-27T11:45:10,HDFCLIFE,2026-08-27 11:40:00+05:30,BEAR,NO_SIGNAL,60.0,,RVOL|ENTRY_TRIGGER,552.25,553.0652,39.97,-0.19,0.277,1.05,553.3921,554.6266,554.0141,BEAR,552.25,554.8922,39.4,-1.199,28.68,False,True,False,False,False,False,False,False
2026-08-27T11:45:11,SBILIFE,2026-08-27 11:40:00+05:30,BULL,NO_SIGNAL,60.0,,RVOL|ENTRY_TRIGGER,1783.7,1785.9614,46.57,-0.602,0.404,1.05,1784.8597,1770.1796,1780.9312,BULL,1783.7,1781.7953,53.71,0.785,23.91,False,False,False,False,False,False,False,False
2026-08-27T11:45:11,HINDUNILVR,2026-08-27 11:40:00+05:30,BEAR,NEAR,80.0,,ENTRY_TRIGGER,2009.2,2010.5544,42.26,0.16,1.474,1.05,2011.2687,2021.6973,2014.6502,BEAR,2009.2,2016.4372,33.13,-0.663,28.08,False,False,False,False,False,False,False,False
2026-08-27T11:45:12,MARUTI,2026-08-27 11:40:00+05:30,BEAR,NO_SIGNAL,60.0,VWAP_PULLBACK,RVOL|ENTRY_TRIGGER,13450.0,13458.537,43.35,0.119,0.782,1.05,13459.1862,13550.3759,13487.7273,BEAR,13450.0,13504.0288,34.17,-0.738,22.13,False,False,False,True,False,False,False,False
2026-08-27T11:45:13,ITC,2026-08-27 11:40:00+05:30,BEAR,NEAR,80.0,VWAP_PULLBACK,ENTRY_TRIGGER,269.2,269.3787,41.3,0.149,3.351,1.05,269.6848,270.0759,269.9529,BEAR,269.2,270.0716,37.15,-0.628,32.28,False,False,False,True,False,False,False,False
2026-08-27T11:45:13,TMPV,2026-08-27 11:40:00+05:30,BULL,SIGNAL,100.0,VWAP_PULLBACK,,317.6,315.1006,74.89,0.889,10.853,1.05,315.5815,314.3928,314.2425,BULL,317.6,315.158,68.99,0.793,29.7,True,False,True,False,True,False,False,False
2026-08-27T11:45:14,ADANIPORTS,2026-08-27 11:40:00+05:30,BULL,NO_SIGNAL,60.0,,RVOL|ENTRY_TRIGGER,1697.7,1697.1183,52.66,0.177,0.175,1.05,1696.9455,1691.4181,1691.8558,BULL,1697.7,1695.9855,55.15,0.1,35.42,False,False,False,False,False,False,False,False
2026-08-27T11:45:14,DRREDDY,2026-08-27 11:40:00+05:30,BULL,NO_SIGNAL,40.0,,MACRO_BULL|RVOL|ENTRY_TRIGGER,1187.3,1185.3858,59.46,0.118,0.422,1.05,1183.0177,1186.4749,1182.7854,BULL,1187.3,1185.6077,53.24,-0.101,11.33,True,False,False,False,False,False,False,False
2026-08-27T11:45:15,WIPRO,2026-08-27 11:40:00+05:30,BEAR,NO_SIGNAL,60.0,,MACRO_BEAR|ENTRY_TRIGGER,177.03,177.0776,46.31,0.175,2.52,1.05,177.3229,179.8044,177.37,BEAR,177.03,177.4552,36.97,-0.461,19.32,False,False,False,False,False,False,False,False
2026-08-27T11:45:15,ONGC,2026-08-27 11:40:00+05:30,BULL,NO_SIGNAL,40.0,,ABOVE_WVWAP|RVOL|ENTRY_TRIGGER,233.73,233.2051,64.12,0.785,0.58,1.05,233.0884,234.4324,232.7547,BULL,233.73,233.0267,58.8,0.412,27.95,True,False,False,False,False,False,False,False
2026-08-27T11:45:16,SBIN,2026-08-27 11:40:00+05:30,BEAR,NO_SIGNAL,40.0,,BELOW_WVWAP|RVOL|ENTRY_TRIGGER,1048.1,1047.4796,50.87,0.162,0.562,1.05,1048.3224,1042.971,1049.6215,BEAR,1048.1,1049.8262,43.48,-0.645,27.87,False,False,False,False,False,False,False,False
2026-08-27T11:45:16,EICHERMOT,2026-08-27 11:40:00+05:30,BEAR,NO_SIGNAL,60.0,,RVOL|ENTRY_TRIGGER,8020.0,8028.851,44.15,-0.031,0.434,1.05,8024.7236,8040.9638,8058.4996,BEAR,8020.0,8043.9631,41.38,-0.878,37.93,False,True,False,False,False,False,False,False
2026-08-27T11:45:17,COALINDIA,2026-08-27 11:40:00+05:30,BULL,NO_SIGNAL,20.0,,MACRO_BULL|ABOVE_WVWAP|RVOL|ENTRY_TRIGGER,402.5,401.8797,59.12,0.499,0.289,1.05,402.1353,404.0853,400.969,BULL,402.5,402.5043,48.72,-0.371,15.17,True,False,False,False,False,False,False,False
2026-08-27T11:45:17,BAJAJFINSV,2026-08-27 11:40:00+05:30,BEAR,NO_SIGNAL,60.0,,MACRO_BEAR|ENTRY_TRIGGER,2003.0,2006.8665,36.32,-0.189,1.163,1.05,2011.2682,2008.1939,2011.5155,BEAR,2003.0,2008.9711,39.57,-0.383,13.8,False,True,False,False,False,False,False,False
2026-08-27T11:45:18,MAXHEALTH,2026-08-27 11:40:00+05:30,BEAR,SIGNAL,100.0,TREND_CONTINUATION,,1000.1,1002.6896,32.6,-0.269,1.612,1.05,1004.9144,1000.3133,1004.8814,BEAR,1000.1,1007.2702,32.65,-1.468,34.37,False,True,False,False,False,False,False,True
2026-08-27T11:45:18,KOTAKBANK,2026-08-27 11:40:00+05:30,BULL,NEAR,80.0,BREAKOUT_CONTINUATION,RVOL,425.4,424.1507,63.13,0.236,0.841,1.05,423.2117,410.6425,422.2677,BULL,425.4,420.2632,74.57,2.358,68.41,True,False,False,False,True,False,True,False
2026-08-27T11:45:19,APOLLOHOSP,2026-08-27 11:40:00+05:30,BULL,NO_SIGNAL,20.0,,MACRO_BULL|ST_BULL|RVOL|ENTRY_TRIGGER,8790.5,8787.1728,51.66,0.154,0.288,1.05,8790.6782,8725.1057,8808.6043,BEAR,8790.5,8789.6954,50.98,-0.227,43.22,False,False,False,False,False,False,False,False
2026-08-27T11:45:19,CIPLA,2026-08-27 11:40:00+05:30,BEAR,NO_SIGNAL,60.0,,RVOL|ENTRY_TRIGGER,1407.9,1406.1203,56.43,0.271,0.421,1.05,1406.2738,1419.9905,1410.0739,BEAR,1407.9,1408.0124,47.87,-0.565,28.82,True,False,False,False,False,False,False,False
2026-08-27T11:45:20,JSWSTEEL,2026-08-27 11:40:00+05:30,BULL,NEAR,80.0,VWAP_PULLBACK,RVOL,1341.0,1339.9111,56.64,0.172,0.475,1.05,1340.7436,1320.2637,1335.4097,BULL,1341.0,1334.4325,72.43,0.299,59.51,True,False,True,False,False,False,False,False
2026-08-27T11:45:20,HCLTECH,2026-08-27 11:40:00+05:30,BEAR,NO_SIGNAL,60.0,,RVOL|ENTRY_TRIGGER,1285.2,1285.9493,44.82,0.179,0.473,1.05,1286.7366,1304.7644,1289.8694,BEAR,1285.2,1291.2371,33.8,-1.23,27.81,False,False,False,False,False,False,False,False
2026-08-27T11:45:21,TCS,2026-08-27 11:40:00+05:30,BEAR,NO_SIGNAL,40.0,,MACRO_BEAR|RVOL|ENTRY_TRIGGER,2250.4,2252.0336,41.69,0.196,0.797,1.05,2256.388,2281.0939,2257.3412,BEAR,2250.4,2260.0327,31.79,-0.863,13.92,False,False,False,False,False,False,False,False
2026-08-27T11:45:21,INDIGO,2026-08-27 11:40:00+05:30,BEAR,NO_SIGNAL,40.0,,BELOW_WVWAP|RVOL|ENTRY_TRIGGER,5220.0,5218.102,50.47,0.105,0.547,1.05,5215.9869,5175.7688,5230.1568,BEAR,5220.0,5225.063,48.46,-0.694,24.97,False,False,False,False,False,False,False,False
2026-08-27T11:45:22,BHARTIARTL,2026-08-27 11:40:00+05:30,BEAR,NO_SIGNAL,60.0,,RVOL|ENTRY_TRIGGER,1901.5,1900.7162,49.87,-0.026,0.697,1.05,1900.5051,1924.0349,1903.5735,BEAR,1901.5,1906.8884,38.52,-0.663,36.52,False,False,False,False,False,False,False,False
2026-08-27T11:45:23,ETERNAL,2026-08-27 11:40:00+05:30,BEAR,NO_SIGNAL,40.0,,MACRO_BEAR|RVOL|ENTRY_TRIGGER,327.7,327.1342,56.2,0.26,1.014,1.05,327.4182,328.1347,328.589,BEAR,327.7,327.0957,53.1,0.275,20.61,True,False,False,False,False,False,False,False
2026-08-27T11:45:23,LT,2026-08-27 11:40:00+05:30,BEAR,NEAR,80.0,,ENTRY_TRIGGER,4030.0,4035.4114,41.27,-0.213,1.272,1.05,4039.6342,4081.7238,4041.6615,BEAR,4030.0,4046.8304,31.7,-0.841,35.91,False,True,False,False,False,False,False,False
2026-08-27T11:45:24,SHRIRAMFIN,2026-08-27 11:40:00+05:30,BEAR,NO_SIGNAL,60.0,,RVOL|ENTRY_TRIGGER,1095.8,1098.204,37.68,-0.109,0.558,1.05,1101.7375,1118.3433,1100.9698,BEAR,1095.8,1106.584,33.07,-2.178,33.6,False,True,False,False,False,False,False,False
2026-08-27T11:45:24,GRASIM,2026-08-27 11:40:00+05:30,BULL,NO_SIGNAL,40.0,,MACRO_BULL|RVOL|ENTRY_TRIGGER,3284.6,3286.0505,48.04,-0.012,0.735,1.05,3285.8161,3275.9821,3274.1812,BULL,3284.6,3284.1152,51.19,-0.161,36.23,False,False,False,False,False,False,False,False
2026-08-27T11:45:25,AXISBANK,2026-08-27 11:40:00+05:30,BULL,NO_SIGNAL,60.0,,RVOL|ENTRY_TRIGGER,1256.6,1258.0134,43.82,-0.27,0.318,1.05,1258.6169,1244.265,1253.7598,BULL,1256.6,1255.8017,56.32,0.112,43.47,False,True,False,False,False,False,False,True
2026-08-27T11:45:25,POWERGRID,2026-08-27 11:40:00+05:30,BULL,NO_SIGNAL,60.0,TREND_CONTINUATION,MACRO_BULL|ABOVE_WVWAP,264.45,263.5924,59.3,0.647,1.266,1.05,263.5929,268.2965,262.6438,BULL,264.45,265.0444,40.28,-0.992,40.44,True,False,False,False,False,False,True,False
2026-08-27T11:45:26,ADANIENT,2026-08-27 11:40:00+05:30,BULL,NO_SIGNAL,60.0,,RVOL|ENTRY_TRIGGER,3140.5,3141.7752,48.57,-0.073,0.307,1.05,3144.3456,3079.559,3126.217,BULL,3140.5,3134.9152,59.98,0.236,47.87,False,False,False,False,False,False,False,False
2026-08-27T11:45:26,TECHM,2026-08-27 11:40:00+05:30,BULL,NEAR,80.0,,ENTRY_TRIGGER,1590.1,1592.1792,48.37,-0.157,3.319,1.05,1590.1993,1583.1526,1589.6283,BULL,1590.1,1584.8302,58.26,1.061,34.8,False,False,False,False,False,False,False,False
2026-08-27T11:45:27,ICICIBANK,2026-08-27 11:40:00+05:30,BULL,NEAR,80.0,,ENTRY_TRIGGER,1442.5,1441.3187,56.3,0.021,1.589,1.05,1440.6871,1425.9088,1437.8104,BULL,1442.5,1438.7463,66.26,0.453,30.01,True,False,False,False,False,False,False,False
2026-08-27T11:45:27,JIOFIN,2026-08-27 11:40:00+05:30,BEAR,NO_SIGNAL,60.0,,RVOL|ENTRY_TRIGGER,239.6,239.8485,36.93,-0.021,0.409,1.05,240.4834,242.2126,240.0701,BEAR,239.6,240.9046,26.53,-1.033,31.61,False,True,False,False,False,False,False,False
2026-08-27T11:45:28,TATASTEEL,2026-08-27 11:40:00+05:30,BULL,NEAR,80.0,,ENTRY_TRIGGER,188.18,188.3672,48.83,0.208,2.449,1.05,188.7483,186.1067,187.5726,BULL,188.18,187.5202,57.21,0.416,37.24,False,False,False,False,False,False,False,False
2026-08-27T11:45:28,TITAN,2026-08-27 11:40:00+05:30,BULL,SIGNAL,100.0,BREAKOUT_CONTINUATION,,5127.9,5114.4985,66.52,0.252,1.094,1.05,5101.4289,5093.0365,5109.9886,BULL,5127.9,5106.3011,63.07,0.618,23.91,True,False,False,False,True,False,False,False
2026-08-27T11:45:29,INFY,2026-08-27 11:40:00+05:30,BEAR,NO_SIGNAL,60.0,BREAKOUT_CONTINUATION,MACRO_BEAR|RVOL,1109.9,1113.7629,33.35,-0.063,0.867,1.05,1116.7635,1127.5306,1116.0406,BEAR,1109.9,1117.1625,30.89,-1.105,12.49,False,True,False,False,False,True,False,False
2026-08-27T11:45:29,TRENT,2026-08-27 11:40:00+05:30,BULL,NO_SIGNAL,40.0,,MACRO_BULL|ABOVE_WVWAP|ENTRY_TRIGGER,2901.5,2894.8857,56.58,0.318,1.419,1.05,2899.1431,2916.545,2882.3645,BULL,2901.5,2904.4324,46.05,-0.361,16.5,True,False,False,False,False,False,False,False
2026-08-27T11:45:30,ASIANPAINT,2026-08-27 11:40:00+05:30,BULL,NO_SIGNAL,40.0,,MACRO_BULL|RVOL|ENTRY_TRIGGER,2644.6,2642.1389,54.52,-0.128,0.388,1.05,2641.0594,2632.4717,2635.3158,BULL,2644.6,2641.8949,53.74,0.129,19.11,False,False,False,False,False,False,False,False
2026-08-27T11:45:30,ULTRACEMCO,2026-08-27 11:40:00+05:30,BULL,NO_SIGNAL,20.0,,MACRO_BULL|ST_BULL|RVOL|ENTRY_TRIGGER,11725.0,11733.9289,46.74,-0.213,0.555,1.05,11741.3593,11595.5547,11777.5024,BEAR,11725.0,11715.6321,54.79,-0.433,29.95,False,False,False,False,False,False,False,False
2026-08-27T11:45:31,HDFCBANK,2026-08-27 11:40:00+05:30,BEAR,SIGNAL,100.0,BREAKOUT_CONTINUATION,,714.55,718.424,17.52,-0.757,1.605,1.05,719.2778,724.8034,717.9399,BEAR,714.55,721.9567,19.45,-1.848,37.37,False,True,False,False,False,True,False,False
2026-08-27T11:45:31,RELIANCE,2026-08-27 11:40:00+05:30,BEAR,NEAR,80.0,,ENTRY_TRIGGER,1289.8,1293.0951,29.67,-0.44,1.352,1.05,1295.893,1304.9273,1293.018,BEAR,1289.8,1298.5924,19.71,-0.998,24.6,False,True,False,False,False,False,False,False
2026-08-27T11:45:32,M&M,2026-08-27 11:40:00+05:30,BEAR,NEAR,80.0,,ENTRY_TRIGGER,3364.0,3371.2023,30.43,-0.27,2.63,1.05,3379.5914,3413.0806,3374.4798,BEAR,3364.0,3390.9638,21.38,-1.66,39.8,False,True,False,False,False,False,False,False
2026-08-27T11:45:32,SUNPHARMA,2026-08-27 11:40:00+05:30,BULL,NO_SIGNAL,20.0,VWAP_PULLBACK,MACRO_BULL|ST_BULL|RVOL|ENTRY_TRIGGER,1912.7,1911.0141,54.78,0.037,0.652,1.05,1909.2658,1912.3877,1914.1721,BEAR,1912.7,1911.9674,50.84,0.031,13.61,False,False,True,False,False,False,False,False
2026-08-27T11:50:08,BEL,2026-08-27 11:45:00+05:30,BULL,NO_SIGNAL,40.0,,MACRO_BULL|RVOL|ENTRY_TRIGGER,410.0,410.1075,48.28,-0.037,0.658,1.05,410.4416,409.1964,409.0438,BULL,410.05,409.8342,52.35,0.294,18.63,False,False,False,False,False,False,False,False
2026-08-27T11:50:08,TATACONSUM,2026-08-27 11:45:00+05:30,BEAR,NO_SIGNAL,60.0,VWAP_PULLBACK,RVOL|ENTRY_TRIGGER,1040.4,1040.7909,46.34,-0.029,0.782,1.05,1041.1342,1049.8436,1043.9993,BEAR,1040.2,1042.7282,40.13,-0.268,25.83,False,False,False,True,False,False,False,False
2026-08-27T11:50:09,BAJAJ-AUTO,2026-08-27 11:45:00+05:30,BEAR,NO_SIGNAL,60.0,,RVOL|ENTRY_TRIGGER,11654.0,11651.5093,48.01,0.215,0.408,1.05,11663.4449,11780.781,11691.2021,BEAR,11646.0,11700.0528,33.73,-1.179,31.44,False,False,False,False,False,False,False,False
2026-08-27T11:50:09,NESTLEIND,2026-08-27 11:45:00+05:30,BEAR,NO_SIGNAL,40.0,,MACRO_BEAR|RVOL|ENTRY_TRIGGER,1441.6,1445.3461,34.96,-0.38,0.823,1.05,1451.5543,1462.7796,1447.6994,BEAR,1442.4,1449.8202,28.98,-0.839,12.1,False,True,False,False,False,False,False,False
2026-08-27T11:50:10,BAJFINANCE,2026-08-27 11:45:00+05:30,BULL,NO_SIGNAL,20.0,,MACRO_BULL|ST_BULL|RVOL|ENTRY_TRIGGER,1088.3,1089.1522,44.79,-0.064,0.308,1.05,1096.1017,1086.5965,1091.9885,BEAR,1088.8,1089.0684,50.36,0.092,33.1,False,True,False,False,False,False,False,False
2026-08-27T11:50:10,HINDALCO,2026-08-27 11:45:00+05:30,BEAR,NEAR,80.0,BREAKOUT_CONTINUATION,RVOL,1038.5,1041.8978,33.17,-0.298,0.336,1.05,1044.066,1049.7584,1043.4909,BEAR,1039.2,1045.5506,32.99,-1.502,28.52,False,True,False,False,False,True,False,False
2026-08-27T11:50:11,NTPC,2026-08-27 11:45:00+05:30,BEAR,NO_SIGNAL,60.0,,RVOL|ENTRY_TRIGGER,330.35,330.6189,40.54,0.319,0.196,1.05,330.8564,337.2908,331.464,BEAR,330.3,333.268,24.97,-1.784,37.03,False,False,False,False,False,False,False,False
2026-08-27T11:50:11,HDFCLIFE,2026-08-27 11:45:00+05:30,BEAR,NO_SIGNAL,60.0,,RVOL|ENTRY_TRIGGER,552.3,552.9957,40.45,-0.145,0.26,1.05,553.3834,554.6251,554.0141,BEAR,552.25,554.8922,39.4,-1.199,28.68,False,True,False,False,False,False,False,False
2026-08-27T11:50:12,SBILIFE,2026-08-27 11:45:00+05:30,BULL,NO_SIGNAL,60.0,,RVOL|ENTRY_TRIGGER,1783.4,1785.7285,46.05,-0.541,0.4,1.05,1784.8423,1770.1984,1780.9312,BULL,1783.7,1781.7953,53.71,0.785,23.91,False,False,False,False,False,False,False,False
2026-08-27T11:50:12,HINDUNILVR,2026-08-27 11:45:00+05:30,BEAR,NO_SIGNAL,60.0,,RVOL|ENTRY_TRIGGER,2009.9,2010.4949,44.77,0.11,0.483,1.05,2011.2389,2021.6708,2014.6502,BEAR,2009.2,2016.4372,33.13,-0.663,28.08,False,False,False,False,False,False,False,False
2026-08-27T11:50:13,MARUTI,2026-08-27 11:45:00+05:30,BEAR,NEAR,80.0,,ENTRY_TRIGGER,13460.0,13458.67,48.0,0.208,2.524,1.05,13458.9918,13549.5151,13487.7273,BEAR,13450.0,13504.0288,34.17,-0.738,22.13,False,False,False,False,False,False,False,False
2026-08-27T11:50:13,ITC,2026-08-27 11:45:00+05:30,BEAR,NO_SIGNAL,60.0,VWAP_PULLBACK,RVOL|ENTRY_TRIGGER,269.15,269.3579,40.18,0.074,0.645,1.05,269.6762,270.0742,269.9529,BEAR,269.2,270.0716,37.15,-0.628,32.28,False,False,False,True,False,False,False,False
2026-08-27T11:50:14,TMPV,2026-08-27 11:45:00+05:30,BULL,NEAR,80.0,,ENTRY_TRIGGER,318.05,315.3688,76.94,1.016,2.4,1.05,315.7448,314.4221,315.1471,BULL,317.6,315.158,68.99,0.793,29.7,True,False,False,False,False,False,False,False
2026-08-27T11:50:15,ADANIPORTS,2026-08-27 11:45:00+05:30,BULL,NO_SIGNAL,60.0,,RVOL|ENTRY_TRIGGER,1697.0,1697.1076,50.08,0.1,0.437,1.05,1696.9508,1691.4296,1691.8558,BULL,1697.7,1695.9855,55.15,0.1,35.42,False,False,False,False,False,False,False,False
2026-08-27T11:50:15,DRREDDY,2026-08-27 11:45:00+05:30,BULL,NO_SIGNAL,40.0,,MACRO_BULL|RVOL|ENTRY_TRIGGER,1187.4,1185.5689,59.84,0.143,0.591,1.05,1183.0865,1186.4756,1182.7854,BULL,1187.3,1185.6077,53.24,-0.101,11.33,True,False,False,False,False,False,False,False
2026-08-27T11:50:16,WIPRO,2026-08-27 11:45:00+05:30,BEAR,NO_SIGNAL,40.0,,MACRO_BEAR|RVOL|ENTRY_TRIGGER,177.1,177.0796,49.24,0.175,0.581,1.05,177.3197,179.8019,177.37,BEAR,177.03,177.4552,36.97,-0.461,19.32,False,False,False,False,False,False,False,False
2026-08-27T11:50:16,ONGC,2026-08-27 11:45:00+05:30,BULL,NO_SIGNAL,40.0,,ABOVE_WVWAP|RVOL|ENTRY_TRIGGER,233.74,233.2538,64.29,0.464,0.266,1.05,233.0937,234.4316,232.8376,BULL,233.73,233.0267,58.8,0.412,27.95,True,False,False,False,False,False,False,False
2026-08-27T11:50:17,SBIN,2026-08-27 11:45:00+05:30,BEAR,NO_SIGNAL,40.0,,BELOW_WVWAP|RVOL|ENTRY_TRIGGER,1048.1,1047.536,50.87,0.172,0.883,1.05,1048.3179,1042.9774,1049.6215,BEAR,1048.1,1049.8262,43.48,-0.645,27.87,False,False,False,False,False,False,False,False
2026-08-27T11:50:17,EICHERMOT,2026-08-27 11:45:00+05:30,BEAR,NO_SIGNAL,60.0,,RVOL|ENTRY_TRIGGER,8027.0,8028.6828,47.66,-0.056,0.339,1.05,8024.7176,8040.935,8058.4996,BEAR,8020.0,8043.9631,41.38,-0.878,37.93,False,False,False,False,False,False,False,False
2026-08-27T11:50:18,COALINDIA,2026-08-27 11:45:00+05:30,BULL,NO_SIGNAL,20.0,,MACRO_BULL|ABOVE_WVWAP|RVOL|ENTRY_TRIGGER,402.5,401.9361,59.12,0.462,0.441,1.05,402.1393,404.0841,401.1555,BULL,402.5,402.5043,48.72,-0.371,15.17,True,False,False,False,False,False,False,False
2026-08-27T11:50:18,BAJAJFINSV,2026-08-27 11:45:00+05:30,BEAR,NO_SIGNAL,60.0,,MACRO_BEAR|ENTRY_TRIGGER,2001.9,2006.415,34.1,-0.244,4.609,1.05,2010.4287,2008.1439,2011.5155,BEAR,2003.0,2008.9711,39.57,-0.383,13.8,False,True,False,False,False,False,False,False
2026-08-27T11:50:19,MAXHEALTH,2026-08-27 11:45:00+05:30,BEAR,NO_SIGNAL,60.0,,BELOW_WVWAP|ENTRY_TRIGGER,1001.1,1002.5451,38.59,-0.15,1.471,1.05,1004.8057,1000.3137,1004.8814,BEAR,1000.1,1007.2702,32.65,-1.468,34.37,False,True,False,False,False,False,False,False
2026-08-27T11:50:19,KOTAKBANK,2026-08-27 11:45:00+05:30,BULL,NO_SIGNAL,60.0,,RVOL|ENTRY_TRIGGER,424.85,424.2142,58.29,0.071,0.644,1.05,423.2296,410.6802,422.5187,BULL,425.4,420.2632,74.57,2.358,68.41,True,False,False,False,False,False,False,False
2026-08-27T11:50:20,APOLLOHOSP,2026-08-27 11:45:00+05:30,BULL,NO_SIGNAL,20.0,,MACRO_BULL|ST_BULL|RVOL|ENTRY_TRIGGER,8790.5,8787.4753,51.66,0.017,0.139,1.05,8790.6737,8725.1417,8808.6043,BEAR,8790.5,8789.6954,50.98,-0.227,43.22,False,False,False,False,False,False,False,False
2026-08-27T11:50:20,CIPLA,2026-08-27 11:45:00+05:30,BEAR,NO_SIGNAL,60.0,,RVOL|ENTRY_TRIGGER,1407.9,1406.2821,56.43,0.249,0.94,1.05,1406.3052,1419.9762,1410.0739,BEAR,1407.9,1408.0124,47.87,-0.565,28.82,True,False,False,False,False,False,False,False
2026-08-27T11:50:21,JSWSTEEL,2026-08-27 11:45:00+05:30,BULL,NEAR,80.0,,ENTRY_TRIGGER,1335.5,1339.5101,39.66,-0.261,3.598,1.05,1340.533,1320.4219,1335.4097,BULL,1341.0,1334.4325,72.43,0.299,59.51,False,True,False,False,False,False,False,True
2026-08-27T11:50:21,HCLTECH,2026-08-27 11:45:00+05:30,BEAR,NO_SIGNAL,60.0,,RVOL|ENTRY_TRIGGER,1285.1,1285.8721,44.51,0.093,0.841,1.05,1286.6841,1304.6593,1289.8694,BEAR,1285.2,1291.2371,33.8,-1.23,27.81,False,False,False,False,False,False,False,False
2026-08-27T11:50:22,TCS,2026-08-27 11:45:00+05:30,BEAR,NO_SIGNAL,40.0,,MACRO_BEAR|RVOL|ENTRY_TRIGGER,2250.0,2251.8487,40.79,0.085,0.511,1.05,2256.3057,2281.0495,2257.3412,BEAR,2250.4,2260.0327,31.79,-0.863,13.92,False,False,False,False,False,False,False,False
2026-08-27T11:50:22,INDIGO,2026-08-27 11:45:00+05:30,BEAR,NO_SIGNAL,60.0,,BELOW_WVWAP|ENTRY_TRIGGER,5223.5,5218.5927,55.18,0.153,1.822,1.05,5216.4289,5175.9937,5230.1568,BEAR,5220.0,5225.063,48.46,-0.694,24.97,True,False,False,False,False,False,False,False
2026-08-27T11:50:23,BHARTIARTL,2026-08-27 11:45:00+05:30,BEAR,NO_SIGNAL,60.0,,RVOL|ENTRY_TRIGGER,1901.0,1900.742,48.73,-0.042,0.419,1.05,1900.5115,1923.9811,1903.5735,BEAR,1901.5,1906.8884,38.52,-0.663,36.52,False,False,False,False,False,False,False,False
2026-08-27T11:50:23,ETERNAL,2026-08-27 11:45:00+05:30,BEAR,NO_SIGNAL,40.0,,MACRO_BEAR|RVOL|ENTRY_TRIGGER,327.6,327.1766,55.08,0.138,0.924,1.05,327.4217,328.1328,328.589,BEAR,327.7,327.0957,53.1,0.275,20.61,True,False,False,False,False,False,False,False
2026-08-27T11:50:24,LT,2026-08-27 11:45:00+05:30,BEAR,SIGNAL,100.0,VWAP_PULLBACK,,4026.7,4034.6195,38.26,-0.272,3.753,1.05,4038.5937,4081.2969,4041.6615,BEAR,4030.0,4046.8304,31.7,-0.841,35.91,False,True,False,True,False,False,False,True
2026-08-27T11:50:24,SHRIRAMFIN,2026-08-27 11:45:00+05:30,BEAR,NEAR,80.0,,ENTRY_TRIGGER,1095.6,1097.9672,37.2,0.0,1.6,1.05,1101.5318,1118.1851,1100.9698,BEAR,1095.8,1106.584,33.07,-2.178,33.6,False,False,False,False,False,False,False,False
2026-08-27T11:50:25,GRASIM,2026-08-27 11:45:00+05:30,BULL,NO_SIGNAL,40.0,,MACRO_BULL|RVOL|ENTRY_TRIGGER,3284.3,3285.8913,47.63,-0.009,0.699,1.05,3285.783,3275.9921,3274.1812,BULL,3284.6,3284.1152,51.19,-0.161,36.23,False,False,False,False,False,False,False,False
2026-08-27T11:50:26,AXISBANK,2026-08-27 11:45:00+05:30,BULL,NO_SIGNAL,60.0,,RVOL|ENTRY_TRIGGER,1254.8,1257.7213,37.49,-0.436,0.841,1.05,1258.5458,1244.3257,1253.7598,BULL,1256.6,1255.8017,56.32,0.112,43.47,False,True,False,False,False,False,False,True
2026-08-27T11:50:26,POWERGRID,2026-08-27 11:45:00+05:30,BEAR,NO_SIGNAL,40.0,,ST_BEAR|RVOL|ENTRY_TRIGGER,264.5,263.6749,59.84,0.724,0.587,1.05,263.6095,268.2818,262.8804,BULL,264.45,265.0444,40.28,-0.992,40.44,True,False,False,False,False,False,False,False
2026-08-27T11:50:27,ADANIENT,2026-08-27 11:45:00+05:30,BULL,NO_SIGNAL,60.0,,RVOL|ENTRY_TRIGGER,3136.0,3141.2502,43.67,-0.277,0.863,1.05,3144.1955,3079.7104,3126.217,BULL,3140.5,3134.9152,59.98,0.236,47.87,False,True,False,False,False,False,False,False
2026-08-27T11:50:27,TECHM,2026-08-27 11:45:00+05:30,BULL,NO_SIGNAL,60.0,,RVOL|ENTRY_TRIGGER,1589.8,1591.9629,47.67,-0.289,0.481,1.05,1590.1916,1583.1664,1589.6283,BULL,1590.1,1584.8302,58.26,1.061,34.8,False,False,False,False,False,False,False,False
2026-08-27T11:50:28,ICICIBANK,2026-08-27 11:45:00+05:30,BULL,NO_SIGNAL,60.0,,RVOL|ENTRY_TRIGGER,1442.2,1441.3989,54.99,-0.007,0.866,1.05,1440.7348,1425.9783,1437.8104,BULL,1442.5,1438.7463,66.26,0.453,30.01,False,False,False,False,False,False,False,False
2026-08-27T11:50:28,JIOFIN,2026-08-27 11:45:00+05:30,BEAR,NO_SIGNAL,60.0,,RVOL|ENTRY_TRIGGER,239.65,239.8305,38.69,0.021,0.511,1.05,240.4717,242.2073,240.0701,BEAR,239.6,240.9046,26.53,-1.033,31.61,False,False,False,False,False,False,False,False
2026-08-27T11:50:29,TATASTEEL,2026-08-27 11:45:00+05:30,BULL,NEAR,80.0,,ENTRY_TRIGGER,187.97,188.3311,46.53,0.075,1.274,1.05,188.7259,186.1185,187.5726,BULL,188.18,187.5202,57.21,0.416,37.24,False,False,False,False,False,False,False,False
2026-08-27T11:50:29,TITAN,2026-08-27 11:45:00+05:30,BULL,NO_SIGNAL,60.0,,RVOL|ENTRY_TRIGGER,5128.5,5115.7713,66.94,0.211,0.536,1.05,5101.7443,5093.1836,5109.9886,BULL,5127.9,5106.3011,63.07,0.618,23.91,True,False,False,False,False,False,False,False
2026-08-27T11:50:30,INFY,2026-08-27 11:45:00+05:30,BEAR,NO_SIGNAL,40.0,,MACRO_BEAR|RVOL|ENTRY_TRIGGER,1110.6,1113.4754,36.55,-0.198,0.479,1.05,1116.6837,1127.5092,1115.7776,BEAR,1109.9,1117.1625,30.89,-1.105,12.49,False,True,False,False,False,False,False,False
2026-08-27T11:50:30,TRENT,2026-08-27 11:45:00+05:30,BULL,NO_SIGNAL,20.0,,MACRO_BULL|ABOVE_WVWAP|RVOL|ENTRY_TRIGGER,2898.9,2895.2506,52.91,0.256,0.648,1.05,2899.145,2916.5127,2883.2981,BULL,2901.5,2904.4324,46.05,-0.361,16.5,False,False,False,True,False,False,False,False
2026-08-27T11:50:31,ASIANPAINT,2026-08-27 11:45:00+05:30,BULL,NO_SIGNAL,40.0,,MACRO_BULL|RVOL|ENTRY_TRIGGER,2643.3,2642.2445,52.25,-0.076,0.511,1.05,2641.0994,2632.4958,2635.3158,BULL,2644.6,2641.8949,53.74,0.129,19.11,False,False,False,False,False,False,False,False
2026-08-27T11:50:31,ULTRACEMCO,2026-08-27 11:45:00+05:30,BULL,NO_SIGNAL,20.0,,MACRO_BULL|ST_BULL|RVOL|ENTRY_TRIGGER,11735.0,11734.0263,50.3,0.026,0.872,1.05,11741.0328,11596.0001,11777.5024,BEAR,11725.0,11715.6321,54.79,-0.433,29.95,False,False,False,False,False,False,False,False
2026-08-27T11:50:32,HDFCBANK,2026-08-27 11:45:00+05:30,BEAR,NO_SIGNAL,60.0,,RVOL|ENTRY_TRIGGER,715.2,718.1309,24.4,-0.605,0.72,1.05,719.203,724.7583,717.9399,BEAR,714.55,721.9567,19.45,-1.848,37.37,False,True,False,False,False,False,False,False
2026-08-27T11:50:32,RELIANCE,2026-08-27 11:45:00+05:30,BEAR,NO_SIGNAL,60.0,,RVOL|ENTRY_TRIGGER,1289.1,1292.7319,27.9,-0.417,0.698,1.05,1295.7371,1304.8745,1293.018,BEAR,1289.8,1298.5924,19.71,-0.998,24.6,False,True,False,False,False,False,False,False
2026-08-27T11:50:33,M&M,2026-08-27 11:45:00+05:30,BEAR,NO_SIGNAL,60.0,,RVOL|ENTRY_TRIGGER,3362.2,3370.3839,28.6,-0.22,0.437,1.05,3379.4218,3412.9928,3374.4798,BEAR,3364.0,3390.9638,21.38,-1.66,39.8,False,True,False,False,False,False,False,False
2026-08-27T11:50:33,SUNPHARMA,2026-08-27 11:45:00+05:30,BULL,NO_SIGNAL,20.0,VWAP_PULLBACK,MACRO_BULL|ST_BULL|RVOL|ENTRY_TRIGGER,1913.7,1911.2582,57.15,-0.016,0.615,1.05,1909.3151,1912.3887,1914.1721,BEAR,1912.7,1911.9674,50.84,0.031,13.61,False,False,True,False,False,False,False,False
2026-08-27T11:55:07,BEL,2026-08-27 11:50:00+05:30,BULL,NO_SIGNAL,40.0,,MACRO_BULL|RVOL|ENTRY_TRIGGER,410.25,410.1204,52.59,0.037,0.853,1.05,410.4382,409.1984,409.046,BULL,410.05,409.8342,52.35,0.294,18.63,False,False,False,False,False,False,False,False
2026-08-27T11:55:08,TATACONSUM,2026-08-27 11:50:00+05:30,BEAR,NO_SIGNAL,60.0,,RVOL|ENTRY_TRIGGER,1040.7,1040.7827,48.23,0.058,0.969,1.05,1041.1256,1049.8111,1043.9993,BEAR,1040.2,1042.7282,40.13,-0.268,25.83,False,False,False,False,False,False,False,False
2026-08-27T11:55:08,BAJAJ-AUTO,2026-08-27 11:50:00+05:30,BEAR,NO_SIGNAL,60.0,VWAP_PULLBACK,RVOL|ENTRY_TRIGGER,11650.0,11651.3721,46.44,0.241,0.602,1.05,11663.2978,11780.5004,11691.2021,BEAR,11646.0,11700.0528,33.73,-1.179,31.44,False,False,False,True,False,False,False,False
2026-08-27T11:55:09,NESTLEIND,2026-08-27 11:50:00+05:30,BEAR,NO_SIGNAL,60.0,,MACRO_BEAR|ENTRY_TRIGGER,1440.6,1444.9147,32.81,-0.353,1.577,1.05,1451.3121,1462.737,1446.9923,BEAR,1442.4,1449.8202,28.98,-0.839,12.1,False,True,False,False,False,False,False,False
2026-08-27T11:55:09,BAJFINANCE,2026-08-27 11:50:00+05:30,BULL,NO_SIGNAL,20.0,,MACRO_BULL|ST_BULL|RVOL|ENTRY_TRIGGER,1089.1,1089.1475,48.78,0.147,0.539,1.05,1096.0437,1086.6004,1091.9885,BEAR,1088.8,1089.0684,50.36,0.092,33.1,False,False,False,False,False,False,False,False
2026-08-27T11:55:10,HINDALCO,2026-08-27 11:50:00+05:30,BEAR,NO_SIGNAL,60.0,,RVOL|ENTRY_TRIGGER,1039.2,1041.6525,36.65,0.082,0.188,1.05,1044.037,1049.7516,1043.3243,BEAR,1039.2,1045.5506,32.99,-1.502,28.52,False,False,False,False,False,False,False,False
2026-08-27T11:55:10,NTPC,2026-08-27 11:50:00+05:30,BEAR,NO_SIGNAL,60.0,VWAP_PULLBACK,RVOL|ENTRY_TRIGGER,330.05,330.5672,37.4,0.015,0.437,1.05,330.8461,337.2677,331.464,BEAR,330.3,333.268,24.97,-1.784,37.03,False,False,False,True,False,False,False,False
2026-08-27T11:55:11,HDFCLIFE,2026-08-27 11:50:00+05:30,BEAR,NO_SIGNAL,60.0,,RVOL|ENTRY_TRIGGER,552.8,552.9779,45.14,0.208,0.479,1.05,553.374,554.623,554.0141,BEAR,552.25,554.8922,39.4,-1.199,28.68,False,False,False,False,False,False,False,False
2026-08-27T11:55:11,SBILIFE,2026-08-27 11:50:00+05:30,BULL,NO_SIGNAL,60.0,,RVOL|ENTRY_TRIGGER,1783.4,1785.5168,46.05,-0.307,0.451,1.05,1784.8292,1770.2143,1780.9312,BULL,1783.7,1781.7953,53.71,0.785,23.91,False,False,False,False,False,False,False,False
2026-08-27T11:55:12,HINDUNILVR,2026-08-27 11:50:00+05:30,BEAR,NO_SIGNAL,60.0,,RVOL|ENTRY_TRIGGER,2009.9,2010.4408,44.77,-0.03,0.393,1.05,2011.2222,2021.6514,2014.6502,BEAR,2009.2,2016.4372,33.13,-0.663,28.08,False,True,False,False,False,False,False,False
2026-08-27T11:55:13,MARUTI,2026-08-27 11:50:00+05:30,BEAR,NO_SIGNAL,60.0,,RVOL|ENTRY_TRIGGER,13473.0,13459.9727,53.36,0.32,0.809,1.05,13459.2445,13549.2649,13487.7273,BEAR,13450.0,13504.0288,34.17,-0.738,22.13,False,False,False,False,False,False,False,False
2026-08-27T11:55:13,ITC,2026-08-27 11:50:00+05:30,BEAR,NO_SIGNAL,60.0,,RVOL|ENTRY_TRIGGER,269.3,269.3526,44.99,0.13,0.85,1.05,269.6678,270.0722,269.9529,BEAR,269.2,270.0716,37.15,-0.628,32.28,False,False,False,False,False,False,False,False
2026-08-27T11:55:14,TMPV,2026-08-27 11:50:00+05:30,BULL,NEAR,80.0,,ENTRY_TRIGGER,318.55,315.658,78.99,1.223,1.612,1.05,315.8664,314.4451,315.4689,BULL,317.6,315.158,68.99,0.793,29.7,True,False,False,False,False,False,False,False
2026-08-27T11:55:14,ADANIPORTS,2026-08-27 11:50:00+05:30,BULL,NO_SIGNAL,60.0,,RVOL|ENTRY_TRIGGER,1696.7,1697.0705,48.98,0.177,0.38,1.05,1696.9421,1691.4378,1691.8558,BULL,1697.7,1695.9855,55.15,0.1,35.42,False,False,False,False,False,False,False,False
2026-08-27T11:55:15,DRREDDY,2026-08-27 11:50:00+05:30,BULL,NO_SIGNAL,20.0,,MACRO_BULL|ABOVE_WVWAP|RVOL|ENTRY_TRIGGER,1185.6,1185.5718,50.69,0.068,0.428,1.05,1183.122,1186.4752,1182.7854,BULL,1187.3,1185.6077,53.24,-0.101,11.33,False,False,False,False,False,False,False,False
2026-08-27T11:55:15,WIPRO,2026-08-27 11:50:00+05:30,BEAR,NO_SIGNAL,40.0,,MACRO_BEAR|RVOL|ENTRY_TRIGGER,177.12,177.0833,50.07,0.181,0.506,1.05,177.3173,179.7997,177.37,BEAR,177.03,177.4552,36.97,-0.461,19.32,False,False,False,False,False,False,False,False
2026-08-27T11:55:16,ONGC,2026-08-27 11:50:00+05:30,BULL,NO_SIGNAL,40.0,,ABOVE_WVWAP|RVOL|ENTRY_TRIGGER,233.1,233.2398,48.66,0.013,1.044,1.05,233.1005,234.4271,232.8376,BULL,233.73,233.0267,58.8,0.412,27.95,False,False,False,False,False,True,False,False
2026-08-27T11:55:16,SBIN,2026-08-27 11:50:00+05:30,BEAR,NO_SIGNAL,60.0,,BELOW_WVWAP|ENTRY_TRIGGER,1047.6,1047.5418,47.76,0.172,1.063,1.05,1048.3046,1042.9843,1049.6215,BEAR,1048.1,1049.8262,43.48,-0.645,27.87,False,False,False,False,False,False,False,False
2026-08-27T11:55:17,EICHERMOT,2026-08-27 11:50:00+05:30,BEAR,NO_SIGNAL,60.0,,RVOL|ENTRY_TRIGGER,8031.5,8028.9389,49.85,-0.205,0.552,1.05,8024.8277,8040.9081,8058.4996,BEAR,8020.0,8043.9631,41.38,-0.878,37.93,False,False,False,False,False,False,False,False
2026-08-27T11:55:17,COALINDIA,2026-08-27 11:50:00+05:30,BULL,NO_SIGNAL,40.0,,MACRO_BULL|ABOVE_WVWAP|ENTRY_TRIGGER,402.15,401.9555,52.34,0.362,3.75,1.05,402.1462,404.0741,401.1555,BULL,402.5,402.5043,48.72,-0.371,15.17,False,False,False,False,False,False,False,False
2026-08-27T11:55:18,BAJAJFINSV,2026-08-27 11:50:00+05:30,BEAR,NO_SIGNAL,40.0,,MACRO_BEAR|RVOL|ENTRY_TRIGGER,2004.1,2006.2045,41.75,-0.055,0.781,1.05,2010.2926,2008.1353,2011.5155,BEAR,2003.0,2008.9711,39.57,-0.383,13.8,False,True,False,False,False,False,False,False
2026-08-27T11:55:18,MAXHEALTH,2026-08-27 11:50:00+05:30,BEAR,NO_SIGNAL,40.0,,BELOW_WVWAP|RVOL|ENTRY_TRIGGER,1000.9,1002.3956,37.86,-0.03,0.345,1.05,1004.7816,1000.3139,1004.8814,BEAR,1000.1,1007.2702,32.65,-1.468,34.37,False,True,False,False,False,False,False,False
2026-08-27T11:55:19,KOTAKBANK,2026-08-27 11:50:00+05:30,BULL,NO_SIGNAL,60.0,,RVOL|ENTRY_TRIGGER,424.4,424.2311,54.6,0.118,0.822,1.05,423.2453,410.7244,422.5187,BULL,425.4,420.2632,74.57,2.358,68.41,False,False,False,False,False,False,False,False
2026-08-27T11:55:19,APOLLOHOSP,2026-08-27 11:50:00+05:30,BULL,NO_SIGNAL,20.0,,MACRO_BULL|ST_BULL|RVOL|ENTRY_TRIGGER,8785.0,8787.2502,48.38,0.171,0.097,1.05,8790.6635,8725.1657,8808.6043,BEAR,8790.5,8789.6954,50.98,-0.227,43.22,False,False,False,False,False,False,False,False
2026-08-27T11:55:20,CIPLA,2026-08-27 11:50:00+05:30,BEAR,NEAR,80.0,,ENTRY_TRIGGER,1409.3,1406.5564,61.19,0.463,2.217,1.05,1406.425,1419.9457,1410.0739,BEAR,1407.9,1408.0124,47.87,-0.565,28.82,True,False,False,False,False,False,False,False
2026-08-27T11:55:20,JSWSTEEL,2026-08-27 11:50:00+05:30,BULL,NEAR,80.0,,ENTRY_TRIGGER,1336.0,1339.191,41.38,-0.164,1.183,1.05,1340.4269,1320.4746,1335.4097,BULL,1341.0,1334.4325,72.43,0.299,59.51,False,True,False,False,False,False,False,False
2026-08-27T11:55:21,HCLTECH,2026-08-27 11:50:00+05:30,BEAR,NO_SIGNAL,60.0,VWAP_PULLBACK,RVOL|ENTRY_TRIGGER,1285.0,1285.7928,44.18,0.031,0.893,1.05,1286.6371,1304.5492,1289.8694,BEAR,1285.2,1291.2371,33.8,-1.23,27.81,False,False,False,True,False,False,False,False
2026-08-27T11:55:21,TCS,2026-08-27 11:50:00+05:30,BEAR,NO_SIGNAL,40.0,,MACRO_BEAR|RVOL|ENTRY_TRIGGER,2250.5,2251.7261,42.46,0.076,0.546,1.05,2256.2312,2281.005,2257.3412,BEAR,2250.4,2260.0327,31.79,-0.863,13.92,False,False,False,False,False,False,False,False
2026-08-27T11:55:22,INDIGO,2026-08-27 11:50:00+05:30,BEAR,NO_SIGNAL,40.0,,BELOW_WVWAP|RVOL|ENTRY_TRIGGER,5221.5,5218.857,52.13,0.096,0.68,1.05,5216.4728,5176.0714,5230.1568,BEAR,5220.0,5225.063,48.46,-0.694,24.97,False,False,False,False,False,False,False,False
2026-08-27T11:55:23,BHARTIARTL,2026-08-27 11:50:00+05:30,BULL,NO_SIGNAL,40.0,TREND_CONTINUATION,MACRO_BULL|ABOVE_WVWAP|RVOL,1904.6,1901.0927,56.48,0.084,0.792,1.05,1900.5645,1923.8931,1895.306,BULL,1901.5,1906.8884,38.52,-0.663,36.52,True,False,False,False,False,False,True,False
2026-08-27T11:55:23,ETERNAL,2026-08-27 11:50:00+05:30,BEAR,NO_SIGNAL,40.0,,MACRO_BEAR|RVOL|ENTRY_TRIGGER,327.6,327.2151,55.08,0.107,0.967,1.05,327.4283,328.1314,328.589,BEAR,327.7,327.0957,53.1,0.275,20.61,True,False,False,False,False,False,False,False
2026-08-27T11:55:24,LT,2026-08-27 11:50:00+05:30,BEAR,NO_SIGNAL,60.0,,RVOL|ENTRY_TRIGGER,4036.0,4034.745,49.44,-0.124,0.545,1.05,4038.5217,4081.2374,4041.6615,BEAR,4030.0,4046.8304,31.7,-0.841,35.91,False,False,False,False,False,False,False,False
2026-08-27T11:55:24,SHRIRAMFIN,2026-08-27 11:50:00+05:30,BEAR,NEAR,80.0,,ENTRY_TRIGGER,1097.2,1097.8975,43.34,0.393,1.069,1.05,1101.4163,1118.0816,1100.9698,BEAR,1095.8,1106.584,33.07,-2.178,33.6,False,False,False,False,False,False,False,False
2026-08-27T11:55:25,GRASIM,2026-08-27 11:50:00+05:30,BULL,NO_SIGNAL,40.0,,MACRO_BULL|RVOL|ENTRY_TRIGGER,3283.2,3285.6467,46.06,0.03,0.698,1.05,3285.7401,3276.0014,3274.1812,BULL,3284.6,3284.1152,51.19,-0.161,36.23,False,False,False,False,False,False,False,False
2026-08-27T11:55:25,AXISBANK,2026-08-27 11:50:00+05:30,BULL,NO_SIGNAL,60.0,,RVOL|ENTRY_TRIGGER,1255.3,1257.5012,40.08,-0.341,0.66,1.05,1258.4876,1244.367,1253.7598,BULL,1256.6,1255.8017,56.32,0.112,43.47,False,True,False,False,False,False,False,False
2026-08-27T11:55:26,POWERGRID,2026-08-27 11:50:00+05:30,BEAR,NO_SIGNAL,40.0,,ST_BEAR|RVOL|ENTRY_TRIGGER,265.0,263.7954,64.85,0.837,0.8,1.05,263.6398,268.2638,263.101,BULL,264.45,265.0444,40.28,-0.992,40.44,True,False,False,False,False,False,False,False
2026-08-27T11:55:26,ADANIENT,2026-08-27 11:50:00+05:30,BULL,NEAR,80.0,,ENTRY_TRIGGER,3141.5,3141.2729,50.28,-0.105,2.325,1.05,3143.9939,3080.1352,3126.217,BULL,3140.5,3134.9152,59.98,0.236,47.87,False,False,False,False,False,False,False,False
2026-08-27T11:55:27,TECHM,2026-08-27 11:50:00+05:30,BULL,NO_SIGNAL,40.0,,ST_BULL|RVOL|ENTRY_TRIGGER,1587.6,1591.5663,42.81,-0.402,0.457,1.05,1590.1682,1583.1765,1598.1809,BEAR,1590.1,1584.8302,58.26,1.061,34.8,False,True,False,False,False,False,False,True
2026-08-27T11:55:27,ICICIBANK,2026-08-27 11:50:00+05:30,BULL,SIGNAL,100.0,VWAP_PULLBACK,,1443.1,1441.5535,58.15,0.083,1.256,1.05,1440.8145,1426.081,1437.8104,BULL,1442.5,1438.7463,66.26,0.453,30.01,True,False,True,False,False,False,False,False
2026-08-27T11:55:28,JIOFIN,2026-08-27 11:50:00+05:30,BEAR,NO_SIGNAL,60.0,,RVOL|ENTRY_TRIGGER,239.8,239.8277,43.75,0.167,0.605,1.05,240.4603,242.2016,240.0701,BEAR,239.6,240.9046,26.53,-1.033,31.61,False,False,False,False,False,False,False,False
2026-08-27T11:55:28,TATASTEEL,2026-08-27 11:50:00+05:30,BULL,NEAR,80.0,,ENTRY_TRIGGER,187.86,188.2883,45.33,0.192,1.786,1.05,188.6922,186.1337,187.5726,BULL,188.18,187.5202,57.21,0.416,37.24,False,False,False,False,False,False,False,False
2026-08-27T11:55:29,TITAN,2026-08-27 11:50:00+05:30,BULL,NO_SIGNAL,60.0,,RVOL|ENTRY_TRIGGER,5129.0,5116.9739,67.31,0.217,0.494,1.05,5102.053,5093.3271,5109.9886,BULL,5127.9,5106.3011,63.07,0.618,23.91,True,False,False,False,False,False,False,False
2026-08-27T11:55:29,INFY,2026-08-27 11:50:00+05:30,BEAR,NO_SIGNAL,40.0,,MACRO_BEAR|RVOL|ENTRY_TRIGGER,1110.1,1113.1685,35.25,-0.296,0.574,1.05,1116.5879,1127.4836,1115.2237,BEAR,1109.9,1117.1625,30.89,-1.105,12.49,False,True,False,False,False,False,False,False
2026-08-27T11:55:30,TRENT,2026-08-27 11:50:00+05:30,BULL,NO_SIGNAL,20.0,,MACRO_BULL|ABOVE_WVWAP|RVOL|ENTRY_TRIGGER,2900.0,2895.6824,54.26,0.304,0.618,1.05,2899.1408,2916.4811,2883.2981,BULL,2901.5,2904.4324,46.05,-0.361,16.5,False,False,False,False,False,False,False,False
2026-08-27T11:55:30,ASIANPAINT,2026-08-27 11:50:00+05:30,BULL,NO_SIGNAL,60.0,VWAP_PULLBACK,MACRO_BULL|ENTRY_TRIGGER,2644.0,2642.404,53.38,0.076,1.156,1.05,2641.2002,2632.5519,2635.3158,BULL,2644.6,2641.8949,53.74,0.129,19.11,False,False,True,False,False,False,False,False
2026-08-27T11:55:31,ULTRACEMCO,2026-08-27 11:50:00+05:30,BULL,NO_SIGNAL,20.0,,MACRO_BULL|ST_BULL|RVOL|ENTRY_TRIGGER,11733.0,11733.933,49.58,-0.043,0.598,1.05,11740.8855,11596.3028,11777.5024,BEAR,11725.0,11715.6321,54.79,-0.433,29.95,False,False,False,False,False,False,False,False
2026-08-27T11:55:32,HDFCBANK,2026-08-27 11:50:00+05:30,BEAR,NO_SIGNAL,60.0,,RVOL|ENTRY_TRIGGER,714.6,717.8099,22.53,-0.598,0.959,1.05,719.1028,724.6981,717.9399,BEAR,714.55,721.9567,19.45,-1.848,37.37,False,True,False,False,False,False,False,False
2026-08-27T11:55:32,RELIANCE,2026-08-27 11:50:00+05:30,BEAR,NO_SIGNAL,60.0,,RVOL|ENTRY_TRIGGER,1290.0,1292.4836,33.4,-0.278,0.915,1.05,1295.5512,1304.8073,1293.018,BEAR,1289.8,1298.5924,19.71,-0.998,24.6,False,True,False,False,False,False,False,False
2026-08-27T11:55:33,M&M,2026-08-27 11:50:00+05:30,BEAR,NEAR,80.0,,ENTRY_TRIGGER,3360.0,3369.4399,26.5,-0.166,2.535,1.05,3378.3766,3412.475,3373.7578,BEAR,3364.0,3390.9638,21.38,-1.66,39.8,False,True,False,False,False,False,False,False
2026-08-27T11:55:33,SUNPHARMA,2026-08-27 11:50:00+05:30,BULL,NO_SIGNAL,20.0,,MACRO_BULL|ST_BULL|RVOL|ENTRY_TRIGGER,1912.9,1911.4075,54.68,0.078,0.818,1.05,1909.3791,1912.3903,1914.1721,BEAR,1912.7,1911.9674,50.84,0.031,13.61,False,False,False,False,False,False,False,False
2026-08-27T12:00:03,BEL,2026-08-27 11:55:00+05:30,BULL,NO_SIGNAL,40.0,,MACRO_BULL|RVOL|ENTRY_TRIGGER,410.35,410.1413,54.23,0.073,0.541,1.05,410.4369,409.1997,409.1501,BULL,410.35,409.8811,54.52,0.367,18.89,False,False,False,False,False,False,False,False
2026-08-27T12:00:04,TATACONSUM,2026-08-27 11:55:00+05:30,BEAR,NO_SIGNAL,60.0,,RVOL|ENTRY_TRIGGER,1040.3,1040.7388,45.91,0.01,0.9,1.05,1041.111,1049.7828,1043.9993,BEAR,1040.3,1042.5075,40.46,-0.431,25.64,False,False,False,False,False,False,False,False
2026-08-27T12:00:04,BAJAJ-AUTO,2026-08-27 11:55:00+05:30,BEAR,NO_SIGNAL,60.0,,RVOL|ENTRY_TRIGGER,11650.0,11651.2473,46.44,0.275,0.585,1.05,11663.1518,11780.2393,11691.2021,BEAR,11650.0,11695.5025,34.96,-0.969,31.12,False,False,False,False,False,False,False,False
2026-08-27T12:00:05,NESTLEIND,2026-08-27 11:55:00+05:30,BEAR,NO_SIGNAL,40.0,,MACRO_BEAR|RVOL|ENTRY_TRIGGER,1441.5,1444.6042,36.6,-0.235,0.722,1.05,1451.2021,1462.717,1446.3363,BEAR,1441.5,1449.0638,27.81,-0.955,12.44,False,True,False,False,False,False,False,False
2026-08-27T12:00:05,BAJFINANCE,2026-08-27 11:55:00+05:30,BULL,NO_SIGNAL,20.0,,MACRO_BULL|ST_BULL|RVOL|ENTRY_TRIGGER,1089.0,1089.1341,48.31,0.101,0.549,1.05,1095.988,1086.6043,1091.9885,BEAR,1089.0,1089.0622,50.8,0.092,32.8,False,False,False,False,False,False,False,False
2026-08-27T12:00:06,HINDALCO,2026-08-27 11:55:00+05:30,BEAR,SIGNAL,100.0,BREAKOUT_CONTINUATION,,1037.5,1041.275,32.26,-0.255,1.196,1.05,1043.8266,1049.7047,1043.3243,BEAR,1037.5,1044.8187,30.45,-1.752,29.8,False,True,False,False,False,True,False,False
2026-08-27T12:00:06,NTPC,2026-08-27 11:55:00+05:30,BEAR,NO_SIGNAL,60.0,,RVOL|ENTRY_TRIGGER,330.1,330.5247,38.26,0.121,0.267,1.05,330.84,337.2534,331.464,BEAR,330.1,332.98,24.31,-1.873,38.11,False,False,False,False,False,False,False,False
2026-08-27T12:00:07,HDFCLIFE,2026-08-27 11:55:00+05:30,BEAR,NO_SIGNAL,60.0,,RVOL|ENTRY_TRIGGER,553.45,553.0208,50.59,0.372,0.797,1.05,553.3731,554.6207,554.0141,BEAR,553.45,554.7611,44.49,-0.975,27.71,False,False,False,False,False,False,False,False
2026-08-27T12:00:08,SBILIFE,2026-08-27 11:55:00+05:30,BULL,NO_SIGNAL,40.0,,MACRO_BULL|RVOL|ENTRY_TRIGGER,1781.2,1785.1244,42.07,-0.503,0.918,1.05,1784.7822,1770.2423,1780.9312,BULL,1781.2,1781.7411,50.89,0.372,22.88,False,True,False,False,False,False,False,False
2026-08-27T12:00:08,HINDUNILVR,2026-08-27 11:55:00+05:30,BEAR,NEAR,80.0,,ENTRY_TRIGGER,2012.0,2010.5826,52.03,0.095,1.521,1.05,2011.2202,2021.5975,2014.6502,BEAR,2012.0,2016.0339,39.53,-0.608,27.62,False,False,False,False,False,False,False,False
2026-08-27T12:00:09,MARUTI,2026-08-27 11:55:00+05:30,BEAR,NO_SIGNAL,40.0,,MACRO_BEAR|RVOL|ENTRY_TRIGGER,13468.0,13460.7025,51.17,0.141,0.418,1.05,13459.329,13549.1281,13487.7273,BEAR,13468.0,13500.7535,39.29,-0.546,21.13,False,False,False,False,False,False,False,False
2026-08-27T12:00:09,ITC,2026-08-27 11:55:00+05:30,BEAR,NEAR,80.0,,ENTRY_TRIGGER,269.4,269.3569,47.99,0.149,1.432,1.05,269.6519,270.0686,269.9529,BEAR,269.4,270.0105,40.23,-0.645,32.31,False,False,False,False,False,False,False,False
2026-08-27T12:00:10,TMPV,2026-08-27 11:55:00+05:30,BULL,NEAR,80.0,,ENTRY_TRIGGER,319.05,315.9663,80.83,1.398,2.041,1.05,316.038,314.4784,315.8841,BULL,319.05,315.5118,74.52,0.997,32.12,True,False,False,False,False,False,False,False
2026-08-27T12:00:10,ADANIPORTS,2026-08-27 11:55:00+05:30,BULL,NO_SIGNAL,40.0,VWAP_PULLBACK,MACRO_BULL|RVOL|ENTRY_TRIGGER,1697.3,1697.0914,51.29,0.189,0.299,1.05,1696.944,1691.4454,1691.8558,BULL,1697.3,1696.105,54.13,-0.135,34.85,False,False,True,False,False,False,False,False
2026-08-27T12:00:11,DRREDDY,2026-08-27 11:55:00+05:30,BULL,NO_SIGNAL,20.0,,MACRO_BULL|ABOVE_WVWAP|RVOL|ENTRY_TRIGGER,1185.3,1185.547,49.34,0.034,0.329,1.05,1183.142,1186.4746,1182.7854,BULL,1185.3,1185.5797,49.21,-0.378,10.8,False,False,False,False,False,False,False,False
2026-08-27T12:00:11,WIPRO,2026-08-27 11:55:00+05:30,BEAR,NO_SIGNAL,40.0,VWAP_PULLBACK,MACRO_BEAR|RVOL|ENTRY_TRIGGER,177.02,177.0776,45.99,0.04,0.917,1.05,177.312,179.7957,177.37,BEAR,177.02,177.4156,36.81,-0.31,18.47,False,False,False,True,False,False,False,False
2026-08-27T12:00:12,ONGC,2026-08-27 11:55:00+05:30,BULL,NO_SIGNAL,40.0,,ABOVE_WVWAP|RVOL|ENTRY_TRIGGER,233.11,233.228,48.87,-0.017,0.724,1.05,233.1022,234.4236,232.8376,BULL,233.11,233.0343,50.33,0.021,26.78,False,False,False,False,False,False,False,False
2026-08-27T12:00:12,SBIN,2026-08-27 11:55:00+05:30,BEAR,NO_SIGNAL,40.0,,BELOW_WVWAP|RVOL|ENTRY_TRIGGER,1047.7,1047.5562,48.44,0.105,0.905,1.05,1048.2918,1042.99,1049.6215,BEAR,1047.7,1049.6329,42.33,-0.824,27.45,False,False,False,False,False,False,False,False
2026-08-27T12:00:13,EICHERMOT,2026-08-27 11:55:00+05:30,BEAR,NO_SIGNAL,40.0,,BELOW_WVWAP|RVOL|ENTRY_TRIGGER,8041.5,8030.0808,54.4,-0.025,1.022,1.05,8025.2599,8040.8975,8058.4996,BEAR,8041.5,8043.7392,48.57,-0.458,36.39,False,False,True,False,True,False,False,False
2026-08-27T12:00:13,COALINDIA,2026-08-27 11:55:00+05:30,BULL,NO_SIGNAL,20.0,,MACRO_BULL|ABOVE_WVWAP|RVOL|ENTRY_TRIGGER,402.3,401.9869,54.74,0.249,0.525,1.05,402.1478,404.0726,401.1555,BULL,402.3,402.4858,47.13,-0.396,14.63,False,False,False,False,False,False,False,False
2026-08-27T12:00:14,BAJAJFINSV,2026-08-27 11:55:00+05:30,BEAR,NO_SIGNAL,60.0,,MACRO_BEAR|ENTRY_TRIGGER,2003.5,2005.9587,40.37,-0.12,1.241,1.05,2010.0822,2008.1213,2011.5155,BEAR,2003.5,2008.4737,40.59,-0.571,14.46,False,True,False,False,False,False,False,False
2026-08-27T12:00:15,MAXHEALTH,2026-08-27 11:55:00+05:30,BEAR,NO_SIGNAL,60.0,,BELOW_WVWAP|ENTRY_TRIGGER,1001.0,1002.2687,38.49,-0.1,1.278,1.05,1004.6991,1000.3148,1004.8084,BEAR,1001.0,1006.7002,35.28,-1.564,34.52,False,True,False,False,False,False,False,False
2026-08-27T12:00:15,KOTAKBANK,2026-08-27 11:55:00+05:30,BULL,NO_SIGNAL,60.0,,RVOL|ENTRY_TRIGGER,425.35,424.3328,60.31,0.354,1.014,1.05,423.2707,410.7795,422.5187,BULL,425.35,420.7256,74.3,2.088,68.91,True,False,False,False,False,False,False,False
2026-08-27T12:00:16,APOLLOHOSP,2026-08-27 11:55:00+05:30,BEAR,NO_SIGNAL,40.0,,BELOW_WVWAP|RVOL|ENTRY_TRIGGER,8782.5,8786.8184,46.93,-0.097,0.797,1.05,8790.446,8725.3449,8808.6043,BEAR,8782.5,8789.0413,47.25,-0.403,42.85,False,False,False,False,False,False,False,False
2026-08-27T12:00:16,CIPLA,2026-08-27 11:55:00+05:30,BEAR,NO_SIGNAL,40.0,,MACRO_BEAR|RVOL|ENTRY_TRIGGER,1409.6,1406.8331,62.15,0.37,0.423,1.05,1406.4506,1419.9396,1410.0739,BEAR,1409.6,1408.1568,51.39,-0.389,27.2,True,False,False,False,False,False,False,False
2026-08-27T12:00:17,JSWSTEEL,2026-08-27 11:55:00+05:30,BEAR,NO_SIGNAL,60.0,TREND_CONTINUATION,MACRO_BEAR|BELOW_WVWAP,1335.3,1338.8373,39.68,-0.276,1.338,1.05,1340.3039,1320.5354,1342.872,BEAR,1335.3,1334.5114,56.04,-0.284,57.82,False,True,False,False,False,False,False,True
2026-08-27T12:00:17,HCLTECH,2026-08-27 11:55:00+05:30,BEAR,NO_SIGNAL,60.0,,RVOL|ENTRY_TRIGGER,1285.6,1285.7753,46.73,-0.023,0.493,1.05,1286.613,1304.4874,1289.8694,BEAR,1285.6,1290.7247,34.87,-1.184,27.7,False,False,False,False,False,False,False,False
2026-08-27T12:00:18,TCS,2026-08-27 11:55:00+05:30,BEAR,NO_SIGNAL,60.0,,MACRO_BEAR|ENTRY_TRIGGER,2249.0,2251.4783,38.9,-0.036,1.496,1.05,2256.0151,2280.8829,2257.3412,BEAR,2249.0,2259.0297,30.53,-0.999,13.88,False,True,False,False,False,False,False,False
2026-08-27T12:00:18,INDIGO,2026-08-27 11:55:00+05:30,BULL,NO_SIGNAL,40.0,VWAP_PULLBACK,MACRO_BULL|ST_BULL|RVOL,5224.5,5219.37,56.06,0.201,0.554,1.05,5216.5712,5176.1362,5230.1568,BEAR,5224.5,5225.0118,50.91,-0.58,23.25,True,False,True,False,False,False,False,False
2026-08-27T12:00:19,BHARTIARTL,2026-08-27 11:55:00+05:30,BEAR,NO_SIGNAL,60.0,VWAP_PULLBACK,ST_BEAR|ENTRY_TRIGGER,1900.0,1900.9934,46.75,-0.016,1.442,1.05,1900.601,1923.7228,1895.306,BULL,1900.0,1906.2622,36.91,-0.835,35.2,False,False,False,True,False,False,False,False
2026-08-27T12:00:19,ETERNAL,2026-08-27 11:55:00+05:30,BEAR,NO_SIGNAL,40.0,VWAP_PULLBACK,MACRO_BEAR|RVOL|ENTRY_TRIGGER,327.2,327.2137,50.43,-0.198,0.772,1.05,327.4275,328.1294,328.589,BEAR,327.2,327.1052,49.91,0.061,20.78,False,False,False,True,False,False,False,False
2026-08-27T12:00:20,LT,2026-08-27 11:55:00+05:30,BEAR,NO_SIGNAL,60.0,,RVOL|ENTRY_TRIGGER,4038.9,4035.1227,52.34,0.198,0.92,1.05,4038.4964,4081.1465,4041.6615,BEAR,4038.9,4046.1095,40.84,-0.605,36.81,False,False,False,False,False,False,False,False
2026-08-27T12:00:20,SHRIRAMFIN,2026-08-27 11:55:00+05:30,BEAR,NO_SIGNAL,60.0,,RVOL|ENTRY_TRIGGER,1100.4,1098.125,53.2,0.594,1.049,1.05,1101.3768,1117.9964,1100.9698,BEAR,1100.4,1106.0219,40.13,-1.846,32.92,False,False,False,False,False,False,False,False
2026-08-27T12:00:21,GRASIM,2026-08-27 11:55:00+05:30,BULL,NO_SIGNAL,40.0,,MACRO_BULL|RVOL|ENTRY_TRIGGER,3282.6,3285.3697,45.19,0.049,0.556,1.05,3285.7021,3276.0084,3274.1812,BULL,3282.6,3283.9775,50.04,-0.176,36.41,False,False,False,False,False,False,False,False
2026-08-27T12:00:21,AXISBANK,2026-08-27 11:55:00+05:30,BULL,NO_SIGNAL,40.0,,MACRO_BULL|RVOL|ENTRY_TRIGGER,1256.3,1257.392,44.99,-0.214,0.342,1.05,1258.4661,1244.3881,1253.7598,BULL,1256.3,1255.847,55.35,-0.04,41.2,False,True,False,False,False,False,False,False
2026-08-27T12:00:22,POWERGRID,2026-08-27 11:55:00+05:30,BEAR,NO_SIGNAL,40.0,,ST_BEAR|RVOL|ENTRY_TRIGGER,265.0,263.9049,64.85,0.895,0.229,1.05,263.6495,268.2588,263.4723,BULL,265.0,265.0404,45.6,-0.73,38.78,True,False,False,False,False,False,False,False
2026-08-27T12:00:23,ADANIENT,2026-08-27 11:55:00+05:30,BULL,NO_SIGNAL,60.0,,RVOL|ENTRY_TRIGGER,3143.4,3141.4663,52.35,0.169,0.595,1.05,3143.9608,3080.2536,3126.217,BULL,3143.4,3135.6866,62.05,0.194,47.17,False,False,False,False,False,False,False,False
2026-08-27T12:00:23,TECHM,2026-08-27 11:55:00+05:30,BULL,NO_SIGNAL,40.0,,ST_BULL|RVOL|ENTRY_TRIGGER,1587.9,1591.233,43.66,-0.376,0.499,1.05,1590.1309,1583.1852,1596.0336,BEAR,1587.9,1585.1092,55.28,0.851,34.19,False,True,False,False,False,False,False,False
2026-08-27T12:00:24,ICICIBANK,2026-08-27 11:55:00+05:30,BULL,NEAR,80.0,,ENTRY_TRIGGER,1443.5,1441.7305,59.51,0.125,1.776,1.05,1440.9526,1426.2312,1437.8665,BULL,1443.5,1439.1785,68.41,0.494,31.28,True,False,False,False,False,False,False,False
2026-08-27T12:00:24,JIOFIN,2026-08-27 11:55:00+05:30,BEAR,NO_SIGNAL,60.0,,RVOL|ENTRY_TRIGGER,239.95,239.8388,48.34,0.209,0.701,1.05,240.4504,242.1956,240.0701,BEAR,239.95,240.8178,33.54,-1.052,31.76,False,False,False,False,False,False,False,False
2026-08-27T12:00:25,TATASTEEL,2026-08-27 11:55:00+05:30,BULL,NO_SIGNAL,40.0,,MACRO_BULL|RVOL|ENTRY_TRIGGER,187.9,188.253,45.88,0.144,0.568,1.05,188.6811,186.1386,187.5726,BULL,187.9,187.5547,54.94,-0.435,37.08,False,False,False,False,False,False,False,False
2026-08-27T12:00:25,TITAN,2026-08-27 11:55:00+05:30,BULL,NO_SIGNAL,60.0,,RVOL|ENTRY_TRIGGER,5131.0,5118.249,68.82,0.254,0.46,1.05,5102.3474,5093.4646,5111.1453,BULL,5131.0,5108.5465,64.28,0.497,24.66,True,False,False,False,False,False,False,False
2026-08-27T12:00:26,INFY,2026-08-27 11:55:00+05:30,BEAR,NO_SIGNAL,60.0,,MACRO_BEAR|ENTRY_TRIGGER,1109.1,1112.7986,32.73,-0.485,1.59,1.05,1116.3096,1127.4115,1114.3775,BEAR,1109.1,1116.4295,29.81,-1.194,12.36,False,True,False,False,False,False,False,False
2026-08-27T12:00:26,TRENT,2026-08-27 11:55:00+05:30,BULL,NO_SIGNAL,40.0,,MACRO_BULL|ABOVE_WVWAP|ENTRY_TRIGGER,2895.0,2895.6203,47.56,0.156,2.469,1.05,2898.9377,2916.3371,2883.2981,BULL,2895.0,2903.5749,42.05,-0.652,16.07,False,False,False,True,False,False,False,False
2026-08-27T12:00:27,ASIANPAINT,2026-08-27 11:55:00+05:30,BULL,NO_SIGNAL,40.0,VWAP_PULLBACK,MACRO_BULL|RVOL|ENTRY_TRIGGER,2644.2,2642.5673,53.71,0.083,0.521,1.05,2641.2443,2632.5776,2635.3158,BULL,2644.2,2642.1045,53.24,0.053,19.06,False,False,True,False,False,False,False,False
2026-08-27T12:00:27,ULTRACEMCO,2026-08-27 11:55:00+05:30,BULL,NO_SIGNAL,60.0,VWAP_PULLBACK,MACRO_BULL|ST_BULL,11753.0,11735.6663,56.27,0.316,4.463,1.05,11742.0762,11598.8003,11777.5024,BEAR,11753.0,11719.0292,59.64,-0.161,29.71,True,False,True,False,True,False,True,False
2026-08-27T12:00:28,HDFCBANK,2026-08-27 11:55:00+05:30,BEAR,NEAR,80.0,,ENTRY_TRIGGER,714.85,717.5408,25.1,-0.563,1.073,1.05,718.9999,724.6338,717.7764,BEAR,714.85,721.3107,21.21,-1.833,39.46,False,True,False,False,False,False,False,False
2026-08-27T12:00:28,RELIANCE,2026-08-27 11:55:00+05:30,BEAR,NEAR,80.0,,ENTRY_TRIGGER,1292.3,1292.4669,44.97,0.008,3.801,1.05,1295.1464,1304.5718,1293.018,BEAR,1292.3,1298.0204,30.19,-0.669,24.75,False,False,False,False,False,False,False,False
2026-08-27T12:00:29,M&M,2026-08-27 11:55:00+05:30,BEAR,NEAR,80.0,,ENTRY_TRIGGER,3362.1,3368.7726,31.65,-0.092,4.71,1.05,3376.6666,3411.4704,3373.7578,BEAR,3362.1,3388.3398,20.68,-1.779,41.46,False,True,False,False,False,False,False,False
2026-08-27T12:00:29,SUNPHARMA,2026-08-27 11:55:00+05:30,BEAR,NO_SIGNAL,40.0,,MACRO_BEAR|RVOL|ENTRY_TRIGGER,1912.1,1911.4704,52.26,-0.01,0.983,1.05,1909.4125,1912.3898,1914.1721,BEAR,1912.1,1911.9794,49.65,-0.031,13.85,False,False,False,False,False,False,False,False
2026-08-27T12:05:07,BEL,2026-08-27 12:00:00+05:30,BULL,NO_SIGNAL,40.0,,MACRO_BULL|RVOL|ENTRY_TRIGGER,410.3,410.1557,53.24,0.073,0.907,1.05,410.4342,409.2018,409.1501,BULL,410.35,409.8811,54.52,0.367,18.89,False,False,False,False,False,False,False,False
2026-08-27T12:05:08,TATACONSUM,2026-08-27 12:00:00+05:30,BEAR,NO_SIGNAL,60.0,,RVOL|ENTRY_TRIGGER,1040.3,1040.6989,45.91,-0.096,0.665,1.05,1041.0988,1049.7618,1043.9993,BEAR,1040.3,1042.5075,40.46,-0.431,25.64,False,False,False,False,False,False,False,False
2026-08-27T12:05:08,BAJAJ-AUTO,2026-08-27 12:00:00+05:30,BEAR,NO_SIGNAL,60.0,,RVOL|ENTRY_TRIGGER,11654.0,11651.4976,48.4,0.224,0.49,1.05,11663.0486,11780.0267,11691.2021,BEAR,11650.0,11695.5025,34.96,-0.969,31.12,False,False,False,False,False,False,False,False
2026-08-27T12:05:09,NESTLEIND,2026-08-27 12:00:00+05:30,BEAR,NO_SIGNAL,40.0,,MACRO_BEAR|RVOL|ENTRY_TRIGGER,1441.7,1444.3402,37.44,-0.201,0.701,1.05,1451.1007,1462.6978,1446.3363,BEAR,1441.5,1449.0638,27.81,-0.955,12.44,False,True,False,False,False,False,False,False
2026-08-27T12:05:09,BAJFINANCE,2026-08-27 12:00:00+05:30,BULL,NO_SIGNAL,20.0,,MACRO_BULL|ST_BULL|RVOL|ENTRY_TRIGGER,1089.7,1089.1855,51.8,0.175,0.85,1.05,1095.9164,1086.6103,1091.9885,BEAR,1089.0,1089.0622,50.8,0.092,32.8,False,False,False,False,False,False,False,False
2026-08-27T12:05:10,HINDALCO,2026-08-27 12:00:00+05:30,BEAR,NO_SIGNAL,60.0,,RVOL|ENTRY_TRIGGER,1037.55,1040.9364,32.52,-0.355,0.221,1.05,1043.7849,1049.6954,1042.3913,BEAR,1037.5,1044.8187,30.45,-1.752,29.8,False,True,False,False,False,False,False,False
2026-08-27T12:05:10,NTPC,2026-08-27 12:00:00+05:30,BEAR,NO_SIGNAL,60.0,,RVOL|ENTRY_TRIGGER,330.25,330.4998,40.87,0.061,0.373,1.05,330.8324,337.2339,331.464,BEAR,330.1,332.98,24.31,-1.873,38.11,False,False,False,False,False,False,False,False
2026-08-27T12:05:11,HDFCLIFE,2026-08-27 12:00:00+05:30,BEAR,NO_SIGNAL,60.0,VWAP_PULLBACK,RVOL|ENTRY_TRIGGER,553.2,553.0371,48.59,0.39,0.671,1.05,553.3748,554.6189,554.0141,BEAR,553.45,554.7611,44.49,-0.975,27.71,False,False,False,True,False,False,False,False
2026-08-27T12:05:12,SBILIFE,2026-08-27 12:00:00+05:30,BULL,NO_SIGNAL,20.0,,MACRO_BULL|ST_BULL|RVOL|ENTRY_TRIGGER,1780.9,1784.7404,41.54,-0.392,0.93,1.05,1784.7203,1770.2659,1789.3855,BEAR,1781.2,1781.7411,50.89,0.372,22.88,False,True,False,False,False,False,False,False
2026-08-27T12:05:12,HINDUNILVR,2026-08-27 12:00:00+05:30,BEAR,NEAR,80.0,,ENTRY_TRIGGER,2012.4,2010.7478,53.29,0.189,2.136,1.05,2011.271,2021.5315,2014.6502,BEAR,2012.0,2016.0339,39.53,-0.608,27.62,False,False,False,False,False,False,False,False
2026-08-27T12:05:13,MARUTI,2026-08-27 12:00:00+05:30,BEAR,NEAR,80.0,VWAP_PULLBACK,MACRO_BEAR,13445.0,13459.275,42.54,-0.052,2.856,1.05,13458.528,13548.0109,13487.7273,BEAR,13468.0,13500.7535,39.29,-0.546,21.13,False,True,False,True,False,False,False,False
2026-08-27T12:05:13,ITC,2026-08-27 12:00:00+05:30,BEAR,NEAR,80.0,,ENTRY_TRIGGER,269.35,269.3563,46.62,0.056,1.072,1.05,269.6406,270.0658,269.9529,BEAR,269.4,270.0105,40.23,-0.645,32.31,False,False,False,False,False,False,False,False
2026-08-27T12:05:14,TMPV,2026-08-27 12:00:00+05:30,BULL,NO_SIGNAL,60.0,,RVOL|ENTRY_TRIGGER,318.15,316.1648,69.12,1.048,1.045,1.05,316.1077,314.4942,315.8841,BULL,319.05,315.5118,74.52,0.997,32.12,True,False,False,False,False,False,False,False
2026-08-27T12:05:14,ADANIPORTS,2026-08-27 12:00:00+05:30,BULL,NEAR,80.0,VWAP_PULLBACK,MACRO_BULL,1704.0,1697.7194,68.49,0.43,1.43,1.05,1697.1499,1691.5088,1692.4229,BULL,1697.3,1696.105,54.13,-0.135,34.85,True,False,True,False,True,False,False,False
2026-08-27T12:05:15,DRREDDY,2026-08-27 12:00:00+05:30,BULL,NO_SIGNAL,40.0,,MACRO_BULL|ABOVE_WVWAP|ENTRY_TRIGGER,1185.2,1185.5155,48.87,0.008,1.789,1.05,1183.2204,1186.4723,1182.7854,BULL,1185.3,1185.5797,49.21,-0.378,10.8,False,False,False,False,False,False,False,False
2026-08-27T12:05:15,WIPRO,2026-08-27 12:00:00+05:30,BEAR,NEAR,80.0,VWAP_PULLBACK,MACRO_BEAR,176.9,177.0614,41.61,-0.034,1.639,1.05,177.2991,179.7883,177.37,BEAR,177.02,177.4156,36.81,-0.31,18.47,False,True,False,True,False,True,False,False
2026-08-27T12:05:16,ONGC,2026-08-27 12:00:00+05:30,BULL,NO_SIGNAL,40.0,,ABOVE_WVWAP|RVOL|ENTRY_TRIGGER,232.94,233.2018,45.47,-0.304,0.833,1.05,233.0982,234.4187,232.8376,BULL,233.11,233.0343,50.33,0.021,26.78,False,False,False,True,False,False,False,False
2026-08-27T12:05:16,SBIN,2026-08-27 12:00:00+05:30,BEAR,NO_SIGNAL,60.0,,BELOW_WVWAP|ENTRY_TRIGGER,1047.5,1047.5511,47.12,0.076,2.336,1.05,1048.2569,1043.005,1049.6215,BEAR,1047.7,1049.6329,42.33,-0.824,27.45,False,False,False,False,False,False,False,False
2026-08-27T12:05:17,EICHERMOT,2026-08-27 12:00:00+05:30,BEAR,NO_SIGNAL,60.0,,RVOL|ENTRY_TRIGGER,8035.5,8030.5735,51.39,-0.006,0.78,1.05,8025.5278,8040.8816,8058.4996,BEAR,8041.5,8043.7392,48.57,-0.458,36.39,False,False,False,False,False,False,False,False
2026-08-27T12:05:17,COALINDIA,2026-08-27 12:00:00+05:30,BULL,NO_SIGNAL,20.0,,MACRO_BULL|ABOVE_WVWAP|RVOL|ENTRY_TRIGGER,402.25,402.0108,53.77,0.112,0.959,1.05,402.1471,404.0697,401.1555,BULL,402.3,402.4858,47.13,-0.396,14.63,False,False,False,False,False,False,False,False
2026-08-27T12:05:18,BAJAJFINSV,2026-08-27 12:00:00+05:30,BULL,NO_SIGNAL,40.0,BREAKOUT_CONTINUATION,MACRO_BULL|ST_BULL|ENTRY_TRIGGER,2008.2,2006.1624,53.35,0.12,2.103,1.05,2009.9107,2008.1139,2011.5155,BEAR,2003.5,2008.4737,40.59,-0.571,14.46,False,False,False,False,True,False,False,False
2026-08-27T12:05:18,MAXHEALTH,2026-08-27 12:00:00+05:30,BEAR,NO_SIGNAL,60.0,TREND_CONTINUATION,BELOW_WVWAP|RVOL,1000.6,1002.117,36.89,-0.06,0.515,1.05,1004.6645,1000.315,1004.5215,BEAR,1001.0,1006.7002,35.28,-1.564,34.52,False,True,False,False,False,False,False,True
2026-08-27T12:05:19,KOTAKBANK,2026-08-27 12:00:00+05:30,BULL,NEAR,80.0,,ENTRY_TRIGGER,425.35,424.4253,60.31,0.2,1.351,1.05,423.3058,410.8523,422.5971,BULL,425.35,420.7256,74.3,2.088,68.91,True,False,False,False,False,False,False,False
2026-08-27T12:05:19,APOLLOHOSP,2026-08-27 12:00:00+05:30,BEAR,NO_SIGNAL,60.0,TREND_CONTINUATION,BELOW_WVWAP|RVOL,8778.5,8786.0622,44.61,-0.216,0.259,1.05,8790.373,8725.3906,8808.3301,BEAR,8782.5,8789.0413,47.25,-0.403,42.85,False,True,False,False,False,False,False,True
2026-08-27T12:05:20,CIPLA,2026-08-27 12:00:00+05:30,BEAR,NO_SIGNAL,60.0,,MACRO_BEAR|ENTRY_TRIGGER,1408.0,1406.9392,54.45,0.221,1.455,1.05,1406.5107,1419.9171,1410.0739,BEAR,1409.6,1408.1568,51.39,-0.389,27.2,False,False,False,False,False,False,False,False
2026-08-27T12:05:20,JSWSTEEL,2026-08-27 12:00:00+05:30,BULL,NO_SIGNAL,20.0,,MACRO_BULL|ST_BULL|RVOL|ENTRY_TRIGGER,1336.8,1338.6521,44.92,-0.202,0.833,1.05,1340.2399,1320.5726,1342.7202,BEAR,1335.3,1334.5114,56.04,-0.284,57.82,False,True,False,False,False,False,False,False
2026-08-27T12:05:21,HCLTECH,2026-08-27 12:00:00+05:30,BEAR,NO_SIGNAL,60.0,,RVOL|ENTRY_TRIGGER,1286.0,1285.7957,48.42,0.039,0.52,1.05,1286.5994,1304.4242,1289.8694,BEAR,1285.6,1290.7247,34.87,-1.184,27.7,False,False,False,False,False,False,False,False
2026-08-27T12:05:22,TCS,2026-08-27 12:00:00+05:30,BEAR,NO_SIGNAL,60.0,,MACRO_BEAR|ENTRY_TRIGGER,2248.8,2251.2348,38.44,-0.12,1.141,1.05,2255.8219,2280.7836,2256.03,BEAR,2249.0,2259.0297,30.53,-0.999,13.88,False,True,False,False,False,False,False,False
2026-08-27T12:05:22,INDIGO,2026-08-27 12:00:00+05:30,BULL,NO_SIGNAL,60.0,VWAP_PULLBACK,MACRO_BULL|RVOL,5233.0,5220.6091,64.85,0.384,1.033,1.05,5216.9294,5176.2689,5207.2498,BULL,5224.5,5225.0118,50.91,-0.58,23.25,True,False,True,False,True,False,False,False
2026-08-27T12:05:23,BHARTIARTL,2026-08-27 12:00:00+05:30,BEAR,NO_SIGNAL,60.0,,ST_BEAR|ENTRY_TRIGGER,1901.0,1900.994,48.82,0.116,1.264,1.05,1900.5944,1923.5615,1895.306,BULL,1900.0,1906.2622,36.91,-0.835,35.2,False,False,False,False,False,False,False,False
2026-08-27T12:05:23,ETERNAL,2026-08-27 12:00:00+05:30,BEAR,NO_SIGNAL,40.0,VWAP_PULLBACK,MACRO_BEAR|RVOL|ENTRY_TRIGGER,327.15,327.2079,49.86,-0.259,0.913,1.05,327.4214,328.1263,328.589,BEAR,327.2,327.1052,49.91,0.061,20.78,False,False,False,True,False,False,False,False
2026-08-27T12:05:24,LT,2026-08-27 12:00:00+05:30,BULL,NO_SIGNAL,60.0,TREND_CONTINUATION,MACRO_BULL|ABOVE_WVWAP,4046.6,4036.1661,59.05,0.352,2.553,1.05,4038.8206,4080.9294,4023.0317,BULL,4038.9,4046.1095,40.84,-0.605,36.81,True,False,False,False,False,False,True,False
2026-08-27T12:05:24,SHRIRAMFIN,2026-08-27 12:00:00+05:30,BEAR,NO_SIGNAL,60.0,VWAP_PULLBACK,RVOL|ENTRY_TRIGGER,1099.9,1098.2863,51.69,0.576,0.773,1.05,1101.3529,1117.935,1100.9698,BEAR,1100.4,1106.0219,40.13,-1.846,32.92,False,False,False,True,False,False,False,False
2026-08-27T12:05:25,GRASIM,2026-08-27 12:00:00+05:30,BULL,NO_SIGNAL,60.0,,MACRO_BULL|ENTRY_TRIGGER,3281.9,3285.0543,44.14,0.018,2.822,1.05,3285.4744,3276.0305,3274.1812,BULL,3282.6,3283.9775,50.04,-0.176,36.41,False,False,False,False,False,False,False,False
2026-08-27T12:05:25,AXISBANK,2026-08-27 12:00:00+05:30,BULL,NO_SIGNAL,60.0,,MACRO_BULL|ENTRY_TRIGGER,1256.8,1257.3382,47.32,0.016,1.101,1.05,1258.4265,1244.4593,1253.7598,BULL,1256.3,1255.847,55.35,-0.04,41.2,False,False,False,False,False,False,False,False
2026-08-27T12:05:26,POWERGRID,2026-08-27 12:00:00+05:30,BEAR,NO_SIGNAL,60.0,,ST_BEAR|ENTRY_TRIGGER,264.8,263.9863,61.3,0.646,1.147,1.05,263.6892,268.2328,263.4723,BULL,265.0,265.0404,45.6,-0.73,38.78,True,False,False,False,False,False,False,False
2026-08-27T12:05:26,ADANIENT,2026-08-27 12:00:00+05:30,BULL,SIGNAL,100.0,VWAP_PULLBACK,,3154.9,3142.6875,62.55,0.395,3.139,1.05,3144.4406,3080.925,3127.7229,BULL,3143.4,3135.6866,62.05,0.194,47.17,True,False,True,False,True,False,True,False
2026-08-27T12:05:27,TECHM,2026-08-27 12:00:00+05:30,BULL,NO_SIGNAL,40.0,,ST_BULL|RVOL|ENTRY_TRIGGER,1588.0,1590.9391,43.95,-0.439,1.037,1.05,1590.0711,1583.203,1595.6288,BEAR,1587.9,1585.1092,55.28,0.851,34.19,False,True,False,False,False,False,False,False
2026-08-27T12:05:27,ICICIBANK,2026-08-27 12:00:00+05:30,BULL,NEAR,80.0,,ENTRY_TRIGGER,1443.3,1441.8731,58.49,0.076,1.668,1.05,1441.0749,1426.3783,1437.8927,BULL,1443.5,1439.1785,68.41,0.494,31.28,True,False,False,False,False,False,False,False
2026-08-27T12:05:28,JIOFIN,2026-08-27 12:00:00+05:30,BEAR,NO_SIGNAL,60.0,,RVOL|ENTRY_TRIGGER,239.85,239.8398,45.66,0.125,0.722,1.05,240.4404,242.1895,240.0701,BEAR,239.95,240.8178,33.54,-1.052,31.76,False,False,False,False,False,False,False,False
2026-08-27T12:05:28,TATASTEEL,2026-08-27 12:00:00+05:30,BULL,NEAR,80.0,TREND_CONTINUATION,MACRO_BULL,188.69,188.2927,55.4,0.399,1.237,1.05,188.6737,186.1525,187.5726,BULL,187.9,187.5547,54.94,-0.435,37.08,True,False,False,False,False,False,True,False
2026-08-27T12:05:29,TITAN,2026-08-27 12:00:00+05:30,BULL,NO_SIGNAL,60.0,,RVOL|ENTRY_TRIGGER,5134.9,5119.7628,71.56,0.356,0.566,1.05,5102.722,5093.6395,5113.096,BULL,5131.0,5108.5465,64.28,0.497,24.66,True,False,False,False,False,False,False,False
2026-08-27T12:05:29,INFY,2026-08-27 12:00:00+05:30,BEAR,NO_SIGNAL,40.0,,MACRO_BEAR|RVOL|ENTRY_TRIGGER,1108.9,1112.4442,32.24,-0.538,0.959,1.05,1116.1379,1127.3658,1113.7664,BEAR,1109.1,1116.4295,29.81,-1.194,12.36,False,True,False,False,False,False,False,False
2026-08-27T12:05:30,TRENT,2026-08-27 12:00:00+05:30,BULL,NO_SIGNAL,40.0,,MACRO_BULL|ABOVE_WVWAP|ENTRY_TRIGGER,2896.0,2895.6549,48.92,0.166,1.413,1.05,2898.7818,2916.2429,2883.2981,BULL,2895.0,2903.5749,42.05,-0.652,16.07,False,False,False,False,False,False,False,False
2026-08-27T12:05:30,ASIANPAINT,2026-08-27 12:00:00+05:30,BULL,NO_SIGNAL,60.0,,MACRO_BULL|ENTRY_TRIGGER,2643.5,2642.6521,52.29,0.045,1.302,1.05,2641.3467,2632.6407,2635.3158,BULL,2644.2,2642.1045,53.24,0.053,19.06,False,False,False,False,False,False,False,False
2026-08-27T12:05:31,ULTRACEMCO,2026-08-27 12:00:00+05:30,BULL,NO_SIGNAL,40.0,VWAP_PULLBACK,MACRO_BULL|ST_BULL|RVOL,11758.0,11737.6967,57.78,0.324,0.809,1.05,11742.4442,11599.3543,11777.5024,BEAR,11753.0,11719.0292,59.64,-0.161,29.71,True,False,True,False,False,False,True,False
2026-08-27T12:05:32,HDFCBANK,2026-08-27 12:00:00+05:30,BEAR,SIGNAL,100.0,BREAKOUT_CONTINUATION,,711.55,716.9962,17.05,-1.064,4.493,1.05,718.3851,724.3028,717.1047,BEAR,714.85,721.3107,21.21,-1.833,39.46,False,True,False,False,False,True,False,False
2026-08-27T12:05:32,RELIANCE,2026-08-27 12:00:00+05:30,BEAR,NEAR,80.0,,ENTRY_TRIGGER,1292.0,1292.4244,43.9,0.046,1.682,1.05,1294.9644,1304.4536,1293.018,BEAR,1292.3,1298.0204,30.19,-0.669,24.75,False,False,False,False,False,False,False,False
2026-08-27T12:05:33,M&M,2026-08-27 12:00:00+05:30,BEAR,NEAR,80.0,,ENTRY_TRIGGER,3365.5,3368.4751,39.1,0.0,5.819,1.05,3374.9828,3410.1142,3373.7578,BEAR,3362.1,3388.3398,20.68,-1.779,41.46,False,False,False,False,False,False,False,False
2026-08-27T12:05:33,SUNPHARMA,2026-08-27 12:00:00+05:30,BULL,NO_SIGNAL,40.0,VWAP_PULLBACK,MACRO_BULL|ST_BULL|ENTRY_TRIGGER,1912.6,1911.5731,53.64,0.11,2.968,1.05,1909.5196,1912.3897,1914.1721,BEAR,1912.1,1911.9794,49.65,-0.031,13.85,False,False,True,False,False,False,False,False
2026-08-27T12:10:07,BEL,2026-08-27 12:05:00+05:30,BULL,NO_SIGNAL,40.0,,MACRO_BULL|RVOL|ENTRY_TRIGGER,410.15,410.1552,50.27,0.024,0.934,1.05,410.4318,409.2038,409.1822,BULL,410.35,409.8811,54.52,0.367,18.89,False,False,False,False,False,False,False,False
2026-08-27T12:10:08,TATACONSUM,2026-08-27 12:05:00+05:30,BEAR,SIGNAL,100.0,VWAP_PULLBACK,,1037.5,1040.4081,33.01,-0.288,2.477,1.05,1040.9464,1049.6741,1043.5046,BEAR,1040.3,1042.5075,40.46,-0.431,25.64,False,True,False,True,False,True,False,False
2026-08-27T12:10:08,BAJAJ-AUTO,2026-08-27 12:05:00+05:30,BEAR,NO_SIGNAL,60.0,VWAP_PULLBACK,RVOL|ENTRY_TRIGGER,11650.0,11651.3614,46.57,0.103,0.785,1.05,11662.8314,11779.6795,11687.0771,BEAR,11650.0,11695.5025,34.96,-0.969,31.12,False,False,False,True,False,False,False,False
2026-08-27T12:10:09,NESTLEIND,2026-08-27 12:05:00+05:30,BEAR,NO_SIGNAL,40.0,,MACRO_BEAR|RVOL|ENTRY_TRIGGER,1441.2,1444.0547,36.15,-0.249,0.728,1.05,1450.9945,1462.6777,1446.0052,BEAR,1441.5,1449.0638,27.81,-0.955,12.44,False,True,False,False,False,False,False,False
2026-08-27T12:10:09,BAJFINANCE,2026-08-27 12:05:00+05:30,BULL,NO_SIGNAL,20.0,,MACRO_BULL|ST_BULL|RVOL|ENTRY_TRIGGER,1089.1,1089.1777,48.76,0.037,1.01,1.05,1095.8353,1086.617,1091.9885,BEAR,1089.0,1089.0622,50.8,0.092,32.8,False,False,False,False,False,False,False,False
2026-08-27T12:10:10,HINDALCO,2026-08-27 12:05:00+05:30,BEAR,NO_SIGNAL,60.0,,RVOL|ENTRY_TRIGGER,1037.55,1040.6285,32.52,-0.48,0.268,1.05,1043.7385,1049.6846,1042.3913,BEAR,1037.5,1044.8187,30.45,-1.752,29.8,False,True,False,False,False,False,False,False
2026-08-27T12:10:10,NTPC,2026-08-27 12:05:00+05:30,BEAR,NEAR,80.0,TREND_CONTINUATION,RVOL,329.95,330.4498,37.46,-0.061,0.827,1.05,330.8107,337.1893,331.4152,BEAR,330.1,332.98,24.31,-1.873,38.11,False,True,False,False,False,False,False,True
2026-08-27T12:10:11,HDFCLIFE,2026-08-27 12:05:00+05:30,BEAR,SIGNAL,100.0,VWAP_PULLBACK,,551.7,552.9155,38.71,-0.063,1.34,1.05,553.3339,554.6116,554.0141,BEAR,553.45,554.7611,44.49,-0.975,27.71,False,True,False,True,False,True,False,True
2026-08-27T12:10:11,SBILIFE,2026-08-27 12:05:00+05:30,BULL,NO_SIGNAL,40.0,,MACRO_BULL|ST_BULL|ENTRY_TRIGGER,1781.0,1784.4003,41.81,-0.442,1.17,1.05,1784.6445,1770.2949,1788.7161,BEAR,1781.2,1781.7411,50.89,0.372,22.88,False,True,False,False,False,False,False,False
2026-08-27T12:10:12,HINDUNILVR,2026-08-27 12:05:00+05:30,BEAR,NEAR,80.0,VWAP_PULLBACK,ENTRY_TRIGGER,2010.7,2010.7435,47.57,0.09,1.279,1.05,2011.266,2021.486,2014.6502,BEAR,2012.0,2016.0339,39.53,-0.608,27.62,False,False,False,True,False,False,False,False
2026-08-27T12:10:12,MARUTI,2026-08-27 12:05:00+05:30,BEAR,NO_SIGNAL,40.0,,MACRO_BEAR|RVOL|ENTRY_TRIGGER,13454.0,13458.7954,46.36,0.03,0.645,1.05,13458.2996,13547.7244,13487.7273,BEAR,13468.0,13500.7535,39.29,-0.546,21.13,False,False,False,False,False,False,False,False
2026-08-27T12:10:13,ITC,2026-08-27 12:05:00+05:30,BEAR,SIGNAL,100.0,VWAP_PULLBACK,,269.1,269.333,40.41,-0.019,1.083,1.05,269.6271,270.0627,269.9529,BEAR,269.4,270.0105,40.23,-0.645,32.31,False,True,False,True,False,False,False,True
2026-08-27T12:10:13,TMPV,2026-08-27 12:05:00+05:30,BULL,NEAR,80.0,,ENTRY_TRIGGER,317.65,316.2999,63.6,0.937,3.643,1.05,316.2568,314.5393,315.8841,BULL,319.05,315.5118,74.52,0.997,32.12,True,False,False,False,False,False,False,False
2026-08-27T12:10:14,ADANIPORTS,2026-08-27 12:05:00+05:30,BULL,NEAR,80.0,BREAKOUT_CONTINUATION,MACRO_BULL,1706.2,1698.4904,71.98,0.524,2.371,1.05,1697.731,1691.6573,1695.0982,BULL,1697.3,1696.105,54.13,-0.135,34.85,True,False,False,False,True,False,False,False
2026-08-27T12:10:14,DRREDDY,2026-08-27 12:05:00+05:30,BEAR,NO_SIGNAL,60.0,BREAKOUT_CONTINUATION,MACRO_BEAR|ST_BEAR,1183.5,1185.3323,41.63,-0.169,6.445,1.05,1183.2838,1186.4507,1182.7854,BULL,1185.3,1185.5797,49.21,-0.378,10.8,False,True,False,False,False,True,False,False
2026-08-27T12:10:15,WIPRO,2026-08-27 12:05:00+05:30,BEAR,NO_SIGNAL,40.0,,MACRO_BEAR|RVOL|ENTRY_TRIGGER,176.84,177.0413,39.58,-0.034,0.87,1.05,177.2903,179.784,177.3078,BEAR,177.02,177.4156,36.81,-0.31,18.47,False,True,False,False,False,False,False,False
2026-08-27T12:10:15,ONGC,2026-08-27 12:05:00+05:30,BEAR,NO_SIGNAL,60.0,VWAP_PULLBACK,MACRO_BEAR|RVOL,232.79,233.1644,42.66,-0.449,0.59,1.05,233.0939,234.4151,233.8534,BEAR,233.11,233.0343,50.33,0.021,26.78,False,True,False,True,False,False,False,True
2026-08-27T12:10:16,SBIN,2026-08-27 12:05:00+05:30,BEAR,NO_SIGNAL,60.0,,BELOW_WVWAP|ENTRY_TRIGGER,1047.4,1047.5373,46.44,0.057,1.432,1.05,1048.2346,1043.0147,1049.6215,BEAR,1047.7,1049.6329,42.33,-0.824,27.45,False,False,False,False,False,False,False,False
2026-08-27T12:10:16,EICHERMOT,2026-08-27 12:05:00+05:30,BEAR,NEAR,80.0,,ENTRY_TRIGGER,8033.0,8030.794,50.14,-0.137,3.947,1.05,8025.9519,8040.6563,8058.4996,BEAR,8041.5,8043.7392,48.57,-0.458,36.39,False,False,False,False,False,False,False,False
2026-08-27T12:10:17,COALINDIA,2026-08-27 12:05:00+05:30,BULL,NO_SIGNAL,20.0,,MACRO_BULL|ABOVE_WVWAP|RVOL|ENTRY_TRIGGER,402.0,402.0098,49.09,-0.025,0.394,1.05,402.1463,404.0684,401.1555,BULL,402.3,402.4858,47.13,-0.396,14.63,False,False,False,True,False,False,False,False
2026-08-27T12:10:18,BAJAJFINSV,2026-08-27 12:05:00+05:30,BEAR,NO_SIGNAL,60.0,VWAP_PULLBACK,MACRO_BEAR|ENTRY_TRIGGER,2006.3,2006.1749,48.73,-0.06,1.388,1.05,2009.7947,2008.1082,2011.5155,BEAR,2003.5,2008.4737,40.59,-0.571,14.46,False,False,False,True,False,False,False,False
2026-08-27T12:10:18,MAXHEALTH,2026-08-27 12:05:00+05:30,BEAR,NEAR,80.0,,ENTRY_TRIGGER,1000.1,1001.9336,34.95,-0.15,1.054,1.05,1004.5822,1000.3145,1003.6827,BEAR,1001.0,1006.7002,35.28,-1.564,34.52,False,True,False,False,False,False,False,False
2026-08-27T12:10:19,KOTAKBANK,2026-08-27 12:05:00+05:30,BULL,NO_SIGNAL,60.0,,RVOL|ENTRY_TRIGGER,425.15,424.4912,58.52,0.118,1.043,1.05,423.3329,410.9088,422.8403,BULL,425.35,420.7256,74.3,2.088,68.91,True,False,False,False,False,False,False,False
2026-08-27T12:10:19,APOLLOHOSP,2026-08-27 12:05:00+05:30,BEAR,NO_SIGNAL,40.0,,BELOW_WVWAP|RVOL|ENTRY_TRIGGER,8774.0,8784.9656,42.09,-0.244,0.194,1.05,8790.2971,8725.4203,8802.3901,BEAR,8782.5,8789.0413,47.25,-0.403,42.85,False,True,False,False,False,False,False,False
2026-08-27T12:10:20,CIPLA,2026-08-27 12:05:00+05:30,BEAR,NO_SIGNAL,40.0,VWAP_PULLBACK,MACRO_BEAR|RVOL|ENTRY_TRIGGER,1405.8,1406.8356,46.02,0.021,0.424,1.05,1406.5117,1419.909,1410.0739,BEAR,1409.6,1408.1568,51.39,-0.389,27.2,False,False,False,True,False,True,False,False
2026-08-27T12:10:20,JSWSTEEL,2026-08-27 12:05:00+05:30,BULL,NO_SIGNAL,20.0,,MACRO_BULL|ST_BULL|RVOL|ENTRY_TRIGGER,1338.4,1338.6291,49.91,-0.253,0.447,1.05,1340.2213,1320.5935,1342.7202,BEAR,1335.3,1334.5114,56.04,-0.284,57.82,False,False,False,False,False,False,False,False
2026-08-27T12:10:21,HCLTECH,2026-08-27 12:05:00+05:30,BEAR,NEAR,80.0,,ENTRY_TRIGGER,1285.6,1285.7779,46.82,-0.093,2.098,1.05,1286.5331,1304.1731,1289.8694,BEAR,1285.6,1290.7247,34.87,-1.184,27.7,False,False,False,False,False,False,False,False
2026-08-27T12:10:21,TCS,2026-08-27 12:05:00+05:30,BEAR,NO_SIGNAL,40.0,,MACRO_BEAR|RVOL|ENTRY_TRIGGER,2247.9,2250.9316,36.34,-0.191,0.913,1.05,2255.6518,2280.7005,2255.2114,BEAR,2249.0,2259.0297,30.53,-0.999,13.88,False,True,False,False,False,False,False,False
2026-08-27T12:10:22,INDIGO,2026-08-27 12:05:00+05:30,BULL,NO_SIGNAL,60.0,,MACRO_BULL|ENTRY_TRIGGER,5234.0,5221.8264,65.72,0.374,1.324,1.05,5217.5125,5176.4529,5211.6935,BULL,5224.5,5225.0118,50.91,-0.58,23.25,True,False,False,False,False,False,False,False
2026-08-27T12:10:22,BHARTIARTL,2026-08-27 12:05:00+05:30,BEAR,NO_SIGNAL,40.0,,ST_BEAR|RVOL|ENTRY_TRIGGER,1902.2,1901.1036,51.26,0.295,0.641,1.05,1900.6192,1923.4853,1895.306,BULL,1900.0,1906.2622,36.91,-0.835,35.2,False,False,False,False,False,False,False,False
2026-08-27T12:10:23,ETERNAL,2026-08-27 12:05:00+05:30,BEAR,NO_SIGNAL,40.0,,MACRO_BEAR|RVOL|ENTRY_TRIGGER,327.1,327.1981,49.27,-0.107,0.935,1.05,327.4132,328.1228,328.589,BEAR,327.2,327.1052,49.91,0.061,20.78,False,False,False,False,False,False,False,False
2026-08-27T12:10:23,LT,2026-08-27 12:05:00+05:30,BEAR,NO_SIGNAL,60.0,,ST_BEAR|ENTRY_TRIGGER,4042.5,4036.7419,54.64,0.188,1.324,1.05,4038.9618,4080.802,4023.0317,BULL,4038.9,4046.1095,40.84,-0.605,36.81,False,False,False,False,False,False,False,False
2026-08-27T12:10:24,SHRIRAMFIN,2026-08-27 12:05:00+05:30,BEAR,NEAR,80.0,VWAP_PULLBACK,ENTRY_TRIGGER,1099.2,1098.3694,49.56,0.182,2.003,1.05,1101.274,1117.7742,1100.9698,BEAR,1100.4,1106.0219,40.13,-1.846,32.92,False,False,False,True,False,False,False,False
2026-08-27T12:10:24,GRASIM,2026-08-27 12:05:00+05:30,BULL,NO_SIGNAL,60.0,,MACRO_BULL|ENTRY_TRIGGER,3280.1,3284.6039,41.48,-0.334,1.213,1.05,3285.3411,3276.0385,3274.1812,BULL,3282.6,3283.9775,50.04,-0.176,36.41,False,True,False,False,False,False,False,True
2026-08-27T12:10:25,AXISBANK,2026-08-27 12:05:00+05:30,BULL,NO_SIGNAL,60.0,,MACRO_BULL|ENTRY_TRIGGER,1257.9,1257.3893,52.11,-0.032,1.186,1.05,1258.4042,1244.5348,1253.7598,BULL,1256.3,1255.847,55.35,-0.04,41.2,False,False,False,False,False,False,False,False
2026-08-27T12:10:25,POWERGRID,2026-08-27 12:05:00+05:30,BEAR,NO_SIGNAL,40.0,,ST_BEAR|RVOL|ENTRY_TRIGGER,264.55,264.0375,57.1,0.379,0.364,1.05,263.6996,268.2238,263.4723,BULL,265.0,265.0404,45.6,-0.73,38.78,True,False,False,False,False,False,False,False
2026-08-27T12:10:26,ADANIENT,2026-08-27 12:05:00+05:30,BULL,NEAR,80.0,,ENTRY_TRIGGER,3151.9,3143.525,59.0,0.223,1.673,1.05,3144.6626,3081.2973,3127.7229,BULL,3143.4,3135.6866,62.05,0.194,47.17,True,False,False,False,False,False,False,False
2026-08-27T12:10:26,TECHM,2026-08-27 12:05:00+05:30,BULL,NO_SIGNAL,60.0,,ST_BULL|ENTRY_TRIGGER,1589.5,1590.8082,48.35,-0.519,2.683,1.05,1589.9879,1583.2571,1595.6288,BEAR,1587.9,1585.1092,55.28,0.851,34.19,False,False,False,False,False,False,False,False
2026-08-27T12:10:27,ICICIBANK,2026-08-27 12:05:00+05:30,BULL,NEAR,80.0,,ENTRY_TRIGGER,1443.2,1441.9938,57.95,0.167,1.132,1.05,1441.1437,1426.4811,1437.8927,BULL,1443.5,1439.1785,68.41,0.494,31.28,True,False,False,False,False,False,False,False
2026-08-27T12:10:28,JIOFIN,2026-08-27 12:05:00+05:30,BEAR,SIGNAL,100.0,BREAKOUT_CONTINUATION,,239.25,239.7862,33.64,-0.167,1.267,1.05,240.4147,242.1785,240.0701,BEAR,239.95,240.8178,33.54,-1.052,31.76,False,True,False,False,False,True,False,False
2026-08-27T12:10:28,TATASTEEL,2026-08-27 12:05:00+05:30,BULL,NO_SIGNAL,60.0,,MACRO_BULL|ENTRY_TRIGGER,188.48,188.3097,52.74,-0.011,1.361,1.05,188.6682,186.1687,187.5726,BULL,187.9,187.5547,54.94,-0.435,37.08,False,False,False,False,False,False,False,False
2026-08-27T12:10:29,TITAN,2026-08-27 12:05:00+05:30,BULL,NEAR,80.0,,ENTRY_TRIGGER,5136.2,5121.2571,72.44,0.316,1.521,1.05,5103.2151,5093.8705,5115.5251,BULL,5131.0,5108.5465,64.28,0.497,24.66,True,False,False,False,False,False,False,False
2026-08-27T12:10:29,INFY,2026-08-27 12:05:00+05:30,BEAR,NO_SIGNAL,60.0,,MACRO_BEAR|ENTRY_TRIGGER,1108.8,1112.1129,31.98,-0.556,1.248,1.05,1115.9277,1127.3069,1113.6855,BEAR,1109.1,1116.4295,29.81,-1.194,12.36,False,True,False,False,False,False,False,False
2026-08-27T12:10:30,TRENT,2026-08-27 12:05:00+05:30,BEAR,NO_SIGNAL,60.0,VWAP_PULLBACK,MACRO_BEAR|ST_BEAR,2888.9,2895.0408,40.84,-0.086,2.81,1.05,2898.2181,2916.025,2883.2981,BULL,2895.0,2903.5749,42.05,-0.652,16.07,False,True,False,True,False,True,False,False
2026-08-27T12:10:30,ASIANPAINT,2026-08-27 12:05:00+05:30,BULL,NEAR,80.0,VWAP_PULLBACK,MACRO_BULL,2648.0,2643.1383,59.67,0.098,10.245,1.05,2642.2259,2633.1773,2635.3158,BULL,2644.2,2642.1045,53.24,0.053,19.06,True,False,True,False,True,False,False,False
2026-08-27T12:10:31,ULTRACEMCO,2026-08-27 12:05:00+05:30,BEAR,NO_SIGNAL,40.0,TREND_CONTINUATION,MACRO_BEAR|BELOW_WVWAP|RVOL,11717.0,11735.8152,44.29,-0.204,0.392,1.05,11742.284,11599.5848,11777.5024,BEAR,11753.0,11719.0292,59.64,-0.161,29.71,False,True,False,False,False,False,False,True
2026-08-27T12:10:31,HDFCBANK,2026-08-27 12:05:00+05:30,BEAR,NEAR,80.0,,ENTRY_TRIGGER,710.95,716.4466,16.04,-1.099,2.593,1.05,717.9379,724.0608,715.2541,BEAR,714.85,721.3107,21.21,-1.833,39.46,False,True,False,False,False,False,False,False
2026-08-27T12:10:32,RELIANCE,2026-08-27 12:05:00+05:30,BEAR,NEAR,80.0,,ENTRY_TRIGGER,1290.2,1292.2222,38.04,-0.023,1.078,1.05,1294.8067,1304.3668,1293.018,BEAR,1292.3,1298.0204,30.19,-0.669,24.75,False,True,False,False,False,False,False,False
2026-08-27T12:10:32,M&M,2026-08-27 12:05:00+05:30,BEAR,NEAR,80.0,,ENTRY_TRIGGER,3364.8,3368.141,38.18,0.054,1.526,1.05,3374.5634,3409.6928,3373.7578,BEAR,3362.1,3388.3398,20.68,-1.779,41.46,False,False,False,False,False,False,False,False
2026-08-27T12:10:33,SUNPHARMA,2026-08-27 12:05:00+05:30,BEAR,NEAR,80.0,VWAP_PULLBACK,MACRO_BEAR,1909.0,1911.3392,43.8,-0.079,2.435,1.05,1909.5455,1912.3834,1914.1721,BEAR,1912.1,1911.9794,49.65,-0.031,13.85,False,True,False,True,False,True,False,False
2026-08-27T12:15:07,BEL,2026-08-27 12:10:00+05:30,BULL,NO_SIGNAL,60.0,VWAP_PULLBACK,MACRO_BULL|RVOL,410.55,410.1911,57.14,0.11,0.988,1.05,410.4317,409.2063,409.1822,BULL,410.55,409.9419,55.96,0.49,19.47,True,False,True,False,False,False,False,False
2026-08-27T12:15:07,TATACONSUM,2026-08-27 12:10:00+05:30,BEAR,NO_SIGNAL,60.0,,RVOL|ENTRY_TRIGGER,1038.5,1040.2346,39.54,-0.173,0.785,1.05,1040.8945,1049.6437,1042.5539,BEAR,1038.5,1042.1431,36.48,-0.888,26.49,False,True,False,False,False,False,False,False
2026-08-27T12:15:08,BAJAJ-AUTO,2026-08-27 12:10:00+05:30,BEAR,NEAR,80.0,,ENTRY_TRIGGER,11685.0,11654.4195,60.63,0.369,1.753,1.05,11663.2758,11779.0414,11687.0771,BEAR,11685.0,11694.5478,44.61,-0.553,29.64,True,False,False,False,False,False,False,False
2026-08-27T12:15:08,NESTLEIND,2026-08-27 12:10:00+05:30,BEAR,NO_SIGNAL,40.0,,MACRO_BEAR|RVOL|ENTRY_TRIGGER,1441.6,1443.8316,38.0,-0.263,0.519,1.05,1450.9242,1462.6638,1446.0052,BEAR,1441.6,1448.3853,28.16,-1.057,12.76,False,True,False,False,False,False,False,False
2026-08-27T12:15:09,BAJFINANCE,2026-08-27 12:10:00+05:30,BULL,NO_SIGNAL,20.0,,MACRO_BULL|ST_BULL|RVOL|ENTRY_TRIGGER,1088.6,1089.1252,46.32,-0.046,0.744,1.05,1095.7801,1086.6208,1091.9885,BEAR,1088.6,1089.0202,49.86,0.055,32.58,False,False,False,False,False,False,False,False
2026-08-27T12:15:09,HINDALCO,2026-08-27 12:10:00+05:30,BEAR,NEAR,80.0,BREAKOUT_CONTINUATION,RVOL,1035.65,1040.1759,27.87,-0.5,0.882,1.05,1043.5528,1049.6447,1041.9661,BEAR,1035.65,1043.9852,27.93,-2.112,31.19,False,True,False,False,False,True,False,False
2026-08-27T12:15:10,NTPC,2026-08-27 12:10:00+05:30,BEAR,NO_SIGNAL,60.0,,RVOL|ENTRY_TRIGGER,330.0,330.4089,38.38,0.061,0.446,1.05,330.7987,337.1648,331.363,BEAR,330.0,332.7091,23.97,-1.932,39.24,False,False,False,False,False,False,False,False
2026-08-27T12:15:10,HDFCLIFE,2026-08-27 12:10:00+05:30,BEAR,NO_SIGNAL,60.0,,RVOL|ENTRY_TRIGGER,551.95,552.8278,40.87,-0.163,0.417,1.05,553.3179,554.6089,554.0141,BEAR,551.95,554.5056,39.97,-0.693,27.18,False,True,False,False,False,False,False,False
2026-08-27T12:15:11,SBILIFE,2026-08-27 12:10:00+05:30,BULL,NO_SIGNAL,20.0,,MACRO_BULL|ST_BULL|RVOL|ENTRY_TRIGGER,1781.8,1784.1639,43.97,-0.402,0.655,1.05,1784.6115,1770.3116,1788.6995,BEAR,1781.8,1781.7465,51.55,0.513,21.72,False,True,False,False,False,False,False,False
2026-08-27T12:15:11,HINDUNILVR,2026-08-27 12:10:00+05:30,BEAR,NO_SIGNAL,60.0,,RVOL|ENTRY_TRIGGER,2011.1,2010.7759,48.96,0.129,0.453,1.05,2011.264,2021.4699,2014.6502,BEAR,2011.1,2015.5853,38.26,-0.686,27.02,False,False,False,False,False,False,False,False
2026-08-27T12:15:12,MARUTI,2026-08-27 12:10:00+05:30,BEAR,NO_SIGNAL,60.0,,MACRO_BEAR|ENTRY_TRIGGER,13452.0,13458.1777,45.63,-0.007,1.403,1.05,13458.0762,13547.1376,13487.7273,BEAR,13452.0,13496.3213,36.57,-0.796,20.71,False,False,False,False,False,False,False,False
2026-08-27T12:15:12,ITC,2026-08-27 12:10:00+05:30,BEAR,NO_SIGNAL,60.0,,RVOL|ENTRY_TRIGGER,269.1,269.3118,40.41,-0.037,0.78,1.05,269.6168,270.0604,269.9529,BEAR,269.1,269.9278,37.28,-0.756,32.35,False,True,False,False,False,False,False,False
2026-08-27T12:15:13,TMPV,2026-08-27 12:10:00+05:30,BULL,NO_SIGNAL,60.0,,RVOL|ENTRY_TRIGGER,317.2,316.3817,59.04,0.859,0.454,1.05,316.27,314.5446,315.8841,BULL,317.2,315.6653,59.85,0.698,33.6,True,False,False,False,False,False,False,False
2026-08-27T12:15:13,ADANIPORTS,2026-08-27 12:10:00+05:30,BULL,NEAR,80.0,,ENTRY_TRIGGER,1710.7,1699.6004,77.49,0.677,2.931,1.05,1698.8749,1691.9319,1698.7913,BULL,1710.7,1697.4318,72.49,0.819,36.36,True,False,False,False,False,False,False,False
2026-08-27T12:15:14,DRREDDY,2026-08-27 12:10:00+05:30,BULL,NO_SIGNAL,20.0,,MACRO_BULL|ABOVE_WVWAP|RVOL|ENTRY_TRIGGER,1184.5,1185.2566,46.64,-0.084,0.954,1.05,1183.2989,1186.4473,1182.7854,BULL,1184.5,1185.4815,47.65,-0.042,10.46,False,False,False,False,False,False,False,False
2026-08-27T12:15:15,WIPRO,2026-08-27 12:10:00+05:30,BEAR,NO_SIGNAL,60.0,,MACRO_BEAR|ENTRY_TRIGGER,177.15,177.0512,52.48,0.079,1.351,1.05,177.2833,179.7777,177.3078,BEAR,177.15,177.3915,40.3,-0.225,18.24,False,False,False,False,False,False,False,False
2026-08-27T12:15:15,ONGC,2026-08-27 12:10:00+05:30,BEAR,NO_SIGNAL,60.0,,RVOL|ENTRY_TRIGGER,232.85,233.1358,44.15,-0.364,0.333,1.05,233.0913,234.4131,233.7086,BEAR,232.85,233.0175,47.26,-0.163,25.08,False,True,False,False,False,False,False,False
2026-08-27T12:15:16,SBIN,2026-08-27 12:10:00+05:30,BEAR,NO_SIGNAL,40.0,,BELOW_WVWAP|RVOL|ENTRY_TRIGGER,1047.3,1047.5158,45.73,0.048,0.846,1.05,1048.216,1043.0201,1049.6215,BEAR,1047.3,1049.4208,41.17,-0.814,27.33,False,False,False,False,False,False,False,False
2026-08-27T12:15:16,EICHERMOT,2026-08-27 12:10:00+05:30,BEAR,NO_SIGNAL,60.0,,RVOL|ENTRY_TRIGGER,8040.0,8031.631,53.54,0.193,0.574,1.05,8026.165,8040.6467,8058.4996,BEAR,8040.0,8043.3993,48.13,-0.211,34.97,False,False,False,False,False,False,False,False
2026-08-27T12:15:17,COALINDIA,2026-08-27 12:10:00+05:30,BULL,NO_SIGNAL,20.0,,MACRO_BULL|ABOVE_WVWAP|RVOL|ENTRY_TRIGGER,402.05,402.0135,50.02,0.012,0.283,1.05,402.1452,404.0675,401.1555,BULL,402.05,402.4462,45.16,-0.359,13.87,False,False,False,False,False,False,False,False
2026-08-27T12:15:17,BAJAJFINSV,2026-08-27 12:10:00+05:30,BEAR,NO_SIGNAL,40.0,,MACRO_BEAR|RVOL|ENTRY_TRIGGER,2005.8,2006.1409,47.56,-0.075,0.686,1.05,2009.7253,2008.1039,2011.5155,BEAR,2005.8,2008.2306,45.18,-0.605,14.0,False,False,False,False,False,False,False,False
2026-08-27T12:15:18,MAXHEALTH,2026-08-27 12:10:00+05:30,BEAR,NO_SIGNAL,60.0,,BELOW_WVWAP|ENTRY_TRIGGER,1000.6,1001.8124,38.44,-0.1,1.161,1.05,1004.5004,1000.3145,1003.6827,BEAR,1000.6,1006.1456,34.64,-1.126,34.71,False,True,False,False,False,False,False,False
2026-08-27T12:15:18,KOTAKBANK,2026-08-27 12:10:00+05:30,BULL,NEAR,80.0,,ENTRY_TRIGGER,425.2,424.5556,58.85,0.189,1.093,1.05,423.3583,410.9682,422.8403,BULL,425.2,421.1324,73.44,2.101,69.4,True,False,False,False,False,False,False,False
2026-08-27T12:15:19,APOLLOHOSP,2026-08-27 12:10:00+05:30,BEAR,NO_SIGNAL,40.0,,BELOW_WVWAP|RVOL|ENTRY_TRIGGER,8778.0,8784.3324,45.06,-0.142,0.147,1.05,8790.2483,8725.4427,8802.3901,BEAR,8778.0,8788.0375,45.25,-0.239,41.8,False,False,False,False,False,False,False,False
2026-08-27T12:15:19,CIPLA,2026-08-27 12:10:00+05:30,BEAR,NO_SIGNAL,60.0,,RVOL|ENTRY_TRIGGER,1407.9,1406.9324,53.43,0.142,0.345,1.05,1406.5159,1419.9027,1410.0739,BEAR,1407.9,1408.1334,47.91,-0.191,26.3,False,False,False,False,False,False,False,False
2026-08-27T12:15:20,JSWSTEEL,2026-08-27 12:10:00+05:30,BULL,NO_SIGNAL,40.0,,MACRO_BULL|ST_BULL|ENTRY_TRIGGER,1336.8,1338.4629,45.47,-0.38,2.748,1.05,1340.0858,1320.7136,1342.7202,BEAR,1336.8,1334.7194,58.69,-0.097,56.21,False,False,False,False,False,False,False,False
2026-08-27T12:15:20,HCLTECH,2026-08-27 12:10:00+05:30,BEAR,NEAR,80.0,,ENTRY_TRIGGER,1287.0,1285.889,52.71,0.148,3.067,1.05,1286.5475,1303.817,1289.8694,BEAR,1287.0,1290.3861,38.62,-1.0,26.61,False,False,False,False,False,False,False,False
2026-08-27T12:15:21,TCS,2026-08-27 12:10:00+05:30,BEAR,NO_SIGNAL,40.0,,MACRO_BEAR|RVOL|ENTRY_TRIGGER,2247.8,2250.6469,36.11,-0.111,0.838,1.05,2255.5012,2280.6252,2255.0455,BEAR,2247.8,2258.0088,29.46,-1.043,14.43,False,True,False,False,False,False,False,False
2026-08-27T12:15:21,INDIGO,2026-08-27 12:10:00+05:30,BULL,NO_SIGNAL,40.0,,MACRO_BULL|RVOL|ENTRY_TRIGGER,5227.5,5222.3422,56.02,0.201,0.494,1.05,5217.6613,5176.5175,5211.6935,BULL,5227.5,5225.238,52.53,-0.334,22.31,True,False,False,False,False,False,False,False
2026-08-27T12:15:22,BHARTIARTL,2026-08-27 12:10:00+05:30,BEAR,NO_SIGNAL,40.0,,ST_BEAR|RVOL|ENTRY_TRIGGER,1904.0,1901.3669,54.74,0.433,0.647,1.05,1900.6531,1923.4126,1895.306,BULL,1904.0,1906.0565,43.68,-0.517,34.18,False,False,False,False,False,False,False,False
2026-08-27T12:15:22,ETERNAL,2026-08-27 12:10:00+05:30,BEAR,NO_SIGNAL,40.0,VWAP_PULLBACK,MACRO_BEAR|RVOL|ENTRY_TRIGGER,326.85,327.1665,46.29,0.015,0.823,1.05,327.403,328.1192,328.589,BEAR,326.85,327.082,47.74,-0.122,20.3,False,False,False,True,False,False,False,False
2026-08-27T12:15:23,LT,2026-08-27 12:10:00+05:30,BEAR,NO_SIGNAL,40.0,,ST_BEAR|RVOL|ENTRY_TRIGGER,4046.0,4037.5836,57.56,0.3,1.014,1.05,4039.087,4080.7057,4023.0317,BULL,4046.0,4046.0995,46.94,-0.148,36.1,True,False,False,False,False,False,False,False
2026-08-27T12:15:23,SHRIRAMFIN,2026-08-27 12:10:00+05:30,BEAR,NO_SIGNAL,60.0,,RVOL|ENTRY_TRIGGER,1100.6,1098.5722,53.66,0.301,0.79,1.05,1101.2552,1117.7109,1100.9698,BEAR,1100.6,1105.529,40.43,-1.872,32.3,False,False,False,False,False,False,False,False
2026-08-27T12:15:24,GRASIM,2026-08-27 12:10:00+05:30,BULL,NO_SIGNAL,60.0,,MACRO_BULL|ENTRY_TRIGGER,3279.4,3284.1308,40.46,-0.295,2.366,1.05,3285.0051,3276.0485,3274.1812,BULL,3279.4,3283.5613,48.17,-0.832,35.54,False,True,False,False,False,False,False,False
2026-08-27T12:15:24,AXISBANK,2026-08-27 12:10:00+05:30,BULL,SIGNAL,100.0,VWAP_PULLBACK,,1258.7,1257.5084,55.3,0.056,2.233,1.05,1258.4011,1244.6846,1253.7598,BULL,1258.7,1256.1064,61.14,0.223,39.76,True,False,True,False,True,False,True,False
2026-08-27T12:15:25,POWERGRID,2026-08-27 12:10:00+05:30,BEAR,NO_SIGNAL,40.0,,ST_BEAR|RVOL|ENTRY_TRIGGER,264.6,264.0886,57.73,0.456,0.154,1.05,263.7037,268.22,263.4723,BULL,264.6,265.0003,42.62,-0.582,37.24,True,False,False,False,False,False,False,False
2026-08-27T12:15:26,ADANIENT,2026-08-27 12:10:00+05:30,BULL,NO_SIGNAL,60.0,,RVOL|ENTRY_TRIGGER,3151.7,3144.2682,58.76,0.299,0.842,1.05,3144.7948,3081.488,3130.8852,BULL,3151.7,3137.1423,67.27,0.725,47.25,True,False,False,False,False,False,False,False
2026-08-27T12:15:26,TECHM,2026-08-27 12:10:00+05:30,BULL,NO_SIGNAL,40.0,VWAP_PULLBACK,ST_BULL|RVOL|ENTRY_TRIGGER,1591.5,1590.8711,53.58,-0.401,0.699,1.05,1589.9959,1583.2769,1595.6288,BEAR,1591.5,1585.6902,58.98,1.344,33.79,False,False,True,False,True,False,False,False
2026-08-27T12:15:27,ICICIBANK,2026-08-27 12:10:00+05:30,BULL,NEAR,80.0,VWAP_PULLBACK,RVOL,1444.1,1442.1852,61.39,0.236,0.864,1.05,1441.2052,1426.5597,1437.8927,BULL,1444.1,1439.6259,69.66,0.676,32.52,True,False,True,False,False,False,True,False
2026-08-27T12:15:27,JIOFIN,2026-08-27 12:10:00+05:30,BEAR,NEAR,80.0,,ENTRY_TRIGGER,239.45,239.7556,39.37,0.042,1.205,1.05,240.3908,242.1682,240.0701,BEAR,239.45,240.6935,29.24,-1.054,32.5,False,False,False,False,False,False,False,False
2026-08-27T12:15:28,TATASTEEL,2026-08-27 12:10:00+05:30,BULL,NO_SIGNAL,40.0,,MACRO_BULL|RVOL|ENTRY_TRIGGER,188.36,188.3143,51.23,-0.027,0.743,1.05,188.6635,186.1775,187.5726,BULL,188.36,187.6279,57.9,-0.575,37.33,False,False,False,False,False,False,False,False
2026-08-27T12:15:28,TITAN,2026-08-27 12:10:00+05:30,BULL,NEAR,80.0,,ENTRY_TRIGGER,5140.3,5122.9882,75.04,0.396,2.777,1.05,5104.2026,5094.3309,5120.2144,BULL,5140.3,5111.4331,67.71,0.573,25.94,True,False,False,False,False,False,False,False
2026-08-27T12:15:29,INFY,2026-08-27 12:10:00+05:30,BEAR,NO_SIGNAL,60.0,,MACRO_BEAR|ENTRY_TRIGGER,1111.5,1112.0572,44.92,-0.108,3.221,1.05,1115.5956,1127.185,1113.6855,BEAR,1111.5,1115.9814,36.93,-1.015,11.81,False,True,False,False,False,False,False,False
2026-08-27T12:15:29,TRENT,2026-08-27 12:10:00+05:30,BULL,NO_SIGNAL,20.0,,MACRO_BULL|ABOVE_WVWAP|RVOL|ENTRY_TRIGGER,2887.3,2894.3371,39.26,-0.121,1.005,1.05,2897.8953,2915.926,2883.2981,BULL,2887.3,2902.0953,37.86,-0.78,16.45,False,True,False,False,False,False,False,False
2026-08-27T12:15:30,ASIANPAINT,2026-08-27 12:10:00+05:30,BULL,NO_SIGNAL,60.0,VWAP_PULLBACK,MACRO_BULL|RVOL,2651.0,2643.853,63.7,0.333,0.987,1.05,2642.4529,2633.2711,2635.3158,BULL,2651.0,2642.9131,60.0,0.569,17.93,True,False,True,False,True,False,False,False
2026-08-27T12:15:30,ULTRACEMCO,2026-08-27 12:10:00+05:30,BULL,NO_SIGNAL,20.0,,MACRO_BULL|ST_BULL|RVOL|ENTRY_TRIGGER,11717.0,11734.1047,44.29,-0.136,0.401,1.05,11741.9311,11599.7954,11777.5024,BEAR,11717.0,11718.8447,51.93,-0.493,29.19,False,True,False,False,False,False,False,False
2026-08-27T12:15:31,HDFCBANK,2026-08-27 12:10:00+05:30,BEAR,NO_SIGNAL,60.0,,RVOL|ENTRY_TRIGGER,711.4,715.9878,19.87,-0.933,0.98,1.05,717.7727,723.9641,715.1249,BEAR,711.4,720.4097,16.69,-2.193,42.04,False,True,False,False,False,False,False,False
2026-08-27T12:15:32,RELIANCE,2026-08-27 12:10:00+05:30,BEAR,NO_SIGNAL,60.0,,RVOL|ENTRY_TRIGGER,1290.8,1292.0929,40.87,0.054,0.695,1.05,1294.7166,1304.3147,1293.018,BEAR,1290.8,1297.364,27.84,-0.898,24.89,False,False,False,False,False,False,False,False
2026-08-27T12:15:32,M&M,2026-08-27 12:10:00+05:30,BEAR,NEAR,80.0,,ENTRY_TRIGGER,3369.4,3368.2555,47.02,0.241,2.727,1.05,3374.0255,3408.9665,3373.7578,BEAR,3369.4,3386.618,30.15,-1.24,42.0,False,False,False,False,False,False,False,False
2026-08-27T12:15:33,SUNPHARMA,2026-08-27 12:10:00+05:30,BEAR,NO_SIGNAL,60.0,,MACRO_BEAR|ENTRY_TRIGGER,1910.0,1911.2175,46.72,-0.037,1.751,1.05,1909.5604,1912.3782,1914.1721,BEAR,1910.0,1911.7995,45.61,0.0,13.45,False,False,False,False,False,False,False,False
2026-08-27T12:20:07,BEL,2026-08-27 12:15:00+05:30,BULL,NO_SIGNAL,40.0,,MACRO_BULL|RVOL|ENTRY_TRIGGER,410.3,410.201,52.28,0.073,0.905,1.05,410.4311,409.2085,409.215,BULL,410.55,409.9419,55.96,0.49,19.47,False,False,False,False,False,False,False,False
2026-08-27T12:20:07,TATACONSUM,2026-08-27 12:15:00+05:30,BEAR,NO_SIGNAL,60.0,,RVOL|ENTRY_TRIGGER,1037.2,1039.9587,34.79,-0.298,1.04,1.05,1040.8219,1049.6043,1042.5539,BEAR,1038.5,1042.1431,36.48,-0.888,26.49,False,True,False,False,False,False,False,False
2026-08-27T12:20:08,BAJAJ-AUTO,2026-08-27 12:15:00+05:30,BEAR,NEAR,80.0,,ENTRY_TRIGGER,11686.0,11657.2904,60.94,0.412,1.14,1.05,11663.8223,11778.6503,11687.0771,BEAR,11685.0,11694.5478,44.61,-0.553,29.64,True,False,False,False,False,False,False,False
2026-08-27T12:20:08,NESTLEIND,2026-08-27 12:15:00+05:30,BEAR,NO_SIGNAL,40.0,,MACRO_BEAR|RVOL|ENTRY_TRIGGER,1442.5,1443.7105,42.06,-0.104,0.958,1.05,1450.8101,1462.64,1446.0052,BEAR,1441.6,1448.3853,28.16,-1.057,12.76,False,True,False,False,False,False,False,False
2026-08-27T12:20:09,BAJFINANCE,2026-08-27 12:15:00+05:30,BULL,NO_SIGNAL,40.0,,MACRO_BULL|ST_BULL|ENTRY_TRIGGER,1089.2,1089.132,49.58,0.055,1.147,1.05,1095.7084,1086.6264,1091.9885,BEAR,1088.6,1089.0202,49.86,0.055,32.58,False,False,False,False,False,False,False,False
2026-08-27T12:20:09,HINDALCO,2026-08-27 12:15:00+05:30,BEAR,NEAR,80.0,BREAKOUT_CONTINUATION,RVOL,1034.9,1039.6963,26.27,-0.471,0.641,1.05,1043.4001,1049.6128,1040.6888,BEAR,1035.65,1043.9852,27.93,-2.112,31.19,False,True,False,False,False,True,False,False
2026-08-27T12:20:10,NTPC,2026-08-27 12:15:00+05:30,BEAR,NEAR,80.0,,ENTRY_TRIGGER,330.4,330.4081,45.35,0.273,1.283,1.05,330.7797,337.1049,331.363,BEAR,330.0,332.7091,23.97,-1.932,39.24,False,False,False,False,False,False,False,False
2026-08-27T12:20:10,HDFCLIFE,2026-08-27 12:15:00+05:30,BEAR,NEAR,80.0,BREAKOUT_CONTINUATION,RVOL,551.1,552.6707,36.2,-0.371,0.38,1.05,553.2996,554.6062,554.0141,BEAR,551.95,554.5056,39.97,-0.693,27.18,False,True,False,False,False,True,False,True
2026-08-27T12:20:11,SBILIFE,2026-08-27 12:15:00+05:30,BULL,NO_SIGNAL,20.0,,MACRO_BULL|ST_BULL|RVOL|ENTRY_TRIGGER,1781.0,1783.8763,42.28,-0.352,0.671,1.05,1784.577,1770.3274,1788.0782,BEAR,1781.8,1781.7465,51.55,0.513,21.72,False,True,False,False,False,False,False,False
2026-08-27T12:20:12,HINDUNILVR,2026-08-27 12:15:00+05:30,BEAR,NO_SIGNAL,60.0,VWAP_PULLBACK,RVOL|ENTRY_TRIGGER,2010.8,2010.7781,47.93,0.025,1.039,1.05,2011.2566,2021.434,2014.6502,BEAR,2011.1,2015.5853,38.26,-0.686,27.02,False,False,False,True,False,False,False,False
2026-08-27T12:20:12,MARUTI,2026-08-27 12:15:00+05:30,BEAR,NO_SIGNAL,60.0,VWAP_PULLBACK,MACRO_BEAR|RVOL,13450.0,13457.4342,44.88,-0.007,0.645,1.05,13457.9445,13546.8547,13487.7273,BEAR,13452.0,13496.3213,36.57,-0.796,20.71,False,True,False,True,False,False,False,False
2026-08-27T12:20:13,ITC,2026-08-27 12:15:00+05:30,BEAR,NEAR,80.0,,ENTRY_TRIGGER,269.1,269.2926,40.41,-0.037,1.432,1.05,269.5991,270.0562,269.9529,BEAR,269.1,269.9278,37.28,-0.756,32.35,False,True,False,False,False,False,False,False
2026-08-27T12:20:13,TMPV,2026-08-27 12:15:00+05:30,BULL,SIGNAL,100.0,VWAP_PULLBACK,,317.75,316.5061,62.57,1.082,3.105,1.05,316.369,314.5832,315.8841,BULL,317.2,315.6653,59.85,0.698,33.6,True,False,True,False,False,False,False,False
2026-08-27T12:20:14,ADANIPORTS,2026-08-27 12:15:00+05:30,BULL,NEAR,80.0,,ENTRY_TRIGGER,1709.9,1700.5367,74.68,0.653,1.292,1.05,1699.3289,1692.0556,1698.8997,BULL,1710.7,1697.4318,72.49,0.819,36.36,True,False,False,False,False,False,False,False
2026-08-27T12:20:14,DRREDDY,2026-08-27 12:15:00+05:30,BULL,NO_SIGNAL,20.0,,MACRO_BULL|ABOVE_WVWAP|RVOL|ENTRY_TRIGGER,1184.8,1185.2151,48.08,-0.051,0.47,1.05,1183.3098,1186.4458,1182.7854,BULL,1184.5,1185.4815,47.65,-0.042,10.46,False,False,False,False,False,False,False,False
2026-08-27T12:20:15,WIPRO,2026-08-27 12:15:00+05:30,BEAR,NO_SIGNAL,40.0,,MACRO_BEAR|RVOL|ENTRY_TRIGGER,177.24,177.0683,55.45,0.051,0.607,1.05,177.2827,179.775,177.3078,BEAR,177.15,177.3915,40.3,-0.225,18.24,True,False,False,False,False,False,False,False
2026-08-27T12:20:15,ONGC,2026-08-27 12:15:00+05:30,BEAR,NEAR,80.0,VWAP_PULLBACK,RVOL,232.76,233.1016,42.37,-0.36,0.394,1.05,233.0882,234.4106,233.6938,BEAR,232.85,233.0175,47.26,-0.163,25.08,False,True,False,True,False,False,False,True
2026-08-27T12:20:16,SBIN,2026-08-27 12:15:00+05:30,BEAR,NEAR,80.0,TREND_CONTINUATION,BELOW_WVWAP,1046.2,1047.3961,38.72,-0.057,1.356,1.05,1048.1724,1043.0275,1049.6215,BEAR,1047.3,1049.4208,41.17,-0.814,27.33,False,True,False,False,False,False,False,True
2026-08-27T12:20:17,EICHERMOT,2026-08-27 12:15:00+05:30,BULL,NO_SIGNAL,40.0,VWAP_PULLBACK,MACRO_BULL|ST_BULL|RVOL,8044.0,8032.7554,55.41,0.318,0.525,1.05,8026.4187,8040.6499,8058.4996,BEAR,8040.0,8043.3993,48.13,-0.211,34.97,True,False,True,False,False,False,True,False
2026-08-27T12:20:17,COALINDIA,2026-08-27 12:15:00+05:30,BULL,NO_SIGNAL,20.0,,MACRO_BULL|ABOVE_WVWAP|RVOL|ENTRY_TRIGGER,402.1,402.0213,51.0,0.062,0.343,1.05,402.145,404.0665,401.1555,BULL,402.05,402.4462,45.16,-0.359,13.87,False,False,False,False,False,False,False,False
2026-08-27T12:20:18,BAJAJFINSV,2026-08-27 12:15:00+05:30,BEAR,NO_SIGNAL,40.0,VWAP_PULLBACK,MACRO_BEAR|RVOL|ENTRY_TRIGGER,2004.9,2006.028,45.46,-0.03,1.023,1.05,2009.6293,2008.0977,2011.5155,BEAR,2005.8,2008.2306,45.18,-0.605,14.0,False,False,False,True,False,False,False,False
2026-08-27T12:20:18,MAXHEALTH,2026-08-27 12:15:00+05:30,BEAR,NO_SIGNAL,60.0,,BELOW_WVWAP|ENTRY_TRIGGER,1003.1,1001.9295,52.26,0.26,58.748,1.05,1003.4959,1000.4554,1003.6827,BEAR,1000.6,1006.1456,34.64,-1.126,34.71,False,False,False,False,True,False,False,False
2026-08-27T12:20:19,KOTAKBANK,2026-08-27 12:15:00+05:30,BULL,NO_SIGNAL,60.0,,RVOL|ENTRY_TRIGGER,425.15,424.6097,58.35,0.13,1.041,1.05,423.3843,411.0227,422.9822,BULL,425.2,421.1324,73.44,2.101,69.4,True,False,False,False,False,False,False,False
2026-08-27T12:20:19,APOLLOHOSP,2026-08-27 12:15:00+05:30,BEAR,NO_SIGNAL,40.0,,BELOW_WVWAP|RVOL|ENTRY_TRIGGER,8778.0,8783.7567,45.06,-0.046,0.057,1.05,8790.234,8725.4513,8802.3901,BEAR,8778.0,8788.0375,45.25,-0.239,41.8,False,False,False,False,False,False,False,False
2026-08-27T12:20:20,CIPLA,2026-08-27 12:15:00+05:30,BEAR,NO_SIGNAL,60.0,,RVOL|ENTRY_TRIGGER,1408.4,1407.0658,55.02,0.178,0.478,1.05,1406.5297,1419.895,1410.0739,BEAR,1407.9,1408.1334,47.91,-0.191,26.3,True,False,False,False,False,False,False,False
2026-08-27T12:20:20,JSWSTEEL,2026-08-27 12:15:00+05:30,BULL,NO_SIGNAL,20.0,,MACRO_BULL|ST_BULL|RVOL|ENTRY_TRIGGER,1336.9,1338.3208,45.8,-0.306,0.748,1.05,1340.0413,1320.7488,1342.7202,BEAR,1336.8,1334.7194,58.69,-0.097,56.21,False,False,False,False,False,False,False,False
2026-08-27T12:20:21,HCLTECH,2026-08-27 12:15:00+05:30,BEAR,NEAR,80.0,,ENTRY_TRIGGER,1288.3,1286.1082,57.43,0.163,2.935,1.05,1286.6981,1303.4802,1289.8694,BEAR,1287.0,1290.3861,38.62,-1.0,26.61,True,False,False,False,False,False,False,False
2026-08-27T12:20:21,TCS,2026-08-27 12:15:00+05:30,BEAR,NO_SIGNAL,60.0,,MACRO_BEAR|ENTRY_TRIGGER,2248.7,2250.4699,39.88,-0.12,1.231,1.05,2255.3366,2280.5282,2255.0455,BEAR,2247.8,2258.0088,29.46,-1.043,14.43,False,True,False,False,False,False,False,False
2026-08-27T12:20:22,INDIGO,2026-08-27 12:15:00+05:30,BULL,NO_SIGNAL,40.0,,MACRO_BULL|RVOL|ENTRY_TRIGGER,5225.0,5222.5838,52.8,0.144,0.688,1.05,5217.8169,5176.6027,5211.6935,BULL,5227.5,5225.238,52.53,-0.334,22.31,False,False,False,False,False,False,False,False
2026-08-27T12:20:22,BHARTIARTL,2026-08-27 12:15:00+05:30,BEAR,NO_SIGNAL,60.0,VWAP_PULLBACK,ST_BEAR|ENTRY_TRIGGER,1899.3,1901.179,45.58,0.158,1.357,1.05,1900.6611,1923.25,1895.306,BULL,1904.0,1906.0565,43.68,-0.517,34.18,False,False,False,True,False,False,False,False
2026-08-27T12:20:23,ETERNAL,2026-08-27 12:15:00+05:30,BEAR,NO_SIGNAL,40.0,VWAP_PULLBACK,MACRO_BEAR|RVOL|ENTRY_TRIGGER,326.8,327.1331,45.69,0.031,0.885,1.05,327.3919,328.1154,328.589,BEAR,326.85,327.082,47.74,-0.122,20.3,False,False,False,True,False,False,False,False
2026-08-27T12:20:23,LT,2026-08-27 12:15:00+05:30,BEAR,NO_SIGNAL,40.0,,ST_BEAR|RVOL|ENTRY_TRIGGER,4043.1,4038.085,54.43,0.36,0.965,1.05,4039.2105,4080.6129,4025.4168,BULL,4046.0,4046.0995,46.94,-0.148,36.1,False,False,False,False,False,False,False,False
2026-08-27T12:20:24,SHRIRAMFIN,2026-08-27 12:15:00+05:30,BEAR,NO_SIGNAL,40.0,,ST_BEAR|RVOL|ENTRY_TRIGGER,1101.0,1098.7929,54.8,0.337,0.891,1.05,1101.2518,1117.6432,1094.2091,BULL,1100.6,1105.529,40.43,-1.872,32.3,False,False,False,False,False,False,False,False
2026-08-27T12:20:24,GRASIM,2026-08-27 12:15:00+05:30,BULL,NO_SIGNAL,40.0,,MACRO_BULL|RVOL|ENTRY_TRIGGER,3278.0,3283.5735,38.42,-0.213,0.62,1.05,3284.9043,3276.0506,3274.1812,BULL,3279.4,3283.5613,48.17,-0.832,35.54,False,True,False,False,False,False,False,False
2026-08-27T12:20:25,AXISBANK,2026-08-27 12:15:00+05:30,BULL,NEAR,80.0,,ENTRY_TRIGGER,1258.5,1257.5986,54.33,0.087,2.383,1.05,1258.431,1244.8596,1253.7598,BULL,1258.7,1256.1064,61.14,0.223,39.76,False,False,False,False,False,False,False,False
2026-08-27T12:20:25,POWERGRID,2026-08-27 12:15:00+05:30,BEAR,NO_SIGNAL,40.0,,ST_BEAR|RVOL|ENTRY_TRIGGER,264.5,264.126,55.97,0.628,0.22,1.05,263.7093,268.2146,263.4723,BULL,264.6,265.0003,42.62,-0.582,37.24,True,False,False,False,False,False,False,False
2026-08-27T12:20:26,ADANIENT,2026-08-27 12:15:00+05:30,BULL,NEAR,80.0,,ENTRY_TRIGGER,3149.5,3144.7438,56.07,0.204,1.114,1.05,3144.8911,3081.7185,3130.8852,BULL,3151.7,3137.1423,67.27,0.725,47.25,True,False,False,False,False,False,False,False
2026-08-27T12:20:26,TECHM,2026-08-27 12:15:00+05:30,BULL,NO_SIGNAL,60.0,,ST_BULL|ENTRY_TRIGGER,1588.0,1590.6101,44.99,-0.576,2.026,1.05,1589.9486,1583.3207,1595.6288,BEAR,1591.5,1585.6902,58.98,1.344,33.79,False,True,False,False,False,False,False,True
2026-08-27T12:20:27,ICICIBANK,2026-08-27 12:15:00+05:30,BULL,NEAR,80.0,,ENTRY_TRIGGER,1443.8,1442.332,59.64,0.201,1.571,1.05,1441.3187,1426.7034,1438.2735,BULL,1444.1,1439.6259,69.66,0.676,32.52,True,False,False,False,False,False,False,False
2026-08-27T12:20:28,JIOFIN,2026-08-27 12:15:00+05:30,BEAR,NO_SIGNAL,60.0,,RVOL|ENTRY_TRIGGER,239.3,239.7142,36.8,0.063,0.675,1.05,240.3782,242.1625,240.0701,BEAR,239.45,240.6935,29.24,-1.054,32.5,False,False,False,False,False,False,False,False
2026-08-27T12:20:28,TATASTEEL,2026-08-27 12:15:00+05:30,BULL,NO_SIGNAL,60.0,,MACRO_BULL|ENTRY_TRIGGER,188.11,188.2957,48.13,0.059,1.542,1.05,188.6468,186.1945,187.5726,BULL,188.36,187.6279,57.9,-0.575,37.33,False,False,False,False,False,False,False,False
2026-08-27T12:20:29,TITAN,2026-08-27 12:15:00+05:30,BULL,NEAR,80.0,,ENTRY_TRIGGER,5140.2,5124.5529,74.85,0.449,1.727,1.05,5104.8703,5094.6486,5123.0195,BULL,5140.3,5111.4331,67.71,0.573,25.94,True,False,False,False,False,False,False,False
2026-08-27T12:20:29,INFY,2026-08-27 12:15:00+05:30,BEAR,NO_SIGNAL,60.0,,MACRO_BEAR|ENTRY_TRIGGER,1110.5,1111.9156,41.75,-0.359,2.846,1.05,1115.3576,1127.0825,1113.6855,BEAR,1111.5,1115.9814,36.93,-1.015,11.81,False,True,False,False,False,False,False,False
2026-08-27T12:20:30,TRENT,2026-08-27 12:15:00+05:30,BULL,NO_SIGNAL,40.0,,MACRO_BULL|ABOVE_WVWAP|ENTRY_TRIGGER,2895.0,2894.3973,49.38,0.301,4.172,1.05,2897.1743,2915.5695,2883.2981,BULL,2887.3,2902.0953,37.86,-0.78,16.45,False,False,False,False,False,False,False,False
2026-08-27T12:20:30,ASIANPAINT,2026-08-27 12:15:00+05:30,BULL,NO_SIGNAL,60.0,,MACRO_BULL|ENTRY_TRIGGER,2648.3,2644.2573,58.08,0.223,1.165,1.05,2642.6526,2633.3672,2635.3158,BULL,2651.0,2642.9131,60.0,0.569,17.93,True,False,False,False,False,False,False,False
2026-08-27T12:20:31,ULTRACEMCO,2026-08-27 12:15:00+05:30,BULL,NO_SIGNAL,20.0,,MACRO_BULL|ST_BULL|RVOL|ENTRY_TRIGGER,11715.0,11732.3679,43.71,-0.06,0.37,1.05,11741.6065,11599.9905,11774.2394,BEAR,11717.0,11718.8447,51.93,-0.493,29.19,False,True,False,False,False,False,False,False
2026-08-27T12:20:31,HDFCBANK,2026-08-27 12:15:00+05:30,BEAR,NO_SIGNAL,60.0,,RVOL|ENTRY_TRIGGER,710.75,715.5116,18.55,-0.913,0.868,1.05,717.6246,723.8757,715.1106,BEAR,711.4,720.4097,16.69,-2.193,42.04,False,True,False,False,False,False,False,False
2026-08-27T12:20:32,RELIANCE,2026-08-27 12:15:00+05:30,BEAR,NO_SIGNAL,60.0,,RVOL|ENTRY_TRIGGER,1291.1,1292.0027,42.29,0.241,0.843,1.05,1294.6232,1304.2534,1293.018,BEAR,1290.8,1297.364,27.84,-0.898,24.89,False,False,False,False,False,False,False,False
2026-08-27T12:20:32,M&M,2026-08-27 12:15:00+05:30,BEAR,NEAR,80.0,,ENTRY_TRIGGER,3369.7,3368.3868,47.55,0.256,1.939,1.05,3373.8335,3408.452,3373.7578,BEAR,3369.4,3386.618,30.15,-1.24,42.0,False,False,False,False,False,False,False,False
2026-08-27T12:20:33,SUNPHARMA,2026-08-27 12:15:00+05:30,BEAR,NO_SIGNAL,60.0,,MACRO_BEAR|ENTRY_TRIGGER,1909.6,1911.0704,45.7,-0.131,2.183,1.05,1909.5839,1912.3722,1914.1721,BEAR,1910.0,1911.7995,45.61,0.0,13.45,False,False,False,False,False,False,False,False
2026-08-27T12:25:07,BEL,2026-08-27 12:20:00+05:30,BULL,NEAR,80.0,VWAP_PULLBACK,MACRO_BULL,410.85,410.26,60.28,0.195,1.611,1.05,410.4363,409.2134,409.2664,BULL,410.55,409.9419,55.96,0.49,19.47,True,False,True,False,False,False,False,False
2026-08-27T12:25:07,TATACONSUM,2026-08-27 12:20:00+05:30,BEAR,NO_SIGNAL,60.0,,RVOL|ENTRY_TRIGGER,1037.5,1039.7352,36.68,-0.355,0.876,1.05,1040.7641,1049.572,1042.2978,BEAR,1038.5,1042.1431,36.48,-0.888,26.49,False,True,False,False,False,False,False,False
2026-08-27T12:25:08,BAJAJ-AUTO,2026-08-27 12:20:00+05:30,BEAR,NO_SIGNAL,60.0,,RVOL|ENTRY_TRIGGER,11679.0,11659.264,57.46,0.387,0.658,1.05,11664.1044,11778.4334,11687.0771,BEAR,11685.0,11694.5478,44.61,-0.553,29.64,True,False,False,False,False,False,False,False
2026-08-27T12:25:08,NESTLEIND,2026-08-27 12:20:00+05:30,BEAR,NO_SIGNAL,60.0,,MACRO_BEAR|ENTRY_TRIGGER,1444.1,1443.7459,48.53,0.055,2.377,1.05,1450.5809,1462.584,1446.0052,BEAR,1441.6,1448.3853,28.16,-1.057,12.76,False,False,False,False,False,False,False,False
2026-08-27T12:25:09,BAJFINANCE,2026-08-27 12:20:00+05:30,BEAR,NO_SIGNAL,40.0,TREND_CONTINUATION,MACRO_BEAR|BELOW_WVWAP|RVOL,1088.0,1089.0291,43.84,-0.055,0.807,1.05,1095.652,1086.6293,1091.9885,BEAR,1088.6,1089.0202,49.86,0.055,32.58,False,True,False,False,False,False,False,True
2026-08-27T12:25:09,HINDALCO,2026-08-27 12:20:00+05:30,BEAR,NO_SIGNAL,60.0,,RVOL|ENTRY_TRIGGER,1035.05,1039.2739,27.17,-0.524,0.174,1.05,1043.3576,1049.6039,1039.5511,BEAR,1035.65,1043.9852,27.93,-2.112,31.19,False,True,False,False,False,False,False,False
2026-08-27T12:25:10,NTPC,2026-08-27 12:20:00+05:30,BEAR,NEAR,80.0,,ENTRY_TRIGGER,330.4,330.4073,45.35,0.258,2.051,1.05,330.7567,337.0154,331.363,BEAR,330.0,332.7091,23.97,-1.932,39.24,False,False,False,False,False,False,False,False
2026-08-27T12:25:10,HDFCLIFE,2026-08-27 12:20:00+05:30,BEAR,NO_SIGNAL,60.0,,RVOL|ENTRY_TRIGGER,551.3,552.5461,37.99,-0.163,0.405,1.05,553.2791,554.6032,553.6897,BEAR,551.95,554.5056,39.97,-0.693,27.18,False,True,False,False,False,False,False,False
2026-08-27T12:25:11,SBILIFE,2026-08-27 12:20:00+05:30,BULL,NO_SIGNAL,20.0,,MACRO_BULL|ST_BULL|RVOL|ENTRY_TRIGGER,1780.1,1783.533,40.39,-0.247,0.83,1.05,1784.5281,1770.3451,1787.0741,BEAR,1781.8,1781.7465,51.55,0.513,21.72,False,True,False,False,False,False,False,False
2026-08-27T12:25:11,HINDUNILVR,2026-08-27 12:20:00+05:30,BEAR,NO_SIGNAL,60.0,VWAP_PULLBACK,RVOL|ENTRY_TRIGGER,2010.1,2010.7164,45.54,0.0,0.444,1.05,2011.2475,2021.4176,2014.6502,BEAR,2011.1,2015.5853,38.26,-0.686,27.02,False,False,False,True,False,False,False,False
2026-08-27T12:25:12,MARUTI,2026-08-27 12:20:00+05:30,BEAR,NO_SIGNAL,60.0,VWAP_PULLBACK,MACRO_BEAR|RVOL,13432.0,13455.122,38.67,-0.201,0.692,1.05,13457.5795,13546.5301,13487.7273,BEAR,13452.0,13496.3213,36.57,-0.796,20.71,False,True,False,True,False,False,False,False
2026-08-27T12:25:13,ITC,2026-08-27 12:20:00+05:30,BEAR,NO_SIGNAL,60.0,,RVOL|ENTRY_TRIGGER,269.1,269.2751,40.41,0.056,0.55,1.05,269.5927,270.0545,269.9529,BEAR,269.1,269.9278,37.28,-0.756,32.35,False,False,False,False,False,False,False,False
2026-08-27T12:25:13,TMPV,2026-08-27 12:20:00+05:30,BULL,NO_SIGNAL,60.0,,RVOL|ENTRY_TRIGGER,317.3,316.5783,58.15,0.89,0.702,1.05,316.3899,314.5926,315.8841,BULL,317.2,315.6653,59.85,0.698,33.6,True,False,False,False,False,False,False,False
2026-08-27T12:25:14,ADANIPORTS,2026-08-27 12:20:00+05:30,BULL,NEAR,80.0,,ENTRY_TRIGGER,1707.2,1701.1424,65.99,0.459,1.06,1.05,1699.5381,1692.1195,1698.8997,BULL,1710.7,1697.4318,72.49,0.819,36.36,True,False,False,False,False,False,False,False
2026-08-27T12:25:14,DRREDDY,2026-08-27 12:20:00+05:30,BULL,NO_SIGNAL,20.0,,MACRO_BULL|ABOVE_WVWAP|RVOL|ENTRY_TRIGGER,1185.4,1185.2319,50.93,0.008,0.574,1.05,1183.3308,1186.4448,1182.7854,BULL,1184.5,1185.4815,47.65,-0.042,10.46,False,False,False,False,False,False,False,False
2026-08-27T12:25:15,WIPRO,2026-08-27 12:20:00+05:30,BEAR,NO_SIGNAL,40.0,VWAP_PULLBACK,MACRO_BEAR|RVOL|ENTRY_TRIGGER,177.16,177.0767,52.32,0.09,0.591,1.05,177.2816,179.7725,177.3078,BEAR,177.15,177.3915,40.3,-0.225,18.24,False,False,False,True,False,False,False,False
2026-08-27T12:25:15,ONGC,2026-08-27 12:20:00+05:30,BEAR,NO_SIGNAL,60.0,,RVOL|ENTRY_TRIGGER,232.76,233.0706,42.37,-0.36,0.355,1.05,233.085,234.4083,233.584,BEAR,232.85,233.0175,47.26,-0.163,25.08,False,True,False,False,False,False,False,False
2026-08-27T12:25:16,SBIN,2026-08-27 12:20:00+05:30,BEAR,NO_SIGNAL,60.0,TREND_CONTINUATION,BELOW_WVWAP|RVOL,1045.7,1047.2419,36.02,-0.086,0.961,1.05,1048.1268,1043.0318,1049.5861,BEAR,1047.3,1049.4208,41.17,-0.814,27.33,False,True,False,False,False,False,False,True
2026-08-27T12:25:16,EICHERMOT,2026-08-27 12:20:00+05:30,BEAR,NO_SIGNAL,60.0,,RVOL|ENTRY_TRIGGER,8040.5,8033.4595,53.38,0.343,0.19,1.05,8026.5077,8040.6507,8058.4996,BEAR,8040.0,8043.3993,48.13,-0.211,34.97,False,False,False,False,False,False,False,False
2026-08-27T12:25:17,COALINDIA,2026-08-27 12:20:00+05:30,BULL,NO_SIGNAL,20.0,,MACRO_BULL|ABOVE_WVWAP|RVOL|ENTRY_TRIGGER,402.0,402.0194,48.95,0.0,0.387,1.05,402.1437,404.0652,401.1555,BULL,402.05,402.4462,45.16,-0.359,13.87,False,False,False,True,False,False,False,False
2026-08-27T12:25:17,BAJAJFINSV,2026-08-27 12:20:00+05:30,BEAR,NO_SIGNAL,60.0,,MACRO_BEAR|ENTRY_TRIGGER,2005.2,2005.9528,46.31,0.0,1.052,1.05,2009.5093,2008.0886,2011.5155,BEAR,2005.8,2008.2306,45.18,-0.605,14.0,False,False,False,False,False,False,False,False
2026-08-27T12:25:18,MAXHEALTH,2026-08-27 12:20:00+05:30,BEAR,NO_SIGNAL,40.0,,BELOW_WVWAP|RVOL|ENTRY_TRIGGER,1002.2,1001.954,48.08,0.19,0.382,1.05,1003.4842,1000.4588,1003.6827,BEAR,1000.6,1006.1456,34.64,-1.126,34.71,False,False,False,False,False,False,False,False
2026-08-27T12:25:18,KOTAKBANK,2026-08-27 12:20:00+05:30,BULL,NEAR,80.0,,ENTRY_TRIGGER,424.4,424.5906,51.3,-0.141,1.074,1.05,423.4019,411.0767,422.9822,BULL,425.2,421.1324,73.44,2.101,69.4,False,False,False,False,False,False,False,False
2026-08-27T12:25:19,APOLLOHOSP,2026-08-27 12:20:00+05:30,BEAR,NO_SIGNAL,40.0,,BELOW_WVWAP|RVOL|ENTRY_TRIGGER,8784.0,8783.7788,49.56,-0.017,0.441,1.05,8790.1578,8725.5169,8802.3901,BEAR,8778.0,8788.0375,45.25,-0.239,41.8,False,False,False,False,False,False,False,False
2026-08-27T12:25:19,CIPLA,2026-08-27 12:20:00+05:30,BEAR,NO_SIGNAL,60.0,,RVOL|ENTRY_TRIGGER,1409.0,1407.2416,56.91,0.328,0.597,1.05,1406.5536,1419.886,1410.0739,BEAR,1407.9,1408.1334,47.91,-0.191,26.3,True,False,False,False,False,False,True,False
2026-08-27T12:25:20,JSWSTEEL,2026-08-27 12:20:00+05:30,BULL,NO_SIGNAL,20.0,,MACRO_BULL|ST_BULL|RVOL|ENTRY_TRIGGER,1336.2,1338.128,43.83,-0.336,0.427,1.05,1340.0119,1320.7683,1342.288,BEAR,1336.8,1334.7194,58.69,-0.097,56.21,False,True,False,False,False,False,False,False
2026-08-27T12:25:20,HCLTECH,2026-08-27 12:20:00+05:30,BEAR,NO_SIGNAL,60.0,,RVOL|ENTRY_TRIGGER,1287.4,1286.2256,53.45,0.179,0.583,1.05,1286.7185,1303.4032,1289.8694,BEAR,1287.0,1290.3861,38.62,-1.0,26.61,False,False,False,False,False,False,False,False
2026-08-27T12:25:21,TCS,2026-08-27 12:20:00+05:30,BEAR,NO_SIGNAL,60.0,,MACRO_BEAR|ENTRY_TRIGGER,2249.1,2250.3454,41.54,0.0,3.171,1.05,2254.9831,2280.2822,2255.0455,BEAR,2247.8,2258.0088,29.46,-1.043,14.43,False,False,False,False,False,False,False,False
2026-08-27T12:25:21,INDIGO,2026-08-27 12:20:00+05:30,BULL,NO_SIGNAL,40.0,,MACRO_BULL|ST_BULL|ENTRY_TRIGGER,5208.5,5221.3035,37.46,-0.153,1.501,1.05,5217.7214,5176.6896,5242.4992,BEAR,5227.5,5225.238,52.53,-0.334,22.31,False,True,False,False,False,False,False,False
2026-08-27T12:25:22,BHARTIARTL,2026-08-27 12:20:00+05:30,BEAR,NO_SIGNAL,60.0,,ST_BEAR|ENTRY_TRIGGER,1900.8,1901.1446,48.54,0.121,2.168,1.05,1900.6628,1922.9833,1895.306,BULL,1904.0,1906.0565,43.68,-0.517,34.18,False,False,False,False,False,False,False,False
2026-08-27T12:25:22,ETERNAL,2026-08-27 12:20:00+05:30,BEAR,NO_SIGNAL,40.0,,MACRO_BEAR|RVOL|ENTRY_TRIGGER,327.55,327.171,55.04,0.214,0.909,1.05,327.3908,328.1131,328.589,BEAR,326.85,327.082,47.74,-0.122,20.3,True,False,False,False,False,False,False,False
2026-08-27T12:25:23,LT,2026-08-27 12:20:00+05:30,BEAR,NO_SIGNAL,40.0,,ST_BEAR|RVOL|ENTRY_TRIGGER,4042.9,4038.5228,54.21,0.402,0.631,1.05,4039.2671,4080.5504,4025.4168,BULL,4046.0,4046.0995,46.94,-0.148,36.1,False,False,False,False,False,False,False,False
2026-08-27T12:25:23,SHRIRAMFIN,2026-08-27 12:20:00+05:30,BEAR,NO_SIGNAL,40.0,,ST_BEAR|RVOL|ENTRY_TRIGGER,1100.7,1098.9663,53.74,0.383,0.987,1.05,1101.2384,1117.566,1094.2091,BULL,1100.6,1105.529,40.43,-1.872,32.3,False,False,False,False,False,False,False,False
2026-08-27T12:25:24,GRASIM,2026-08-27 12:20:00+05:30,BULL,NO_SIGNAL,60.0,,MACRO_BULL|ENTRY_TRIGGER,3276.1,3282.8941,35.78,-0.319,1.355,1.05,3284.6468,3276.0519,3274.1812,BULL,3279.4,3283.5613,48.17,-0.832,35.54,False,True,False,False,False,False,False,False
2026-08-27T12:25:24,AXISBANK,2026-08-27 12:20:00+05:30,BULL,NEAR,80.0,,ENTRY_TRIGGER,1257.8,1257.6169,50.95,0.08,2.143,1.05,1258.4182,1245.0121,1253.7598,BULL,1258.7,1256.1064,61.14,0.223,39.76,False,False,False,False,False,False,False,False
2026-08-27T12:25:25,POWERGRID,2026-08-27 12:20:00+05:30,BULL,NO_SIGNAL,40.0,TREND_CONTINUATION,MACRO_BULL|ABOVE_WVWAP|RVOL,264.75,264.1828,59.3,0.78,0.244,1.05,263.7162,268.209,263.4918,BULL,264.6,265.0003,42.62,-0.582,37.24,True,False,False,False,False,False,True,False
2026-08-27T12:25:25,ADANIENT,2026-08-27 12:20:00+05:30,BULL,NO_SIGNAL,60.0,,RVOL|ENTRY_TRIGGER,3148.8,3145.1126,55.2,0.232,0.563,1.05,3144.9346,3081.8368,3130.8852,BULL,3151.7,3137.1423,67.27,0.725,47.25,True,False,False,False,False,False,False,False
2026-08-27T12:25:26,TECHM,2026-08-27 12:20:00+05:30,BULL,NO_SIGNAL,40.0,,ST_BULL|RVOL|ENTRY_TRIGGER,1589.5,1590.5092,48.78,-0.482,0.996,1.05,1589.9264,1583.3433,1595.6288,BEAR,1591.5,1585.6902,58.98,1.344,33.79,False,False,False,False,False,False,False,False
2026-08-27T12:25:27,ICICIBANK,2026-08-27 12:20:00+05:30,BULL,NO_SIGNAL,60.0,,RVOL|ENTRY_TRIGGER,1442.9,1442.3837,54.61,0.194,0.629,1.05,1441.3494,1426.7604,1438.2735,BULL,1444.1,1439.6259,69.66,0.676,32.52,False,False,False,False,False,False,False,False
2026-08-27T12:25:27,JIOFIN,2026-08-27 12:20:00+05:30,BEAR,NO_SIGNAL,60.0,,RVOL|ENTRY_TRIGGER,239.25,239.672,35.96,0.042,0.772,1.05,240.3631,242.156,240.0701,BEAR,239.45,240.6935,29.24,-1.054,32.5,False,False,False,False,False,False,False,False
2026-08-27T12:25:28,TATASTEEL,2026-08-27 12:20:00+05:30,BULL,NO_SIGNAL,40.0,,MACRO_BULL|RVOL|ENTRY_TRIGGER,188.2,188.287,49.32,-0.164,0.191,1.05,188.6443,186.1966,187.5726,BULL,188.36,187.6279,57.9,-0.575,37.33,False,False,False,False,False,False,False,False
2026-08-27T12:25:28,TITAN,2026-08-27 12:20:00+05:30,BULL,NEAR,80.0,,ENTRY_TRIGGER,5137.0,5125.6845,68.98,0.43,1.191,1.05,5105.2915,5094.8582,5123.0195,BULL,5140.3,5111.4331,67.71,0.573,25.94,True,False,False,False,False,False,False,False
2026-08-27T12:25:29,INFY,2026-08-27 12:20:00+05:30,BEAR,NO_SIGNAL,40.0,,MACRO_BEAR|RVOL|ENTRY_TRIGGER,1110.8,1111.8142,43.05,-0.153,0.541,1.05,1115.3092,1127.0611,1113.6855,BEAR,1111.5,1115.9814,36.93,-1.015,11.81,False,True,False,False,False,False,False,False
2026-08-27T12:25:29,TRENT,2026-08-27 12:20:00+05:30,BULL,NO_SIGNAL,40.0,,MACRO_BULL|ABOVE_WVWAP|ENTRY_TRIGGER,2891.9,2894.1703,46.05,0.309,1.141,1.05,2897.0195,2915.4633,2883.2981,BULL,2887.3,2902.0953,37.86,-0.78,16.45,False,False,False,True,False,False,False,False
2026-08-27T12:25:30,ASIANPAINT,2026-08-27 12:20:00+05:30,BULL,NO_SIGNAL,40.0,,MACRO_BULL|RVOL|ENTRY_TRIGGER,2647.2,2644.5248,55.91,0.394,0.291,1.05,2642.6923,2633.3896,2635.3158,BULL,2651.0,2642.9131,60.0,0.569,17.93,True,False,False,False,False,False,False,False
2026-08-27T12:25:30,ULTRACEMCO,2026-08-27 12:20:00+05:30,BULL,NO_SIGNAL,20.0,,MACRO_BULL|ST_BULL|RVOL|ENTRY_TRIGGER,11675.0,11727.1526,34.13,-0.35,0.77,1.05,11740.2507,11600.3036,11763.9909,BEAR,11717.0,11718.8447,51.93,-0.493,29.19,False,True,False,False,False,False,False,False
2026-08-27T12:25:31,HDFCBANK,2026-08-27 12:20:00+05:30,BEAR,NO_SIGNAL,60.0,,RVOL|ENTRY_TRIGGER,711.0,715.1015,20.73,-0.768,0.638,1.05,717.5157,723.8095,714.6055,BEAR,711.4,720.4097,16.69,-2.193,42.04,False,True,False,False,False,False,False,False
2026-08-27T12:25:31,RELIANCE,2026-08-27 12:20:00+05:30,BEAR,NO_SIGNAL,60.0,,RVOL|ENTRY_TRIGGER,1292.3,1292.0297,47.7,0.295,0.819,1.05,1294.5595,1304.1975,1293.018,BEAR,1290.8,1297.364,27.84,-0.898,24.89,False,False,False,False,False,False,False,False
2026-08-27T12:25:32,M&M,2026-08-27 12:20:00+05:30,BEAR,NO_SIGNAL,60.0,VWAP_PULLBACK,RVOL|ENTRY_TRIGGER,3363.5,3367.9425,38.93,0.107,0.59,1.05,3373.6936,3408.265,3373.7578,BEAR,3369.4,3386.618,30.15,-1.24,42.0,False,False,False,True,False,False,False,False
2026-08-27T12:25:32,SUNPHARMA,2026-08-27 12:20:00+05:30,BULL,NO_SIGNAL,60.0,VWAP_PULLBACK,MACRO_BULL|ST_BULL,1913.6,1911.3004,56.07,0.115,25.375,1.05,1910.2618,1912.3638,1914.1721,BEAR,1910.0,1911.7995,45.61,0.0,13.45,True,False,True,False,False,False,False,False
2026-08-27T12:30:08,BEL,2026-08-27 12:25:00+05:30,BULL,NO_SIGNAL,40.0,,MACRO_BULL|RVOL|ENTRY_TRIGGER,410.9,410.3182,60.92,0.256,0.918,1.05,410.442,409.2169,409.6569,BULL,410.9,410.029,58.44,0.317,20.44,True,False,False,False,False,False,False,False
2026-08-27T12:30:08,TATACONSUM,2026-08-27 12:25:00+05:30,BEAR,NO_SIGNAL,60.0,,RVOL|ENTRY_TRIGGER,1037.7,1039.5502,37.97,-0.374,0.938,1.05,1040.7064,1049.5381,1042.1338,BEAR,1037.7,1041.7392,34.84,-0.47,27.28,False,True,False,False,False,False,False,False
2026-08-27T12:30:09,BAJAJ-AUTO,2026-08-27 12:25:00+05:30,BULL,NO_SIGNAL,40.0,,MACRO_BULL|ABOVE_WVWAP|ENTRY_TRIGGER,11698.0,11662.7855,63.55,0.429,1.305,1.05,11664.8239,11778.0585,11637.7412,BULL,11698.0,11694.8616,47.72,0.3,27.85,True,False,False,False,False,False,False,False
2026-08-27T12:30:09,NESTLEIND,2026-08-27 12:25:00+05:30,BEAR,NO_SIGNAL,40.0,,MACRO_BEAR|RVOL|ENTRY_TRIGGER,1445.3,1443.8872,52.79,0.118,0.692,1.05,1450.5214,1462.5673,1446.0052,BEAR,1445.3,1448.1048,39.74,-0.434,11.87,False,False,False,False,False,False,False,False
2026-08-27T12:30:10,BAJFINANCE,2026-08-27 12:25:00+05:30,BULL,NO_SIGNAL,40.0,,MACRO_BULL|ST_BULL|ENTRY_TRIGGER,1089.5,1089.0719,51.41,0.184,2.209,1.05,1095.524,1086.6404,1091.9885,BEAR,1089.5,1089.0638,52.02,-0.855,32.06,False,False,False,False,False,False,False,False
2026-08-27T12:30:10,HINDALCO,2026-08-27 12:25:00+05:30,BEAR,NO_SIGNAL,60.0,,RVOL|ENTRY_TRIGGER,1035.5,1038.9308,29.93,-0.404,0.277,1.05,1043.2979,1049.5908,1039.5511,BEAR,1035.5,1043.2138,27.73,-1.221,32.71,False,True,False,False,False,False,False,False
2026-08-27T12:30:11,NTPC,2026-08-27 12:25:00+05:30,BEAR,NEAR,80.0,,ENTRY_TRIGGER,330.75,330.4385,50.97,0.167,2.839,1.05,330.751,336.9113,331.363,BEAR,330.75,332.531,31.7,-0.854,39.56,False,False,False,False,False,False,False,False
2026-08-27T12:30:11,HDFCLIFE,2026-08-27 12:25:00+05:30,BEAR,NO_SIGNAL,60.0,,RVOL|ENTRY_TRIGGER,551.45,552.4464,39.37,-0.118,0.488,1.05,553.2577,554.5999,553.6412,BEAR,551.45,554.2278,38.56,-0.352,26.96,False,True,False,False,False,False,False,False
2026-08-27T12:30:12,SBILIFE,2026-08-27 12:25:00+05:30,BULL,NO_SIGNAL,40.0,,MACRO_BULL|ST_BULL|ENTRY_TRIGGER,1780.8,1783.2845,42.54,-0.067,1.39,1.05,1784.4538,1770.3748,1786.635,BEAR,1780.8,1781.6605,50.33,0.644,20.63,False,True,False,False,False,False,False,False
2026-08-27T12:30:12,HINDUNILVR,2026-08-27 12:25:00+05:30,BEAR,NO_SIGNAL,60.0,,RVOL|ENTRY_TRIGGER,2010.4,2010.6877,46.77,0.055,0.711,1.05,2011.2395,2021.393,2014.6502,BEAR,2010.4,2015.1139,37.26,-0.436,26.58,False,False,False,False,False,False,False,False
2026-08-27T12:30:13,MARUTI,2026-08-27 12:25:00+05:30,BEAR,NO_SIGNAL,40.0,,MACRO_BEAR|RVOL|ENTRY_TRIGGER,13439.0,13453.6564,42.03,-0.193,0.514,1.05,13457.3254,13546.2874,13487.7273,BEAR,13439.0,13491.1103,34.48,-0.156,20.32,False,True,False,False,False,False,False,False
2026-08-27T12:30:13,ITC,2026-08-27 12:25:00+05:30,BEAR,NO_SIGNAL,60.0,,RVOL|ENTRY_TRIGGER,269.1,269.2591,40.41,0.0,0.652,1.05,269.5858,270.0527,269.9529,BEAR,269.1,269.8525,37.28,-0.462,32.46,False,False,False,False,False,False,False,False
2026-08-27T12:30:14,TMPV,2026-08-27 12:25:00+05:30,BULL,NO_SIGNAL,60.0,,RVOL|ENTRY_TRIGGER,317.1,316.6257,56.25,0.763,0.266,1.05,316.3961,314.5959,315.8841,BULL,317.1,315.7957,59.17,0.747,34.6,True,False,False,False,False,False,False,False
2026-08-27T12:30:14,ADANIPORTS,2026-08-27 12:25:00+05:30,BULL,NEAR,80.0,,ENTRY_TRIGGER,1712.1,1702.1386,72.29,0.813,3.451,1.05,1700.3715,1692.3651,1698.8997,BULL,1712.1,1698.7653,73.68,0.985,37.86,True,False,False,False,False,False,False,False
2026-08-27T12:30:15,DRREDDY,2026-08-27 12:25:00+05:30,BULL,NO_SIGNAL,20.0,,MACRO_BULL|ABOVE_WVWAP|RVOL|ENTRY_TRIGGER,1185.3,1185.2381,50.43,-0.118,0.586,1.05,1183.3527,1186.4437,1182.7854,BULL,1185.3,1185.465,49.37,0.483,10.14,False,False,False,False,False,False,False,False
2026-08-27T12:30:16,WIPRO,2026-08-27 12:25:00+05:30,BEAR,NO_SIGNAL,40.0,,MACRO_BEAR|RVOL|ENTRY_TRIGGER,177.21,177.0888,54.07,0.079,0.767,1.05,177.2802,179.7694,177.3078,BEAR,177.21,177.375,41.89,-0.135,17.57,False,False,False,False,False,False,False,False
2026-08-27T12:30:16,ONGC,2026-08-27 12:25:00+05:30,BEAR,NO_SIGNAL,60.0,,RVOL|ENTRY_TRIGGER,232.83,233.0487,44.39,-0.347,0.504,1.05,233.081,234.4051,233.5663,BEAR,232.83,233.0005,47.02,-0.248,23.32,False,True,False,False,False,False,False,False
2026-08-27T12:30:17,SBIN,2026-08-27 12:25:00+05:30,BEAR,NO_SIGNAL,40.0,,BELOW_WVWAP|RVOL|ENTRY_TRIGGER,1045.9,1047.12,37.88,0.048,0.981,1.05,1048.0818,1043.0363,1049.4095,BEAR,1045.9,1049.1007,37.3,-0.219,27.65,False,False,False,False,False,False,False,False
2026-08-27T12:30:17,EICHERMOT,2026-08-27 12:25:00+05:30,BULL,NO_SIGNAL,60.0,VWAP_PULLBACK,ST_BULL|RVOL,8049.5,8034.9177,57.67,0.374,0.5,1.05,8026.8042,8040.6658,8058.4996,BEAR,8049.5,8043.9539,51.17,0.65,33.25,True,False,True,False,False,False,True,False
2026-08-27T12:30:18,COALINDIA,2026-08-27 12:25:00+05:30,BULL,NO_SIGNAL,20.0,,MACRO_BULL|ABOVE_WVWAP|RVOL|ENTRY_TRIGGER,402.2,402.0358,53.01,0.062,0.448,1.05,402.1436,404.0639,401.1555,BULL,402.2,402.4238,46.6,-0.26,13.17,False,False,False,False,False,False,False,False
2026-08-27T12:30:18,BAJAJFINSV,2026-08-27 12:25:00+05:30,BULL,NO_SIGNAL,40.0,,MACRO_BULL|ST_BULL|ENTRY_TRIGGER,2009.2,2006.248,56.17,0.335,1.688,1.05,2009.4647,2008.0898,2011.5155,BEAR,2009.2,2008.3188,51.18,-0.288,13.02,True,False,False,False,False,False,False,False
2026-08-27T12:30:19,MAXHEALTH,2026-08-27 12:25:00+05:30,BEAR,NO_SIGNAL,40.0,,BELOW_WVWAP|RVOL|ENTRY_TRIGGER,1003.2,1002.0673,52.61,0.25,0.396,1.05,1003.4764,1000.4629,1003.6827,BEAR,1003.2,1005.8778,42.08,-0.585,33.48,False,False,False,False,False,False,False,False
2026-08-27T12:30:19,KOTAKBANK,2026-08-27 12:25:00+05:30,BULL,NO_SIGNAL,60.0,,RVOL|ENTRY_TRIGGER,424.55,424.5869,52.54,0.106,0.643,1.05,423.4107,411.1079,422.9822,BULL,424.55,421.4431,69.65,0.951,69.59,False,False,False,False,False,False,False,False
2026-08-27T12:30:20,APOLLOHOSP,2026-08-27 12:25:00+05:30,BULL,NO_SIGNAL,40.0,VWAP_PULLBACK,ST_BULL|RVOL|ENTRY_TRIGGER,8791.5,8784.4808,54.56,0.006,0.784,1.05,8790.1729,8725.6483,8802.3901,BEAR,8791.5,8788.3523,51.84,0.154,41.45,False,False,True,False,True,False,False,False
2026-08-27T12:30:20,CIPLA,2026-08-27 12:25:00+05:30,BULL,NO_SIGNAL,40.0,TREND_CONTINUATION,ST_BULL|ABOVE_WVWAP|RVOL,1409.6,1407.456,58.78,0.277,0.589,1.05,1406.5827,1419.8777,1410.0739,BEAR,1409.6,1408.2668,51.45,0.156,25.46,True,False,False,False,False,False,True,False
2026-08-27T12:30:21,JSWSTEEL,2026-08-27 12:25:00+05:30,BULL,NO_SIGNAL,20.0,,MACRO_BULL|ST_BULL|RVOL|ENTRY_TRIGGER,1336.6,1337.9891,45.28,-0.328,0.366,1.05,1339.988,1320.7853,1342.0111,BEAR,1336.6,1334.8904,58.19,-0.194,54.71,False,False,False,False,False,False,False,False
2026-08-27T12:30:21,HCLTECH,2026-08-27 12:25:00+05:30,BEAR,NO_SIGNAL,40.0,,MACRO_BEAR|RVOL|ENTRY_TRIGGER,1288.9,1286.4688,58.6,0.179,0.402,1.05,1286.7395,1303.3513,1289.8694,BEAR,1288.9,1290.251,43.39,0.171,25.11,True,False,False,False,False,False,True,False
2026-08-27T12:30:22,TCS,2026-08-27 12:25:00+05:30,BEAR,NO_SIGNAL,40.0,,MACRO_BEAR|RVOL|ENTRY_TRIGGER,2250.5,2250.3594,47.03,0.111,0.604,1.05,2254.9222,2280.2324,2255.0455,BEAR,2250.5,2257.3262,35.0,-0.46,14.43,False,False,False,False,False,False,False,False
2026-08-27T12:30:23,INDIGO,2026-08-27 12:25:00+05:30,BULL,NO_SIGNAL,40.0,,MACRO_BULL|ST_BULL|ENTRY_TRIGGER,5214.5,5220.685,43.85,-0.086,1.327,1.05,5217.6152,5176.7647,5236.8207,BEAR,5214.5,5224.2618,45.52,-0.277,21.29,False,True,False,False,False,False,False,False
2026-08-27T12:30:23,BHARTIARTL,2026-08-27 12:25:00+05:30,BULL,NO_SIGNAL,20.0,,MACRO_BULL|ABOVE_WVWAP|RVOL|ENTRY_TRIGGER,1901.4,1901.1678,49.72,0.206,0.948,1.05,1900.6775,1922.8682,1895.306,BULL,1901.4,1905.6332,40.63,0.169,33.24,False,False,False,False,False,False,False,False
2026-08-27T12:30:24,ETERNAL,2026-08-27 12:25:00+05:30,BEAR,NO_SIGNAL,60.0,,MACRO_BEAR|ENTRY_TRIGGER,327.85,327.2328,58.14,0.337,1.692,1.05,327.4147,328.1129,328.589,BEAR,327.85,327.1518,53.89,-0.228,20.92,True,False,False,False,False,False,False,False
2026-08-27T12:30:24,LT,2026-08-27 12:25:00+05:30,BEAR,NO_SIGNAL,60.0,,ST_BEAR|ENTRY_TRIGGER,4044.0,4039.0207,55.28,0.402,3.202,1.05,4039.6369,4080.2469,4026.796,BULL,4044.0,4045.9087,45.52,-0.054,35.44,True,False,False,False,False,False,False,False
2026-08-27T12:30:25,SHRIRAMFIN,2026-08-27 12:25:00+05:30,BULL,NO_SIGNAL,40.0,TREND_CONTINUATION,MACRO_BULL|ABOVE_WVWAP|RVOL,1101.5,1099.1966,56.17,0.566,0.711,1.05,1101.2388,1117.5123,1095.2486,BULL,1101.5,1105.1627,41.81,-0.308,31.45,True,False,False,False,False,False,True,False
2026-08-27T12:30:25,GRASIM,2026-08-27 12:25:00+05:30,BEAR,NO_SIGNAL,60.0,,ST_BEAR|ENTRY_TRIGGER,3275.0,3282.1764,34.31,-0.404,1.187,1.05,3284.4004,3276.0508,3274.1812,BULL,3275.0,3282.783,45.66,-0.307,34.38,False,True,False,False,False,False,False,False
2026-08-27T12:30:26,AXISBANK,2026-08-27 12:25:00+05:30,BULL,NO_SIGNAL,60.0,,RVOL|ENTRY_TRIGGER,1257.3,1257.5881,48.62,-0.016,0.359,1.05,1258.4122,1245.0377,1253.7598,BULL,1257.3,1256.2149,56.53,0.119,38.79,False,False,False,False,False,False,False,False
2026-08-27T12:30:26,POWERGRID,2026-08-27 12:25:00+05:30,BULL,NO_SIGNAL,20.0,,MACRO_BULL|ABOVE_WVWAP|RVOL|ENTRY_TRIGGER,264.8,264.2389,59.95,0.36,0.286,1.05,263.7252,268.2027,263.6573,BULL,264.8,264.9821,44.57,0.151,35.81,True,False,False,False,False,False,False,False
2026-08-27T12:30:27,ADANIENT,2026-08-27 12:25:00+05:30,BULL,NEAR,80.0,VWAP_PULLBACK,RVOL,3152.1,3145.7478,58.47,0.395,0.731,1.05,3145.0228,3081.9863,3132.3776,BULL,3152.1,3138.5021,67.51,0.353,47.32,True,False,True,False,False,False,True,False
2026-08-27T12:30:27,TECHM,2026-08-27 12:25:00+05:30,BULL,NO_SIGNAL,40.0,VWAP_PULLBACK,ST_BULL|RVOL|ENTRY_TRIGGER,1591.0,1590.5538,52.32,-0.438,0.392,1.05,1589.9293,1583.3542,1595.6288,BEAR,1591.0,1586.1729,58.25,0.334,33.42,False,False,True,False,False,False,False,False
2026-08-27T12:30:28,ICICIBANK,2026-08-27 12:25:00+05:30,BULL,NEAR,80.0,VWAP_PULLBACK,RVOL,1443.5,1442.4852,57.2,0.146,0.547,1.05,1441.382,1426.8114,1438.2735,BULL,1443.5,1439.9781,66.82,0.438,33.74,True,False,True,False,False,False,False,False
2026-08-27T12:30:29,JIOFIN,2026-08-27 12:25:00+05:30,BEAR,NO_SIGNAL,60.0,,RVOL|ENTRY_TRIGGER,239.4,239.6473,40.37,0.0,0.415,1.05,240.3558,242.1526,240.0701,BEAR,239.4,240.5759,28.85,-0.87,33.18,False,False,False,False,False,False,False,False
2026-08-27T12:30:29,TATASTEEL,2026-08-27 12:25:00+05:30,BULL,NO_SIGNAL,60.0,,MACRO_BULL|ENTRY_TRIGGER,188.3,188.2882,50.67,-0.37,2.081,1.05,188.6255,186.2205,187.5726,BULL,188.3,187.689,57.37,-0.233,37.56,False,False,False,False,False,False,False,False
2026-08-27T12:30:30,TITAN,2026-08-27 12:25:00+05:30,BULL,NO_SIGNAL,60.0,,RVOL|ENTRY_TRIGGER,5138.0,5126.8041,69.77,0.45,0.597,1.05,5105.5049,5094.9655,5123.0195,BULL,5138.0,5113.8483,66.02,0.961,27.14,True,False,False,False,False,False,False,False
2026-08-27T12:30:30,INFY,2026-08-27 12:25:00+05:30,BEAR,NO_SIGNAL,40.0,,MACRO_BEAR|RVOL|ENTRY_TRIGGER,1110.3,1111.6766,41.39,-0.171,0.88,1.05,1115.2246,1127.0258,1113.6855,BEAR,1110.3,1115.4649,35.02,-0.609,11.03,False,True,False,False,False,False,False,False
2026-08-27T12:30:31,TRENT,2026-08-27 12:25:00+05:30,BULL,NO_SIGNAL,40.0,,MACRO_BULL|ABOVE_WVWAP|ENTRY_TRIGGER,2887.2,2893.5366,41.49,0.184,1.702,1.05,2896.674,2915.2872,2883.2981,BULL,2887.2,2900.7412,37.8,-1.079,16.98,False,False,False,True,False,False,False,False
2026-08-27T12:30:31,ASIANPAINT,2026-08-27 12:25:00+05:30,BULL,NO_SIGNAL,40.0,,MACRO_BULL|RVOL|ENTRY_TRIGGER,2651.7,2645.1771,62.13,0.367,0.599,1.05,2642.8264,2633.446,2635.8281,BULL,2651.7,2643.7119,60.63,0.439,16.79,True,False,False,False,False,False,False,False
2026-08-27T12:30:32,ULTRACEMCO,2026-08-27 12:25:00+05:30,BEAR,NO_SIGNAL,40.0,,BELOW_WVWAP|RVOL|ENTRY_TRIGGER,11697.0,11724.4115,41.7,-0.281,0.483,1.05,11739.4245,11600.5035,11753.2779,BEAR,11697.0,11716.8589,48.21,-0.188,27.59,False,True,False,False,False,False,False,False
2026-08-27T12:30:32,HDFCBANK,2026-08-27 12:25:00+05:30,BEAR,NEAR,80.0,,ENTRY_TRIGGER,712.55,714.8695,32.71,-0.489,1.094,1.05,717.3631,723.7056,714.6055,BEAR,712.55,719.6952,22.61,-0.993,44.43,False,True,False,False,False,False,False,False
2026-08-27T12:30:33,RELIANCE,2026-08-27 12:25:00+05:30,BEAR,NO_SIGNAL,60.0,,RVOL|ENTRY_TRIGGER,1292.8,1292.0997,49.81,0.248,0.781,1.05,1294.5173,1304.1466,1293.018,BEAR,1292.8,1296.9491,35.09,-0.668,24.69,False,False,False,False,False,False,False,False
2026-08-27T12:30:33,M&M,2026-08-27 12:25:00+05:30,BEAR,NO_SIGNAL,60.0,,RVOL|ENTRY_TRIGGER,3363.9,3367.575,39.69,0.0,0.692,1.05,3373.5209,3408.0451,3373.7578,BEAR,3363.9,3384.5527,27.49,-0.423,41.93,False,False,False,False,False,False,False,False
2026-08-27T12:30:34,SUNPHARMA,2026-08-27 12:25:00+05:30,BULL,NO_SIGNAL,20.0,,MACRO_BULL|ST_BULL|RVOL|ENTRY_TRIGGER,1912.8,1911.4367,53.86,0.026,0.303,1.05,1910.2825,1912.3646,1914.1721,BEAR,1912.8,1911.8904,51.29,0.257,13.33,False,False,False,False,False,False,False,False
2026-08-27T12:35:07,BEL,2026-08-27 12:30:00+05:30,BULL,NO_SIGNAL,40.0,,MACRO_BULL|RVOL|ENTRY_TRIGGER,410.8,410.362,58.87,0.171,1.029,1.05,410.4471,409.2205,409.6569,BULL,410.9,410.029,58.44,0.317,20.44,True,False,False,False,False,False,False,False
2026-08-27T12:35:07,TATACONSUM,2026-08-27 12:30:00+05:30,BEAR,NO_SIGNAL,60.0,,RVOL|ENTRY_TRIGGER,1037.5,1039.3638,37.16,-0.355,0.62,1.05,1040.6644,1049.5147,1041.4218,BEAR,1037.7,1041.7392,34.84,-0.47,27.28,False,True,False,False,False,False,False,False
2026-08-27T12:35:08,BAJAJ-AUTO,2026-08-27 12:30:00+05:30,BULL,NO_SIGNAL,20.0,,MACRO_BULL|ABOVE_WVWAP|RVOL|ENTRY_TRIGGER,11697.0,11665.8959,63.03,0.412,0.703,1.05,11665.2464,11777.8604,11645.421,BULL,11698.0,11694.8616,47.72,0.3,27.85,True,False,False,False,False,False,False,False
2026-08-27T12:35:08,NESTLEIND,2026-08-27 12:30:00+05:30,BEAR,NO_SIGNAL,40.0,,MACRO_BEAR|RVOL|ENTRY_TRIGGER,1445.1,1443.9975,52.01,-0.021,0.888,1.05,1450.4574,1462.5481,1446.0052,BEAR,1445.3,1448.1048,39.74,-0.434,11.87,False,False,False,False,False,False,False,False
2026-08-27T12:35:09,BAJFINANCE,2026-08-27 12:30:00+05:30,BULL,NO_SIGNAL,40.0,,MACRO_BULL|ST_BULL|ENTRY_TRIGGER,1088.3,1089.0017,46.06,0.0,2.054,1.05,1095.388,1086.6476,1091.9885,BEAR,1089.5,1089.0638,52.02,-0.855,32.06,False,False,False,False,False,False,False,False
2026-08-27T12:35:09,HINDALCO,2026-08-27 12:30:00+05:30,BEAR,NO_SIGNAL,60.0,,RVOL|ENTRY_TRIGGER,1034.5,1038.528,27.44,-0.5,0.356,1.05,1043.2215,1049.5742,1039.5511,BEAR,1035.5,1043.2138,27.73,-1.221,32.71,False,True,False,False,False,False,False,False
2026-08-27T12:35:10,NTPC,2026-08-27 12:30:00+05:30,BEAR,NO_SIGNAL,60.0,VWAP_PULLBACK,RVOL|ENTRY_TRIGGER,330.55,330.4486,47.93,0.121,0.222,1.05,330.7502,336.9022,331.363,BEAR,330.75,332.531,31.7,-0.854,39.56,False,False,False,True,False,False,False,False
2026-08-27T12:35:10,HDFCLIFE,2026-08-27 12:30:00+05:30,BEAR,NO_SIGNAL,60.0,,RVOL|ENTRY_TRIGGER,551.45,552.3559,39.37,-0.091,0.397,1.05,553.2417,554.5973,553.5531,BEAR,551.45,554.2278,38.56,-0.352,26.96,False,True,False,False,False,False,False,False
2026-08-27T12:35:11,SBILIFE,2026-08-27 12:30:00+05:30,BULL,NO_SIGNAL,40.0,BREAKOUT_CONTINUATION,MACRO_BULL|ST_BULL|ENTRY_TRIGGER,1783.6,1783.3132,50.25,0.129,1.739,1.05,1784.4063,1770.416,1786.635,BEAR,1780.8,1781.6605,50.33,0.644,20.63,False,False,False,False,True,False,False,False
2026-08-27T12:35:11,HINDUNILVR,2026-08-27 12:30:00+05:30,BEAR,NO_SIGNAL,60.0,,RVOL|ENTRY_TRIGGER,2010.6,2010.6797,47.61,0.0,0.92,1.05,2011.2224,2021.3607,2014.6502,BEAR,2010.4,2015.1139,37.26,-0.436,26.58,False,False,False,False,False,False,False,False
2026-08-27T12:35:12,MARUTI,2026-08-27 12:30:00+05:30,BEAR,NO_SIGNAL,40.0,,MACRO_BEAR|RVOL|ENTRY_TRIGGER,13452.0,13453.5058,47.75,-0.134,0.57,1.05,13457.1368,13546.0322,13487.7273,BEAR,13439.0,13491.1103,34.48,-0.156,20.32,False,False,False,False,False,False,False,False
2026-08-27T12:35:13,ITC,2026-08-27 12:30:00+05:30,BEAR,NO_SIGNAL,60.0,,RVOL|ENTRY_TRIGGER,269.3,269.2629,48.38,-0.019,0.666,1.05,269.58,270.051,269.9529,BEAR,269.1,269.8525,37.28,-0.462,32.46,False,False,False,False,False,False,False,False
2026-08-27T12:35:13,TMPV,2026-08-27 12:30:00+05:30,BULL,SIGNAL,100.0,TREND_CONTINUATION,,317.75,316.7279,60.74,0.841,1.074,1.05,316.4311,314.6112,315.8841,BULL,317.1,315.7957,59.17,0.747,34.6,True,False,False,False,False,False,True,False
2026-08-27T12:35:14,ADANIPORTS,2026-08-27 12:30:00+05:30,BULL,NEAR,80.0,,ENTRY_TRIGGER,1712.3,1703.0623,72.51,0.86,1.362,1.05,1700.7304,1692.4771,1699.8148,BULL,1712.1,1698.7653,73.68,0.985,37.86,True,False,False,False,False,False,False,False
2026-08-27T12:35:14,DRREDDY,2026-08-27 12:30:00+05:30,BULL,NO_SIGNAL,20.0,,MACRO_BULL|ABOVE_WVWAP|RVOL|ENTRY_TRIGGER,1185.0,1185.2165,48.89,-0.202,0.81,1.05,1183.3793,1186.4421,1182.7854,BULL,1185.3,1185.465,49.37,0.483,10.14,False,False,False,False,False,False,False,False
2026-08-27T12:35:15,WIPRO,2026-08-27 12:30:00+05:30,BULL,NO_SIGNAL,20.0,,MACRO_BULL|ABOVE_WVWAP|RVOL|ENTRY_TRIGGER,177.34,177.1116,58.34,0.119,0.805,1.05,177.2802,179.7664,176.7699,BULL,177.21,177.375,41.89,-0.135,17.57,True,False,False,False,False,False,False,False
2026-08-27T12:35:15,ONGC,2026-08-27 12:30:00+05:30,BEAR,NEAR,80.0,,ENTRY_TRIGGER,233.2,233.0625,53.64,-0.176,1.284,1.05,233.0808,234.3991,233.5663,BEAR,232.83,233.0005,47.02,-0.248,23.32,False,False,False,False,False,False,False,False
2026-08-27T12:35:16,SBIN,2026-08-27 12:30:00+05:30,BEAR,NO_SIGNAL,60.0,TREND_CONTINUATION,BELOW_WVWAP|RVOL,1045.6,1046.9818,36.18,-0.191,0.84,1.05,1048.0407,1043.0399,1049.0224,BEAR,1045.9,1049.1007,37.3,-0.219,27.65,False,True,False,False,False,False,False,True
2026-08-27T12:35:16,EICHERMOT,2026-08-27 12:30:00+05:30,BULL,NO_SIGNAL,40.0,,ST_BULL|RVOL|ENTRY_TRIGGER,8050.0,8036.2888,57.9,0.455,0.145,1.05,8026.9033,8040.6732,8058.4996,BEAR,8049.5,8043.9539,51.17,0.65,33.25,True,False,False,False,False,False,False,False
2026-08-27T12:35:17,COALINDIA,2026-08-27 12:30:00+05:30,BULL,NO_SIGNAL,20.0,,MACRO_BULL|ABOVE_WVWAP|RVOL|ENTRY_TRIGGER,402.0,402.0325,48.82,-0.025,0.319,1.05,402.143,404.063,401.1555,BULL,402.2,402.4238,46.6,-0.26,13.17,False,False,False,True,False,False,False,False
2026-08-27T12:35:17,BAJAJFINSV,2026-08-27 12:30:00+05:30,BEAR,NO_SIGNAL,60.0,VWAP_PULLBACK,MACRO_BEAR|ENTRY_TRIGGER,2007.9,2006.3982,52.78,0.24,1.475,1.05,2009.4242,2008.0907,2011.5155,BEAR,2009.2,2008.3188,51.18,-0.288,13.02,False,False,False,True,False,False,False,False
2026-08-27T12:35:18,MAXHEALTH,2026-08-27 12:30:00+05:30,BEAR,NO_SIGNAL,40.0,,BELOW_WVWAP|RVOL|ENTRY_TRIGGER,1001.9,1002.0521,46.88,0.16,0.527,1.05,1003.4547,1000.4668,1003.6827,BEAR,1003.2,1005.8778,42.08,-0.585,33.48,False,False,False,False,False,False,False,False
2026-08-27T12:35:18,KOTAKBANK,2026-08-27 12:30:00+05:30,BULL,NO_SIGNAL,60.0,,RVOL|ENTRY_TRIGGER,425.0,424.6245,56.13,0.189,0.925,1.05,423.4264,411.1537,422.9822,BULL,424.55,421.4431,69.65,0.951,69.59,True,False,False,False,False,False,False,False
2026-08-27T12:35:19,APOLLOHOSP,2026-08-27 12:30:00+05:30,BULL,NO_SIGNAL,60.0,VWAP_PULLBACK,ST_BULL|RVOL,8792.5,8785.2098,55.2,0.051,0.469,1.05,8790.1856,8725.7232,8802.3901,BEAR,8791.5,8788.3523,51.84,0.154,41.45,True,False,True,False,False,False,False,False
2026-08-27T12:35:19,CIPLA,2026-08-27 12:30:00+05:30,BEAR,NO_SIGNAL,40.0,,MACRO_BEAR|RVOL|ENTRY_TRIGGER,1409.6,1407.651,58.78,0.171,0.619,1.05,1406.6156,1419.8696,1410.0739,BEAR,1409.6,1408.2668,51.45,0.156,25.46,True,False,False,False,False,False,False,False
2026-08-27T12:35:20,JSWSTEEL,2026-08-27 12:30:00+05:30,BULL,NO_SIGNAL,20.0,,MACRO_BULL|ST_BULL|RVOL|ENTRY_TRIGGER,1336.9,1337.8901,46.39,-0.298,0.252,1.05,1339.9737,1320.7969,1341.9595,BEAR,1336.6,1334.8904,58.19,-0.194,54.71,False,False,False,False,False,False,False,False
2026-08-27T12:35:20,HCLTECH,2026-08-27 12:30:00+05:30,BEAR,NO_SIGNAL,40.0,,MACRO_BEAR|RVOL|ENTRY_TRIGGER,1289.4,1286.7352,60.18,0.225,0.928,1.05,1286.8178,1303.2394,1289.8694,BEAR,1288.9,1290.251,43.39,0.171,25.11,True,False,False,False,False,False,False,False
2026-08-27T12:35:21,TCS,2026-08-27 12:30:00+05:30,BULL,NO_SIGNAL,40.0,,MACRO_BULL|ABOVE_WVWAP|ENTRY_TRIGGER,2255.7,2250.845,61.5,0.213,2.168,1.05,2254.8785,2280.0862,2243.6511,BULL,2250.5,2257.3262,35.0,-0.46,14.43,True,False,False,False,False,False,False,False
2026-08-27T12:35:21,INDIGO,2026-08-27 12:30:00+05:30,BULL,NO_SIGNAL,20.0,,MACRO_BULL|ST_BULL|RVOL|ENTRY_TRIGGER,5214.0,5220.0773,43.45,-0.086,0.744,1.05,5217.5574,5176.8086,5235.6678,BEAR,5214.5,5224.2618,45.52,-0.277,21.29,False,True,False,False,False,False,False,False
2026-08-27T12:35:22,BHARTIARTL,2026-08-27 12:30:00+05:30,BULL,NO_SIGNAL,20.0,,MACRO_BULL|ABOVE_WVWAP|RVOL|ENTRY_TRIGGER,1900.7,1901.1253,48.33,0.148,0.697,1.05,1900.6847,1922.7817,1895.306,BULL,1901.4,1905.6332,40.63,0.169,33.24,False,False,False,False,False,False,False,False
2026-08-27T12:35:22,ETERNAL,2026-08-27 12:30:00+05:30,BULL,NO_SIGNAL,40.0,VWAP_PULLBACK,MACRO_BULL|ST_BULL|RVOL,328.3,327.3298,62.34,0.336,1.024,1.05,327.4304,328.113,328.589,BEAR,327.85,327.1518,53.89,-0.228,20.92,True,False,True,False,False,False,False,False
2026-08-27T12:35:23,LT,2026-08-27 12:30:00+05:30,BEAR,NO_SIGNAL,60.0,,ST_BEAR|ENTRY_TRIGGER,4040.7,4039.1734,51.42,0.089,4.045,1.05,4039.602,4079.7554,4026.796,BULL,4044.0,4045.9087,45.52,-0.054,35.44,False,False,False,False,False,False,False,False
2026-08-27T12:35:24,SHRIRAMFIN,2026-08-27 12:30:00+05:30,BEAR,NO_SIGNAL,40.0,VWAP_PULLBACK,ST_BEAR|RVOL|ENTRY_TRIGGER,1099.8,1099.2515,50.13,0.466,0.903,1.05,1101.2202,1117.4411,1095.2486,BULL,1101.5,1105.1627,41.81,-0.308,31.45,False,False,False,True,False,False,False,False
2026-08-27T12:35:24,GRASIM,2026-08-27 12:30:00+05:30,BULL,NO_SIGNAL,60.0,,MACRO_BULL|ENTRY_TRIGGER,3277.4,3281.7422,40.09,-0.256,1.243,1.05,3284.1883,3276.0526,3274.1812,BULL,3275.0,3282.783,45.66,-0.307,34.38,False,True,False,False,False,False,False,False
2026-08-27T12:35:25,AXISBANK,2026-08-27 12:30:00+05:30,BULL,NO_SIGNAL,60.0,,RVOL|ENTRY_TRIGGER,1257.2,1257.5528,48.15,-0.008,0.338,1.05,1258.403,1245.0604,1253.7598,BULL,1257.3,1256.2149,56.53,0.119,38.79,False,False,False,False,False,False,False,False
2026-08-27T12:35:25,POWERGRID,2026-08-27 12:30:00+05:30,BULL,NO_SIGNAL,20.0,,MACRO_BULL|ABOVE_WVWAP|RVOL|ENTRY_TRIGGER,264.75,264.2853,58.94,0.284,0.187,1.05,263.7305,268.1987,263.6573,BULL,264.8,264.9821,44.57,0.151,35.81,True,False,False,False,False,False,False,False
2026-08-27T12:35:26,ADANIENT,2026-08-27 12:30:00+05:30,BULL,NEAR,80.0,,ENTRY_TRIGGER,3153.8,3146.4798,60.08,0.532,1.751,1.05,3145.3237,3082.3562,3136.6451,BULL,3152.1,3138.5021,67.51,0.353,47.32,True,False,False,False,False,False,False,False
2026-08-27T12:35:26,TECHM,2026-08-27 12:30:00+05:30,BULL,NO_SIGNAL,40.0,VWAP_PULLBACK,ST_BULL|RVOL|ENTRY_TRIGGER,1592.4,1590.7217,55.41,-0.069,0.517,1.05,1589.9495,1583.3712,1595.6288,BEAR,1591.0,1586.1729,58.25,0.334,33.42,False,False,True,False,False,False,False,False
2026-08-27T12:35:27,ICICIBANK,2026-08-27 12:30:00+05:30,BULL,NEAR,80.0,,ENTRY_TRIGGER,1441.7,1442.4138,48.29,-0.132,2.085,1.05,1441.4114,1426.9832,1438.2735,BULL,1443.5,1439.9781,66.82,0.438,33.74,False,False,False,False,False,False,False,False
2026-08-27T12:35:27,JIOFIN,2026-08-27 12:30:00+05:30,BEAR,NEAR,80.0,,ENTRY_TRIGGER,239.5,239.6339,43.17,0.042,1.27,1.05,240.3371,242.1432,240.0701,BEAR,239.4,240.5759,28.85,-0.87,33.18,False,False,False,False,False,False,False,False
2026-08-27T12:35:28,TATASTEEL,2026-08-27 12:30:00+05:30,BULL,NO_SIGNAL,40.0,,MACRO_BULL|RVOL|ENTRY_TRIGGER,188.35,188.2938,51.37,-0.412,0.348,1.05,188.6227,186.2248,187.5726,BULL,188.3,187.689,57.37,-0.233,37.56,False,False,False,False,False,False,False,False
2026-08-27T12:35:28,TITAN,2026-08-27 12:30:00+05:30,BULL,NO_SIGNAL,60.0,,RVOL|ENTRY_TRIGGER,5140.0,5128.0037,71.36,0.342,0.952,1.05,5105.8482,5095.139,5123.0195,BULL,5138.0,5113.8483,66.02,0.961,27.14,True,False,False,False,False,False,False,False
2026-08-27T12:35:29,INFY,2026-08-27 12:30:00+05:30,BEAR,NO_SIGNAL,40.0,,MACRO_BEAR|RVOL|ENTRY_TRIGGER,1110.0,1111.5241,40.39,-0.072,0.856,1.05,1115.1383,1126.9908,1113.6855,BEAR,1110.3,1115.4649,35.02,-0.609,11.03,False,True,False,False,False,False,False,False
2026-08-27T12:35:29,TRENT,2026-08-27 12:30:00+05:30,BULL,NO_SIGNAL,20.0,,MACRO_BULL|ABOVE_WVWAP|RVOL|ENTRY_TRIGGER,2884.9,2892.7515,39.43,-0.246,0.935,1.05,2896.3469,2915.1653,2883.2981,BULL,2887.2,2900.7412,37.8,-1.079,16.98,False,True,False,False,False,False,False,False
2026-08-27T12:35:30,ASIANPAINT,2026-08-27 12:30:00+05:30,BULL,NO_SIGNAL,40.0,,MACRO_BULL|RVOL|ENTRY_TRIGGER,2650.0,2645.6155,58.76,0.227,0.594,1.05,2642.9414,2633.498,2636.4741,BULL,2651.7,2643.7119,60.63,0.439,16.79,True,False,False,False,False,False,False,False
2026-08-27T12:35:30,ULTRACEMCO,2026-08-27 12:30:00+05:30,BEAR,NO_SIGNAL,40.0,,BELOW_WVWAP|RVOL|ENTRY_TRIGGER,11733.0,11725.1923,51.52,0.026,0.742,1.05,11739.0497,11600.9035,11753.2779,BEAR,11697.0,11716.8589,48.21,-0.188,27.59,False,False,False,False,True,False,False,False
2026-08-27T12:35:31,HDFCBANK,2026-08-27 12:30:00+05:30,BEAR,NEAR,80.0,,ENTRY_TRIGGER,712.8,714.6814,34.44,-0.482,1.78,1.05,717.1548,723.5447,714.6055,BEAR,712.55,719.6952,22.61,-0.993,44.43,False,True,False,False,False,False,False,False
2026-08-27T12:35:31,RELIANCE,2026-08-27 12:30:00+05:30,BEAR,NO_SIGNAL,60.0,,ST_BEAR|ENTRY_TRIGGER,1293.7,1292.2452,53.45,0.287,1.827,1.05,1294.4393,1304.0308,1287.4914,BULL,1292.8,1296.9491,35.09,-0.668,24.69,False,False,False,False,False,False,False,False
2026-08-27T12:35:32,M&M,2026-08-27 12:30:00+05:30,BEAR,NO_SIGNAL,60.0,,RVOL|ENTRY_TRIGGER,3364.2,3367.2682,40.29,-0.003,0.343,1.05,3373.4291,3407.9331,3373.7578,BEAR,3363.9,3384.5527,27.49,-0.423,41.93,False,True,False,False,False,False,False,False
2026-08-27T12:35:32,SUNPHARMA,2026-08-27 12:30:00+05:30,BULL,NO_SIGNAL,40.0,VWAP_PULLBACK,MACRO_BULL|ST_BULL|RVOL,1913.9,1911.6606,56.41,0.089,0.343,1.05,1910.3066,1912.3657,1914.1721,BEAR,1912.8,1911.8904,51.29,0.257,13.33,True,False,True,False,False,False,False,False
2026-08-27T12:40:07,BEL,2026-08-27 12:35:00+05:30,BULL,NEAR,80.0,VWAP_PULLBACK,MACRO_BULL,411.5,410.4654,67.19,0.317,1.835,1.05,410.4669,409.2291,409.7148,BULL,410.9,410.029,58.44,0.317,20.44,True,False,True,False,True,False,False,False
2026-08-27T12:40:08,TATACONSUM,2026-08-27 12:35:00+05:30,BEAR,NO_SIGNAL,60.0,,RVOL|ENTRY_TRIGGER,1037.8,1039.2217,39.27,-0.279,1.027,1.05,1040.6017,1049.4767,1041.4218,BEAR,1037.7,1041.7392,34.84,-0.47,27.28,False,True,False,False,False,False,False,False
2026-08-27T12:40:08,BAJAJ-AUTO,2026-08-27 12:35:00+05:30,BULL,NO_SIGNAL,40.0,,MACRO_BULL|ABOVE_WVWAP|ENTRY_TRIGGER,11691.0,11668.1781,59.92,0.326,3.925,1.05,11667.1455,11776.8311,11645.421,BULL,11698.0,11694.8616,47.72,0.3,27.85,True,False,False,False,False,False,False,False
2026-08-27T12:40:09,NESTLEIND,2026-08-27 12:35:00+05:30,BEAR,NO_SIGNAL,40.0,,MACRO_BEAR|RVOL|ENTRY_TRIGGER,1445.2,1444.1068,52.39,0.146,0.772,1.05,1450.407,1462.532,1446.0052,BEAR,1445.3,1448.1048,39.74,-0.434,11.87,False,False,False,False,False,False,False,False
2026-08-27T12:40:09,BAJFINANCE,2026-08-27 12:35:00+05:30,BEAR,NEAR,80.0,BREAKOUT_CONTINUATION,MACRO_BEAR,1085.8,1088.7107,37.34,-0.166,15.499,1.05,1094.2463,1086.6348,1091.9885,BEAR,1089.5,1089.0638,52.02,-0.855,32.06,False,True,False,False,False,True,False,True
2026-08-27T12:40:10,HINDALCO,2026-08-27 12:35:00+05:30,BEAR,NO_SIGNAL,60.0,,RVOL|ENTRY_TRIGGER,1034.75,1038.1846,29.03,-0.433,0.234,1.05,1043.1798,1049.5652,1039.1842,BEAR,1035.5,1043.2138,27.73,-1.221,32.71,False,True,False,False,False,False,False,False
2026-08-27T12:40:11,NTPC,2026-08-27 12:35:00+05:30,BEAR,NO_SIGNAL,60.0,VWAP_PULLBACK,RVOL|ENTRY_TRIGGER,330.4,330.4442,45.73,0.015,0.302,1.05,330.7483,336.8903,331.363,BEAR,330.75,332.531,31.7,-0.854,39.56,False,False,False,True,False,False,False,False
2026-08-27T12:40:11,HDFCLIFE,2026-08-27 12:35:00+05:30,BEAR,NO_SIGNAL,60.0,,RVOL|ENTRY_TRIGGER,552.05,552.3281,45.03,-0.063,0.511,1.05,553.229,554.5948,553.5531,BEAR,551.45,554.2278,38.56,-0.352,26.96,False,False,False,False,False,False,False,False
2026-08-27T12:40:12,SBILIFE,2026-08-27 12:35:00+05:30,BULL,NO_SIGNAL,20.0,VWAP_PULLBACK,MACRO_BULL|ST_BULL|RVOL|ENTRY_TRIGGER,1784.9,1783.4575,53.37,0.191,0.565,1.05,1784.4053,1770.4311,1786.635,BEAR,1780.8,1781.6605,50.33,0.644,20.63,False,False,True,False,True,False,False,False
2026-08-27T12:40:12,HINDUNILVR,2026-08-27 12:35:00+05:30,BEAR,NO_SIGNAL,60.0,,RVOL|ENTRY_TRIGGER,2010.9,2010.6997,48.93,0.065,0.624,1.05,2011.2167,2021.3395,2014.6502,BEAR,2010.4,2015.1139,37.26,-0.436,26.58,False,False,False,False,False,False,False,False
2026-08-27T12:40:13,MARUTI,2026-08-27 12:35:00+05:30,BEAR,NO_SIGNAL,40.0,VWAP_PULLBACK,MACRO_BEAR|RVOL|ENTRY_TRIGGER,13451.0,13453.278,47.36,-0.067,0.404,1.05,13457.0755,13545.866,13487.7273,BEAR,13439.0,13491.1103,34.48,-0.156,20.32,False,False,False,True,False,False,False,False
2026-08-27T12:40:13,ITC,2026-08-27 12:35:00+05:30,BEAR,NO_SIGNAL,60.0,,RVOL|ENTRY_TRIGGER,269.25,269.2617,46.7,-0.037,0.776,1.05,269.5742,270.0491,269.9529,BEAR,269.1,269.8525,37.28,-0.462,32.46,False,False,False,False,False,False,False,False
2026-08-27T12:40:14,TMPV,2026-08-27 12:35:00+05:30,BULL,NO_SIGNAL,60.0,,RVOL|ENTRY_TRIGGER,317.7,316.8163,60.23,0.841,0.364,1.05,316.4436,314.6166,315.8841,BULL,317.1,315.7957,59.17,0.747,34.6,True,False,False,False,False,False,False,False
2026-08-27T12:40:15,ADANIPORTS,2026-08-27 12:35:00+05:30,BULL,NEAR,80.0,,ENTRY_TRIGGER,1710.6,1703.7476,67.52,0.736,1.312,1.05,1701.0273,1692.5799,1699.8148,BULL,1712.1,1698.7653,73.68,0.985,37.86,True,False,False,False,False,False,False,False
2026-08-27T12:40:15,DRREDDY,2026-08-27 12:35:00+05:30,BEAR,NO_SIGNAL,40.0,VWAP_PULLBACK,MACRO_BEAR|ST_BEAR|RVOL,1183.3,1185.0422,41.21,-0.278,0.299,1.05,1183.3823,1186.441,1182.7854,BULL,1185.3,1185.465,49.37,0.483,10.14,False,True,False,True,False,False,False,False
2026-08-27T12:40:16,WIPRO,2026-08-27 12:35:00+05:30,BULL,NO_SIGNAL,40.0,,MACRO_BULL|ABOVE_WVWAP|ENTRY_TRIGGER,177.7,177.1651,67.39,0.367,1.744,1.05,177.2893,179.7607,176.9185,BULL,177.21,177.375,41.89,-0.135,17.57,True,False,False,False,False,False,False,False
2026-08-27T12:40:16,ONGC,2026-08-27 12:35:00+05:30,BEAR,NEAR,80.0,,ENTRY_TRIGGER,233.3,233.084,55.78,-0.214,2.117,1.05,233.0866,234.3916,233.5663,BEAR,232.83,233.0005,47.02,-0.248,23.32,False,False,False,False,False,False,False,False
2026-08-27T12:40:17,SBIN,2026-08-27 12:35:00+05:30,BEAR,NO_SIGNAL,60.0,,BELOW_WVWAP|ENTRY_TRIGGER,1045.1,1046.8107,33.47,-0.191,2.291,1.05,1047.9143,1043.0469,1048.6264,BEAR,1045.9,1049.1007,37.3,-0.219,27.65,False,True,False,False,False,False,False,False
2026-08-27T12:40:18,EICHERMOT,2026-08-27 12:35:00+05:30,BULL,NO_SIGNAL,40.0,,ST_BULL|RVOL|ENTRY_TRIGGER,8045.5,8037.1262,54.98,0.355,0.374,1.05,8027.1152,8040.686,8058.4996,BEAR,8049.5,8043.9539,51.17,0.65,33.25,False,False,False,False,False,False,False,False
2026-08-27T12:40:18,COALINDIA,2026-08-27 12:35:00+05:30,BULL,NO_SIGNAL,20.0,,MACRO_BULL|ABOVE_WVWAP|RVOL|ENTRY_TRIGGER,402.05,402.0341,49.89,-0.087,0.335,1.05,402.1421,404.0619,401.1555,BULL,402.2,402.4238,46.6,-0.26,13.17,False,False,False,False,False,False,False,False
2026-08-27T12:40:19,BAJAJFINSV,2026-08-27 12:35:00+05:30,BULL,NO_SIGNAL,20.0,,MACRO_BULL|ST_BULL|RVOL|ENTRY_TRIGGER,2008.1,2006.5529,53.25,0.185,0.659,1.05,2009.4077,2008.0913,2011.5155,BEAR,2009.2,2008.3188,51.18,-0.288,13.02,False,False,False,False,False,False,False,False
2026-08-27T12:40:19,MAXHEALTH,2026-08-27 12:35:00+05:30,BEAR,NO_SIGNAL,40.0,,BELOW_WVWAP|RVOL|ENTRY_TRIGGER,1002.7,1002.111,50.46,0.13,0.119,1.05,1003.4503,1000.4677,1003.6827,BEAR,1003.2,1005.8778,42.08,-0.585,33.48,False,False,False,False,False,False,False,False
2026-08-27T12:40:20,KOTAKBANK,2026-08-27 12:35:00+05:30,BULL,NO_SIGNAL,60.0,,RVOL|ENTRY_TRIGGER,425.1,424.6677,56.91,0.153,0.917,1.05,423.4451,411.1982,423.0391,BULL,424.55,421.4431,69.65,0.951,69.59,True,False,False,False,False,False,False,False
2026-08-27T12:40:20,APOLLOHOSP,2026-08-27 12:35:00+05:30,BULL,NO_SIGNAL,40.0,VWAP_PULLBACK,ST_BULL|RVOL|ENTRY_TRIGGER,8792.5,8785.8725,55.2,0.0,0.235,1.05,8790.1929,8725.7592,8802.3901,BEAR,8791.5,8788.3523,51.84,0.154,41.45,False,False,True,False,False,False,False,False
2026-08-27T12:40:21,CIPLA,2026-08-27 12:35:00+05:30,BEAR,NO_SIGNAL,60.0,,MACRO_BEAR|ENTRY_TRIGGER,1409.2,1407.7918,56.87,0.107,1.118,1.05,1406.6667,1419.8552,1410.0739,BEAR,1409.6,1408.2668,51.45,0.156,25.46,True,False,False,False,False,False,False,False
2026-08-27T12:40:21,JSWSTEEL,2026-08-27 12:35:00+05:30,BULL,NO_SIGNAL,40.0,,MACRO_BULL|ST_BULL|ENTRY_TRIGGER,1337.5,1337.8546,48.64,-0.216,1.119,1.05,1339.9237,1320.8486,1341.9595,BEAR,1336.6,1334.8904,58.19,-0.194,54.71,False,False,False,False,False,False,False,False
2026-08-27T12:40:22,HCLTECH,2026-08-27 12:35:00+05:30,BULL,NO_SIGNAL,60.0,TREND_CONTINUATION,MACRO_BULL|ABOVE_WVWAP,1290.7,1287.0957,64.02,0.498,1.682,1.05,1286.992,1303.0446,1282.6203,BULL,1288.9,1290.251,43.39,0.171,25.11,True,False,False,False,False,False,True,False
2026-08-27T12:40:22,TCS,2026-08-27 12:35:00+05:30,BULL,NO_SIGNAL,40.0,,MACRO_BULL|ABOVE_WVWAP|ENTRY_TRIGGER,2259.2,2251.6045,67.87,0.409,2.662,1.05,2255.0274,2279.9385,2246.566,BULL,2250.5,2257.3262,35.0,-0.46,14.43,True,False,False,False,False,False,False,False
2026-08-27T12:40:23,INDIGO,2026-08-27 12:35:00+05:30,BULL,NO_SIGNAL,40.0,VWAP_PULLBACK,MACRO_BULL|ST_BULL|ENTRY_TRIGGER,5224.0,5220.4339,52.7,0.057,2.172,1.05,5217.658,5176.9633,5235.6678,BEAR,5214.5,5224.2618,45.52,-0.277,21.29,False,False,True,False,False,False,False,False
2026-08-27T12:40:23,BHARTIARTL,2026-08-27 12:35:00+05:30,BULL,NO_SIGNAL,40.0,,MACRO_BULL|ABOVE_WVWAP|ENTRY_TRIGGER,1902.8,1901.2775,52.61,-0.021,1.7,1.05,1900.7358,1922.5894,1895.306,BULL,1901.4,1905.6332,40.63,0.169,33.24,False,False,False,False,False,False,False,False
2026-08-27T12:40:24,ETERNAL,2026-08-27 12:35:00+05:30,BULL,NO_SIGNAL,60.0,,MACRO_BULL|ENTRY_TRIGGER,328.9,327.4725,67.08,0.32,1.131,1.05,327.4596,328.1152,326.5404,BULL,327.85,327.1518,53.89,-0.228,20.92,True,False,False,False,False,False,False,False
2026-08-27T12:40:24,LT,2026-08-27 12:35:00+05:30,BEAR,NO_SIGNAL,60.0,,ST_BEAR|ENTRY_TRIGGER,4041.1,4039.3485,51.86,0.27,1.295,1.05,4039.6237,4079.5777,4026.796,BULL,4044.0,4045.9087,45.52,-0.054,35.44,False,False,False,False,False,False,False,False
2026-08-27T12:40:25,SHRIRAMFIN,2026-08-27 12:35:00+05:30,BEAR,NO_SIGNAL,40.0,,ST_BEAR|RVOL|ENTRY_TRIGGER,1100.7,1099.3831,53.01,0.447,0.527,1.05,1101.2139,1117.4026,1095.2486,BULL,1101.5,1105.1627,41.81,-0.308,31.45,False,False,False,False,False,False,False,False
2026-08-27T12:40:26,GRASIM,2026-08-27 12:35:00+05:30,BEAR,NO_SIGNAL,60.0,,ST_BEAR|ENTRY_TRIGGER,3275.8,3281.202,37.71,-0.335,1.103,1.05,3283.9898,3276.053,3274.1812,BULL,3275.0,3282.783,45.66,-0.307,34.38,False,True,False,False,False,False,False,False
2026-08-27T12:40:26,AXISBANK,2026-08-27 12:35:00+05:30,BULL,NEAR,80.0,VWAP_PULLBACK,ENTRY_TRIGGER,1258.5,1257.6389,54.37,0.048,1.275,1.05,1258.3961,1245.1424,1253.7598,BULL,1257.3,1256.2149,56.53,0.119,38.79,False,False,True,False,False,False,False,False
2026-08-27T12:40:27,POWERGRID,2026-08-27 12:35:00+05:30,BULL,NO_SIGNAL,20.0,,MACRO_BULL|ABOVE_WVWAP|RVOL|ENTRY_TRIGGER,264.85,264.3367,60.38,0.246,0.439,1.05,263.7426,268.1906,263.8329,BULL,264.8,264.9821,44.57,0.151,35.81,True,False,False,False,False,False,False,False
2026-08-27T12:40:27,ADANIENT,2026-08-27 12:35:00+05:30,BULL,SIGNAL,100.0,TREND_CONTINUATION,,3156.3,3147.3726,62.39,0.59,1.227,1.05,3145.565,3082.6337,3138.0386,BULL,3152.1,3138.5021,67.51,0.353,47.32,True,False,False,False,False,False,True,False
2026-08-27T12:40:28,TECHM,2026-08-27 12:35:00+05:30,BULL,NEAR,80.0,VWAP_PULLBACK,ST_BULL,1593.0,1590.9288,56.71,0.075,1.21,1.05,1590.023,1583.4154,1595.6288,BEAR,1591.0,1586.1729,58.25,0.334,33.42,True,False,True,False,False,False,False,False
2026-08-27T12:40:28,ICICIBANK,2026-08-27 12:35:00+05:30,BULL,NEAR,80.0,VWAP_PULLBACK,ENTRY_TRIGGER,1443.0,1442.4671,53.88,-0.076,2.539,1.05,1441.496,1427.2095,1438.2735,BULL,1443.5,1439.9781,66.82,0.438,33.74,False,False,True,False,False,False,False,False
2026-08-27T12:40:29,JIOFIN,2026-08-27 12:35:00+05:30,BEAR,NO_SIGNAL,60.0,,RVOL|ENTRY_TRIGGER,239.9,239.6581,52.76,0.146,0.923,1.05,240.3288,242.1373,240.0701,BEAR,239.4,240.5759,28.85,-0.87,33.18,False,False,False,False,False,False,False,False
2026-08-27T12:40:29,TATASTEEL,2026-08-27 12:35:00+05:30,BULL,NO_SIGNAL,40.0,,MACRO_BULL|RVOL|ENTRY_TRIGGER,188.46,188.3089,52.95,-0.286,0.628,1.05,188.6201,186.2332,187.5726,BULL,188.3,187.689,57.37,-0.233,37.56,False,False,False,False,False,False,False,False
2026-08-27T12:40:30,TITAN,2026-08-27 12:35:00+05:30,BULL,NO_SIGNAL,60.0,,RVOL|ENTRY_TRIGGER,5138.5,5128.9579,68.46,0.263,0.661,1.05,5106.0857,5095.2604,5123.3628,BULL,5138.0,5113.8483,66.02,0.961,27.14,True,False,False,False,False,False,False,False
2026-08-27T12:40:30,INFY,2026-08-27 12:35:00+05:30,BEAR,NO_SIGNAL,60.0,,MACRO_BEAR|ENTRY_TRIGGER,1112.3,1111.5947,50.33,0.117,3.704,1.05,1114.8903,1126.855,1113.6855,BEAR,1110.3,1115.4649,35.02,-0.609,11.03,False,False,False,False,False,False,False,False
2026-08-27T12:40:31,TRENT,2026-08-27 12:35:00+05:30,BULL,NO_SIGNAL,20.0,,MACRO_BULL|ABOVE_WVWAP|RVOL|ENTRY_TRIGGER,2884.4,2891.9923,38.98,-0.428,0.715,1.05,2896.085,2915.0672,2883.2981,BULL,2887.2,2900.7412,37.8,-1.079,16.98,False,True,False,False,False,False,False,False
2026-08-27T12:40:31,ASIANPAINT,2026-08-27 12:35:00+05:30,BULL,NO_SIGNAL,40.0,,MACRO_BULL|RVOL|ENTRY_TRIGGER,2649.0,2645.9232,56.8,0.155,0.403,1.05,2643.0023,2633.5299,2636.4741,BULL,2651.7,2643.7119,60.63,0.439,16.79,True,False,False,False,False,False,False,False
2026-08-27T12:40:32,ULTRACEMCO,2026-08-27 12:35:00+05:30,BULL,NEAR,80.0,VWAP_PULLBACK,MACRO_BULL,11754.0,11727.8111,56.16,0.316,3.748,1.05,11739.2437,11603.0345,11653.6632,BULL,11697.0,11716.8589,48.21,-0.188,27.59,True,False,True,False,True,False,True,False
2026-08-27T12:40:32,HDFCBANK,2026-08-27 12:35:00+05:30,BEAR,NEAR,80.0,,ENTRY_TRIGGER,713.9,714.6103,41.53,-0.203,1.718,1.05,716.993,723.3985,714.6055,BEAR,712.55,719.6952,22.61,-0.993,44.43,False,True,False,False,False,False,False,False
2026-08-27T12:40:33,RELIANCE,2026-08-27 12:35:00+05:30,BEAR,NO_SIGNAL,60.0,,ST_BEAR|ENTRY_TRIGGER,1295.9,1292.5774,60.92,0.535,1.449,1.05,1294.4585,1303.9529,1288.1733,BULL,1292.8,1296.9491,35.09,-0.668,24.69,True,False,False,False,False,False,False,False
2026-08-27T12:40:33,M&M,2026-08-27 12:35:00+05:30,BEAR,NO_SIGNAL,60.0,,RVOL|ENTRY_TRIGGER,3364.2,3366.9893,40.29,-0.003,0.346,1.05,3373.343,3407.8234,3373.7578,BEAR,3363.9,3384.5527,27.49,-0.423,41.93,False,True,False,False,False,False,False,False
2026-08-27T12:40:34,SUNPHARMA,2026-08-27 12:35:00+05:30,BEAR,NO_SIGNAL,40.0,VWAP_PULLBACK,MACRO_BEAR|RVOL|ENTRY_TRIGGER,1909.6,1911.4733,45.76,-0.052,0.586,1.05,1910.3057,1912.3619,1914.1721,BEAR,1912.8,1911.8904,51.29,0.257,13.33,False,False,False,True,False,False,False,False
2026-08-27T12:45:07,BEL,2026-08-27 12:40:00+05:30,BULL,NO_SIGNAL,60.0,,MACRO_BULL|ENTRY_TRIGGER,411.15,410.5277,60.59,0.268,1.172,1.05,410.4804,409.235,409.8555,BULL,411.15,410.1309,60.17,-0.327,21.97,True,False,False,False,False,False,False,False
2026-08-27T12:45:07,TATACONSUM,2026-08-27 12:40:00+05:30,BEAR,NEAR,80.0,,ENTRY_TRIGGER,1036.8,1039.0015,35.05,-0.327,4.552,1.05,1040.2852,1049.3002,1041.2456,BEAR,1036.8,1041.2902,33.04,-0.403,28.42,False,True,False,False,False,False,False,False
2026-08-27T12:45:08,BAJAJ-AUTO,2026-08-27 12:40:00+05:30,BULL,NO_SIGNAL,60.0,,ABOVE_WVWAP|ENTRY_TRIGGER,11715.0,11672.4346,66.95,0.592,7.974,1.05,11672.517,11774.9234,11650.1155,BULL,11715.0,11696.6924,51.54,0.386,26.08,True,False,False,False,False,False,False,False
2026-08-27T12:45:08,NESTLEIND,2026-08-27 12:40:00+05:30,BULL,NO_SIGNAL,20.0,,MACRO_BULL|ABOVE_WVWAP|RVOL|ENTRY_TRIGGER,1446.2,1444.2971,56.08,0.263,0.76,1.05,1450.3638,1462.5173,1440.6022,BULL,1446.2,1447.9317,42.18,-0.228,11.41,True,False,False,False,False,False,False,False
2026-08-27T12:45:09,BAJFINANCE,2026-08-27 12:40:00+05:30,BEAR,NEAR,80.0,,ENTRY_TRIGGER,1084.8,1088.3552,34.53,-0.367,1.569,1.05,1094.0501,1086.6266,1090.9405,BEAR,1084.8,1088.6762,41.87,-0.859,29.95,False,True,False,False,False,False,False,False
2026-08-27T12:45:09,HINDALCO,2026-08-27 12:40:00+05:30,BEAR,NO_SIGNAL,60.0,,RVOL|ENTRY_TRIGGER,1034.6,1037.8587,28.63,-0.443,0.476,1.05,1043.1236,1049.5528,1039.1842,BEAR,1034.6,1042.4307,26.5,-1.189,34.11,False,True,False,False,False,False,False,False
2026-08-27T12:45:10,NTPC,2026-08-27 12:40:00+05:30,BEAR,NEAR,80.0,,ENTRY_TRIGGER,330.75,330.472,51.34,0.136,1.609,1.05,330.746,336.831,331.363,BEAR,330.75,332.3691,31.7,-0.78,39.63,False,False,False,False,False,False,False,False
2026-08-27T12:45:10,HDFCLIFE,2026-08-27 12:40:00+05:30,BEAR,NEAR,80.0,VWAP_PULLBACK,RVOL,551.7,552.271,42.54,-0.1,0.596,1.05,553.2138,554.5919,553.5531,BEAR,551.7,553.998,39.71,-0.361,26.32,False,True,False,True,False,False,False,False
2026-08-27T12:45:11,SBILIFE,2026-08-27 12:40:00+05:30,BULL,NO_SIGNAL,20.0,,MACRO_BULL|ST_BULL|RVOL|ENTRY_TRIGGER,1783.7,1783.4795,50.23,0.0,0.651,1.05,1784.4053,1770.4485,1786.635,BEAR,1783.7,1781.8459,53.73,0.152,20.34,False,False,False,False,False,False,False,False
2026-08-27T12:45:11,HINDUNILVR,2026-08-27 12:40:00+05:30,BEAR,NO_SIGNAL,60.0,,RVOL|ENTRY_TRIGGER,2010.9,2010.7179,48.93,0.085,0.488,1.05,2011.2124,2021.3233,2014.6502,BEAR,2010.9,2014.7308,38.5,-0.352,26.22,False,False,False,False,False,False,False,False
2026-08-27T12:45:12,MARUTI,2026-08-27 12:40:00+05:30,BEAR,NO_SIGNAL,60.0,VWAP_PULLBACK,MACRO_BEAR|ENTRY_TRIGGER,13446.0,13452.6164,45.38,-0.03,2.169,1.05,13456.6253,13545.0244,13487.7273,BEAR,13446.0,13487.0094,36.58,-0.178,20.0,False,False,False,True,False,False,False,False
2026-08-27T12:45:13,ITC,2026-08-27 12:40:00+05:30,BEAR,NO_SIGNAL,60.0,VWAP_PULLBACK,RVOL|ENTRY_TRIGGER,269.2,269.2561,45.01,0.0,0.999,1.05,269.5662,270.0465,269.9529,BEAR,269.2,269.7932,39.01,-0.333,32.23,False,False,False,True,False,False,False,False
2026-08-27T12:45:13,TMPV,2026-08-27 12:40:00+05:30,BULL,NO_SIGNAL,60.0,,RVOL|ENTRY_TRIGGER,317.2,316.8512,55.21,-0.126,0.263,1.05,316.4504,314.6202,315.8841,BULL,317.2,315.9234,59.66,0.746,35.53,False,False,False,False,False,False,False,False
2026-08-27T12:45:14,ADANIPORTS,2026-08-27 12:40:00+05:30,BULL,NO_SIGNAL,60.0,,RVOL|ENTRY_TRIGGER,1711.6,1704.4614,68.88,0.819,0.538,1.05,1701.1512,1692.6233,1699.8148,BULL,1711.6,1699.9321,72.48,0.872,39.25,True,False,False,False,False,False,False,False
2026-08-27T12:45:14,DRREDDY,2026-08-27 12:40:00+05:30,BEAR,NO_SIGNAL,40.0,VWAP_PULLBACK,MACRO_BEAR|ST_BEAR|RVOL,1182.8,1184.8384,39.25,-0.379,0.4,1.05,1183.3802,1186.439,1182.7854,BULL,1182.8,1185.2228,44.45,0.271,10.19,False,True,False,True,False,False,False,False
2026-08-27T12:45:15,WIPRO,2026-08-27 12:40:00+05:30,BULL,NO_SIGNAL,20.0,,MACRO_BULL|ABOVE_WVWAP|RVOL|ENTRY_TRIGGER,177.5,177.1956,59.64,0.265,0.85,1.05,177.2929,179.7577,176.9185,BULL,177.5,177.3864,48.97,0.023,16.76,True,False,False,False,False,False,False,False
2026-08-27T12:45:15,ONGC,2026-08-27 12:40:00+05:30,BEAR,NO_SIGNAL,60.0,,MACRO_BEAR|ENTRY_TRIGGER,233.37,233.11,57.26,-0.154,1.55,1.05,233.094,234.3864,233.5663,BEAR,233.37,233.0341,53.78,0.461,22.58,False,False,False,False,False,False,False,False
2026-08-27T12:45:16,SBIN,2026-08-27 12:40:00+05:30,BEAR,NO_SIGNAL,60.0,,BELOW_WVWAP|ENTRY_TRIGGER,1044.3,1046.5825,29.65,-0.363,1.167,1.05,1047.8406,1043.0497,1048.2869,BEAR,1044.3,1048.6643,33.43,-0.353,28.48,False,True,False,False,False,False,False,False
2026-08-27T12:45:16,EICHERMOT,2026-08-27 12:40:00+05:30,BULL,NO_SIGNAL,20.0,,MACRO_BULL|ST_BULL|RVOL|ENTRY_TRIGGER,8045.5,8037.8874,54.98,0.318,0.569,1.05,8027.4316,8040.706,8058.4996,BEAR,8045.5,8044.0944,49.85,0.293,31.59,False,False,False,False,False,False,False,False
2026-08-27T12:45:17,COALINDIA,2026-08-27 12:40:00+05:30,BULL,NO_SIGNAL,20.0,,MACRO_BULL|ABOVE_WVWAP|RVOL|ENTRY_TRIGGER,402.05,402.0356,49.89,-0.112,0.296,1.05,402.1416,404.0611,401.2335,BULL,402.05,402.3898,45.32,-0.137,12.52,False,False,False,False,False,False,False,False
2026-08-27T12:45:17,BAJAJFINSV,2026-08-27 12:40:00+05:30,BEAR,NO_SIGNAL,40.0,VWAP_PULLBACK,MACRO_BEAR|RVOL|ENTRY_TRIGGER,2007.5,2006.639,51.59,0.225,0.446,1.05,2009.3923,2008.0912,2011.5155,BEAR,2007.5,2008.2443,48.33,-0.427,12.11,False,False,False,True,False,False,False,False
2026-08-27T12:45:18,MAXHEALTH,2026-08-27 12:40:00+05:30,BULL,NO_SIGNAL,40.0,VWAP_PULLBACK,MACRO_BULL|RVOL|ENTRY_TRIGGER,1003.7,1002.2555,54.58,0.36,0.399,1.05,1003.4473,1000.4723,999.3816,BULL,1003.7,1005.6798,43.42,0.0,32.09,False,False,True,False,False,False,False,False
2026-08-27T12:45:18,KOTAKBANK,2026-08-27 12:40:00+05:30,BULL,NEAR,80.0,,ENTRY_TRIGGER,425.1,424.707,56.91,-0.071,5.583,1.05,423.5439,411.4558,423.0391,BULL,425.1,421.7755,71.01,0.035,69.76,False,False,False,False,False,False,False,False
2026-08-27T12:45:19,APOLLOHOSP,2026-08-27 12:40:00+05:30,BULL,NO_SIGNAL,40.0,,ST_BULL|RVOL|ENTRY_TRIGGER,8793.0,8786.5205,55.57,0.028,0.455,1.05,8790.2139,8725.8201,8802.3901,BEAR,8793.0,8788.7748,52.53,0.217,41.12,True,False,False,False,False,False,False,False
2026-08-27T12:45:19,CIPLA,2026-08-27 12:40:00+05:30,BEAR,NO_SIGNAL,40.0,,MACRO_BEAR|RVOL|ENTRY_TRIGGER,1409.0,1407.9016,55.9,0.078,0.681,1.05,1406.6962,1419.8464,1410.0739,BEAR,1409.0,1408.3334,50.16,0.399,24.48,True,False,False,False,False,False,False,False
2026-08-27T12:45:20,JSWSTEEL,2026-08-27 12:40:00+05:30,BULL,NO_SIGNAL,60.0,BREAKOUT_CONTINUATION,ST_BULL|ENTRY_TRIGGER,1338.7,1337.9315,52.91,-0.172,1.345,1.05,1339.89,1320.9169,1341.9595,BEAR,1338.7,1335.2367,61.89,0.015,53.66,False,False,False,False,True,False,False,False
2026-08-27T12:45:20,HCLTECH,2026-08-27 12:40:00+05:30,BULL,NO_SIGNAL,20.0,,MACRO_BULL|ABOVE_WVWAP|RVOL|ENTRY_TRIGGER,1289.5,1287.3143,58.41,0.335,0.339,1.05,1287.02,1303.0013,1282.6203,BULL,1289.5,1290.1827,44.85,0.483,23.43,True,False,False,False,False,False,False,False
2026-08-27T12:45:21,TCS,2026-08-27 12:40:00+05:30,BULL,NO_SIGNAL,20.0,,MACRO_BULL|ABOVE_WVWAP|RVOL|ENTRY_TRIGGER,2256.5,2252.0495,59.67,0.271,0.998,1.05,2255.0702,2279.8763,2246.566,BULL,2256.5,2257.2511,45.29,-0.106,14.38,True,False,False,False,False,False,False,False
2026-08-27T12:45:22,INDIGO,2026-08-27 12:40:00+05:30,BULL,NO_SIGNAL,20.0,VWAP_PULLBACK,MACRO_BULL|ST_BULL|RVOL|ENTRY_TRIGGER,5223.5,5220.7126,52.24,0.067,0.781,1.05,5217.7257,5177.0263,5235.6678,BEAR,5223.5,5224.1926,50.45,0.067,20.35,False,False,True,False,False,False,False,False
2026-08-27T12:45:22,BHARTIARTL,2026-08-27 12:40:00+05:30,BULL,NO_SIGNAL,20.0,,MACRO_BULL|ABOVE_WVWAP|RVOL|ENTRY_TRIGGER,1904.0,1901.525,54.91,0.131,0.68,1.05,1900.7764,1922.5178,1895.306,BULL,1904.0,1905.4847,44.78,0.295,32.2,False,False,False,False,False,False,False,False
2026-08-27T12:45:23,ETERNAL,2026-08-27 12:40:00+05:30,BULL,NO_SIGNAL,60.0,,MACRO_BULL|ENTRY_TRIGGER,328.85,327.5978,66.33,0.351,1.359,1.05,327.4974,328.1186,326.9739,BULL,328.85,327.3062,59.08,0.428,21.56,True,False,False,False,False,False,False,False
2026-08-27T12:45:23,LT,2026-08-27 12:40:00+05:30,BEAR,NO_SIGNAL,40.0,,ST_BEAR|RVOL|ENTRY_TRIGGER,4041.6,4039.5532,52.44,0.288,0.421,1.05,4039.6479,4079.5202,4026.796,BULL,4041.6,4045.517,43.8,-0.141,35.5,False,False,False,False,False,False,False,False
2026-08-27T12:45:24,SHRIRAMFIN,2026-08-27 12:40:00+05:30,BULL,NO_SIGNAL,20.0,,MACRO_BULL|ABOVE_WVWAP|RVOL|ENTRY_TRIGGER,1101.1,1099.5392,54.28,0.484,0.569,1.05,1101.2104,1117.3623,1095.2486,BULL,1101.1,1104.7934,41.35,0.182,30.79,False,False,False,False,False,False,False,False
2026-08-27T12:45:24,GRASIM,2026-08-27 12:40:00+05:30,BEAR,NO_SIGNAL,60.0,,ST_BEAR|ENTRY_TRIGGER,3275.5,3280.6836,37.26,-0.277,1.08,1.05,3283.8128,3276.0536,3274.1812,BULL,3275.5,3282.1209,46.0,-0.171,33.31,False,True,False,False,False,False,False,False
2026-08-27T12:45:25,AXISBANK,2026-08-27 12:40:00+05:30,BULL,NO_SIGNAL,60.0,,RVOL|ENTRY_TRIGGER,1258.4,1257.7081,53.83,0.143,0.91,1.05,1258.3967,1245.2025,1253.7598,BULL,1258.4,1256.4136,59.14,0.072,37.5,False,False,False,False,False,False,False,False
2026-08-27T12:45:25,POWERGRID,2026-08-27 12:40:00+05:30,BULL,NO_SIGNAL,20.0,,MACRO_BULL|ABOVE_WVWAP|RVOL|ENTRY_TRIGGER,264.85,264.3833,60.38,0.151,0.301,1.05,263.7504,268.1849,263.8329,BULL,264.85,264.9701,45.07,0.17,34.48,True,False,False,False,False,False,False,False
2026-08-27T12:45:26,ADANIENT,2026-08-27 12:40:00+05:30,BULL,NEAR,80.0,,ENTRY_TRIGGER,3157.7,3148.3114,63.66,0.548,1.075,1.05,3145.7993,3082.881,3140.9617,BULL,3157.7,3140.2474,70.65,0.366,47.71,True,False,False,False,False,False,False,False
2026-08-27T12:45:26,TECHM,2026-08-27 12:40:00+05:30,BULL,NO_SIGNAL,40.0,,ST_BULL|RVOL|ENTRY_TRIGGER,1589.7,1590.8171,48.38,-0.025,0.77,1.05,1590.032,1583.437,1595.6288,BEAR,1589.7,1586.4936,56.33,0.107,33.53,False,False,False,False,False,False,False,False
2026-08-27T12:45:27,ICICIBANK,2026-08-27 12:40:00+05:30,BULL,NO_SIGNAL,60.0,,RVOL|ENTRY_TRIGGER,1442.4,1442.461,51.13,-0.007,0.612,1.05,1441.5142,1427.267,1438.2735,BULL,1442.4,1440.1983,61.83,0.271,33.53,False,False,False,False,False,False,False,False
2026-08-27T12:45:27,JIOFIN,2026-08-27 12:40:00+05:30,BULL,NO_SIGNAL,60.0,TREND_CONTINUATION,MACRO_BULL|ABOVE_WVWAP,240.2,239.7074,58.42,0.25,2.041,1.05,240.3217,242.1263,239.1641,BULL,240.2,240.5417,42.35,-0.435,31.95,True,False,False,False,False,False,True,False
2026-08-27T12:45:28,TATASTEEL,2026-08-27 12:40:00+05:30,BULL,NO_SIGNAL,40.0,,MACRO_BULL|RVOL|ENTRY_TRIGGER,188.6,188.3354,54.95,0.223,0.804,1.05,188.6211,186.245,187.5726,BULL,188.6,187.7718,59.38,-0.533,38.11,False,False,False,False,False,False,False,False
2026-08-27T12:45:29,TITAN,2026-08-27 12:40:00+05:30,BULL,NO_SIGNAL,60.0,,RVOL|ENTRY_TRIGGER,5139.8,5129.9436,69.61,0.232,0.604,1.05,5106.2999,5095.3709,5123.3628,BULL,5139.8,5116.2076,66.72,0.794,28.25,True,False,False,False,False,False,False,False
2026-08-27T12:45:29,INFY,2026-08-27 12:40:00+05:30,BEAR,NO_SIGNAL,40.0,,MACRO_BEAR|RVOL|ENTRY_TRIGGER,1111.3,1111.5679,46.69,0.126,0.808,1.05,1114.8354,1126.822,1113.6855,BEAR,1111.3,1115.0863,37.91,-0.715,10.31,False,False,False,False,False,False,False,False
2026-08-27T12:45:30,TRENT,2026-08-27 12:40:00+05:30,BULL,NO_SIGNAL,20.0,,MACRO_BULL|ABOVE_WVWAP|RVOL|ENTRY_TRIGGER,2886.4,2891.4839,41.85,-0.52,0.709,1.05,2895.8434,2914.9705,2883.2981,BULL,2886.4,2899.4375,37.35,-0.91,17.7,False,True,False,False,False,False,False,False
2026-08-27T12:45:30,ASIANPAINT,2026-08-27 12:40:00+05:30,BULL,NO_SIGNAL,60.0,VWAP_PULLBACK,MACRO_BULL|RVOL,2651.0,2646.3847,59.69,0.242,0.38,1.05,2643.0665,2633.5616,2636.4741,BULL,2651.0,2644.3745,59.62,0.485,15.73,True,False,True,False,False,False,False,False
2026-08-27T12:45:31,ULTRACEMCO,2026-08-27 12:40:00+05:30,BULL,NEAR,80.0,,ENTRY_TRIGGER,11746.0,11729.4647,54.04,0.179,2.879,1.05,11739.7705,11604.9566,11667.2113,BULL,11746.0,11719.5081,56.45,0.282,26.91,False,False,False,False,False,False,False,False
2026-08-27T12:45:31,HDFCBANK,2026-08-27 12:40:00+05:30,BEAR,NO_SIGNAL,60.0,,RVOL|ENTRY_TRIGGER,714.5,714.6003,45.02,-0.007,1.008,1.05,716.9287,723.3212,714.6055,BEAR,714.5,719.2229,31.49,-0.874,44.91,False,False,False,False,False,False,False,False
2026-08-27T12:45:32,RELIANCE,2026-08-27 12:40:00+05:30,BEAR,NO_SIGNAL,40.0,,ST_BEAR|RVOL|ENTRY_TRIGGER,1295.3,1292.825,58.18,0.426,0.799,1.05,1294.471,1303.9097,1288.6128,BULL,1295.3,1296.7991,42.82,-0.568,23.36,True,False,False,False,False,False,False,False
2026-08-27T12:45:32,M&M,2026-08-27 12:40:00+05:30,BEAR,NO_SIGNAL,60.0,,RVOL|ENTRY_TRIGGER,3364.0,3366.7175,39.98,0.0,0.358,1.05,3373.2515,3407.7095,3373.7578,BEAR,3364.0,3382.6843,27.62,-0.535,41.86,False,False,False,False,False,False,False,False
2026-08-27T12:45:33,SUNPHARMA,2026-08-27 12:40:00+05:30,BEAR,NO_SIGNAL,40.0,,MACRO_BEAR|RVOL|ENTRY_TRIGGER,1911.2,1911.4485,49.57,-0.078,0.27,1.05,1910.308,1912.3605,1914.1721,BEAR,1911.2,1911.8277,48.2,0.063,12.62,False,False,False,False,False,False,False,False
2026-08-27T12:50:07,BEL,2026-08-27 12:45:00+05:30,BULL,NO_SIGNAL,40.0,,MACRO_BULL|RVOL|ENTRY_TRIGGER,411.05,410.5752,58.82,0.256,0.88,1.05,410.4876,409.239,409.8555,BULL,411.15,410.1309,60.17,-0.327,21.97,True,False,False,False,False,False,False,False
2026-08-27T12:50:07,TATACONSUM,2026-08-27 12:45:00+05:30,BEAR,NO_SIGNAL,60.0,,RVOL|ENTRY_TRIGGER,1037.1,1038.8286,37.23,-0.317,0.767,1.05,1040.2287,1049.2652,1040.9248,BEAR,1036.8,1041.2902,33.04,-0.403,28.42,False,True,False,False,False,False,False,False
2026-08-27T12:50:08,BAJAJ-AUTO,2026-08-27 12:45:00+05:30,BULL,NO_SIGNAL,40.0,,ABOVE_WVWAP|RVOL|ENTRY_TRIGGER,11701.0,11675.0315,60.31,0.403,0.736,1.05,11673.0967,11774.6959,11655.8847,BULL,11715.0,11696.6924,51.54,0.386,26.08,True,False,False,False,False,False,False,False
2026-08-27T12:50:08,NESTLEIND,2026-08-27 12:45:00+05:30,BULL,NO_SIGNAL,20.0,,MACRO_BULL|ABOVE_WVWAP|RVOL|ENTRY_TRIGGER,1446.2,1444.4701,56.08,0.319,0.524,1.05,1450.3366,1462.5073,1441.6805,BULL,1446.2,1447.9317,42.18,-0.228,11.41,True,False,False,False,False,False,False,False
2026-08-27T12:50:09,BAJFINANCE,2026-08-27 12:45:00+05:30,BEAR,NO_SIGNAL,60.0,,RVOL|ENTRY_TRIGGER,1085.4,1088.0865,37.57,-0.266,0.853,1.05,1093.9455,1086.6224,1090.5419,BEAR,1084.8,1088.6762,41.87,-0.859,29.95,False,True,False,False,False,False,False,False
2026-08-27T12:50:09,HINDALCO,2026-08-27 12:45:00+05:30,BEAR,SIGNAL,100.0,BREAKOUT_CONTINUATION,,1033.45,1037.4579,25.67,-0.486,2.305,1.05,1042.8816,1049.5008,1038.6772,BEAR,1034.6,1042.4307,26.5,-1.189,34.11,False,True,False,False,False,True,False,False
2026-08-27T12:50:10,NTPC,2026-08-27 12:45:00+05:30,BEAR,SIGNAL,100.0,VWAP_PULLBACK,,330.1,330.4382,42.55,-0.076,1.597,1.05,330.7305,336.766,331.363,BEAR,330.75,332.3691,31.7,-0.78,39.63,False,True,False,True,False,True,False,True
2026-08-27T12:50:10,HDFCLIFE,2026-08-27 12:45:00+05:30,BEAR,NO_SIGNAL,60.0,,RVOL|ENTRY_TRIGGER,551.75,552.2236,43.02,-0.1,0.336,1.05,553.2042,554.5902,553.5531,BEAR,551.7,553.998,39.71,-0.361,26.32,False,True,False,False,False,False,False,False
2026-08-27T12:50:11,SBILIFE,2026-08-27 12:45:00+05:30,BULL,NO_SIGNAL,40.0,,MACRO_BULL|ST_BULL|ENTRY_TRIGGER,1781.9,1783.3359,45.88,-0.084,1.203,1.05,1784.3762,1770.4759,1786.635,BEAR,1783.7,1781.8459,53.73,0.152,20.34,False,False,False,False,False,False,False,False
2026-08-27T12:50:11,HINDUNILVR,2026-08-27 12:45:00+05:30,BEAR,NO_SIGNAL,60.0,,RVOL|ENTRY_TRIGGER,2010.7,2010.7163,48.0,0.04,0.753,1.05,2011.2082,2021.3002,2014.6502,BEAR,2010.9,2014.7308,38.5,-0.352,26.22,False,False,False,False,False,False,False,False
2026-08-27T12:50:12,MARUTI,2026-08-27 12:45:00+05:30,BEAR,NO_SIGNAL,60.0,VWAP_PULLBACK,MACRO_BEAR|RVOL,13439.0,13451.3785,42.69,-0.156,0.98,1.05,13456.2271,13544.5797,13487.1045,BEAR,13446.0,13487.0094,36.58,-0.178,20.0,False,True,False,True,False,False,False,False
2026-08-27T12:50:12,ITC,2026-08-27 12:45:00+05:30,BEAR,NEAR,80.0,,ENTRY_TRIGGER,269.2,269.251,45.01,0.019,2.898,1.05,269.5454,270.0389,269.9529,BEAR,269.2,269.7932,39.01,-0.333,32.23,False,False,False,False,False,False,False,False
2026-08-27T12:50:13,TMPV,2026-08-27 12:45:00+05:30,BULL,NO_SIGNAL,60.0,,RVOL|ENTRY_TRIGGER,316.9,316.8556,52.39,-0.362,0.255,1.05,316.4546,314.6233,315.8841,BULL,317.2,315.9234,59.66,0.746,35.53,False,False,False,False,False,False,False,False
2026-08-27T12:50:14,ADANIPORTS,2026-08-27 12:45:00+05:30,BULL,NEAR,80.0,,ENTRY_TRIGGER,1712.7,1705.2104,70.35,0.925,1.105,1.05,1701.4222,1692.7166,1701.8751,BULL,1711.6,1699.9321,72.48,0.872,39.25,True,False,False,False,False,False,False,False
2026-08-27T12:50:14,DRREDDY,2026-08-27 12:45:00+05:30,BULL,NO_SIGNAL,20.0,,MACRO_BULL|ABOVE_WVWAP|RVOL|ENTRY_TRIGGER,1183.1,1184.6804,41.06,-0.362,0.453,1.05,1183.3759,1186.4366,1182.7854,BULL,1182.8,1185.2228,44.45,0.271,10.19,False,True,False,False,False,False,False,False
2026-08-27T12:50:15,WIPRO,2026-08-27 12:45:00+05:30,BULL,NO_SIGNAL,20.0,,MACRO_BULL|ABOVE_WVWAP|RVOL|ENTRY_TRIGGER,177.57,177.2296,61.32,0.265,0.375,1.05,177.2945,179.7564,176.9185,BULL,177.5,177.3864,48.97,0.023,16.76,True,False,False,False,False,False,False,False
2026-08-27T12:50:15,ONGC,2026-08-27 12:45:00+05:30,BEAR,NO_SIGNAL,60.0,,MACRO_BEAR|ENTRY_TRIGGER,233.2,233.1182,52.64,-0.231,1.642,1.05,233.0977,234.3816,233.5663,BEAR,233.37,233.0341,53.78,0.461,22.58,False,False,False,False,False,False,False,False
2026-08-27T12:50:16,SBIN,2026-08-27 12:45:00+05:30,BEAR,NO_SIGNAL,60.0,,BELOW_WVWAP|ENTRY_TRIGGER,1044.6,1046.4022,32.75,-0.334,1.209,1.05,1047.768,1043.0529,1048.2531,BEAR,1044.3,1048.6643,33.43,-0.353,28.48,False,True,False,False,False,False,False,False
2026-08-27T12:50:16,EICHERMOT,2026-08-27 12:45:00+05:30,BULL,NO_SIGNAL,40.0,TREND_CONTINUATION,MACRO_BULL|ST_BULL|RVOL,8050.0,8038.9886,57.47,0.287,0.702,1.05,8027.8583,8040.7396,8058.4996,BEAR,8045.5,8044.0944,49.85,0.293,31.59,True,False,False,False,False,False,True,False
2026-08-27T12:50:17,COALINDIA,2026-08-27 12:45:00+05:30,BULL,NO_SIGNAL,20.0,,MACRO_BULL|ABOVE_WVWAP|RVOL|ENTRY_TRIGGER,402.0,402.0323,48.71,-0.124,0.346,1.05,402.1403,404.06,401.2335,BULL,402.05,402.3898,45.32,-0.137,12.52,False,False,False,False,False,False,False,False
2026-08-27T12:50:17,BAJAJFINSV,2026-08-27 12:45:00+05:30,BULL,NO_SIGNAL,20.0,,MACRO_BULL|ST_BULL|RVOL|ENTRY_TRIGGER,2008.7,2006.8263,54.62,0.34,0.817,1.05,2009.369,2008.0914,2011.5155,BEAR,2007.5,2008.2443,48.33,-0.427,12.11,False,False,False,False,False,False,False,False
2026-08-27T12:50:18,MAXHEALTH,2026-08-27 12:45:00+05:30,BULL,NO_SIGNAL,60.0,VWAP_PULLBACK,MACRO_BULL|RVOL,1004.0,1002.4141,55.77,0.29,0.248,1.05,1003.4499,1000.4759,999.3816,BULL,1003.7,1005.6798,43.42,0.0,32.09,True,False,True,False,False,False,False,False
2026-08-27T12:50:18,KOTAKBANK,2026-08-27 12:45:00+05:30,BULL,NEAR,80.0,,ENTRY_TRIGGER,424.4,424.6791,49.73,-0.106,1.488,1.05,423.5629,411.5325,423.0391,BULL,425.1,421.7755,71.01,0.035,69.76,False,False,False,False,False,False,False,False
2026-08-27T12:50:19,APOLLOHOSP,2026-08-27 12:45:00+05:30,BULL,NO_SIGNAL,60.0,VWAP_PULLBACK,ST_BULL|RVOL,8793.5,8787.155,55.95,0.034,0.576,1.05,8790.223,8725.862,8802.3901,BEAR,8793.0,8788.7748,52.53,0.217,41.12,True,False,True,False,False,False,False,False
2026-08-27T12:50:19,CIPLA,2026-08-27 12:45:00+05:30,BEAR,NO_SIGNAL,40.0,,MACRO_BEAR|RVOL|ENTRY_TRIGGER,1409.9,1408.0833,59.29,0.142,0.623,1.05,1406.7236,1419.8384,1410.0739,BEAR,1409.0,1408.3334,50.16,0.399,24.48,True,False,False,False,False,False,False,False
2026-08-27T12:50:20,JSWSTEEL,2026-08-27 12:45:00+05:30,BULL,NO_SIGNAL,40.0,,ST_BULL|RVOL|ENTRY_TRIGGER,1337.8,1337.9195,49.58,0.172,0.353,1.05,1339.8772,1320.9345,1341.9595,BEAR,1338.7,1335.2367,61.89,0.015,53.66,False,False,False,False,False,False,False,False
2026-08-27T12:50:20,HCLTECH,2026-08-27 12:45:00+05:30,BULL,NO_SIGNAL,20.0,,MACRO_BULL|ABOVE_WVWAP|RVOL|ENTRY_TRIGGER,1290.4,1287.5948,61.16,0.412,0.442,1.05,1287.0637,1302.9484,1282.9649,BULL,1289.5,1290.1827,44.85,0.483,23.43,True,False,False,False,False,False,False,False
2026-08-27T12:50:21,TCS,2026-08-27 12:45:00+05:30,BULL,NO_SIGNAL,20.0,,MACRO_BULL|ABOVE_WVWAP|RVOL|ENTRY_TRIGGER,2257.7,2252.5632,61.87,0.342,0.566,1.05,2255.0927,2279.8405,2246.566,BULL,2256.5,2257.2511,45.29,-0.106,14.38,True,False,False,False,False,False,False,False
2026-08-27T12:50:21,INDIGO,2026-08-27 12:45:00+05:30,BULL,NO_SIGNAL,20.0,,MACRO_BULL|ST_BULL|RVOL|ENTRY_TRIGGER,5221.5,5220.7842,50.35,-0.038,0.655,1.05,5217.7675,5177.0784,5235.6678,BEAR,5223.5,5224.1926,50.45,0.067,20.35,False,False,False,False,False,False,False,False
2026-08-27T12:50:22,BHARTIARTL,2026-08-27 12:45:00+05:30,BULL,NO_SIGNAL,40.0,TREND_CONTINUATION,MACRO_BULL|ABOVE_WVWAP|RVOL,1905.3,1901.8682,57.33,0.226,0.645,1.05,1900.8281,1922.4555,1896.3,BULL,1904.0,1905.4847,44.78,0.295,32.2,True,False,False,False,False,False,True,False
2026-08-27T12:50:22,ETERNAL,2026-08-27 12:45:00+05:30,BULL,NO_SIGNAL,60.0,,MACRO_BULL|ENTRY_TRIGGER,329.1,327.7343,68.24,0.458,1.417,1.05,327.5422,328.1234,327.2955,BULL,328.85,327.3062,59.08,0.428,21.56,True,False,False,False,False,False,False,False
2026-08-27T12:50:23,LT,2026-08-27 12:45:00+05:30,BULL,NO_SIGNAL,40.0,TREND_CONTINUATION,MACRO_BULL|ABOVE_WVWAP|RVOL,4044.0,4039.9574,55.22,0.43,0.51,1.05,4039.693,4079.4536,4026.796,BULL,4041.6,4045.517,43.8,-0.141,35.5,True,False,False,False,False,False,True,False
2026-08-27T12:50:23,SHRIRAMFIN,2026-08-27 12:45:00+05:30,BULL,NO_SIGNAL,20.0,,MACRO_BULL|ABOVE_WVWAP|RVOL|ENTRY_TRIGGER,1100.3,1099.6084,51.3,0.429,0.408,1.05,1101.2052,1117.3341,1095.2486,BULL,1101.1,1104.7934,41.35,0.182,30.79,False,False,False,True,False,False,False,False
2026-08-27T12:50:24,GRASIM,2026-08-27 12:45:00+05:30,BEAR,NEAR,80.0,,ENTRY_TRIGGER,3274.1,3280.0851,35.17,-0.311,1.165,1.05,3283.584,3276.0508,3283.3475,BEAR,3275.5,3282.1209,46.0,-0.171,33.31,False,True,False,False,False,False,False,False
2026-08-27T12:50:25,AXISBANK,2026-08-27 12:45:00+05:30,BULL,SIGNAL,100.0,VWAP_PULLBACK,,1259.3,1257.8528,57.85,0.359,3.069,1.05,1258.435,1245.4111,1253.8749,BULL,1258.4,1256.4136,59.14,0.072,37.5,True,False,True,False,False,False,True,False
2026-08-27T12:50:25,POWERGRID,2026-08-27 12:45:00+05:30,BULL,NO_SIGNAL,20.0,,MACRO_BULL|ABOVE_WVWAP|RVOL|ENTRY_TRIGGER,264.8,264.4212,59.17,0.113,0.276,1.05,263.7577,268.18,263.9568,BULL,264.85,264.9701,45.07,0.17,34.48,True,False,False,False,False,False,False,False
2026-08-27T12:50:26,ADANIENT,2026-08-27 12:45:00+05:30,BULL,NEAR,80.0,,ENTRY_TRIGGER,3159.0,3149.2831,64.85,0.733,2.023,1.05,3146.2865,3083.3643,3143.6314,BULL,3157.7,3140.2474,70.65,0.366,47.71,True,False,False,False,False,False,False,False
2026-08-27T12:50:26,TECHM,2026-08-27 12:45:00+05:30,BULL,NO_SIGNAL,60.0,VWAP_PULLBACK,ST_BULL|ENTRY_TRIGGER,1591.0,1590.8337,51.41,0.075,1.372,1.05,1590.0401,1583.4738,1595.6288,BEAR,1589.7,1586.4936,56.33,0.107,33.53,False,False,True,False,False,False,False,False
2026-08-27T12:50:27,ICICIBANK,2026-08-27 12:45:00+05:30,BULL,NEAR,80.0,VWAP_PULLBACK,RVOL,1444.1,1442.61,57.71,0.132,0.604,1.05,1441.5453,1427.3264,1438.2735,BULL,1442.4,1440.1983,61.83,0.271,33.53,True,False,True,False,False,False,True,False
2026-08-27T12:50:27,JIOFIN,2026-08-27 12:45:00+05:30,BEAR,NO_SIGNAL,60.0,,ST_BEAR|ENTRY_TRIGGER,240.2,239.7521,58.42,0.23,1.228,1.05,240.3184,242.1198,239.1641,BULL,240.2,240.5417,42.35,-0.435,31.95,True,False,False,False,False,False,False,False
2026-08-27T12:50:28,TATASTEEL,2026-08-27 12:45:00+05:30,BULL,NO_SIGNAL,40.0,,MACRO_BULL|RVOL|ENTRY_TRIGGER,188.49,188.3494,53.04,0.277,0.571,1.05,188.619,186.2527,187.5726,BULL,188.6,187.7718,59.38,-0.533,38.11,False,False,False,False,False,False,False,False
2026-08-27T12:50:28,TITAN,2026-08-27 12:45:00+05:30,BULL,SIGNAL,100.0,BREAKOUT_CONTINUATION,,5149.2,5131.6941,76.35,0.404,4.01,1.05,5107.9848,5096.2216,5127.7155,BULL,5139.8,5116.2076,66.72,0.794,28.25,True,False,False,False,True,False,False,False
2026-08-27T12:50:29,INFY,2026-08-27 12:45:00+05:30,BEAR,NO_SIGNAL,40.0,,MACRO_BEAR|RVOL|ENTRY_TRIGGER,1112.0,1111.6072,49.45,0.126,0.691,1.05,1114.7952,1126.7944,1113.6855,BEAR,1111.3,1115.0863,37.91,-0.715,10.31,False,False,False,False,False,False,False,False
2026-08-27T12:50:29,TRENT,2026-08-27 12:45:00+05:30,BULL,NO_SIGNAL,20.0,,MACRO_BULL|ABOVE_WVWAP|RVOL|ENTRY_TRIGGER,2886.6,2891.0399,42.15,-0.424,0.693,1.05,2895.6242,2914.8766,2883.2981,BULL,2886.4,2899.4375,37.35,-0.91,17.7,False,True,False,False,False,False,False,False
2026-08-27T12:50:30,ASIANPAINT,2026-08-27 12:45:00+05:30,BULL,NO_SIGNAL,40.0,,MACRO_BULL|RVOL|ENTRY_TRIGGER,2652.3,2646.9225,61.49,0.34,0.391,1.05,2643.1519,2633.5984,2639.1051,BULL,2651.0,2644.3745,59.62,0.485,15.73,True,False,False,False,False,False,False,False
2026-08-27T12:50:30,ULTRACEMCO,2026-08-27 12:45:00+05:30,BULL,SIGNAL,100.0,VWAP_PULLBACK,,11755.0,11731.7861,56.05,0.17,1.851,1.05,11740.384,11606.3714,11674.1097,BULL,11746.0,11719.5081,56.45,0.282,26.91,True,False,True,False,False,False,True,False
2026-08-27T12:50:31,HDFCBANK,2026-08-27 12:45:00+05:30,BEAR,NO_SIGNAL,60.0,,RVOL|ENTRY_TRIGGER,714.4,714.5821,44.54,-0.112,0.676,1.05,716.8807,723.2667,714.6055,BEAR,714.5,719.2229,31.49,-0.874,44.91,False,True,False,False,False,False,False,False
2026-08-27T12:50:31,RELIANCE,2026-08-27 12:45:00+05:30,BEAR,NO_SIGNAL,40.0,,ST_BEAR|RVOL|ENTRY_TRIGGER,1295.0,1293.0227,56.8,0.458,0.534,1.05,1294.478,1303.8811,1289.1253,BULL,1295.3,1296.7991,42.82,-0.568,23.36,True,False,False,False,False,False,False,False
2026-08-27T12:50:32,M&M,2026-08-27 12:45:00+05:30,BEAR,NO_SIGNAL,60.0,,RVOL|ENTRY_TRIGGER,3365.1,3366.5705,42.58,0.086,0.352,1.05,3373.1653,3407.5984,3373.7578,BEAR,3364.0,3382.6843,27.62,-0.535,41.86,False,False,False,False,False,False,False,False
2026-08-27T12:50:32,SUNPHARMA,2026-08-27 12:45:00+05:30,BULL,NO_SIGNAL,20.0,VWAP_PULLBACK,MACRO_BULL|ST_BULL|RVOL|ENTRY_TRIGGER,1913.1,1911.5986,53.73,-0.031,0.493,1.05,1910.3293,1912.3604,1914.1721,BEAR,1911.2,1911.8277,48.2,0.063,12.62,False,False,True,False,False,False,False,False
2026-08-27T12:55:07,BEL,2026-08-27 12:50:00+05:30,BULL,NEAR,80.0,VWAP_PULLBACK,MACRO_BULL,411.15,410.6274,60.08,0.219,1.212,1.05,410.4981,409.2446,409.8555,BULL,411.15,410.1309,60.17,-0.327,21.97,True,False,True,False,False,False,False,False
2026-08-27T12:55:08,TATACONSUM,2026-08-27 12:50:00+05:30,BEAR,NEAR,80.0,,ENTRY_TRIGGER,1036.7,1038.6351,35.51,-0.384,1.863,1.05,1040.0864,1049.1785,1040.8284,BEAR,1036.8,1041.2902,33.04,-0.403,28.42,False,True,False,False,False,False,False,False
2026-08-27T12:55:08,BAJAJ-AUTO,2026-08-27 12:50:00+05:30,BULL,NO_SIGNAL,40.0,,ABOVE_WVWAP|RVOL|ENTRY_TRIGGER,11708.0,11678.0286,62.32,0.498,0.477,1.05,11673.4426,11774.5531,11655.8847,BULL,11715.0,11696.6924,51.54,0.386,26.08,True,False,False,False,False,False,False,False
2026-08-27T12:55:09,NESTLEIND,2026-08-27 12:50:00+05:30,BULL,NO_SIGNAL,40.0,,MACRO_BULL|ABOVE_WVWAP|ENTRY_TRIGGER,1446.8,1444.6819,58.33,0.43,2.297,1.05,1450.2334,1462.4652,1441.6805,BULL,1446.2,1447.9317,42.18,-0.228,11.41,True,False,False,False,False,False,False,False
2026-08-27T12:55:09,BAJFINANCE,2026-08-27 12:50:00+05:30,BEAR,NO_SIGNAL,60.0,,BELOW_WVWAP|ENTRY_TRIGGER,1086.9,1087.9786,44.51,-0.202,1.104,1.05,1093.8309,1086.622,1090.5419,BEAR,1084.8,1088.6762,41.87,-0.859,29.95,False,True,False,False,False,False,False,False
2026-08-27T12:55:10,HINDALCO,2026-08-27 12:50:00+05:30,BEAR,NEAR,80.0,,ENTRY_TRIGGER,1033.25,1037.0754,25.18,-0.573,1.124,1.05,1042.7607,1049.4744,1037.9626,BEAR,1034.6,1042.4307,26.5,-1.189,34.11,False,True,False,False,False,False,False,False
2026-08-27T12:55:11,NTPC,2026-08-27 12:50:00+05:30,BEAR,NEAR,80.0,,ENTRY_TRIGGER,330.3,330.4256,45.63,0.076,8.303,1.05,330.6674,336.495,331.363,BEAR,330.75,332.3691,31.7,-0.78,39.63,False,False,False,False,False,False,False,False
2026-08-27T12:55:11,HDFCLIFE,2026-08-27 12:50:00+05:30,BEAR,NEAR,80.0,,ENTRY_TRIGGER,552.05,552.2078,45.98,-0.136,1.166,1.05,553.1794,554.5853,553.5531,BEAR,551.7,553.998,39.71,-0.361,26.32,False,False,False,False,False,False,False,False
2026-08-27T12:55:12,SBILIFE,2026-08-27 12:50:00+05:30,BULL,NO_SIGNAL,40.0,,MACRO_BULL|ST_BULL|ENTRY_TRIGGER,1782.9,1783.2963,48.55,-0.028,1.246,1.05,1784.3453,1770.5047,1786.635,BEAR,1783.7,1781.8459,53.73,0.152,20.34,False,False,False,False,False,False,False,False
2026-08-27T12:55:12,HINDUNILVR,2026-08-27 12:50:00+05:30,BEAR,NEAR,80.0,,ENTRY_TRIGGER,2011.3,2010.7694,51.01,0.07,1.182,1.05,2011.2011,2021.2638,2014.6502,BEAR,2010.9,2014.7308,38.5,-0.352,26.22,False,False,False,False,False,False,False,False
2026-08-27T12:55:13,MARUTI,2026-08-27 12:50:00+05:30,BEAR,NO_SIGNAL,60.0,VWAP_PULLBACK,MACRO_BEAR|RVOL,13432.0,13449.6168,40.12,-0.304,0.702,1.05,13455.8625,13544.2376,13481.2324,BEAR,13446.0,13487.0094,36.58,-0.178,20.0,False,True,False,True,False,False,False,False
2026-08-27T12:55:13,ITC,2026-08-27 12:50:00+05:30,BEAR,SIGNAL,100.0,VWAP_PULLBACK,,269.05,269.2327,40.0,-0.093,1.46,1.05,269.5301,270.0342,269.9529,BEAR,269.2,269.7932,39.01,-0.333,32.23,False,True,False,True,False,False,False,False
2026-08-27T12:55:14,TMPV,2026-08-27 12:50:00+05:30,BULL,NO_SIGNAL,60.0,,RVOL|ENTRY_TRIGGER,316.8,316.8505,51.45,-0.549,0.374,1.05,316.4581,314.6274,315.8841,BULL,317.2,315.9234,59.66,0.746,35.53,False,False,False,False,False,False,False,False
2026-08-27T12:55:14,ADANIPORTS,2026-08-27 12:50:00+05:30,BULL,NEAR,80.0,,ENTRY_TRIGGER,1712.7,1705.8913,70.35,0.943,1.354,1.05,1701.7558,1692.8347,1702.9858,BULL,1711.6,1699.9321,72.48,0.872,39.25,True,False,False,False,False,False,False,False
2026-08-27T12:55:15,DRREDDY,2026-08-27 12:50:00+05:30,BEAR,NO_SIGNAL,60.0,VWAP_PULLBACK,MACRO_BEAR|RVOL,1181.6,1184.4003,35.39,-0.337,0.547,1.05,1183.3629,1186.4331,1186.8765,BEAR,1182.8,1185.2228,44.45,0.271,10.19,False,True,False,True,False,False,False,False
2026-08-27T12:55:15,WIPRO,2026-08-27 12:50:00+05:30,BULL,NO_SIGNAL,40.0,,MACRO_BULL|ABOVE_WVWAP|ENTRY_TRIGGER,177.62,177.2651,62.51,0.282,1.67,1.05,177.3023,179.7509,176.9185,BULL,177.5,177.3864,48.97,0.023,16.76,True,False,False,False,False,False,False,False
2026-08-27T12:55:16,ONGC,2026-08-27 12:50:00+05:30,BEAR,NO_SIGNAL,60.0,,MACRO_BEAR|ENTRY_TRIGGER,233.43,233.1466,57.63,0.142,6.091,1.05,233.1139,234.3639,233.5663,BEAR,233.37,233.0341,53.78,0.461,22.58,True,False,False,False,False,False,False,False
2026-08-27T12:55:16,SBIN,2026-08-27 12:50:00+05:30,BEAR,NO_SIGNAL,60.0,,BELOW_WVWAP|ENTRY_TRIGGER,1044.8,1046.2566,34.81,-0.267,3.052,1.05,1047.5999,1043.0613,1048.2531,BEAR,1044.3,1048.6643,33.43,-0.353,28.48,False,True,False,False,False,False,False,False
2026-08-27T12:55:17,EICHERMOT,2026-08-27 12:50:00+05:30,BULL,NO_SIGNAL,20.0,,MACRO_BULL|ST_BULL|RVOL|ENTRY_TRIGGER,8047.5,8039.7624,55.63,0.199,0.73,1.05,8028.236,8040.7645,8058.4996,BEAR,8045.5,8044.0944,49.85,0.293,31.59,True,False,False,False,False,False,False,False
2026-08-27T12:55:17,COALINDIA,2026-08-27 12:50:00+05:30,BULL,NO_SIGNAL,20.0,,MACRO_BULL|ABOVE_WVWAP|RVOL|ENTRY_TRIGGER,402.05,402.0339,49.98,-0.025,0.681,1.05,402.1385,404.058,401.2335,BULL,402.05,402.3898,45.32,-0.137,12.52,False,False,False,False,False,False,False,False
2026-08-27T12:55:18,BAJAJFINSV,2026-08-27 12:50:00+05:30,BEAR,NO_SIGNAL,60.0,,MACRO_BEAR|ENTRY_TRIGGER,2007.4,2006.8785,50.91,0.165,1.943,1.05,2009.263,2008.0852,2011.5155,BEAR,2007.5,2008.2443,48.33,-0.427,12.11,False,False,False,False,False,False,False,False
2026-08-27T12:55:18,MAXHEALTH,2026-08-27 12:50:00+05:30,BULL,NEAR,80.0,VWAP_PULLBACK,MACRO_BULL,1006.0,1002.74,62.76,0.51,1.344,1.05,1003.524,1000.5036,999.4193,BULL,1003.7,1005.6798,43.42,0.0,32.09,True,False,True,False,True,False,False,False
2026-08-27T12:55:19,KOTAKBANK,2026-08-27 12:50:00+05:30,BULL,NEAR,80.0,,ENTRY_TRIGGER,424.75,424.6855,52.93,0.082,1.168,1.05,423.579,411.5953,423.0391,BULL,425.1,421.7755,71.01,0.035,69.76,False,False,False,False,False,False,False,False
2026-08-27T12:55:19,APOLLOHOSP,2026-08-27 12:50:00+05:30,BULL,NO_SIGNAL,60.0,,ST_BULL|ENTRY_TRIGGER,8788.0,8787.2318,50.76,0.034,1.87,1.05,8790.2126,8725.9876,8802.3901,BEAR,8793.0,8788.7748,52.53,0.217,41.12,False,False,False,False,False,False,False,False
2026-08-27T12:55:20,CIPLA,2026-08-27 12:50:00+05:30,BEAR,NO_SIGNAL,40.0,,MACRO_BEAR|RVOL|ENTRY_TRIGGER,1409.5,1408.2121,57.18,0.014,0.972,1.05,1406.7618,1419.8257,1410.0739,BEAR,1409.0,1408.3334,50.16,0.399,24.48,True,False,False,False,False,False,False,False
2026-08-27T12:55:20,JSWSTEEL,2026-08-27 12:50:00+05:30,BULL,NO_SIGNAL,40.0,,ST_BULL|RVOL|ENTRY_TRIGGER,1339.0,1338.0177,53.76,0.225,0.802,1.05,1339.8589,1320.9703,1341.9595,BEAR,1338.7,1335.2367,61.89,0.015,53.66,False,False,False,False,False,False,False,False
2026-08-27T12:55:21,HCLTECH,2026-08-27 12:50:00+05:30,BULL,NO_SIGNAL,20.0,,MACRO_BULL|ABOVE_WVWAP|RVOL|ENTRY_TRIGGER,1290.9,1287.8952,62.64,0.459,0.833,1.05,1287.1684,1302.8595,1284.0914,BULL,1289.5,1290.1827,44.85,0.483,23.43,True,False,False,False,False,False,False,False
2026-08-27T12:55:22,TCS,2026-08-27 12:50:00+05:30,BULL,NO_SIGNAL,40.0,,MACRO_BULL|ABOVE_WVWAP|ENTRY_TRIGGER,2257.3,2252.9938,60.68,0.302,2.695,1.05,2255.215,2279.6812,2247.243,BULL,2256.5,2257.2511,45.29,-0.106,14.38,True,False,False,False,False,False,False,False
2026-08-27T12:55:22,INDIGO,2026-08-27 12:50:00+05:30,BULL,NO_SIGNAL,40.0,VWAP_PULLBACK,MACRO_BULL|ST_BULL|ENTRY_TRIGGER,5224.0,5221.0765,52.66,0.048,1.235,1.05,5217.8704,5177.1786,5235.6678,BEAR,5223.5,5224.1926,50.45,0.067,20.35,False,False,True,False,False,False,False,False
2026-08-27T12:55:23,BHARTIARTL,2026-08-27 12:50:00+05:30,BULL,NO_SIGNAL,20.0,,MACRO_BULL|ABOVE_WVWAP|RVOL|ENTRY_TRIGGER,1905.3,1902.1802,57.33,0.037,0.901,1.05,1900.897,1922.3704,1896.3858,BULL,1904.0,1905.4847,44.78,0.295,32.2,True,False,False,False,False,False,False,False
2026-08-27T12:55:23,ETERNAL,2026-08-27 12:50:00+05:30,BULL,NO_SIGNAL,60.0,,MACRO_BULL|ENTRY_TRIGGER,328.6,327.813,60.81,0.305,1.339,1.05,327.5739,328.1262,327.2955,BULL,328.85,327.3062,59.08,0.428,21.56,True,False,False,False,False,False,False,False
2026-08-27T12:55:24,LT,2026-08-27 12:50:00+05:30,BULL,NO_SIGNAL,60.0,TREND_CONTINUATION,MACRO_BULL|ABOVE_WVWAP,4052.5,4041.0977,63.38,0.409,1.6,1.05,4040.1353,4079.2854,4028.524,BULL,4041.6,4045.517,43.8,-0.141,35.5,True,False,False,False,False,False,True,False
2026-08-27T12:55:24,SHRIRAMFIN,2026-08-27 12:50:00+05:30,BULL,NO_SIGNAL,60.0,TREND_CONTINUATION,MACRO_BULL|ABOVE_WVWAP,1102.0,1099.8258,56.73,0.437,1.554,1.05,1101.216,1117.2442,1095.5357,BULL,1101.1,1104.7934,41.35,0.182,30.79,True,False,False,False,False,False,True,False
2026-08-27T12:55:25,GRASIM,2026-08-27 12:50:00+05:30,BEAR,NEAR,80.0,,ENTRY_TRIGGER,3274.0,3279.5319,35.01,-0.28,1.499,1.05,3283.3088,3276.0467,3282.3478,BEAR,3275.5,3282.1209,46.0,-0.171,33.31,False,True,False,False,False,False,False,False
2026-08-27T12:55:25,AXISBANK,2026-08-27 12:50:00+05:30,BULL,SIGNAL,100.0,VWAP_PULLBACK,,1259.9,1258.0389,60.34,0.366,2.165,1.05,1258.477,1245.5754,1254.2642,BULL,1258.4,1256.4136,59.14,0.072,37.5,True,False,True,False,False,False,True,False
2026-08-27T12:55:26,POWERGRID,2026-08-27 12:50:00+05:30,BULL,NO_SIGNAL,20.0,,MACRO_BULL|ABOVE_WVWAP|RVOL|ENTRY_TRIGGER,264.8,264.4556,59.17,-0.075,0.481,1.05,263.7691,268.1716,263.9568,BULL,264.85,264.9701,45.07,0.17,34.48,False,False,False,False,False,False,False,False
2026-08-27T12:55:27,ADANIENT,2026-08-27 12:50:00+05:30,BULL,NO_SIGNAL,60.0,,RVOL|ENTRY_TRIGGER,3161.2,3150.3665,66.82,0.627,0.644,1.05,3146.471,3083.5335,3146.3127,BULL,3157.7,3140.2474,70.65,0.366,47.71,True,False,False,False,False,False,False,False
2026-08-27T12:55:27,TECHM,2026-08-27 12:50:00+05:30,BULL,NO_SIGNAL,40.0,VWAP_PULLBACK,ST_BULL|RVOL|ENTRY_TRIGGER,1591.9,1590.9306,53.44,0.271,0.763,1.05,1590.0628,1583.4979,1595.6288,BEAR,1589.7,1586.4936,56.33,0.107,33.53,False,False,True,False,False,False,False,False
2026-08-27T12:55:28,ICICIBANK,2026-08-27 12:50:00+05:30,BULL,SIGNAL,100.0,VWAP_PULLBACK,,1446.1,1442.9273,63.87,0.208,2.201,1.05,1441.7502,1427.5637,1438.2735,BULL,1442.4,1440.1983,61.83,0.271,33.53,True,False,True,False,True,False,True,False
2026-08-27T12:55:28,JIOFIN,2026-08-27 12:50:00+05:30,BEAR,NO_SIGNAL,40.0,VWAP_PULLBACK,ST_BEAR|RVOL|ENTRY_TRIGGER,240.2,239.7929,58.42,0.167,0.843,1.05,240.3171,242.1154,239.3177,BULL,240.2,240.5417,42.35,-0.435,31.95,True,False,False,True,False,False,False,False
2026-08-27T12:55:29,TATASTEEL,2026-08-27 12:50:00+05:30,BULL,NO_SIGNAL,40.0,,MACRO_BULL|RVOL|ENTRY_TRIGGER,188.48,188.3613,52.86,0.33,0.981,1.05,188.6159,186.265,187.5726,BULL,188.6,187.7718,59.38,-0.533,38.11,False,False,False,False,False,False,False,False
2026-08-27T12:55:29,TITAN,2026-08-27 12:50:00+05:30,BULL,SIGNAL,100.0,BREAKOUT_CONTINUATION,,5158.2,5134.1038,80.75,0.569,2.696,1.05,5109.4802,5096.9793,5133.1633,BULL,5139.8,5116.2076,66.72,0.794,28.25,True,False,False,False,True,False,False,False
2026-08-27T12:55:30,INFY,2026-08-27 12:50:00+05:30,BEAR,NO_SIGNAL,40.0,,MACRO_BEAR|RVOL|ENTRY_TRIGGER,1111.5,1111.5974,47.55,0.126,0.995,1.05,1114.7385,1126.7548,1113.6855,BEAR,1111.3,1115.0863,37.91,-0.715,10.31,False,False,False,False,False,False,False,False
2026-08-27T12:55:30,TRENT,2026-08-27 12:50:00+05:30,BULL,NO_SIGNAL,20.0,,MACRO_BULL|ABOVE_WVWAP|RVOL|ENTRY_TRIGGER,2888.2,2890.7817,44.56,-0.407,0.756,1.05,2895.4349,2914.7791,2883.2981,BULL,2886.4,2899.4375,37.35,-0.91,17.7,False,True,False,False,False,False,False,False
2026-08-27T12:55:31,ASIANPAINT,2026-08-27 12:50:00+05:30,BULL,NO_SIGNAL,60.0,,MACRO_BULL|ENTRY_TRIGGER,2652.0,2647.3841,60.82,0.303,1.416,1.05,2643.4906,2633.7391,2640.6615,BULL,2651.0,2644.3745,59.62,0.485,15.73,True,False,False,False,False,False,False,False
2026-08-27T12:55:31,ULTRACEMCO,2026-08-27 12:50:00+05:30,BULL,NEAR,80.0,VWAP_PULLBACK,RVOL,11760.0,11734.351,57.17,0.23,0.469,1.05,11740.6582,11606.7702,11686.5226,BULL,11746.0,11719.5081,56.45,0.282,26.91,True,False,True,False,False,False,True,False
2026-08-27T12:55:32,HDFCBANK,2026-08-27 12:50:00+05:30,BEAR,NO_SIGNAL,60.0,,RVOL|ENTRY_TRIGGER,714.55,714.5792,45.48,-0.007,0.73,1.05,716.8348,723.209,714.6055,BEAR,714.5,719.2229,31.49,-0.874,44.91,False,False,False,False,False,False,False,False
2026-08-27T12:55:32,RELIANCE,2026-08-27 12:50:00+05:30,BEAR,NO_SIGNAL,40.0,,ST_BEAR|RVOL|ENTRY_TRIGGER,1295.1,1293.2115,57.17,0.395,0.931,1.05,1294.4989,1303.8341,1290.1074,BULL,1295.3,1296.7991,42.82,-0.568,23.36,True,False,False,False,False,False,False,False
2026-08-27T12:55:33,M&M,2026-08-27 12:50:00+05:30,BEAR,NO_SIGNAL,60.0,,RVOL|ENTRY_TRIGGER,3365.7,3366.4913,44.0,0.17,0.646,1.05,3373.0382,3407.403,3373.7578,BEAR,3364.0,3382.6843,27.62,-0.535,41.86,False,False,False,False,False,False,False,False
2026-08-27T12:55:33,SUNPHARMA,2026-08-27 12:50:00+05:30,BEAR,NO_SIGNAL,40.0,,MACRO_BEAR|RVOL|ENTRY_TRIGGER,1912.0,1911.6351,51.1,-0.047,0.941,1.05,1910.3688,1912.3601,1914.1721,BEAR,1911.2,1911.8277,48.2,0.063,12.62,False,False,False,False,False,False,False,False
2026-08-27T13:00:03,BEL,2026-08-27 12:55:00+05:30,BULL,NO_SIGNAL,60.0,,RVOL|ENTRY_TRIGGER,411.0,410.6613,57.25,0.158,0.674,1.05,410.5031,409.2475,409.8555,BULL,411.0,410.2099,58.6,0.037,23.38,True,False,False,False,False,False,False,False
2026-08-27T13:00:04,TATACONSUM,2026-08-27 12:55:00+05:30,BEAR,NEAR,80.0,,ENTRY_TRIGGER,1037.3,1038.5138,39.97,-0.288,1.105,1.05,1040.0157,1049.1265,1040.8284,BEAR,1037.3,1040.9275,35.05,-0.288,29.51,False,True,False,False,False,False,False,False
2026-08-27T13:00:04,BAJAJ-AUTO,2026-08-27 12:55:00+05:30,BULL,NO_SIGNAL,20.0,,MACRO_BULL|ABOVE_WVWAP|RVOL|ENTRY_TRIGGER,11704.0,11680.3896,60.43,0.464,0.461,1.05,11673.7403,11774.4123,11655.8847,BULL,11704.0,11697.3567,49.04,0.524,24.67,True,False,False,False,False,False,False,False
2026-08-27T13:00:05,NESTLEIND,2026-08-27 12:55:00+05:30,BULL,NO_SIGNAL,20.0,,MACRO_BULL|ABOVE_WVWAP|RVOL|ENTRY_TRIGGER,1445.6,1444.7653,52.54,0.284,0.744,1.05,1450.1947,1462.4506,1441.6805,BULL,1445.6,1447.7197,40.99,-0.014,11.36,False,False,False,False,False,False,False,False
2026-08-27T13:00:05,BAJFINANCE,2026-08-27 12:55:00+05:30,BEAR,NO_SIGNAL,60.0,,RVOL|ENTRY_TRIGGER,1086.6,1087.8533,43.47,-0.22,0.585,1.05,1093.7695,1086.6219,1090.5419,BEAR,1086.6,1088.4874,46.2,-0.613,27.99,False,True,False,False,False,False,False,False
2026-08-27T13:00:06,HINDALCO,2026-08-27 12:55:00+05:30,BEAR,SIGNAL,100.0,BREAKOUT_CONTINUATION,,1031.75,1036.5912,21.84,-0.554,3.644,1.05,1042.3486,1049.3851,1037.0394,BEAR,1031.75,1041.4598,23.01,-1.348,35.93,False,True,False,False,False,True,False,False
2026-08-27T13:00:06,NTPC,2026-08-27 12:55:00+05:30,BEAR,SIGNAL,100.0,VWAP_PULLBACK,,329.9,330.3778,40.9,-0.061,2.892,1.05,330.6244,336.3668,331.363,BEAR,329.9,332.1446,27.96,-0.618,40.1,False,True,False,True,False,False,False,True
2026-08-27T13:00:07,HDFCLIFE,2026-08-27 12:55:00+05:30,BEAR,NO_SIGNAL,60.0,,RVOL|ENTRY_TRIGGER,551.8,552.1707,43.93,-0.298,0.783,1.05,553.1649,554.5825,553.5531,BEAR,551.8,553.7982,40.18,-0.577,25.73,False,True,False,False,False,False,False,False
2026-08-27T13:00:07,SBILIFE,2026-08-27 12:55:00+05:30,BULL,NO_SIGNAL,20.0,,MACRO_BULL|ST_BULL|RVOL|ENTRY_TRIGGER,1783.7,1783.333,50.65,0.14,0.967,1.05,1784.3324,1770.5295,1786.635,BEAR,1783.7,1782.0144,53.73,0.045,20.07,False,False,False,False,False,False,False,False
2026-08-27T13:00:08,HINDUNILVR,2026-08-27 12:55:00+05:30,BEAR,NO_SIGNAL,60.0,,MACRO_BEAR|ENTRY_TRIGGER,2011.6,2010.8449,52.49,-0.02,1.233,1.05,2011.1974,2021.2254,2014.6502,BEAR,2011.6,2014.4462,40.28,0.055,25.89,False,False,False,False,False,False,False,False
2026-08-27T13:00:09,MARUTI,2026-08-27 12:55:00+05:30,BEAR,NEAR,80.0,VWAP_PULLBACK,MACRO_BEAR,13418.0,13446.7426,35.53,-0.371,6.191,1.05,13451.6974,13541.2858,13477.1992,BEAR,13418.0,13480.7358,32.14,-0.127,20.58,False,True,False,True,False,True,False,False
2026-08-27T13:00:09,ITC,2026-08-27 12:55:00+05:30,BEAR,NO_SIGNAL,60.0,,RVOL|ENTRY_TRIGGER,269.1,269.2206,42.3,-0.111,0.603,1.05,269.5238,270.0322,269.9529,BEAR,269.1,269.7302,37.88,-0.204,32.37,False,True,False,False,False,False,False,False
2026-08-27T13:00:10,TMPV,2026-08-27 12:55:00+05:30,BULL,NO_SIGNAL,60.0,,RVOL|ENTRY_TRIGGER,316.4,316.8096,47.74,-0.831,0.288,1.05,316.4589,314.6302,315.8841,BULL,316.4,315.9667,54.05,0.349,35.55,False,False,False,False,False,False,False,False
2026-08-27T13:00:10,ADANIPORTS,2026-08-27 12:55:00+05:30,BULL,NO_SIGNAL,60.0,,RVOL|ENTRY_TRIGGER,1712.0,1706.4466,67.98,0.866,0.568,1.05,1701.8796,1692.8828,1702.9858,BULL,1712.0,1701.0292,72.86,0.979,40.6,True,False,False,False,False,False,False,False
2026-08-27T13:00:11,DRREDDY,2026-08-27 12:55:00+05:30,BEAR,NO_SIGNAL,40.0,,MACRO_BEAR|RVOL|ENTRY_TRIGGER,1181.7,1184.1548,36.03,-0.304,0.452,1.05,1183.3488,1186.4299,1186.0441,BEAR,1181.7,1184.9025,42.44,0.195,10.66,False,True,False,False,False,False,False,False
2026-08-27T13:00:11,WIPRO,2026-08-27 12:55:00+05:30,BULL,NO_SIGNAL,20.0,,MACRO_BULL|ABOVE_WVWAP|RVOL|ENTRY_TRIGGER,177.52,177.2883,58.6,0.282,0.733,1.05,177.3053,179.7485,176.961,BULL,177.52,177.3985,49.43,0.209,16.01,True,False,False,False,False,False,False,False
2026-08-27T13:00:12,ONGC,2026-08-27 12:55:00+05:30,BEAR,NO_SIGNAL,40.0,,MACRO_BEAR|RVOL|ENTRY_TRIGGER,233.15,233.1469,50.63,0.017,0.673,1.05,233.1155,234.3614,233.5663,BEAR,233.15,233.0446,50.93,0.344,21.89,False,False,False,False,False,False,False,False
2026-08-27T13:00:12,SBIN,2026-08-27 12:55:00+05:30,BEAR,NO_SIGNAL,60.0,,BELOW_WVWAP|ENTRY_TRIGGER,1044.8,1046.1242,34.81,-0.277,1.858,1.05,1047.5115,1043.0687,1048.2531,BEAR,1044.8,1048.313,35.68,-0.305,29.28,False,True,False,False,False,False,False,False
2026-08-27T13:00:13,EICHERMOT,2026-08-27 12:55:00+05:30,BEAR,NO_SIGNAL,60.0,BREAKOUT_CONTINUATION,MACRO_BEAR|ENTRY_TRIGGER,8037.0,8039.5112,48.61,-0.056,2.648,1.05,8028.9283,8040.7478,8058.4996,BEAR,8037.0,8043.4495,47.06,0.131,30.71,False,False,False,False,False,True,False,False
2026-08-27T13:00:13,COALINDIA,2026-08-27 12:55:00+05:30,BULL,NO_SIGNAL,20.0,,MACRO_BULL|ABOVE_WVWAP|RVOL|ENTRY_TRIGGER,402.05,402.0354,49.98,-0.062,0.473,1.05,402.1378,404.0567,401.2709,BULL,402.05,402.3589,45.32,-0.037,11.77,False,False,False,False,False,False,False,False
2026-08-27T13:00:14,BAJAJFINSV,2026-08-27 12:55:00+05:30,BEAR,NO_SIGNAL,40.0,,MACRO_BEAR|RVOL|ENTRY_TRIGGER,2007.7,2006.9532,51.72,0.21,0.797,1.05,2009.2304,2008.084,2011.5155,BEAR,2007.7,2008.1948,48.69,-0.239,11.79,False,False,False,False,False,False,False,False
2026-08-27T13:00:14,MAXHEALTH,2026-08-27 12:55:00+05:30,BULL,NO_SIGNAL,40.0,,MACRO_BULL|RVOL|ENTRY_TRIGGER,1005.2,1002.9637,58.76,0.42,0.157,1.05,1003.5331,1000.5071,1000.288,BULL,1005.2,1005.6362,47.34,0.02,29.82,True,False,False,False,False,False,False,False
2026-08-27T13:00:15,KOTAKBANK,2026-08-27 12:55:00+05:30,BULL,NEAR,80.0,BREAKOUT_CONTINUATION,MACRO_BULL,426.0,424.805,62.18,0.153,1.988,1.05,423.6332,411.7088,423.0391,BULL,426.0,422.1596,73.14,0.0,70.17,True,False,False,False,True,False,True,False
2026-08-27T13:00:15,APOLLOHOSP,2026-08-27 12:55:00+05:30,BEAR,NO_SIGNAL,60.0,TREND_CONTINUATION,MACRO_BEAR|BELOW_WVWAP,8777.0,8786.3016,42.31,-0.063,5.129,1.05,8789.7618,8726.2749,8802.3901,BEAR,8777.0,8787.7044,45.16,0.188,39.34,False,True,False,False,False,False,False,True
2026-08-27T13:00:16,CIPLA,2026-08-27 12:55:00+05:30,BULL,NO_SIGNAL,60.0,,ABOVE_WVWAP|ENTRY_TRIGGER,1411.6,1408.5201,64.34,0.142,1.417,1.05,1406.8498,1419.8093,1404.4116,BULL,1411.6,1408.6304,55.41,0.506,22.76,True,False,False,False,False,False,False,False
2026-08-27T13:00:16,JSWSTEEL,2026-08-27 12:55:00+05:30,BULL,NO_SIGNAL,20.0,,MACRO_BULL|ST_BULL|RVOL|ENTRY_TRIGGER,1338.7,1338.0798,52.59,0.255,0.526,1.05,1339.849,1320.9948,1341.9595,BEAR,1338.7,1335.5515,61.89,-0.007,52.68,False,False,False,False,False,False,False,False
2026-08-27T13:00:17,HCLTECH,2026-08-27 12:55:00+05:30,BULL,NO_SIGNAL,20.0,,MACRO_BULL|ABOVE_WVWAP|RVOL|ENTRY_TRIGGER,1289.8,1288.0684,57.46,0.327,0.478,1.05,1287.2004,1302.8181,1284.0914,BULL,1289.8,1290.1479,45.6,0.569,22.17,True,False,False,False,False,False,False,False
2026-08-27T13:00:17,TCS,2026-08-27 12:55:00+05:30,BULL,NO_SIGNAL,20.0,,MACRO_BULL|ABOVE_WVWAP|RVOL|ENTRY_TRIGGER,2254.6,2253.1399,53.24,0.249,0.645,1.05,2255.2157,2279.6348,2247.243,BULL,2254.6,2257.0101,42.97,0.071,14.33,False,False,False,True,False,False,False,False
2026-08-27T13:00:18,INDIGO,2026-08-27 12:55:00+05:30,BULL,NO_SIGNAL,20.0,,MACRO_BULL|ST_BULL|RVOL|ENTRY_TRIGGER,5220.0,5220.9787,48.75,-0.086,0.829,1.05,5217.9112,5177.2443,5235.6678,BEAR,5220.0,5223.8114,48.61,0.317,19.41,False,False,False,False,False,False,False,False
2026-08-27T13:00:18,BHARTIARTL,2026-08-27 12:55:00+05:30,BULL,NO_SIGNAL,40.0,,MACRO_BULL|ABOVE_WVWAP|ENTRY_TRIGGER,1903.5,1902.3002,52.78,0.184,1.841,1.05,1900.998,1922.1931,1896.3858,BULL,1903.5,1905.3043,44.14,0.0,30.84,False,False,False,False,False,False,False,False
2026-08-27T13:00:19,ETERNAL,2026-08-27 12:55:00+05:30,BULL,NO_SIGNAL,60.0,,RVOL|ENTRY_TRIGGER,328.45,327.8709,58.74,0.382,0.917,1.05,327.5919,328.1277,327.2955,BULL,328.45,327.4102,56.35,0.613,22.4,True,False,False,False,False,False,False,False
2026-08-27T13:00:20,LT,2026-08-27 12:55:00+05:30,BULL,NO_SIGNAL,40.0,,ABOVE_WVWAP|RVOL|ENTRY_TRIGGER,4051.0,4041.9979,61.26,0.3,0.379,1.05,4040.2503,4079.2443,4032.4134,BULL,4051.0,4046.0154,51.52,0.247,33.99,True,False,False,False,False,False,False,False
2026-08-27T13:00:20,SHRIRAMFIN,2026-08-27 12:55:00+05:30,BULL,NO_SIGNAL,20.0,,MACRO_BULL|ABOVE_WVWAP|RVOL|ENTRY_TRIGGER,1100.6,1099.8962,51.63,0.018,0.516,1.05,1101.2167,1117.2131,1095.5357,BULL,1100.6,1104.4121,40.75,0.401,29.79,False,False,False,True,False,False,False,False
2026-08-27T13:00:21,GRASIM,2026-08-27 12:55:00+05:30,BEAR,NO_SIGNAL,60.0,,RVOL|ENTRY_TRIGGER,3273.1,3278.9472,33.61,-0.289,1.028,1.05,3283.1003,3276.0421,3280.6196,BEAR,3273.1,3281.3008,44.54,-0.601,31.94,False,True,False,False,False,False,False,False
2026-08-27T13:00:21,AXISBANK,2026-08-27 12:55:00+05:30,BULL,NO_SIGNAL,40.0,,MACRO_BULL|RVOL|ENTRY_TRIGGER,1259.6,1258.1808,58.48,0.263,0.668,1.05,1258.4902,1245.6294,1254.6621,BULL,1259.6,1256.7032,61.82,-0.048,36.56,True,False,False,False,False,False,False,False
2026-08-27T13:00:22,POWERGRID,2026-08-27 12:55:00+05:30,BULL,NO_SIGNAL,20.0,,MACRO_BULL|ABOVE_WVWAP|RVOL|ENTRY_TRIGGER,264.6,264.4688,54.14,-0.151,0.135,1.05,263.7718,268.1692,263.9568,BULL,264.6,264.9365,42.98,0.513,33.16,False,False,False,False,False,False,False,False
2026-08-27T13:00:22,ADANIENT,2026-08-27 12:55:00+05:30,BULL,NO_SIGNAL,60.0,,RVOL|ENTRY_TRIGGER,3160.7,3151.3059,65.91,0.55,0.914,1.05,3146.7206,3083.7695,3147.0394,BULL,3160.7,3142.1067,72.2,0.454,48.31,True,False,False,False,False,False,False,False
2026-08-27T13:00:23,TECHM,2026-08-27 12:55:00+05:30,BULL,NO_SIGNAL,40.0,,ST_BULL|RVOL|ENTRY_TRIGGER,1586.9,1590.5642,42.73,-0.063,0.481,1.05,1590.049,1583.5075,1595.6288,BEAR,1586.9,1586.5305,52.31,0.088,33.07,False,True,False,False,False,False,False,True
2026-08-27T13:00:23,ICICIBANK,2026-08-27 12:55:00+05:30,BULL,SIGNAL,100.0,BREAKOUT_CONTINUATION,,1448.0,1443.3884,68.56,0.312,1.305,1.05,1441.9456,1427.7301,1439.8483,BULL,1448.0,1440.9075,72.91,0.59,34.45,True,False,False,False,True,False,False,False
2026-08-27T13:00:24,JIOFIN,2026-08-27 12:55:00+05:30,BEAR,NO_SIGNAL,60.0,VWAP_PULLBACK,ST_BEAR|ENTRY_TRIGGER,240.2,239.8299,58.42,0.104,1.349,1.05,240.3154,242.1085,239.3438,BULL,240.2,240.5106,42.35,-0.228,30.58,True,False,False,True,False,False,False,False
2026-08-27T13:00:24,TATASTEEL,2026-08-27 12:55:00+05:30,BULL,NEAR,80.0,,ENTRY_TRIGGER,188.23,188.3494,48.44,0.176,1.181,1.05,188.6078,186.2784,187.5726,BULL,188.23,187.8135,55.89,0.043,38.62,False,False,False,False,False,False,False,False
2026-08-27T13:00:25,TITAN,2026-08-27 12:55:00+05:30,BULL,NEAR,80.0,,ENTRY_TRIGGER,5152.1,5135.7398,71.09,0.411,1.383,1.05,5110.3005,5097.4071,5134.94,BULL,5152.1,5119.4705,71.09,1.32,30.32,True,False,False,False,False,False,False,False
2026-08-27T13:00:25,INFY,2026-08-27 12:55:00+05:30,BEAR,NO_SIGNAL,40.0,,MACRO_BEAR|RVOL|ENTRY_TRIGGER,1111.0,1111.5431,45.67,0.171,0.562,1.05,1114.7017,1126.7315,1113.6855,BEAR,1111.0,1114.7148,37.37,-0.519,9.63,False,False,False,False,False,False,False,False
2026-08-27T13:00:26,TRENT,2026-08-27 12:55:00+05:30,BULL,NO_SIGNAL,20.0,,MACRO_BULL|ABOVE_WVWAP|RVOL|ENTRY_TRIGGER,2887.4,2890.4743,43.58,-0.263,0.678,1.05,2895.278,2914.6917,2883.2981,BULL,2887.4,2898.3431,38.34,-0.537,17.93,False,True,False,False,False,False,False,False
2026-08-27T13:00:26,ASIANPAINT,2026-08-27 12:55:00+05:30,BULL,NO_SIGNAL,40.0,,MACRO_BULL|RVOL|ENTRY_TRIGGER,2648.5,2647.4855,53.44,0.163,0.282,1.05,2643.5352,2633.7636,2640.6615,BULL,2648.5,2644.7495,56.02,0.719,15.16,False,False,False,False,False,False,False,False
2026-08-27T13:00:27,ULTRACEMCO,2026-08-27 12:55:00+05:30,BULL,NO_SIGNAL,60.0,,RVOL|ENTRY_TRIGGER,11758.0,11736.5009,56.55,0.043,0.234,1.05,11740.7942,11606.9595,11696.3051,BULL,11758.0,11723.0073,58.2,0.239,26.51,True,False,False,False,False,False,False,False
2026-08-27T13:00:28,HDFCBANK,2026-08-27 12:55:00+05:30,BEAR,NO_SIGNAL,40.0,,ST_BEAR|RVOL|ENTRY_TRIGGER,714.7,714.5902,46.45,-0.021,0.488,1.05,716.8069,723.1712,711.1406,BULL,714.7,718.8117,32.35,-0.764,45.35,False,False,False,False,False,False,False,False
2026-08-27T13:00:28,RELIANCE,2026-08-27 12:55:00+05:30,BEAR,NO_SIGNAL,60.0,VWAP_PULLBACK,ST_BEAR|ENTRY_TRIGGER,1293.9,1293.2741,51.56,0.124,1.061,1.05,1294.4904,1303.7742,1290.1074,BULL,1293.9,1296.5356,39.95,-0.576,22.13,False,False,False,True,False,False,False,False
2026-08-27T13:00:29,M&M,2026-08-27 12:55:00+05:30,BEAR,NO_SIGNAL,60.0,,RVOL|ENTRY_TRIGGER,3364.1,3366.274,41.08,0.059,0.36,1.05,3372.9606,3407.291,3373.7578,BEAR,3364.1,3380.9948,27.75,-0.512,41.39,False,False,False,False,False,False,False,False
2026-08-27T13:00:29,SUNPHARMA,2026-08-27 12:55:00+05:30,BEAR,NO_SIGNAL,40.0,VWAP_PULLBACK,MACRO_BEAR|RVOL|ENTRY_TRIGGER,1909.8,1911.4683,46.23,-0.12,0.583,1.05,1910.3662,1912.3561,1914.1721,BEAR,1909.8,1911.6433,45.6,0.142,11.97,False,False,False,True,False,False,False,False
2026-08-27T13:05:07,BEL,2026-08-27 13:00:00+05:30,BULL,NEAR,80.0,,ENTRY_TRIGGER,410.85,410.6784,54.48,0.134,1.401,1.05,410.5097,409.2529,409.8555,BULL,411.0,410.2099,58.6,0.037,23.38,False,False,False,False,False,False,False,False
2026-08-27T13:05:07,TATACONSUM,2026-08-27 13:00:00+05:30,BEAR,NEAR,80.0,,ENTRY_TRIGGER,1038.2,1038.4852,46.0,-0.202,1.864,1.05,1039.9322,1049.0437,1040.8284,BEAR,1037.3,1040.9275,35.05,-0.288,29.51,False,False,False,False,False,False,False,False
2026-08-27T13:05:08,BAJAJ-AUTO,2026-08-27 13:00:00+05:30,BULL,NO_SIGNAL,40.0,,MACRO_BULL|ABOVE_WVWAP|ENTRY_TRIGGER,11712.0,11683.2633,62.86,0.498,1.096,1.05,11674.5561,11774.105,11657.6227,BULL,11704.0,11697.3567,49.04,0.524,24.67,True,False,False,False,False,False,False,False
2026-08-27T13:05:09,NESTLEIND,2026-08-27 13:00:00+05:30,BULL,NO_SIGNAL,20.0,,MACRO_BULL|ABOVE_WVWAP|RVOL|ENTRY_TRIGGER,1446.9,1444.9594,57.47,0.361,0.622,1.05,1450.1671,1462.4388,1441.6805,BULL,1445.6,1447.7197,40.99,-0.014,11.36,True,False,False,False,False,False,False,False
2026-08-27T13:05:09,BAJFINANCE,2026-08-27 13:00:00+05:30,BEAR,NO_SIGNAL,60.0,,RVOL|ENTRY_TRIGGER,1086.6,1087.7394,43.47,-0.284,0.433,1.05,1093.7243,1086.6218,1090.5419,BEAR,1086.6,1088.4874,46.2,-0.613,27.99,False,True,False,False,False,False,False,False
2026-08-27T13:05:10,HINDALCO,2026-08-27 13:00:00+05:30,BEAR,NEAR,80.0,,ENTRY_TRIGGER,1031.65,1036.142,21.63,-0.569,4.393,1.05,1041.829,1049.2629,1037.0394,BEAR,1031.75,1041.4598,23.01,-1.348,35.93,False,True,False,False,False,False,False,False
2026-08-27T13:05:10,NTPC,2026-08-27 13:00:00+05:30,BEAR,SIGNAL,100.0,BREAKOUT_CONTINUATION,,328.9,330.2435,31.97,-0.409,1.161,1.05,330.586,336.3033,331.363,BEAR,329.9,332.1446,27.96,-0.618,40.1,False,True,False,False,False,True,False,False
2026-08-27T13:05:11,HDFCLIFE,2026-08-27 13:00:00+05:30,BEAR,NO_SIGNAL,60.0,,RVOL|ENTRY_TRIGGER,551.8,552.137,43.93,-0.253,0.409,1.05,553.1575,554.581,553.5531,BEAR,551.8,553.7982,40.18,-0.577,25.73,False,True,False,False,False,False,False,False
2026-08-27T13:05:11,SBILIFE,2026-08-27 13:00:00+05:30,BULL,NO_SIGNAL,20.0,,MACRO_BULL|ST_BULL|RVOL|ENTRY_TRIGGER,1782.6,1783.2664,47.76,0.095,0.968,1.05,1784.3153,1770.554,1786.635,BEAR,1783.7,1782.0144,53.73,0.045,20.07,False,False,False,False,False,False,False,False
2026-08-27T13:05:12,HINDUNILVR,2026-08-27 13:00:00+05:30,BEAR,NO_SIGNAL,60.0,VWAP_PULLBACK,MACRO_BEAR|ENTRY_TRIGGER,2010.8,2010.8408,48.3,-0.08,2.415,1.05,2011.1989,2021.1529,2014.6502,BEAR,2011.6,2014.4462,40.28,0.055,25.89,False,False,False,True,False,False,False,False
2026-08-27T13:05:12,MARUTI,2026-08-27 13:00:00+05:30,BEAR,NO_SIGNAL,60.0,,MACRO_BEAR|ENTRY_TRIGGER,13434.0,13445.5842,43.49,-0.082,2.185,1.05,13450.7012,13540.1218,13477.1992,BEAR,13418.0,13480.7358,32.14,-0.127,20.58,False,True,False,False,False,False,False,False
2026-08-27T13:05:13,ITC,2026-08-27 13:00:00+05:30,BEAR,NEAR,80.0,VWAP_PULLBACK,RVOL,269.05,269.2051,40.62,-0.111,0.726,1.05,269.5169,270.0298,269.9529,BEAR,269.1,269.7302,37.88,-0.204,32.37,False,True,False,True,False,False,False,True
2026-08-27T13:05:13,TMPV,2026-08-27 13:00:00+05:30,BULL,NEAR,80.0,VWAP_PULLBACK,ENTRY_TRIGGER,316.8,316.8087,51.5,-0.424,1.187,1.05,316.4684,314.6427,315.8841,BULL,316.4,315.9667,54.05,0.349,35.55,False,False,True,False,False,False,False,False
2026-08-27T13:05:14,ADANIPORTS,2026-08-27 13:00:00+05:30,BULL,NO_SIGNAL,60.0,,RVOL|ENTRY_TRIGGER,1710.0,1706.7697,61.6,0.352,0.897,1.05,1702.0441,1692.953,1702.9858,BULL,1712.0,1701.0292,72.86,0.979,40.6,True,False,False,False,False,False,False,False
2026-08-27T13:05:14,DRREDDY,2026-08-27 13:00:00+05:30,BEAR,NO_SIGNAL,40.0,,MACRO_BEAR|RVOL|ENTRY_TRIGGER,1181.8,1183.9408,36.7,-0.287,0.497,1.05,1183.3368,1186.4267,1186.0441,BEAR,1181.7,1184.9025,42.44,0.195,10.66,False,True,False,False,False,False,False,False
2026-08-27T13:05:15,WIPRO,2026-08-27 13:00:00+05:30,BULL,NO_SIGNAL,20.0,,MACRO_BULL|ABOVE_WVWAP|RVOL|ENTRY_TRIGGER,177.52,177.3093,58.6,0.35,1.004,1.05,177.309,179.7453,176.9988,BULL,177.52,177.3985,49.43,0.209,16.01,True,False,False,False,False,False,False,False
2026-08-27T13:05:16,ONGC,2026-08-27 13:00:00+05:30,BEAR,NO_SIGNAL,40.0,,MACRO_BEAR|RVOL|ENTRY_TRIGGER,233.38,233.1681,55.42,0.189,0.468,1.05,233.1173,234.3598,233.5663,BEAR,233.15,233.0446,50.93,0.344,21.89,True,False,False,False,False,False,False,False
2026-08-27T13:05:16,SBIN,2026-08-27 13:00:00+05:30,BEAR,NEAR,80.0,TREND_CONTINUATION,BELOW_WVWAP,1043.9,1045.922,30.01,-0.344,1.264,1.05,1047.4266,1043.0718,1048.2531,BEAR,1044.8,1048.313,35.68,-0.305,29.28,False,True,False,False,False,False,False,True
2026-08-27T13:05:17,EICHERMOT,2026-08-27 13:00:00+05:30,BULL,NO_SIGNAL,40.0,VWAP_PULLBACK,MACRO_BULL|ST_BULL|ENTRY_TRIGGER,8041.5,8039.692,51.44,0.075,1.223,1.05,8029.1823,8040.7233,8058.4996,BEAR,8037.0,8043.4495,47.06,0.131,30.71,False,False,True,False,False,False,False,False
2026-08-27T13:05:17,COALINDIA,2026-08-27 13:00:00+05:30,BEAR,NO_SIGNAL,40.0,VWAP_PULLBACK,MACRO_BEAR|ST_BEAR|RVOL,401.85,402.0186,44.83,-0.099,0.893,1.05,402.1341,404.0542,401.2709,BULL,402.05,402.3589,45.32,-0.037,11.77,False,True,False,True,False,False,False,False
2026-08-27T13:05:18,BAJAJFINSV,2026-08-27 13:00:00+05:30,BEAR,NO_SIGNAL,40.0,VWAP_PULLBACK,MACRO_BEAR|RVOL|ENTRY_TRIGGER,2006.6,2006.9211,48.53,-0.08,0.598,1.05,2009.1942,2008.0814,2011.5155,BEAR,2007.7,2008.1948,48.69,-0.239,11.79,False,False,False,True,False,False,False,False
2026-08-27T13:05:18,MAXHEALTH,2026-08-27 13:00:00+05:30,BULL,NO_SIGNAL,40.0,,MACRO_BULL|RVOL|ENTRY_TRIGGER,1005.1,1003.1579,58.26,0.45,0.274,1.05,1003.5463,1000.5127,1000.5469,BULL,1005.2,1005.6362,47.34,0.02,29.82,True,False,False,False,False,False,False,False
2026-08-27T13:05:19,KOTAKBANK,2026-08-27 13:00:00+05:30,BULL,NO_SIGNAL,40.0,,MACRO_BULL|RVOL|ENTRY_TRIGGER,425.5,424.8682,57.33,0.035,0.694,1.05,423.6524,411.7509,423.2373,BULL,426.0,422.1596,73.14,0.0,70.17,True,False,False,False,False,False,False,False
2026-08-27T13:05:19,APOLLOHOSP,2026-08-27 13:00:00+05:30,BULL,NO_SIGNAL,40.0,VWAP_PULLBACK,MACRO_BULL|ST_BULL|ENTRY_TRIGGER,8789.5,8786.5924,52.07,0.125,17.17,1.05,8789.0401,8727.4684,8802.3901,BEAR,8777.0,8787.7044,45.16,0.188,39.34,False,False,True,False,False,False,False,False
2026-08-27T13:05:20,CIPLA,2026-08-27 13:00:00+05:30,BULL,NO_SIGNAL,60.0,,ABOVE_WVWAP|ENTRY_TRIGGER,1415.4,1409.1455,73.09,0.526,7.103,1.05,1407.5339,1419.7643,1406.3407,BULL,1411.6,1408.6304,55.41,0.506,22.76,True,False,False,False,False,False,False,False
2026-08-27T13:05:20,JSWSTEEL,2026-08-27 13:00:00+05:30,BULL,NO_SIGNAL,20.0,,MACRO_BULL|ST_BULL|RVOL|ENTRY_TRIGGER,1338.1,1338.0816,50.23,0.097,0.439,1.05,1339.8386,1321.0142,1341.9595,BEAR,1338.7,1335.5515,61.89,-0.007,52.68,False,False,False,False,False,False,False,False
2026-08-27T13:05:21,HCLTECH,2026-08-27 13:00:00+05:30,BULL,NO_SIGNAL,20.0,,MACRO_BULL|ABOVE_WVWAP|RVOL|ENTRY_TRIGGER,1289.7,1288.2167,57.0,0.288,0.416,1.05,1287.2245,1302.7825,1284.0914,BULL,1289.8,1290.1479,45.6,0.569,22.17,True,False,False,False,False,False,False,False
2026-08-27T13:05:21,TCS,2026-08-27 13:00:00+05:30,BULL,NO_SIGNAL,20.0,,MACRO_BULL|ABOVE_WVWAP|RVOL|ENTRY_TRIGGER,2255.1,2253.3181,54.36,0.28,0.289,1.05,2255.2161,2279.6142,2247.243,BULL,2254.6,2257.0101,42.97,0.071,14.33,False,False,False,False,False,False,False,False
2026-08-27T13:05:22,INDIGO,2026-08-27 13:00:00+05:30,BULL,NO_SIGNAL,40.0,,MACRO_BULL|ST_BULL|ENTRY_TRIGGER,5220.0,5220.8897,48.75,-0.248,1.345,1.05,5217.9615,5177.351,5235.6678,BEAR,5220.0,5223.8114,48.61,0.317,19.41,False,False,False,False,False,False,False,False
2026-08-27T13:05:22,BHARTIARTL,2026-08-27 13:00:00+05:30,BEAR,NO_SIGNAL,60.0,VWAP_PULLBACK,MACRO_BEAR|ST_BEAR,1899.0,1902.0001,43.5,-0.105,2.546,1.05,1900.9542,1921.8887,1896.3858,BULL,1903.5,1905.3043,44.14,0.0,30.84,False,True,False,True,False,True,False,True
2026-08-27T13:05:23,ETERNAL,2026-08-27 13:00:00+05:30,BULL,NO_SIGNAL,60.0,,RVOL|ENTRY_TRIGGER,328.65,327.9418,60.66,0.459,0.829,1.05,327.6087,328.1292,327.2955,BULL,328.45,327.4102,56.35,0.613,22.4,True,False,False,False,False,False,False,False
2026-08-27T13:05:23,LT,2026-08-27 13:00:00+05:30,BULL,NO_SIGNAL,40.0,,ABOVE_WVWAP|RVOL|ENTRY_TRIGGER,4050.0,4042.7254,59.82,0.084,0.794,1.05,4040.4648,4079.1599,4033.0472,BULL,4051.0,4046.0154,51.52,0.247,33.99,True,False,False,False,False,False,False,False
2026-08-27T13:05:24,SHRIRAMFIN,2026-08-27 13:00:00+05:30,BULL,NO_SIGNAL,20.0,,MACRO_BULL|ABOVE_WVWAP|RVOL|ENTRY_TRIGGER,1101.6,1100.0511,54.76,0.155,0.868,1.05,1101.213,1117.1601,1095.5357,BULL,1100.6,1104.4121,40.75,0.401,29.79,False,False,False,False,False,False,False,False
2026-08-27T13:05:24,GRASIM,2026-08-27 13:00:00+05:30,BEAR,NEAR,80.0,,ENTRY_TRIGGER,3272.5,3278.3611,32.67,-0.286,1.496,1.05,3282.7855,3276.0337,3279.3025,BEAR,3273.1,3281.3008,44.54,-0.601,31.94,False,True,False,False,False,False,False,False
2026-08-27T13:05:25,AXISBANK,2026-08-27 13:00:00+05:30,BULL,NEAR,80.0,VWAP_PULLBACK,MACRO_BULL,1262.5,1258.5735,68.54,0.454,2.015,1.05,1258.6017,1245.8114,1255.1747,BULL,1259.6,1256.7032,61.82,-0.048,36.56,True,False,True,False,True,False,False,False
2026-08-27T13:05:26,POWERGRID,2026-08-27 13:00:00+05:30,BULL,NO_SIGNAL,20.0,,MACRO_BULL|ABOVE_WVWAP|RVOL|ENTRY_TRIGGER,264.4,264.4625,49.6,-0.151,0.144,1.05,263.7738,268.1667,263.9568,BULL,264.6,264.9365,42.98,0.513,33.16,False,False,False,False,False,True,False,False
2026-08-27T13:05:26,ADANIENT,2026-08-27 13:00:00+05:30,BULL,NO_SIGNAL,60.0,,RVOL|ENTRY_TRIGGER,3158.0,3151.9144,61.1,0.098,0.779,1.05,3146.8883,3083.9643,3147.0394,BULL,3160.7,3142.1067,72.2,0.454,48.31,True,False,False,False,False,False,False,False
2026-08-27T13:05:27,TECHM,2026-08-27 13:00:00+05:30,BULL,NO_SIGNAL,40.0,,ST_BULL|RVOL|ENTRY_TRIGGER,1587.0,1590.2402,42.97,-0.063,0.85,1.05,1589.9983,1583.5189,1595.6288,BEAR,1586.9,1586.5305,52.31,0.088,33.07,False,True,False,False,False,False,False,False
2026-08-27T13:05:27,ICICIBANK,2026-08-27 13:00:00+05:30,BULL,SIGNAL,100.0,BREAKOUT_CONTINUATION,,1450.4,1444.0258,73.27,0.492,2.512,1.05,1442.4936,1428.1031,1441.8414,BULL,1448.0,1440.9075,72.91,0.59,34.45,True,False,False,False,True,False,False,False
2026-08-27T13:05:28,JIOFIN,2026-08-27 13:00:00+05:30,BEAR,NO_SIGNAL,40.0,VWAP_PULLBACK,ST_BEAR|RVOL|ENTRY_TRIGGER,240.05,239.8499,54.06,0.083,0.343,1.05,240.3142,242.1065,239.3438,BULL,240.2,240.5106,42.35,-0.228,30.58,False,False,False,True,False,False,False,False
2026-08-27T13:05:29,TATASTEEL,2026-08-27 13:00:00+05:30,BULL,NO_SIGNAL,60.0,,RVOL|ENTRY_TRIGGER,187.78,188.2976,41.68,-0.482,0.363,1.05,188.6022,186.2818,187.5726,BULL,188.23,187.8135,55.89,0.043,38.62,False,True,False,False,False,False,False,True
2026-08-27T13:05:29,TITAN,2026-08-27 13:00:00+05:30,BULL,NO_SIGNAL,60.0,,RVOL|ENTRY_TRIGGER,5154.1,5137.4089,72.27,0.374,0.836,1.05,5110.7912,5097.6691,5134.94,BULL,5152.1,5119.4705,71.09,1.32,30.32,True,False,False,False,False,False,False,False
2026-08-27T13:05:30,INFY,2026-08-27 13:00:00+05:30,BEAR,NO_SIGNAL,40.0,,MACRO_BEAR|RVOL|ENTRY_TRIGGER,1111.6,1111.5483,48.32,0.243,0.572,1.05,1114.6669,1126.7079,1113.6855,BEAR,1111.0,1114.7148,37.37,-0.519,9.63,False,False,False,False,False,False,False,False
2026-08-27T13:05:30,TRENT,2026-08-27 13:00:00+05:30,BULL,NO_SIGNAL,20.0,,MACRO_BULL|ABOVE_WVWAP|RVOL|ENTRY_TRIGGER,2885.7,2890.0403,41.5,-0.356,0.584,1.05,2895.118,2914.6122,2883.2981,BULL,2887.4,2898.3431,38.34,-0.537,17.93,False,True,False,False,False,False,False,False
2026-08-27T13:05:31,ASIANPAINT,2026-08-27 13:00:00+05:30,BULL,NO_SIGNAL,40.0,,MACRO_BULL|RVOL|ENTRY_TRIGGER,2648.4,2647.5687,53.24,0.185,0.113,1.05,2643.5496,2633.7727,2640.6615,BULL,2648.5,2644.7495,56.02,0.719,15.16,False,False,False,False,False,False,False,False
2026-08-27T13:05:31,ULTRACEMCO,2026-08-27 13:00:00+05:30,BULL,NO_SIGNAL,60.0,,RVOL|ENTRY_TRIGGER,11755.0,11738.1826,55.57,-0.026,0.391,1.05,11740.9553,11607.2391,11697.1901,BULL,11758.0,11723.0073,58.2,0.239,26.51,False,False,False,False,False,False,False,False
2026-08-27T13:05:32,HDFCBANK,2026-08-27 13:00:00+05:30,BEAR,NO_SIGNAL,40.0,,ST_BEAR|RVOL|ENTRY_TRIGGER,714.55,714.5865,45.57,0.422,0.715,1.05,716.7687,723.1182,711.4169,BULL,714.7,718.8117,32.35,-0.764,45.35,False,False,False,False,False,False,False,False
2026-08-27T13:05:32,RELIANCE,2026-08-27 13:00:00+05:30,BEAR,NO_SIGNAL,40.0,,ST_BEAR|RVOL|ENTRY_TRIGGER,1294.5,1293.3856,53.99,0.193,0.59,1.05,1294.488,1303.7419,1290.1074,BULL,1293.9,1296.5356,39.95,-0.576,22.13,False,False,False,False,False,False,False,False
2026-08-27T13:05:33,M&M,2026-08-27 13:00:00+05:30,BEAR,NO_SIGNAL,60.0,,RVOL|ENTRY_TRIGGER,3364.4,3366.1036,41.86,-0.033,0.269,1.05,3372.9002,3407.2075,3373.7578,BEAR,3364.1,3380.9948,27.75,-0.512,41.39,False,True,False,False,False,False,False,False
2026-08-27T13:05:33,SUNPHARMA,2026-08-27 13:00:00+05:30,BEAR,NO_SIGNAL,60.0,VWAP_PULLBACK,MACRO_BEAR|RVOL,1909.0,1911.2439,44.57,-0.188,0.482,1.05,1910.3572,1912.3517,1914.1721,BEAR,1909.8,1911.6433,45.6,0.142,11.97,False,True,False,True,False,False,False,False
2026-08-27T13:10:07,BEL,2026-08-27 13:05:00+05:30,BULL,NO_SIGNAL,60.0,,RVOL|ENTRY_TRIGGER,410.6,410.6713,50.13,0.11,0.846,1.05,410.5115,409.2559,409.8555,BULL,411.0,410.2099,58.6,0.037,23.38,False,False,False,False,False,False,False,False
2026-08-27T13:10:08,TATACONSUM,2026-08-27 13:05:00+05:30,BEAR,NO_SIGNAL,60.0,,RVOL|ENTRY_TRIGGER,1037.0,1038.3502,40.2,-0.048,0.73,1.05,1039.886,1049.0071,1040.8284,BEAR,1037.3,1040.9275,35.05,-0.288,29.51,False,True,False,False,False,False,False,False
2026-08-27T13:10:08,BAJAJ-AUTO,2026-08-27 13:05:00+05:30,BULL,NO_SIGNAL,20.0,,MACRO_BULL|ABOVE_WVWAP|RVOL|ENTRY_TRIGGER,11716.0,11686.2394,64.04,0.567,0.621,1.05,11675.0198,11773.9402,11659.6052,BULL,11704.0,11697.3567,49.04,0.524,24.67,True,False,False,False,False,False,False,False
2026-08-27T13:10:09,NESTLEIND,2026-08-27 13:05:00+05:30,BULL,NO_SIGNAL,20.0,,MACRO_BULL|ABOVE_WVWAP|RVOL|ENTRY_TRIGGER,1445.5,1445.0086,51.29,0.298,0.765,1.05,1450.1283,1462.424,1441.6805,BULL,1445.6,1447.7197,40.99,-0.014,11.36,False,False,False,False,False,False,False,False
2026-08-27T13:10:09,BAJFINANCE,2026-08-27 13:05:00+05:30,BEAR,NEAR,80.0,TREND_CONTINUATION,RVOL,1085.8,1087.5631,40.54,-0.303,0.676,1.05,1093.649,1086.6203,1090.5419,BEAR,1086.6,1088.4874,46.2,-0.613,27.99,False,True,False,False,False,False,False,True
2026-08-27T13:10:10,HINDALCO,2026-08-27 13:05:00+05:30,BEAR,NO_SIGNAL,60.0,,RVOL|ENTRY_TRIGGER,1031.6,1035.7291,21.52,-0.573,0.443,1.05,1041.7673,1049.248,1036.6748,BEAR,1031.75,1041.4598,23.01,-1.348,35.93,False,True,False,False,False,False,False,False
2026-08-27T13:10:10,NTPC,2026-08-27 13:05:00+05:30,BEAR,NEAR,80.0,,ENTRY_TRIGGER,329.2,330.1486,36.45,-0.227,2.105,1.05,330.5202,336.1941,331.363,BEAR,329.9,332.1446,27.96,-0.618,40.1,False,True,False,False,False,False,False,False
2026-08-27T13:10:11,HDFCLIFE,2026-08-27 13:05:00+05:30,BEAR,NEAR,80.0,TREND_CONTINUATION,RVOL,551.6,552.0882,42.19,-0.018,0.775,1.05,553.1449,554.5786,553.5531,BEAR,551.8,553.7982,40.18,-0.577,25.73,False,True,False,False,False,False,False,True
2026-08-27T13:10:12,SBILIFE,2026-08-27 13:05:00+05:30,BULL,NO_SIGNAL,40.0,,MACRO_BULL|ST_BULL|ENTRY_TRIGGER,1781.9,1783.1422,45.97,0.051,1.172,1.05,1784.2817,1770.5796,1786.635,BEAR,1783.7,1782.0144,53.73,0.045,20.07,False,False,False,False,False,False,False,False
2026-08-27T13:10:12,HINDUNILVR,2026-08-27 13:05:00+05:30,BEAR,NO_SIGNAL,60.0,VWAP_PULLBACK,MACRO_BEAR|RVOL,2008.1,2010.5916,37.43,-0.129,0.872,1.05,2011.1634,2021.1183,2014.6502,BEAR,2011.6,2014.4462,40.28,0.055,25.89,False,True,False,True,False,True,False,True
2026-08-27T13:10:13,MARUTI,2026-08-27 13:05:00+05:30,BEAR,NO_SIGNAL,60.0,,MACRO_BEAR|ENTRY_TRIGGER,13452.0,13446.1674,50.85,-0.015,1.595,1.05,13450.4542,13539.3256,13477.1992,BEAR,13418.0,13480.7358,32.14,-0.127,20.58,False,False,False,False,False,False,False,False
2026-08-27T13:10:13,ITC,2026-08-27 13:05:00+05:30,BEAR,NO_SIGNAL,60.0,VWAP_PULLBACK,RVOL|ENTRY_TRIGGER,269.15,269.2001,45.31,0.019,0.883,1.05,269.5101,270.0272,269.9529,BEAR,269.1,269.7302,37.88,-0.204,32.37,False,False,False,True,False,False,False,False
2026-08-27T13:10:14,TMPV,2026-08-27 13:05:00+05:30,BULL,NO_SIGNAL,60.0,,RVOL|ENTRY_TRIGGER,316.8,316.8079,51.5,-0.268,0.585,1.05,316.4744,314.6494,315.8841,BULL,316.4,315.9667,54.05,0.349,35.55,False,False,False,False,False,False,False,False
2026-08-27T13:10:14,ADANIPORTS,2026-08-27 13:05:00+05:30,BULL,NO_SIGNAL,60.0,,RVOL|ENTRY_TRIGGER,1709.8,1707.0451,60.98,0.211,0.471,1.05,1702.1234,1692.989,1702.9858,BULL,1712.0,1701.0292,72.86,0.979,40.6,True,False,False,False,False,False,False,False
2026-08-27T13:10:15,DRREDDY,2026-08-27 13:05:00+05:30,BEAR,NO_SIGNAL,60.0,VWAP_PULLBACK,MACRO_BEAR|RVOL,1181.1,1183.6825,34.01,-0.203,0.497,1.05,1183.32,1186.4232,1185.6885,BEAR,1181.7,1184.9025,42.44,0.195,10.66,False,True,False,True,False,False,False,False
2026-08-27T13:10:15,WIPRO,2026-08-27 13:05:00+05:30,BULL,NO_SIGNAL,40.0,,MACRO_BULL|ABOVE_WVWAP|ENTRY_TRIGGER,177.49,177.3258,57.36,0.368,1.712,1.05,177.3134,179.7395,176.9988,BULL,177.52,177.3985,49.43,0.209,16.01,True,False,False,False,False,False,False,False
2026-08-27T13:10:16,ONGC,2026-08-27 13:05:00+05:30,BEAR,NO_SIGNAL,60.0,,MACRO_BEAR|ENTRY_TRIGGER,233.4,233.1892,55.82,0.262,1.668,1.05,233.1263,234.3547,233.5663,BEAR,233.15,233.0446,50.93,0.344,21.89,True,False,False,False,False,False,False,False
2026-08-27T13:10:16,SBIN,2026-08-27 13:05:00+05:30,BEAR,NO_SIGNAL,60.0,,BELOW_WVWAP|ENTRY_TRIGGER,1044.6,1045.8018,37.26,-0.267,1.438,1.05,1047.3369,1043.0758,1048.2531,BEAR,1044.8,1048.313,35.68,-0.305,29.28,False,True,False,False,False,False,False,False
2026-08-27T13:10:17,EICHERMOT,2026-08-27 13:05:00+05:30,BULL,NO_SIGNAL,60.0,VWAP_PULLBACK,MACRO_BULL|ST_BULL,8048.0,8040.4473,55.27,0.187,1.528,1.05,8029.6969,8040.7566,8058.4996,BEAR,8037.0,8043.4495,47.06,0.131,30.71,True,False,True,False,False,False,True,False
2026-08-27T13:10:18,COALINDIA,2026-08-27 13:05:00+05:30,BEAR,NO_SIGNAL,60.0,VWAP_PULLBACK,MACRO_BEAR|ST_BEAR,401.5,401.9714,37.54,-0.124,1.653,1.05,402.1184,404.049,401.2709,BULL,402.05,402.3589,45.32,-0.037,11.77,False,True,False,True,False,True,False,False
2026-08-27T13:10:18,BAJAJFINSV,2026-08-27 13:05:00+05:30,BEAR,NO_SIGNAL,40.0,,MACRO_BEAR|RVOL|ENTRY_TRIGGER,2006.7,2006.901,48.84,0.02,0.657,1.05,2009.1516,2008.0781,2011.5155,BEAR,2007.7,2008.1948,48.69,-0.239,11.79,False,False,False,False,False,False,False,False
2026-08-27T13:10:19,MAXHEALTH,2026-08-27 13:05:00+05:30,BULL,NO_SIGNAL,40.0,,MACRO_BULL|RVOL|ENTRY_TRIGGER,1004.3,1003.2617,54.28,0.42,0.358,1.05,1003.5553,1000.519,1000.5469,BULL,1005.2,1005.6362,47.34,0.02,29.82,False,False,False,False,False,False,False,False
2026-08-27T13:10:19,KOTAKBANK,2026-08-27 13:05:00+05:30,BULL,NEAR,80.0,TREND_CONTINUATION,MACRO_BULL,426.0,424.9711,60.64,0.2,1.208,1.05,423.6865,411.8238,423.2373,BULL,426.0,422.1596,73.14,0.0,70.17,True,False,False,False,False,False,True,False
2026-08-27T13:10:20,APOLLOHOSP,2026-08-27 13:05:00+05:30,BULL,NO_SIGNAL,20.0,,MACRO_BULL|ST_BULL|RVOL|ENTRY_TRIGGER,8784.0,8786.3567,48.21,0.114,0.548,1.05,8789.0052,8727.5362,8802.3901,BEAR,8777.0,8787.7044,45.16,0.188,39.34,False,False,False,False,False,False,False,False
2026-08-27T13:10:20,CIPLA,2026-08-27 13:05:00+05:30,BULL,NO_SIGNAL,40.0,,ABOVE_WVWAP|RVOL|ENTRY_TRIGGER,1415.1,1409.6868,71.6,0.662,1.001,1.05,1407.6605,1419.7571,1407.8634,BULL,1411.6,1408.6304,55.41,0.506,22.76,True,False,False,False,False,False,False,False
2026-08-27T13:10:21,JSWSTEEL,2026-08-27 13:05:00+05:30,BULL,NO_SIGNAL,20.0,,MACRO_BULL|ST_BULL|RVOL|ENTRY_TRIGGER,1337.4,1338.0196,47.55,-0.075,0.34,1.05,1339.828,1321.029,1341.9595,BEAR,1338.7,1335.5515,61.89,-0.007,52.68,False,False,False,False,False,False,False,False
2026-08-27T13:10:21,HCLTECH,2026-08-27 13:05:00+05:30,BULL,NO_SIGNAL,20.0,,MACRO_BULL|ABOVE_WVWAP|RVOL|ENTRY_TRIGGER,1289.5,1288.3334,56.03,0.303,0.321,1.05,1287.2433,1302.7557,1284.1049,BULL,1289.8,1290.1479,45.6,0.569,22.17,True,False,False,False,False,False,False,False
2026-08-27T13:10:22,TCS,2026-08-27 13:05:00+05:30,BULL,NO_SIGNAL,40.0,,MACRO_BULL|ABOVE_WVWAP|ENTRY_TRIGGER,2257.7,2253.7164,59.74,0.436,2.275,1.05,2255.3066,2279.4682,2247.243,BULL,2254.6,2257.0101,42.97,0.071,14.33,True,False,False,False,False,False,False,False
2026-08-27T13:10:22,INDIGO,2026-08-27 13:05:00+05:30,BULL,NO_SIGNAL,40.0,,MACRO_BULL|ST_BULL|ENTRY_TRIGGER,5218.0,5220.627,46.74,-0.306,1.617,1.05,5217.9761,5177.4783,5235.6678,BEAR,5220.0,5223.8114,48.61,0.317,19.41,False,False,False,False,False,False,False,False
2026-08-27T13:10:23,BHARTIARTL,2026-08-27 13:05:00+05:30,BULL,NO_SIGNAL,40.0,,MACRO_BULL|ABOVE_WVWAP|ENTRY_TRIGGER,1896.6,1901.5092,39.51,-0.294,2.694,1.05,1900.6974,1921.4919,1896.3858,BULL,1903.5,1905.3043,44.14,0.0,30.84,False,True,False,False,False,False,False,False
2026-08-27T13:10:23,ETERNAL,2026-08-27 13:05:00+05:30,BULL,NO_SIGNAL,60.0,,RVOL|ENTRY_TRIGGER,328.45,327.988,57.77,0.413,0.969,1.05,327.6262,328.1306,327.2955,BULL,328.45,327.4102,56.35,0.613,22.4,True,False,False,False,False,False,False,False
2026-08-27T13:10:24,LT,2026-08-27 13:05:00+05:30,BULL,NO_SIGNAL,40.0,,ABOVE_WVWAP|RVOL|ENTRY_TRIGGER,4050.0,4043.3867,59.82,0.186,0.744,1.05,4040.6452,4079.0783,4034.0262,BULL,4051.0,4046.0154,51.52,0.247,33.99,True,False,False,False,False,False,False,False
2026-08-27T13:10:25,SHRIRAMFIN,2026-08-27 13:05:00+05:30,BULL,NO_SIGNAL,60.0,TREND_CONTINUATION,MACRO_BULL|ABOVE_WVWAP,1102.8,1100.301,58.25,0.328,1.172,1.05,1101.2285,1117.0937,1095.5722,BULL,1100.6,1104.4121,40.75,0.401,29.79,True,False,False,False,False,False,True,False
2026-08-27T13:10:25,GRASIM,2026-08-27 13:05:00+05:30,BEAR,SIGNAL,100.0,BREAKOUT_CONTINUATION,,3270.0,3277.601,29.03,-0.308,2.805,1.05,3282.1273,3276.0087,3278.3664,BEAR,3273.1,3281.3008,44.54,-0.601,31.94,False,True,False,False,False,True,False,False
2026-08-27T13:10:26,AXISBANK,2026-08-27 13:05:00+05:30,BULL,NO_SIGNAL,60.0,,MACRO_BULL|ENTRY_TRIGGER,1261.8,1258.8668,64.48,0.31,1.187,1.05,1258.6808,1245.9279,1255.7855,BULL,1259.6,1256.7032,61.82,-0.048,36.56,True,False,False,False,False,False,False,False
2026-08-27T13:10:26,POWERGRID,2026-08-27 13:05:00+05:30,BULL,NO_SIGNAL,20.0,,MACRO_BULL|ABOVE_WVWAP|RVOL|ENTRY_TRIGGER,264.45,264.4614,50.71,-0.038,0.29,1.05,263.7776,268.1619,263.9568,BULL,264.6,264.9365,42.98,0.513,33.16,False,False,False,False,False,False,False,False
2026-08-27T13:10:27,ADANIENT,2026-08-27 13:05:00+05:30,BULL,NO_SIGNAL,60.0,,RVOL|ENTRY_TRIGGER,3156.8,3152.3586,59.03,0.155,0.777,1.05,3147.0406,3084.1571,3147.0394,BULL,3160.7,3142.1067,72.2,0.454,48.31,True,False,False,False,False,False,False,False
2026-08-27T13:10:27,TECHM,2026-08-27 13:05:00+05:30,BULL,NO_SIGNAL,60.0,,ST_BULL|ENTRY_TRIGGER,1589.4,1590.1638,48.68,-0.006,1.556,1.05,1589.9575,1583.5498,1595.6288,BEAR,1586.9,1586.5305,52.31,0.088,33.07,False,False,False,False,False,False,False,False
2026-08-27T13:10:28,ICICIBANK,2026-08-27 13:05:00+05:30,BULL,NO_SIGNAL,60.0,,RVOL|ENTRY_TRIGGER,1449.9,1444.5598,70.89,0.464,0.739,1.05,1442.6394,1428.2173,1441.8414,BULL,1448.0,1440.9075,72.91,0.59,34.45,True,False,False,False,False,False,False,False
2026-08-27T13:10:28,JIOFIN,2026-08-27 13:05:00+05:30,BEAR,NO_SIGNAL,40.0,BREAKOUT_CONTINUATION,ST_BEAR|RVOL|ENTRY_TRIGGER,239.85,239.8499,48.83,0.251,0.842,1.05,240.3085,242.1016,239.3438,BULL,240.2,240.5106,42.35,-0.228,30.58,False,False,False,False,False,True,False,False
2026-08-27T13:10:29,TATASTEEL,2026-08-27 13:05:00+05:30,BULL,NO_SIGNAL,60.0,,RVOL|ENTRY_TRIGGER,187.8,188.2524,42.06,-0.361,0.376,1.05,188.5957,186.2852,187.5726,BULL,188.23,187.8135,55.89,0.043,38.62,False,True,False,False,False,False,False,False
2026-08-27T13:10:29,TITAN,2026-08-27 13:05:00+05:30,BULL,NEAR,80.0,,ENTRY_TRIGGER,5155.5,5139.0535,73.09,0.376,1.51,1.05,5111.6649,5098.1442,5134.94,BULL,5152.1,5119.4705,71.09,1.32,30.32,True,False,False,False,False,False,False,False
2026-08-27T13:10:30,INFY,2026-08-27 13:05:00+05:30,BEAR,NO_SIGNAL,40.0,,MACRO_BEAR|RVOL|ENTRY_TRIGGER,1111.5,1111.5439,47.9,0.244,0.426,1.05,1114.6409,1126.6901,1113.6855,BEAR,1111.0,1114.7148,37.37,-0.519,9.63,False,False,False,False,False,False,False,False
2026-08-27T13:10:30,TRENT,2026-08-27 13:05:00+05:30,BULL,NO_SIGNAL,20.0,,MACRO_BULL|ABOVE_WVWAP|RVOL|ENTRY_TRIGGER,2887.1,2889.773,43.88,-0.062,0.498,1.05,2895.0011,2914.549,2883.2981,BULL,2887.4,2898.3431,38.34,-0.537,17.93,False,True,False,False,False,False,False,False
2026-08-27T13:10:31,ASIANPAINT,2026-08-27 13:05:00+05:30,BULL,NO_SIGNAL,40.0,,MACRO_BULL|RVOL|ENTRY_TRIGGER,2649.7,2647.7624,55.56,0.064,0.312,1.05,2643.5945,2633.7987,2640.6615,BULL,2648.5,2644.7495,56.02,0.719,15.16,True,False,False,False,False,False,False,False
2026-08-27T13:10:31,ULTRACEMCO,2026-08-27 13:05:00+05:30,BULL,NO_SIGNAL,60.0,,RVOL|ENTRY_TRIGGER,11753.0,11739.5297,54.89,0.307,0.61,1.05,11741.1352,11607.6626,11697.1901,BULL,11758.0,11723.0073,58.2,0.239,26.51,False,False,False,False,False,False,False,False
2026-08-27T13:10:32,HDFCBANK,2026-08-27 13:05:00+05:30,BEAR,NO_SIGNAL,40.0,,ST_BEAR|RVOL|ENTRY_TRIGGER,715.35,714.6559,50.89,0.619,0.636,1.05,716.7428,723.0748,711.5824,BULL,714.7,718.8117,32.35,-0.764,45.35,False,False,False,False,False,False,False,False
2026-08-27T13:10:33,RELIANCE,2026-08-27 13:05:00+05:30,BEAR,NO_SIGNAL,40.0,VWAP_PULLBACK,ST_BEAR|RVOL|ENTRY_TRIGGER,1294.4,1293.4778,53.51,0.326,0.917,1.05,1294.4875,1303.6941,1290.1074,BULL,1293.9,1296.5356,39.95,-0.576,22.13,False,False,False,True,False,False,False,False
2026-08-27T13:10:33,M&M,2026-08-27 13:05:00+05:30,BEAR,NEAR,80.0,,ENTRY_TRIGGER,3369.3,3366.3942,52.84,0.134,1.645,1.05,3372.7241,3406.7525,3373.7578,BEAR,3364.1,3380.9948,27.75,-0.512,41.39,False,False,False,False,False,False,False,False
2026-08-27T13:10:34,SUNPHARMA,2026-08-27 13:05:00+05:30,BEAR,NO_SIGNAL,40.0,,MACRO_BEAR|RVOL|ENTRY_TRIGGER,1908.8,1911.0217,44.14,-0.01,0.611,1.05,1910.3345,1912.3445,1914.1721,BEAR,1909.8,1911.6433,45.6,0.142,11.97,False,True,False,False,False,False,False,False
2026-08-27T13:15:07,BEL,2026-08-27 13:10:00+05:30,BULL,NO_SIGNAL,60.0,,MACRO_BULL|ENTRY_TRIGGER,410.45,410.6512,47.68,-0.024,1.127,1.05,410.5116,409.259,409.8555,BULL,410.45,410.2318,53.11,0.0,23.61,False,False,False,False,False,False,False,False
2026-08-27T13:15:07,TATACONSUM,2026-08-27 13:10:00+05:30,BEAR,NO_SIGNAL,60.0,,RVOL|ENTRY_TRIGGER,1036.7,1038.2002,38.88,-0.173,0.565,1.05,1039.8464,1048.9788,1040.8284,BEAR,1036.7,1040.5431,33.74,-0.346,30.05,False,True,False,False,False,False,False,False
2026-08-27T13:15:08,BAJAJ-AUTO,2026-08-27 13:10:00+05:30,BULL,NO_SIGNAL,40.0,,ABOVE_WVWAP|RVOL|ENTRY_TRIGGER,11716.0,11688.9449,64.04,0.265,1.049,1.05,11675.8319,11773.6722,11662.6616,BULL,11716.0,11699.0515,51.79,0.567,23.36,True,False,False,False,False,False,False,False
2026-08-27T13:15:08,NESTLEIND,2026-08-27 13:10:00+05:30,BULL,NO_SIGNAL,20.0,,MACRO_BULL|ABOVE_WVWAP|RVOL|ENTRY_TRIGGER,1445.9,1445.0896,52.85,0.298,0.76,1.05,1450.092,1462.4094,1441.6805,BULL,1445.9,1447.5543,41.87,0.028,11.31,False,False,False,False,False,False,False,False
2026-08-27T13:15:09,BAJFINANCE,2026-08-27 13:10:00+05:30,BEAR,NO_SIGNAL,60.0,,BELOW_WVWAP|ENTRY_TRIGGER,1087.3,1087.5392,47.66,-0.119,3.429,1.05,1093.3482,1086.6305,1090.5419,BEAR,1087.3,1088.3795,47.83,-0.376,26.77,False,False,False,False,False,False,False,False
2026-08-27T13:15:09,HINDALCO,2026-08-27 13:10:00+05:30,BEAR,NEAR,80.0,,ENTRY_TRIGGER,1032.2,1035.4083,26.34,-0.333,1.71,1.05,1041.5456,1049.1924,1036.6748,BEAR,1032.2,1040.618,24.7,-1.286,37.73,False,True,False,False,False,False,False,False
2026-08-27T13:15:10,NTPC,2026-08-27 13:10:00+05:30,BEAR,NO_SIGNAL,60.0,,RVOL|ENTRY_TRIGGER,329.75,330.1124,43.77,-0.076,0.791,1.05,330.5022,336.1525,331.363,BEAR,329.75,331.9269,27.35,-0.408,41.19,False,True,False,False,False,False,False,False
2026-08-27T13:15:10,HDFCLIFE,2026-08-27 13:10:00+05:30,BEAR,NO_SIGNAL,60.0,,RVOL|ENTRY_TRIGGER,551.75,552.0575,43.98,-0.036,0.584,1.05,553.1353,554.5767,553.3546,BEAR,551.75,553.612,40.01,-0.505,25.18,False,True,False,False,False,False,False,False
2026-08-27T13:15:11,SBILIFE,2026-08-27 13:10:00+05:30,BULL,NO_SIGNAL,20.0,,MACRO_BULL|ST_BULL|RVOL|ENTRY_TRIGGER,1782.0,1783.0383,46.28,0.011,0.978,1.05,1784.2528,1770.6007,1786.635,BEAR,1782.0,1782.0131,51.34,-0.536,19.7,False,False,False,False,False,False,False,False
2026-08-27T13:15:11,HINDUNILVR,2026-08-27 13:10:00+05:30,BEAR,NO_SIGNAL,40.0,,MACRO_BEAR|RVOL|ENTRY_TRIGGER,2009.1,2010.456,42.58,-0.099,0.842,1.05,2011.129,2021.0862,2014.6502,BEAR,2009.1,2013.9602,36.25,0.194,25.95,False,True,False,False,False,False,False,False
2026-08-27T13:15:12,MARUTI,2026-08-27 13:10:00+05:30,BEAR,NO_SIGNAL,40.0,,MACRO_BEAR|RVOL|ENTRY_TRIGGER,13450.0,13446.5158,50.07,-0.015,0.485,1.05,13450.4567,13539.0923,13477.1992,BEAR,13450.0,13477.9416,40.96,0.209,21.06,False,False,False,False,False,False,False,False
2026-08-27T13:15:12,ITC,2026-08-27 13:10:00+05:30,BEAR,NO_SIGNAL,60.0,,RVOL|ENTRY_TRIGGER,269.3,269.2092,51.49,0.074,0.473,1.05,269.5072,270.0259,269.9529,BEAR,269.3,269.6911,41.52,-0.222,32.51,False,False,False,False,False,False,False,False
2026-08-27T13:15:13,TMPV,2026-08-27 13:10:00+05:30,BULL,NO_SIGNAL,60.0,VWAP_PULLBACK,RVOL|ENTRY_TRIGGER,316.85,316.8117,52.0,-0.11,0.248,1.05,316.4767,314.6522,315.8841,BULL,316.85,316.047,56.53,0.523,35.52,False,False,True,False,False,False,False,False
2026-08-27T13:15:14,ADANIPORTS,2026-08-27 13:10:00+05:30,BULL,NO_SIGNAL,60.0,,RVOL|ENTRY_TRIGGER,1711.8,1707.4774,64.78,0.064,0.838,1.05,1702.2757,1693.0565,1702.9858,BULL,1711.8,1702.0083,72.32,0.991,41.04,True,False,False,False,False,False,False,False
2026-08-27T13:15:14,DRREDDY,2026-08-27 13:10:00+05:30,BEAR,NO_SIGNAL,40.0,,MACRO_BEAR|RVOL|ENTRY_TRIGGER,1180.4,1183.3841,31.53,-0.346,0.64,1.05,1183.2914,1186.418,1184.9402,BEAR,1180.4,1184.4932,40.14,0.195,11.37,False,True,False,False,False,False,False,False
2026-08-27T13:15:15,WIPRO,2026-08-27 13:10:00+05:30,BULL,NO_SIGNAL,40.0,,MACRO_BULL|ABOVE_WVWAP|ENTRY_TRIGGER,177.5,177.3416,57.68,0.198,2.076,1.05,177.3202,179.7325,176.9988,BULL,177.5,177.4077,48.96,0.192,15.23,True,False,False,False,False,False,False,False
2026-08-27T13:15:15,ONGC,2026-08-27 13:10:00+05:30,BEAR,NO_SIGNAL,40.0,,MACRO_BEAR|RVOL|ENTRY_TRIGGER,233.43,233.211,56.45,0.249,0.604,1.05,233.1295,234.3527,233.5663,BEAR,233.43,233.0796,54.26,0.517,21.4,True,False,False,False,False,False,False,False
2026-08-27T13:15:16,SBIN,2026-08-27 13:10:00+05:30,BEAR,NO_SIGNAL,40.0,,BELOW_WVWAP|RVOL|ENTRY_TRIGGER,1046.5,1045.8653,51.85,-0.076,0.994,1.05,1047.311,1043.0818,1048.2531,BEAR,1046.5,1048.1482,42.74,-0.019,29.29,False,False,False,False,False,False,False,False
2026-08-27T13:15:16,EICHERMOT,2026-08-27 13:10:00+05:30,BULL,NO_SIGNAL,60.0,TREND_CONTINUATION,ST_BULL|RVOL,8052.0,8041.4975,57.49,0.149,0.395,1.05,8029.8673,8040.7744,8058.4996,BEAR,8052.0,8044.2268,52.15,0.412,30.12,True,False,False,False,False,False,True,False
2026-08-27T13:15:17,COALINDIA,2026-08-27 13:10:00+05:30,BULL,NO_SIGNAL,20.0,,MACRO_BULL|ABOVE_WVWAP|RVOL|ENTRY_TRIGGER,401.45,401.924,36.62,-0.149,0.872,1.05,402.1071,404.0459,401.2709,BULL,401.45,402.2763,40.16,0.187,11.49,False,True,False,False,False,False,False,False
2026-08-27T13:15:17,BAJAJFINSV,2026-08-27 13:10:00+05:30,BEAR,NO_SIGNAL,40.0,,MACRO_BEAR|RVOL|ENTRY_TRIGGER,2007.1,2006.9191,50.13,0.065,0.323,1.05,2009.137,2008.0772,2011.5155,BEAR,2007.1,2008.0953,47.62,-0.09,11.49,False,False,False,False,False,False,False,False
2026-08-27T13:15:18,MAXHEALTH,2026-08-27 13:10:00+05:30,BULL,NO_SIGNAL,40.0,,MACRO_BULL|RVOL|ENTRY_TRIGGER,1004.2,1003.347,53.78,0.36,0.17,1.05,1003.5576,1000.5217,1000.5469,BULL,1004.2,1005.5057,45.09,-0.01,27.71,False,False,False,False,False,False,False,False
2026-08-27T13:15:18,KOTAKBANK,2026-08-27 13:10:00+05:30,BULL,NEAR,80.0,,ENTRY_TRIGGER,426.6,425.1192,64.22,0.329,2.638,1.05,423.7824,411.9931,423.8111,BULL,426.6,422.5632,74.48,0.412,70.6,True,False,False,False,False,False,False,False
2026-08-27T13:15:19,APOLLOHOSP,2026-08-27 13:10:00+05:30,BULL,NO_SIGNAL,40.0,,MACRO_BULL|ST_BULL|ENTRY_TRIGGER,8783.5,8786.097,47.86,0.063,3.015,1.05,8788.7527,8727.9017,8802.3901,BEAR,8783.5,8787.3221,48.33,0.188,37.69,False,False,False,False,False,False,False,False
2026-08-27T13:15:20,CIPLA,2026-08-27 13:10:00+05:30,BULL,NO_SIGNAL,60.0,,ABOVE_WVWAP|ENTRY_TRIGGER,1415.5,1410.2153,72.41,0.54,2.146,1.05,1407.9221,1419.7433,1408.0044,BULL,1415.5,1409.2549,61.89,0.855,22.33,True,False,False,False,False,False,False,False
2026-08-27T13:15:20,JSWSTEEL,2026-08-27 13:10:00+05:30,BULL,NO_SIGNAL,20.0,,MACRO_BULL|ST_BULL|RVOL|ENTRY_TRIGGER,1337.8,1337.9997,49.21,0.075,0.845,1.05,1339.8006,1321.0633,1341.9595,BEAR,1337.8,1335.756,59.28,-0.119,51.72,False,False,False,False,False,False,False,False
2026-08-27T13:15:21,HCLTECH,2026-08-27 13:10:00+05:30,BULL,NO_SIGNAL,20.0,,MACRO_BULL|ABOVE_WVWAP|RVOL|ENTRY_TRIGGER,1289.4,1288.4304,55.53,0.186,0.502,1.05,1287.2646,1302.7123,1284.1049,BULL,1289.4,1290.0799,44.72,0.475,20.79,True,False,False,False,False,False,False,False
2026-08-27T13:15:21,TCS,2026-08-27 13:10:00+05:30,BULL,NO_SIGNAL,20.0,,MACRO_BULL|ABOVE_WVWAP|RVOL|ENTRY_TRIGGER,2256.2,2253.9422,55.66,0.374,0.389,1.05,2255.3163,2279.4403,2247.243,BULL,2256.2,2256.9365,45.5,0.151,14.28,True,False,False,False,False,False,False,False
2026-08-27T13:15:22,INDIGO,2026-08-27 13:10:00+05:30,BULL,NO_SIGNAL,40.0,,MACRO_BULL|ST_BULL|ENTRY_TRIGGER,5217.0,5220.2973,45.72,-0.201,2.814,1.05,5217.9458,5177.7019,5235.1014,BEAR,5217.0,5223.1922,47.02,-0.038,18.74,False,False,False,False,False,False,False,False
2026-08-27T13:15:22,BHARTIARTL,2026-08-27 13:10:00+05:30,BEAR,NEAR,80.0,,ENTRY_TRIGGER,1890.0,1900.4629,31.07,-0.735,1.485,1.05,1900.4491,1921.2229,1907.2143,BEAR,1890.0,1903.913,31.19,-0.652,31.78,False,True,False,False,False,False,False,False
2026-08-27T13:15:23,ETERNAL,2026-08-27 13:10:00+05:30,BULL,NO_SIGNAL,60.0,,RVOL|ENTRY_TRIGGER,328.65,328.0481,59.83,0.551,0.79,1.05,327.6396,328.1318,327.2955,BULL,328.65,327.5229,57.41,0.813,23.18,True,False,False,False,False,False,False,False
2026-08-27T13:15:23,LT,2026-08-27 13:10:00+05:30,BULL,NO_SIGNAL,20.0,,MACRO_BULL|ABOVE_WVWAP|RVOL|ENTRY_TRIGGER,4048.9,4043.8879,58.08,0.072,0.309,1.05,4040.7131,4079.0442,4034.6939,BULL,4048.9,4046.2777,49.87,0.397,32.58,True,False,False,False,False,False,False,False
2026-08-27T13:15:24,SHRIRAMFIN,2026-08-27 13:10:00+05:30,BULL,NO_SIGNAL,60.0,TREND_CONTINUATION,MACRO_BULL|ABOVE_WVWAP,1104.0,1100.6373,61.45,0.309,1.229,1.05,1101.2714,1117.03,1096.8976,BULL,1104.0,1104.3747,46.47,0.191,28.44,True,False,False,False,False,False,True,False
2026-08-27T13:15:24,GRASIM,2026-08-27 13:10:00+05:30,BEAR,NEAR,80.0,,ENTRY_TRIGGER,3270.3,3276.9373,30.04,-0.277,2.46,1.05,3281.4927,3275.9788,3278.3569,BEAR,3270.3,3280.3008,42.83,-0.402,29.81,False,True,False,False,False,False,False,False
2026-08-27T13:15:25,AXISBANK,2026-08-27 13:10:00+05:30,BULL,SIGNAL,100.0,BREAKOUT_CONTINUATION,,1264.9,1259.4153,72.31,0.493,3.514,1.05,1259.0349,1246.3086,1256.3875,BULL,1264.9,1257.4484,70.92,0.517,37.29,True,False,False,False,True,False,False,False
2026-08-27T13:15:25,POWERGRID,2026-08-27 13:10:00+05:30,BULL,NO_SIGNAL,20.0,,MACRO_BULL|ABOVE_WVWAP|RVOL|ENTRY_TRIGGER,264.45,264.4603,50.71,-0.057,0.299,1.05,263.7808,268.1583,263.9568,BULL,264.45,264.8922,41.72,0.704,32.39,False,False,False,False,False,False,False,False
2026-08-27T13:15:26,ADANIENT,2026-08-27 13:10:00+05:30,BULL,NO_SIGNAL,60.0,,RVOL|ENTRY_TRIGGER,3160.0,3153.0532,62.66,0.263,0.548,1.05,3147.1661,3084.2982,3147.0394,BULL,3160.0,3143.7334,71.25,0.503,48.29,True,False,False,False,False,False,False,False
2026-08-27T13:15:26,TECHM,2026-08-27 13:10:00+05:30,BULL,NO_SIGNAL,60.0,,ST_BULL|ENTRY_TRIGGER,1588.8,1590.0398,47.4,-0.17,2.746,1.05,1589.894,1583.6064,1595.6288,BEAR,1588.8,1586.7368,54.67,0.05,32.41,False,False,False,False,False,False,False,False
2026-08-27T13:15:27,ICICIBANK,2026-08-27 13:10:00+05:30,BULL,NO_SIGNAL,60.0,,RVOL|ENTRY_TRIGGER,1449.8,1445.0362,70.39,0.395,0.575,1.05,1442.7529,1428.3068,1441.8414,BULL,1449.8,1441.7159,75.39,0.688,36.22,True,False,False,False,False,False,False,False
2026-08-27T13:15:27,JIOFIN,2026-08-27 13:10:00+05:30,BEAR,NO_SIGNAL,40.0,,ST_BEAR|RVOL|ENTRY_TRIGGER,239.8,239.8454,47.59,0.146,0.674,1.05,240.3038,242.0977,239.3438,BULL,239.8,240.446,38.15,-0.291,29.96,False,False,False,False,False,False,False,False
2026-08-27T13:15:28,TATASTEEL,2026-08-27 13:10:00+05:30,BULL,NO_SIGNAL,40.0,,MACRO_BULL|RVOL|ENTRY_TRIGGER,187.91,188.2212,44.25,-0.239,0.344,1.05,188.5909,186.2881,187.5726,BULL,187.91,187.8223,52.99,-0.212,38.22,False,True,False,False,False,False,False,False
2026-08-27T13:15:28,TITAN,2026-08-27 13:10:00+05:30,BULL,NO_SIGNAL,60.0,,RVOL|ENTRY_TRIGGER,5154.3,5140.4396,71.14,0.272,0.557,1.05,5111.997,5098.328,5135.5766,BULL,5154.3,5122.6368,71.81,1.273,32.25,True,False,False,False,False,False,False,False
2026-08-27T13:15:29,INFY,2026-08-27 13:10:00+05:30,BEAR,NO_SIGNAL,40.0,,MACRO_BEAR|RVOL|ENTRY_TRIGGER,1111.5,1111.5399,47.9,0.0,0.613,1.05,1114.6015,1126.6641,1113.6855,BEAR,1111.5,1114.4225,38.92,-0.43,9.02,False,False,False,False,False,False,False,False
2026-08-27T13:15:29,TRENT,2026-08-27 13:10:00+05:30,BEAR,NEAR,80.0,BREAKOUT_CONTINUATION,MACRO_BEAR,2881.7,2889.0391,37.53,-0.194,1.296,1.05,2894.5867,2914.3652,2897.1733,BEAR,2881.7,2896.8301,34.97,-0.747,18.39,False,True,False,False,False,True,False,False
2026-08-27T13:15:30,ASIANPAINT,2026-08-27 13:10:00+05:30,BULL,NO_SIGNAL,40.0,,MACRO_BULL|RVOL|ENTRY_TRIGGER,2651.0,2648.0567,57.8,0.0,0.24,1.05,2643.6364,2633.8197,2640.6615,BULL,2651.0,2645.3178,58.7,0.565,14.48,False,False,False,False,False,False,False,False
2026-08-27T13:15:31,ULTRACEMCO,2026-08-27 13:10:00+05:30,BULL,NEAR,80.0,VWAP_PULLBACK,MACRO_BULL,11761.0,11741.4815,57.15,0.376,1.56,1.05,11741.695,11608.7676,11697.1901,BULL,11761.0,11726.4612,58.65,-0.136,26.15,True,False,True,False,False,False,False,False
2026-08-27T13:15:31,HDFCBANK,2026-08-27 13:10:00+05:30,BEAR,NO_SIGNAL,60.0,,ST_BEAR|ENTRY_TRIGGER,717.2,714.8872,60.49,0.815,2.336,1.05,716.7331,722.9503,712.567,BULL,717.2,718.6652,42.1,-0.499,44.13,True,False,False,False,False,False,False,False
2026-08-27T13:15:32,RELIANCE,2026-08-27 13:10:00+05:30,BULL,NO_SIGNAL,20.0,,MACRO_BULL|ABOVE_WVWAP|RVOL|ENTRY_TRIGGER,1295.1,1293.6253,56.44,0.333,0.488,1.05,1294.4909,1303.6692,1290.1074,BULL,1295.1,1296.4051,43.45,-0.277,20.99,True,False,False,False,False,False,False,False
2026-08-27T13:15:32,M&M,2026-08-27 13:10:00+05:30,BEAR,NO_SIGNAL,60.0,,RVOL|ENTRY_TRIGGER,3370.1,3366.7311,54.35,0.021,0.315,1.05,3372.6941,3406.6655,3373.7578,BEAR,3370.1,3380.0044,35.49,-0.181,40.22,False,False,False,False,False,False,False,False
2026-08-27T13:15:33,SUNPHARMA,2026-08-27 13:10:00+05:30,BEAR,NO_SIGNAL,40.0,,MACRO_BEAR|RVOL|ENTRY_TRIGGER,1910.7,1910.9925,49.13,0.037,0.344,1.05,1910.3332,1912.342,1914.1721,BEAR,1910.7,1911.5576,47.56,0.378,11.31,False,False,False,False,False,False,False,False
2026-08-27T13:20:07,BEL,2026-08-27 13:15:00+05:30,BULL,NO_SIGNAL,40.0,VWAP_PULLBACK,MACRO_BULL|RVOL|ENTRY_TRIGGER,410.55,410.642,49.45,0.061,1.011,1.05,410.5109,409.2617,409.8555,BULL,410.45,410.2318,53.11,0.0,23.61,False,False,True,False,False,False,False,False
2026-08-27T13:20:07,TATACONSUM,2026-08-27 13:15:00+05:30,BEAR,NO_SIGNAL,60.0,,RVOL|ENTRY_TRIGGER,1036.6,1038.0547,38.43,-0.058,0.544,1.05,1039.8092,1048.9519,1040.8284,BEAR,1036.7,1040.5431,33.74,-0.346,30.05,False,True,False,False,False,False,False,False
2026-08-27T13:20:08,BAJAJ-AUTO,2026-08-27 13:15:00+05:30,BULL,NO_SIGNAL,40.0,,ABOVE_WVWAP|RVOL|ENTRY_TRIGGER,11706.0,11690.4954,58.62,0.171,0.399,1.05,11676.1058,11773.5605,11662.9242,BULL,11716.0,11699.0515,51.79,0.567,23.36,True,False,False,False,False,False,False,False
2026-08-27T13:20:08,NESTLEIND,2026-08-27 13:15:00+05:30,BULL,NO_SIGNAL,20.0,,MACRO_BULL|ABOVE_WVWAP|RVOL|ENTRY_TRIGGER,1446.3,1445.1996,54.42,0.263,0.708,1.05,1450.0588,1462.3957,1441.6805,BULL,1445.9,1447.5543,41.87,0.028,11.31,False,False,False,False,False,False,False,False
2026-08-27T13:20:09,BAJFINANCE,2026-08-27 13:15:00+05:30,BEAR,NO_SIGNAL,60.0,,RVOL|ENTRY_TRIGGER,1086.6,1087.4538,44.96,-0.239,0.831,1.05,1093.2593,1086.6302,1090.5419,BEAR,1087.3,1088.3795,47.83,-0.376,26.77,False,True,False,False,False,False,False,False
2026-08-27T13:20:09,HINDALCO,2026-08-27 13:15:00+05:30,BEAR,NO_SIGNAL,60.0,,RVOL|ENTRY_TRIGGER,1031.75,1035.0757,25.1,-0.304,0.759,1.05,1041.4474,1049.1668,1036.6748,BEAR,1032.2,1040.618,24.7,-1.286,37.73,False,True,False,False,False,False,False,False
2026-08-27T13:20:10,NTPC,2026-08-27 13:15:00+05:30,BEAR,NO_SIGNAL,60.0,,RVOL|ENTRY_TRIGGER,330.0,330.1022,46.77,-0.121,0.825,1.05,330.4892,336.1103,331.363,BEAR,329.75,331.9269,27.35,-0.408,41.19,False,False,False,False,False,False,False,False
2026-08-27T13:20:10,HDFCLIFE,2026-08-27 13:15:00+05:30,BEAR,SIGNAL,100.0,BREAKOUT_CONTINUATION,,551.05,551.9659,38.06,-0.009,1.591,1.05,553.1018,554.5709,553.1682,BEAR,551.75,553.612,40.01,-0.505,25.18,False,True,False,False,False,True,False,True
2026-08-27T13:20:11,SBILIFE,2026-08-27 13:15:00+05:30,BULL,NO_SIGNAL,20.0,,MACRO_BULL|ST_BULL|RVOL|ENTRY_TRIGGER,1780.7,1782.8257,42.83,-0.017,0.899,1.05,1784.2188,1770.6187,1786.635,BEAR,1782.0,1782.0131,51.34,-0.536,19.7,False,True,False,False,False,False,False,False
2026-08-27T13:20:11,HINDUNILVR,2026-08-27 13:15:00+05:30,BEAR,NO_SIGNAL,40.0,,MACRO_BEAR|RVOL|ENTRY_TRIGGER,2009.6,2010.3782,45.02,-0.06,0.558,1.05,2011.1109,2021.0654,2014.6502,BEAR,2009.1,2013.9602,36.25,0.194,25.95,False,False,False,False,False,False,False,False
2026-08-27T13:20:12,MARUTI,2026-08-27 13:15:00+05:30,BEAR,NO_SIGNAL,40.0,,MACRO_BEAR|RVOL|ENTRY_TRIGGER,13447.0,13446.5599,48.86,-0.022,0.61,1.05,13450.3851,13538.7865,13477.1992,BEAR,13450.0,13477.9416,40.96,0.209,21.06,False,False,False,False,False,False,False,False
2026-08-27T13:20:12,ITC,2026-08-27 13:15:00+05:30,BEAR,NO_SIGNAL,60.0,,RVOL|ENTRY_TRIGGER,269.45,269.2311,56.76,0.13,0.557,1.05,269.5057,270.0246,269.9529,BEAR,269.3,269.6911,41.52,-0.222,32.51,True,False,False,False,False,False,True,False
2026-08-27T13:20:13,TMPV,2026-08-27 13:15:00+05:30,BULL,NO_SIGNAL,60.0,,RVOL|ENTRY_TRIGGER,316.6,316.7925,49.27,-0.362,0.219,1.05,316.4775,314.6544,315.8841,BULL,316.85,316.047,56.53,0.523,35.52,False,False,False,False,False,False,False,False
2026-08-27T13:20:13,ADANIPORTS,2026-08-27 13:15:00+05:30,BULL,NO_SIGNAL,60.0,,RVOL|ENTRY_TRIGGER,1710.9,1707.7885,61.86,0.058,0.482,1.05,1702.3718,1693.0979,1702.9858,BULL,1711.8,1702.0083,72.32,0.991,41.04,True,False,False,False,False,False,False,False
2026-08-27T13:20:14,DRREDDY,2026-08-27 13:15:00+05:30,BEAR,NO_SIGNAL,60.0,,MACRO_BEAR|ENTRY_TRIGGER,1180.8,1183.1492,34.47,-0.338,1.163,1.05,1183.2373,1186.4089,1184.3273,BEAR,1180.4,1184.4932,40.14,0.195,11.37,False,True,False,False,False,False,False,False
2026-08-27T13:20:15,WIPRO,2026-08-27 13:15:00+05:30,BULL,NO_SIGNAL,20.0,,MACRO_BULL|ABOVE_WVWAP|RVOL|ENTRY_TRIGGER,177.51,177.3569,58.02,0.152,0.666,1.05,177.3224,179.7301,177.0406,BULL,177.5,177.4077,48.96,0.192,15.23,True,False,False,False,False,False,False,False
2026-08-27T13:20:15,ONGC,2026-08-27 13:15:00+05:30,BEAR,NO_SIGNAL,40.0,,MACRO_BEAR|RVOL|ENTRY_TRIGGER,233.23,233.2128,51.19,0.202,0.441,1.05,233.1309,234.3511,233.5663,BEAR,233.43,233.0796,54.26,0.517,21.4,False,False,False,False,False,False,False,False
2026-08-27T13:20:16,SBIN,2026-08-27 13:15:00+05:30,BEAR,NO_SIGNAL,40.0,,BELOW_WVWAP|RVOL|ENTRY_TRIGGER,1046.4,1045.9139,51.17,0.019,0.627,1.05,1047.3001,1043.0861,1048.2531,BEAR,1046.5,1048.1482,42.74,-0.019,29.29,False,False,False,False,False,False,False,False
2026-08-27T13:20:16,EICHERMOT,2026-08-27 13:15:00+05:30,BULL,NO_SIGNAL,60.0,,ST_BULL|ENTRY_TRIGGER,8051.0,8042.3614,56.73,0.087,1.572,1.05,8030.5474,8040.8557,8058.4996,BEAR,8052.0,8044.2268,52.15,0.412,30.12,True,False,False,False,False,False,False,False
2026-08-27T13:20:17,COALINDIA,2026-08-27 13:15:00+05:30,BEAR,NEAR,80.0,VWAP_PULLBACK,MACRO_BEAR,401.0,401.84,29.62,-0.274,2.974,1.05,402.0569,404.0343,402.2021,BEAR,401.45,402.2763,40.16,0.187,11.49,False,True,False,True,False,True,False,False
2026-08-27T13:20:17,BAJAJFINSV,2026-08-27 13:15:00+05:30,BULL,NO_SIGNAL,40.0,,MACRO_BULL|ST_BULL|ENTRY_TRIGGER,2008.2,2007.0355,53.59,0.165,1.12,1.05,2009.1063,2008.0767,2011.5155,BEAR,2007.1,2008.0953,47.62,-0.09,11.49,False,False,False,False,False,False,False,False
2026-08-27T13:20:18,MAXHEALTH,2026-08-27 13:15:00+05:30,BULL,NO_SIGNAL,60.0,VWAP_PULLBACK,MACRO_BULL|RVOL,1005.7,1003.5609,59.71,0.259,0.421,1.05,1003.573,1000.5299,1000.5469,BULL,1004.2,1005.5057,45.09,-0.01,27.71,True,False,True,False,False,False,False,False
2026-08-27T13:20:18,KOTAKBANK,2026-08-27 13:15:00+05:30,BULL,NO_SIGNAL,60.0,,RVOL|ENTRY_TRIGGER,426.15,425.2129,59.82,0.235,0.89,1.05,423.8136,412.0542,423.8111,BULL,426.6,422.5632,74.48,0.412,70.6,True,False,False,False,False,False,False,False
2026-08-27T13:20:19,APOLLOHOSP,2026-08-27 13:15:00+05:30,BULL,NO_SIGNAL,20.0,,MACRO_BULL|ST_BULL|RVOL|ENTRY_TRIGGER,8781.0,8785.6337,46.07,0.034,0.537,1.05,8788.6827,8727.97,8802.3901,BEAR,8783.5,8787.3221,48.33,0.188,37.69,False,False,False,False,False,False,False,False
2026-08-27T13:20:19,CIPLA,2026-08-27 13:15:00+05:30,BULL,NO_SIGNAL,40.0,,ABOVE_WVWAP|RVOL|ENTRY_TRIGGER,1414.7,1410.623,68.22,0.447,0.993,1.05,1408.0216,1419.7348,1408.0044,BULL,1415.5,1409.2549,61.89,0.855,22.33,True,False,False,False,False,False,False,False
2026-08-27T13:20:20,JSWSTEEL,2026-08-27 13:15:00+05:30,BULL,NO_SIGNAL,20.0,,MACRO_BULL|ST_BULL|RVOL|ENTRY_TRIGGER,1338.4,1338.0361,51.7,0.112,0.186,1.05,1339.796,1321.0712,1341.9595,BEAR,1337.8,1335.756,59.28,-0.119,51.72,False,False,False,False,False,False,False,False
2026-08-27T13:20:20,HCLTECH,2026-08-27 13:15:00+05:30,BULL,NO_SIGNAL,20.0,,MACRO_BULL|ABOVE_WVWAP|RVOL|ENTRY_TRIGGER,1288.7,1288.4549,51.97,0.031,0.346,1.05,1287.2766,1302.6816,1284.1049,BULL,1289.4,1290.0799,44.72,0.475,20.79,False,False,False,False,False,False,False,False
2026-08-27T13:20:21,TCS,2026-08-27 13:15:00+05:30,BULL,NO_SIGNAL,20.0,,MACRO_BULL|ABOVE_WVWAP|RVOL|ENTRY_TRIGGER,2257.7,2254.2838,58.7,0.4,0.699,1.05,2255.3376,2279.3907,2247.243,BULL,2256.2,2256.9365,45.5,0.151,14.28,True,False,False,False,False,False,False,False
2026-08-27T13:20:21,INDIGO,2026-08-27 13:15:00+05:30,BULL,NO_SIGNAL,40.0,VWAP_PULLBACK,MACRO_BULL|ST_BULL|ENTRY_TRIGGER,5222.0,5220.4521,51.41,-0.057,1.248,1.05,5218.0199,5177.8235,5235.1014,BEAR,5217.0,5223.1922,47.02,-0.038,18.74,False,False,True,False,False,False,False,False
2026-08-27T13:20:22,BHARTIARTL,2026-08-27 13:15:00+05:30,BEAR,NEAR,80.0,,ENTRY_TRIGGER,1887.5,1899.2845,28.58,-0.621,1.266,1.05,1900.1558,1920.9591,1904.3979,BEAR,1890.0,1903.913,31.19,-0.652,31.78,False,True,False,False,False,False,False,False
2026-08-27T13:20:23,ETERNAL,2026-08-27 13:15:00+05:30,BULL,NO_SIGNAL,60.0,,RVOL|ENTRY_TRIGGER,328.75,328.1119,60.86,0.597,0.823,1.05,327.6556,328.1334,327.2955,BULL,328.65,327.5229,57.41,0.813,23.18,True,False,False,False,False,False,False,False
2026-08-27T13:20:23,LT,2026-08-27 13:15:00+05:30,BULL,NO_SIGNAL,20.0,,MACRO_BULL|ABOVE_WVWAP|RVOL|ENTRY_TRIGGER,4051.6,4044.589,61.07,0.21,0.601,1.05,4040.849,4078.9818,4034.6939,BULL,4048.9,4046.2777,49.87,0.397,32.58,True,False,False,False,False,False,False,False
2026-08-27T13:20:24,SHRIRAMFIN,2026-08-27 13:15:00+05:30,BULL,NO_SIGNAL,20.0,,MACRO_BULL|ABOVE_WVWAP|RVOL|ENTRY_TRIGGER,1103.2,1100.8702,58.24,0.2,0.77,1.05,1101.297,1116.9891,1097.3836,BULL,1104.0,1104.3747,46.47,0.191,28.44,True,False,False,False,False,False,False,False
2026-08-27T13:20:24,GRASIM,2026-08-27 13:15:00+05:30,BEAR,NO_SIGNAL,60.0,,RVOL|ENTRY_TRIGGER,3272.0,3276.4884,35.62,-0.183,0.887,1.05,3281.3011,3275.971,3278.3569,BEAR,3270.3,3280.3008,42.83,-0.402,29.81,False,True,False,False,False,False,False,False
2026-08-27T13:20:25,AXISBANK,2026-08-27 13:15:00+05:30,BULL,NEAR,80.0,,ENTRY_TRIGGER,1266.7,1260.0775,75.66,0.652,1.064,1.05,1259.2046,1246.4572,1258.7322,BULL,1264.9,1257.4484,70.92,0.517,37.29,True,False,False,False,False,False,False,False
2026-08-27T13:20:25,POWERGRID,2026-08-27 13:15:00+05:30,BULL,NO_SIGNAL,20.0,,MACRO_BULL|ABOVE_WVWAP|RVOL|ENTRY_TRIGGER,264.45,264.4594,50.71,-0.019,0.334,1.05,263.7838,268.1543,263.9568,BULL,264.45,264.8922,41.72,0.704,32.39,False,False,False,False,False,False,False,False
2026-08-27T13:20:26,ADANIENT,2026-08-27 13:15:00+05:30,BULL,NO_SIGNAL,60.0,,RVOL|ENTRY_TRIGGER,3159.7,3153.6575,62.1,0.324,0.794,1.05,3147.3497,3084.5017,3147.0394,BULL,3160.0,3143.7334,71.25,0.503,48.29,True,False,False,False,False,False,False,False
2026-08-27T13:20:26,TECHM,2026-08-27 13:15:00+05:30,BULL,NO_SIGNAL,40.0,,ST_BULL|RVOL|ENTRY_TRIGGER,1589.6,1589.9998,49.31,0.101,0.493,1.05,1589.8861,1583.6183,1595.6288,BEAR,1588.8,1586.7368,54.67,0.05,32.41,False,False,False,False,False,False,False,False
2026-08-27T13:20:27,ICICIBANK,2026-08-27 13:15:00+05:30,BULL,NO_SIGNAL,60.0,,RVOL|ENTRY_TRIGGER,1449.8,1445.4693,70.39,0.416,0.631,1.05,1442.8645,1428.3977,1441.9074,BULL,1449.8,1441.7159,75.39,0.688,36.22,True,False,False,False,False,False,False,False
2026-08-27T13:20:27,JIOFIN,2026-08-27 13:15:00+05:30,BEAR,NO_SIGNAL,40.0,,ST_BEAR|RVOL|ENTRY_TRIGGER,239.7,239.8321,45.12,0.167,0.708,1.05,240.2985,242.0935,239.3438,BULL,239.8,240.446,38.15,-0.291,29.96,False,False,False,False,False,False,False,False
2026-08-27T13:20:28,TATASTEEL,2026-08-27 13:15:00+05:30,BULL,NO_SIGNAL,40.0,,MACRO_BULL|RVOL|ENTRY_TRIGGER,187.91,188.193,44.25,-0.106,0.347,1.05,188.5865,186.2908,187.5726,BULL,187.91,187.8223,52.99,-0.212,38.22,False,True,False,False,False,False,False,False
2026-08-27T13:20:28,TITAN,2026-08-27 13:15:00+05:30,BULL,NO_SIGNAL,60.0,,RVOL|ENTRY_TRIGGER,5150.4,5141.3451,65.08,0.198,0.949,1.05,5112.5234,5098.6263,5135.5766,BULL,5154.3,5122.6368,71.81,1.273,32.25,True,False,False,False,False,False,False,False
2026-08-27T13:20:29,INFY,2026-08-27 13:15:00+05:30,BEAR,NO_SIGNAL,40.0,,MACRO_BEAR|RVOL|ENTRY_TRIGGER,1112.2,1111.5999,51.32,0.153,0.501,1.05,1114.5747,1126.6435,1113.6855,BEAR,1111.5,1114.4225,38.92,-0.43,9.02,False,False,False,False,False,False,False,False
2026-08-27T13:20:29,TRENT,2026-08-27 13:15:00+05:30,BEAR,NO_SIGNAL,40.0,,MACRO_BEAR|RVOL|ENTRY_TRIGGER,2883.0,2888.4901,39.79,-0.415,0.916,1.05,2894.2889,2914.2331,2894.1629,BEAR,2881.7,2896.8301,34.97,-0.747,18.39,False,True,False,False,False,False,False,False
2026-08-27T13:20:30,ASIANPAINT,2026-08-27 13:15:00+05:30,BULL,NO_SIGNAL,40.0,,MACRO_BULL|RVOL|ENTRY_TRIGGER,2651.2,2648.3425,58.16,0.11,0.43,1.05,2643.7062,2633.8551,2641.1696,BULL,2651.0,2645.3178,58.7,0.565,14.48,True,False,False,False,False,False,False,False
2026-08-27T13:20:30,ULTRACEMCO,2026-08-27 13:15:00+05:30,BULL,NEAR,80.0,VWAP_PULLBACK,MACRO_BULL,11764.0,11743.5286,58.0,0.418,1.06,1.05,11742.2165,11609.5485,11702.4448,BULL,11761.0,11726.4612,58.65,-0.136,26.15,True,False,True,False,False,False,False,False
2026-08-27T13:20:31,HDFCBANK,2026-08-27 13:15:00+05:30,BEAR,NO_SIGNAL,40.0,VWAP_PULLBACK,ST_BEAR|RVOL|ENTRY_TRIGGER,716.1,714.9975,53.76,0.753,0.578,1.05,716.7297,722.9169,713.0039,BULL,717.2,718.6652,42.1,-0.499,44.13,False,False,False,True,False,False,False,False
2026-08-27T13:20:31,RELIANCE,2026-08-27 13:15:00+05:30,BULL,NO_SIGNAL,20.0,,MACRO_BULL|ABOVE_WVWAP|RVOL|ENTRY_TRIGGER,1294.1,1293.6684,51.45,0.232,0.562,1.05,1294.4906,1303.6404,1290.1074,BULL,1295.1,1296.4051,43.45,-0.277,20.99,False,False,False,True,False,False,False,False
2026-08-27T13:20:32,M&M,2026-08-27 13:15:00+05:30,BEAR,SIGNAL,100.0,VWAP_PULLBACK,,3357.6,3365.901,35.28,-0.359,1.133,1.05,3372.4063,3406.3084,3373.7578,BEAR,3370.1,3380.0044,35.49,-0.181,40.22,False,True,False,True,False,True,False,True
2026-08-27T13:20:32,SUNPHARMA,2026-08-27 13:15:00+05:30,BEAR,NO_SIGNAL,40.0,,MACRO_BEAR|RVOL|ENTRY_TRIGGER,1910.9,1910.9841,49.64,0.068,0.419,1.05,1910.331,1912.3389,1914.1721,BEAR,1910.7,1911.5576,47.56,0.378,11.31,False,False,False,False,False,False,False,False
2026-08-27T13:25:06,BEL,2026-08-27 13:20:00+05:30,BULL,NO_SIGNAL,60.0,,MACRO_BULL|ENTRY_TRIGGER,410.3,410.6109,45.31,-0.134,1.234,1.05,410.5081,409.2646,409.8555,BULL,410.45,410.2318,53.11,0.0,23.61,False,False,False,False,False,False,False,False
2026-08-27T13:25:07,TATACONSUM,2026-08-27 13:20:00+05:30,BEAR,NO_SIGNAL,60.0,,RVOL|ENTRY_TRIGGER,1036.8,1037.9407,39.94,-0.067,0.683,1.05,1039.7649,1048.9184,1040.8095,BEAR,1036.7,1040.5431,33.74,-0.346,30.05,False,True,False,False,False,False,False,False
2026-08-27T13:25:07,BAJAJ-AUTO,2026-08-27 13:20:00+05:30,BULL,NO_SIGNAL,40.0,,ABOVE_WVWAP|RVOL|ENTRY_TRIGGER,11712.0,11692.4503,60.76,0.283,0.327,1.05,11676.3271,11773.4692,11663.1493,BULL,11716.0,11699.0515,51.79,0.567,23.36,True,False,False,False,False,False,False,False
2026-08-27T13:25:08,NESTLEIND,2026-08-27 13:20:00+05:30,BULL,NO_SIGNAL,20.0,,MACRO_BULL|ABOVE_WVWAP|RVOL|ENTRY_TRIGGER,1446.3,1445.2997,54.42,0.152,0.939,1.05,1450.0204,1462.3787,1441.7957,BULL,1445.9,1447.5543,41.87,0.028,11.31,False,False,False,False,False,False,False,False
2026-08-27T13:25:08,BAJFINANCE,2026-08-27 13:20:00+05:30,BEAR,NO_SIGNAL,60.0,,RVOL|ENTRY_TRIGGER,1086.2,1087.3398,43.44,-0.165,0.433,1.05,1093.2109,1086.6296,1090.5419,BEAR,1087.3,1088.3795,47.83,-0.376,26.77,False,True,False,False,False,False,False,False
2026-08-27T13:25:09,HINDALCO,2026-08-27 13:20:00+05:30,BEAR,NO_SIGNAL,60.0,,RVOL|ENTRY_TRIGGER,1032.1,1034.8052,27.95,-0.285,0.669,1.05,1041.3616,1049.144,1036.6748,BEAR,1032.2,1040.618,24.7,-1.286,37.73,False,True,False,False,False,False,False,False
2026-08-27T13:25:10,NTPC,2026-08-27 13:20:00+05:30,BEAR,NO_SIGNAL,60.0,,RVOL|ENTRY_TRIGGER,330.2,330.1111,49.11,-0.061,0.791,1.05,330.4844,336.0718,331.363,BEAR,329.75,331.9269,27.35,-0.408,41.19,False,False,False,False,False,False,False,False
2026-08-27T13:25:10,HDFCLIFE,2026-08-27 13:20:00+05:30,BEAR,NEAR,80.0,,ENTRY_TRIGGER,551.45,551.919,42.8,0.027,1.938,1.05,553.0615,554.5636,553.0442,BEAR,551.75,553.612,40.01,-0.505,25.18,False,False,False,False,False,False,False,False
2026-08-27T13:25:11,SBILIFE,2026-08-27 13:20:00+05:30,BULL,NO_SIGNAL,20.0,,MACRO_BULL|ST_BULL|RVOL|ENTRY_TRIGGER,1781.2,1782.6779,44.54,0.062,1.049,1.05,1784.1757,1770.639,1786.5771,BEAR,1782.0,1782.0131,51.34,-0.536,19.7,False,False,False,False,False,False,False,False
2026-08-27T13:25:11,HINDUNILVR,2026-08-27 13:20:00+05:30,BEAR,NO_SIGNAL,60.0,VWAP_PULLBACK,MACRO_BEAR|RVOL,2009.2,2010.2711,43.43,-0.045,0.58,1.05,2011.093,2021.0436,2014.6502,BEAR,2009.1,2013.9602,36.25,0.194,25.95,False,True,False,True,False,False,False,False
2026-08-27T13:25:12,MARUTI,2026-08-27 13:20:00+05:30,BEAR,NO_SIGNAL,40.0,VWAP_PULLBACK,MACRO_BEAR|RVOL|ENTRY_TRIGGER,13433.0,13445.3271,43.57,0.007,0.769,1.05,13450.1035,13538.3566,13477.1992,BEAR,13450.0,13477.9416,40.96,0.209,21.06,False,False,False,True,False,False,False,False
2026-08-27T13:25:12,ITC,2026-08-27 13:20:00+05:30,BEAR,NEAR,80.0,VWAP_PULLBACK,ENTRY_TRIGGER,269.25,269.2328,49.1,0.056,3.711,1.05,269.4877,270.0152,269.9529,BEAR,269.3,269.6911,41.52,-0.222,32.51,False,False,False,True,False,False,False,False
2026-08-27T13:25:13,TMPV,2026-08-27 13:20:00+05:30,BULL,NO_SIGNAL,60.0,,RVOL|ENTRY_TRIGGER,316.4,316.7568,47.13,-0.284,0.197,1.05,316.4776,314.6562,315.8841,BULL,316.85,316.047,56.53,0.523,35.52,False,False,False,False,False,False,False,False
2026-08-27T13:25:13,ADANIPORTS,2026-08-27 13:20:00+05:30,BULL,SIGNAL,100.0,BREAKOUT_CONTINUATION,,1715.4,1708.4805,69.3,0.48,2.568,1.05,1703.0278,1693.3564,1703.2941,BULL,1711.8,1702.0083,72.32,0.991,41.04,True,False,False,False,True,False,False,False
2026-08-27T13:25:14,DRREDDY,2026-08-27 13:20:00+05:30,BEAR,NEAR,80.0,BREAKOUT_CONTINUATION,MACRO_BEAR,1177.1,1182.5993,24.14,-0.7,6.156,1.05,1182.8014,1186.3443,1184.3273,BEAR,1180.4,1184.4932,40.14,0.195,11.37,False,True,False,False,False,True,False,False
2026-08-27T13:25:14,WIPRO,2026-08-27 13:20:00+05:30,BULL,NO_SIGNAL,20.0,,MACRO_BULL|ABOVE_WVWAP|RVOL|ENTRY_TRIGGER,177.6,177.379,61.08,0.248,0.562,1.05,177.3248,179.728,177.0877,BULL,177.5,177.4077,48.96,0.192,15.23,True,False,False,False,False,False,False,False
2026-08-27T13:25:15,ONGC,2026-08-27 13:20:00+05:30,BEAR,NO_SIGNAL,40.0,,MACRO_BEAR|RVOL|ENTRY_TRIGGER,233.35,233.2252,53.96,0.253,0.412,1.05,233.1324,234.3497,233.5663,BEAR,233.43,233.0796,54.26,0.517,21.4,False,False,False,False,False,False,False,False
2026-08-27T13:25:15,SBIN,2026-08-27 13:20:00+05:30,BEAR,NO_SIGNAL,40.0,,BELOW_WVWAP|RVOL|ENTRY_TRIGGER,1046.5,1045.9672,51.85,0.077,0.472,1.05,1047.292,1043.0894,1048.2531,BEAR,1046.5,1048.1482,42.74,-0.019,29.29,False,False,False,False,False,False,False,False
2026-08-27T13:25:16,EICHERMOT,2026-08-27 13:20:00+05:30,BULL,NO_SIGNAL,60.0,TREND_CONTINUATION,ST_BULL|RVOL,8053.0,8043.3285,57.93,0.155,0.223,1.05,8030.6388,8040.8665,8058.4996,BEAR,8052.0,8044.2268,52.15,0.412,30.12,True,False,False,False,False,False,True,False
2026-08-27T13:25:16,COALINDIA,2026-08-27 13:20:00+05:30,BEAR,NO_SIGNAL,60.0,,MACRO_BEAR|ENTRY_TRIGGER,401.0,401.7636,29.62,-0.249,13.67,1.05,401.8791,403.9868,402.0161,BEAR,401.45,402.2763,40.16,0.187,11.49,False,True,False,False,False,False,False,False
2026-08-27T13:25:17,BAJAJFINSV,2026-08-27 13:20:00+05:30,BEAR,NO_SIGNAL,60.0,VWAP_PULLBACK,MACRO_BEAR|ENTRY_TRIGGER,2007.1,2007.0414,49.87,0.095,6.882,1.05,2008.9201,2008.0689,2011.5155,BEAR,2007.1,2008.0953,47.62,-0.09,11.49,False,False,False,True,False,False,False,False
2026-08-27T13:25:17,MAXHEALTH,2026-08-27 13:20:00+05:30,BULL,NO_SIGNAL,40.0,,MACRO_BULL|RVOL|ENTRY_TRIGGER,1005.1,1003.7008,56.59,0.289,0.159,1.05,1003.5815,1000.5334,1000.8047,BULL,1004.2,1005.5057,45.09,-0.01,27.71,True,False,False,False,False,False,False,False
2026-08-27T13:25:18,KOTAKBANK,2026-08-27 13:20:00+05:30,BULL,NO_SIGNAL,60.0,,RVOL|ENTRY_TRIGGER,426.55,425.3344,62.29,0.507,0.543,1.05,423.8343,412.0929,423.8433,BULL,426.6,422.5632,74.48,0.412,70.6,True,False,False,False,False,False,False,False
2026-08-27T13:25:18,APOLLOHOSP,2026-08-27 13:20:00+05:30,BULL,NO_SIGNAL,40.0,,MACRO_BULL|ST_BULL|ENTRY_TRIGGER,8786.5,8785.7124,50.46,0.028,4.879,1.05,8788.3317,8728.6376,8802.3901,BEAR,8783.5,8787.3221,48.33,0.188,37.69,False,False,False,False,False,False,False,False
2026-08-27T13:25:19,CIPLA,2026-08-27 13:20:00+05:30,BULL,NO_SIGNAL,40.0,,ABOVE_WVWAP|RVOL|ENTRY_TRIGGER,1414.6,1410.9845,67.69,0.397,0.693,1.05,1408.0956,1419.7293,1408.0044,BULL,1415.5,1409.2549,61.89,0.855,22.33,True,False,False,False,False,False,False,False
2026-08-27T13:25:19,JSWSTEEL,2026-08-27 13:20:00+05:30,BULL,NO_SIGNAL,20.0,,MACRO_BULL|ST_BULL|RVOL|ENTRY_TRIGGER,1337.9,1338.0237,49.52,0.127,0.424,1.05,1339.7857,1321.0887,1341.9595,BEAR,1337.8,1335.756,59.28,-0.119,51.72,False,False,False,False,False,False,False,False
2026-08-27T13:25:20,HCLTECH,2026-08-27 13:20:00+05:30,BULL,NO_SIGNAL,20.0,,MACRO_BULL|ABOVE_WVWAP|RVOL|ENTRY_TRIGGER,1289.6,1288.559,55.88,0.171,0.683,1.05,1287.3034,1302.6231,1284.1049,BULL,1289.4,1290.0799,44.72,0.475,20.79,True,False,False,False,False,False,False,False
2026-08-27T13:25:21,TCS,2026-08-27 13:20:00+05:30,BULL,NO_SIGNAL,20.0,,MACRO_BULL|ABOVE_WVWAP|RVOL|ENTRY_TRIGGER,2258.2,2254.6398,59.69,0.405,0.559,1.05,2255.357,2279.3509,2247.243,BULL,2256.2,2256.9365,45.5,0.151,14.28,True,False,False,False,False,False,False,False
2026-08-27T13:25:21,INDIGO,2026-08-27 13:20:00+05:30,BULL,NO_SIGNAL,20.0,,MACRO_BULL|ST_BULL|RVOL|ENTRY_TRIGGER,5219.0,5220.3201,48.15,0.202,0.922,1.05,5218.0569,5177.9136,5235.1014,BEAR,5217.0,5223.1922,47.02,-0.038,18.74,False,False,False,False,False,False,False,False
2026-08-27T13:25:22,BHARTIARTL,2026-08-27 13:20:00+05:30,BEAR,NEAR,80.0,,ENTRY_TRIGGER,1886.0,1898.0768,27.17,-0.779,3.205,1.05,1899.253,1920.2311,1900.3768,BEAR,1890.0,1903.913,31.19,-0.652,31.78,False,True,False,False,False,False,False,False
2026-08-27T13:25:22,ETERNAL,2026-08-27 13:20:00+05:30,BULL,NO_SIGNAL,60.0,,RVOL|ENTRY_TRIGGER,328.85,328.179,61.91,0.397,0.784,1.05,327.6712,328.1351,327.2955,BULL,328.65,327.5229,57.41,0.813,23.18,True,False,False,False,False,False,False,False
2026-08-27T13:25:23,LT,2026-08-27 13:20:00+05:30,BULL,NO_SIGNAL,40.0,TREND_CONTINUATION,MACRO_BULL|ABOVE_WVWAP|RVOL,4053.0,4045.3536,62.56,0.25,0.327,1.05,4040.9421,4078.951,4037.6179,BULL,4048.9,4046.2777,49.87,0.397,32.58,True,False,False,False,False,False,True,False
2026-08-27T13:25:23,SHRIRAMFIN,2026-08-27 13:20:00+05:30,BULL,NO_SIGNAL,20.0,,MACRO_BULL|ABOVE_WVWAP|RVOL|ENTRY_TRIGGER,1103.2,1101.082,58.24,0.227,0.761,1.05,1101.3161,1116.9482,1097.3836,BULL,1104.0,1104.3747,46.47,0.191,28.44,True,False,False,False,False,False,False,False
2026-08-27T13:25:24,GRASIM,2026-08-27 13:20:00+05:30,BEAR,NO_SIGNAL,60.0,,RVOL|ENTRY_TRIGGER,3274.1,3276.2713,41.79,-0.061,0.806,1.05,3281.1543,3275.9662,3278.3569,BEAR,3270.3,3280.3008,42.83,-0.402,29.81,False,True,False,False,False,False,False,False
2026-08-27T13:25:24,AXISBANK,2026-08-27 13:20:00+05:30,BULL,NO_SIGNAL,60.0,,RVOL|ENTRY_TRIGGER,1263.7,1260.4068,62.15,0.469,0.586,1.05,1259.2737,1246.5329,1258.7322,BULL,1264.9,1257.4484,70.92,0.517,37.29,True,False,False,False,False,False,False,False
2026-08-27T13:25:25,POWERGRID,2026-08-27 13:20:00+05:30,BULL,NO_SIGNAL,60.0,TREND_CONTINUATION,MACRO_BULL|ABOVE_WVWAP,264.85,264.4949,59.62,0.038,1.435,1.05,263.7971,268.1426,263.9568,BULL,264.45,264.8922,41.72,0.704,32.39,True,False,False,False,False,False,True,False
2026-08-27T13:25:25,ADANIENT,2026-08-27 13:20:00+05:30,BULL,NO_SIGNAL,60.0,,RVOL|ENTRY_TRIGGER,3162.0,3154.4159,64.68,0.419,0.568,1.05,3147.4945,3084.6507,3148.2606,BULL,3160.0,3143.7334,71.25,0.503,48.29,True,False,False,False,False,False,False,False
2026-08-27T13:25:26,TECHM,2026-08-27 13:20:00+05:30,BULL,NO_SIGNAL,40.0,,ST_BULL|RVOL|ENTRY_TRIGGER,1588.4,1589.8544,46.58,-0.069,0.67,1.05,1589.87,1583.6331,1595.6288,BEAR,1588.8,1586.7368,54.67,0.05,32.41,False,False,False,False,False,False,False,False
2026-08-27T13:25:26,ICICIBANK,2026-08-27 13:20:00+05:30,BULL,NEAR,80.0,,ENTRY_TRIGGER,1450.5,1445.9266,71.98,0.527,1.193,1.05,1443.0779,1428.572,1442.2992,BULL,1449.8,1441.7159,75.39,0.688,36.22,True,False,False,False,False,False,False,False
2026-08-27T13:25:27,JIOFIN,2026-08-27 13:20:00+05:30,BEAR,NO_SIGNAL,40.0,,ST_BEAR|RVOL|ENTRY_TRIGGER,239.65,239.8156,43.9,0.167,0.506,1.05,240.2944,242.0904,239.3438,BULL,239.8,240.446,38.15,-0.291,29.96,False,False,False,False,False,False,False,False
2026-08-27T13:25:27,TATASTEEL,2026-08-27 13:20:00+05:30,BULL,NO_SIGNAL,40.0,,MACRO_BULL|RVOL|ENTRY_TRIGGER,187.96,188.1718,45.34,-0.128,0.57,1.05,188.58,186.2954,187.5726,BULL,187.91,187.8223,52.99,-0.212,38.22,False,False,False,False,False,False,False,False
2026-08-27T13:25:28,TITAN,2026-08-27 13:20:00+05:30,BULL,SIGNAL,100.0,BREAKOUT_CONTINUATION,,5174.6,5144.3683,77.75,0.732,5.706,1.05,5116.5452,5100.8422,5136.492,BULL,5154.3,5122.6368,71.81,1.273,32.25,True,False,False,False,True,False,False,False
2026-08-27T13:25:28,INFY,2026-08-27 13:20:00+05:30,BEAR,NO_SIGNAL,60.0,,MACRO_BEAR|ENTRY_TRIGGER,1112.7,1111.6999,53.67,0.171,2.565,1.05,1114.4655,1126.5426,1113.6855,BEAR,1111.5,1114.4225,38.92,-0.43,9.02,False,False,False,False,False,False,False,False
2026-08-27T13:25:29,TRENT,2026-08-27 13:20:00+05:30,BEAR,NO_SIGNAL,40.0,,MACRO_BEAR|RVOL|ENTRY_TRIGGER,2881.8,2887.8819,38.41,-0.349,0.638,1.05,2894.0866,2914.1418,2893.4396,BEAR,2881.7,2896.8301,34.97,-0.747,18.39,False,True,False,False,False,False,False,False
2026-08-27T13:25:29,ASIANPAINT,2026-08-27 13:20:00+05:30,BULL,NO_SIGNAL,40.0,,MACRO_BULL|RVOL|ENTRY_TRIGGER,2651.7,2648.6477,59.07,0.17,0.88,1.05,2643.8515,2633.9284,2641.974,BULL,2651.0,2645.3178,58.7,0.565,14.48,True,False,False,False,False,False,False,False
2026-08-27T13:25:30,ULTRACEMCO,2026-08-27 13:20:00+05:30,BULL,NO_SIGNAL,60.0,VWAP_PULLBACK,MACRO_BULL|RVOL,11773.0,11746.2079,60.53,0.839,0.512,1.05,11742.5792,11609.9466,11712.3812,BULL,11761.0,11726.4612,58.65,-0.136,26.15,True,False,True,False,False,False,True,False
2026-08-27T13:25:30,HDFCBANK,2026-08-27 13:20:00+05:30,BEAR,NO_SIGNAL,40.0,,ST_BEAR|RVOL|ENTRY_TRIGGER,717.15,715.1931,58.5,0.865,0.64,1.05,716.7302,722.8827,713.0039,BULL,717.2,718.6652,42.1,-0.499,44.13,True,False,False,False,False,False,False,False
2026-08-27T13:25:31,RELIANCE,2026-08-27 13:20:00+05:30,BULL,NO_SIGNAL,20.0,,MACRO_BULL|ABOVE_WVWAP|RVOL|ENTRY_TRIGGER,1295.4,1293.8258,56.8,0.24,0.879,1.05,1294.4991,1303.5976,1290.1074,BULL,1295.1,1296.4051,43.45,-0.277,20.99,True,False,False,False,False,False,False,False
2026-08-27T13:25:32,M&M,2026-08-27 13:20:00+05:30,BEAR,NEAR,80.0,BREAKOUT_CONTINUATION,RVOL,3354.9,3364.9009,32.61,-0.256,0.745,1.05,3372.1105,3406.0349,3373.7578,BEAR,3370.1,3380.0044,35.49,-0.181,40.22,False,True,False,False,False,True,False,False
2026-08-27T13:25:32,SUNPHARMA,2026-08-27 13:20:00+05:30,BEAR,NO_SIGNAL,40.0,,MACRO_BEAR|RVOL|ENTRY_TRIGGER,1910.5,1910.9401,48.59,-0.162,0.214,1.05,1910.3318,1912.3376,1914.1721,BEAR,1910.7,1911.5576,47.56,0.378,11.31,False,False,False,False,False,False,False,False
2026-08-27T13:30:44,BEL,2026-08-27 13:25:00+05:30,BULL,NO_SIGNAL,60.0,,RVOL|ENTRY_TRIGGER,410.3,410.5826,45.31,-0.146,0.716,1.1,410.5062,409.2663,409.8555,BULL,410.3,410.238,51.69,0.012,23.2,False,False,False,False,False,False,False,False
2026-08-27T13:30:44,TATACONSUM,2026-08-27 13:25:00+05:30,BEAR,NO_SIGNAL,60.0,,RVOL|ENTRY_TRIGGER,1036.6,1037.8188,38.91,-0.106,0.606,1.1,1039.7277,1048.8895,1040.8095,BEAR,1036.6,1040.1847,33.52,-0.154,30.62,False,True,False,False,False,False,False,False
2026-08-27T13:30:45,BAJAJ-AUTO,2026-08-27 13:25:00+05:30,BULL,NO_SIGNAL,20.0,,MACRO_BULL|ABOVE_WVWAP|RVOL|ENTRY_TRIGGER,11707.0,11693.773,58.06,0.077,0.332,1.1,11676.5401,11773.3749,11665.9851,BULL,11707.0,11699.7741,49.63,0.541,22.14,True,False,False,False,False,False,False,False
2026-08-27T13:30:45,NESTLEIND,2026-08-27 13:25:00+05:30,BULL,NO_SIGNAL,40.0,,MACRO_BULL|ABOVE_WVWAP|ENTRY_TRIGGER,1444.8,1445.2542,47.53,-0.035,1.1,1.1,1449.9574,1462.3567,1441.7957,BULL,1444.8,1447.3039,39.53,-0.048,10.53,False,False,False,False,False,False,False,False
2026-08-27T13:30:46,BAJFINANCE,2026-08-27 13:25:00+05:30,BEAR,NEAR,80.0,TREND_CONTINUATION,RVOL,1085.4,1087.1634,40.49,-0.376,0.664,1.1,1093.1302,1086.6264,1090.075,BEAR,1085.4,1088.1086,43.94,-0.44,25.46,False,True,False,False,False,False,False,True
2026-08-27T13:30:46,HINDALCO,2026-08-27 13:25:00+05:30,BEAR,NEAR,80.0,,ENTRY_TRIGGER,1030.55,1034.4184,23.65,-0.478,2.84,1.1,1040.9667,1049.0408,1035.9937,BEAR,1030.55,1039.7027,22.73,-1.345,39.47,False,True,False,False,False,False,False,False
2026-08-27T13:30:47,NTPC,2026-08-27 13:25:00+05:30,BEAR,NO_SIGNAL,60.0,VWAP_PULLBACK,RVOL|ENTRY_TRIGGER,330.15,330.1146,48.53,-0.181,0.605,1.1,330.48,336.0415,331.363,BEAR,330.15,331.7654,31.65,-0.166,41.38,False,False,False,True,False,False,False,False
2026-08-27T13:30:48,HDFCLIFE,2026-08-27 13:25:00+05:30,BEAR,NEAR,80.0,,ENTRY_TRIGGER,551.2,551.8536,40.7,-0.045,1.349,1.1,553.0324,554.5582,553.0442,BEAR,551.2,553.3927,38.09,-0.425,25.19,False,True,False,False,False,False,False,False
2026-08-27T13:30:48,SBILIFE,2026-08-27 13:25:00+05:30,BULL,NO_SIGNAL,20.0,,MACRO_BULL|ST_BULL|RVOL|ENTRY_TRIGGER,1781.5,1782.5709,45.59,0.039,1.051,1.1,1784.1358,1770.66,1786.5771,BEAR,1781.5,1781.9665,50.63,-0.697,19.07,False,False,False,False,False,False,False,False
2026-08-27T13:30:49,HINDUNILVR,2026-08-27 13:25:00+05:30,BEAR,NO_SIGNAL,60.0,,MACRO_BEAR|ENTRY_TRIGGER,2011.5,2010.3828,53.58,0.055,4.615,1.1,2011.0749,2020.9052,2014.6502,BEAR,2011.5,2013.7366,42.23,0.294,26.0,False,False,False,False,False,False,False,False
2026-08-27T13:30:49,MARUTI,2026-08-27 13:25:00+05:30,BEAR,NO_SIGNAL,40.0,,MACRO_BEAR|RVOL|ENTRY_TRIGGER,13440.0,13444.8429,46.68,0.007,0.493,1.1,13449.9458,13538.0831,13477.1992,BEAR,13440.0,13474.4924,39.25,0.015,21.44,False,False,False,False,False,False,False,False
2026-08-27T13:30:50,ITC,2026-08-27 13:25:00+05:30,BEAR,SIGNAL,100.0,VWAP_PULLBACK,,269.05,269.2162,42.88,-0.019,2.253,1.1,269.4724,270.0085,269.9529,BEAR,269.05,269.6328,38.48,-0.074,31.72,False,True,False,True,False,False,False,True
2026-08-27T13:30:50,TMPV,2026-08-27 13:25:00+05:30,BULL,NO_SIGNAL,60.0,,RVOL|ENTRY_TRIGGER,316.4,316.7244,47.13,-0.221,0.244,1.1,316.4773,314.658,315.8841,BULL,316.4,316.0791,53.43,0.46,35.48,False,False,False,False,False,False,False,False
2026-08-27T13:30:51,ADANIPORTS,2026-08-27 13:25:00+05:30,BULL,NEAR,80.0,,ENTRY_TRIGGER,1716.1,1709.1732,70.27,0.234,2.049,1.1,1703.6559,1693.6051,1705.7307,BULL,1716.1,1703.2894,76.37,1.269,42.15,True,False,False,False,False,False,False,False
2026-08-27T13:30:51,DRREDDY,2026-08-27 13:25:00+05:30,BEAR,NO_SIGNAL,60.0,BREAKOUT_CONTINUATION,MACRO_BEAR|RVOL,1174.5,1181.863,19.68,-0.911,0.794,1.1,1182.6993,1186.3303,1181.9527,BEAR,1174.5,1183.5847,31.72,-1.053,13.27,False,True,False,False,False,True,False,False
2026-08-27T13:30:52,WIPRO,2026-08-27 13:25:00+05:30,BULL,NO_SIGNAL,20.0,,MACRO_BULL|ABOVE_WVWAP|RVOL|ENTRY_TRIGGER,177.54,177.3936,58.05,0.186,0.53,1.1,177.3267,179.7263,177.1145,BULL,177.54,177.4198,49.99,0.26,14.58,True,False,False,False,False,False,False,False
2026-08-27T13:30:52,ONGC,2026-08-27 13:25:00+05:30,BULL,NO_SIGNAL,20.0,,MACRO_BULL|ABOVE_WVWAP|RVOL|ENTRY_TRIGGER,233.59,233.2584,58.98,0.326,0.985,1.1,233.14,234.3471,232.6527,BULL,233.59,233.126,56.09,0.633,21.38,True,False,False,False,False,False,False,False
2026-08-27T13:30:53,SBIN,2026-08-27 13:25:00+05:30,BULL,NO_SIGNAL,20.0,,MACRO_BULL|ST_BULL|RVOL|ENTRY_TRIGGER,1046.6,1046.0247,52.55,0.067,0.779,1.1,1047.2815,1043.0951,1048.2531,BEAR,1046.6,1048.0074,43.14,0.01,29.29,False,False,False,False,False,False,False,False
2026-08-27T13:30:53,EICHERMOT,2026-08-27 13:25:00+05:30,BULL,NO_SIGNAL,20.0,,MACRO_BULL|ST_BULL|RVOL|ENTRY_TRIGGER,8045.0,8043.4805,51.76,-0.056,0.258,1.1,8030.7258,8040.8749,8058.4996,BEAR,8045.0,8044.2971,49.74,0.037,29.21,False,False,False,False,False,False,False,False
2026-08-27T13:30:54,COALINDIA,2026-08-27 13:25:00+05:30,BEAR,NO_SIGNAL,60.0,,MACRO_BEAR|ENTRY_TRIGGER,400.75,401.6715,26.37,-0.361,2.713,1.1,401.8206,403.9702,401.8031,BEAR,400.75,402.1375,35.15,0.087,12.03,False,True,False,False,False,False,False,False
2026-08-27T13:30:54,BAJAJFINSV,2026-08-27 13:25:00+05:30,BEAR,NO_SIGNAL,60.0,VWAP_PULLBACK,MACRO_BEAR|ENTRY_TRIGGER,2006.5,2006.9922,47.91,-0.134,1.456,1.1,2008.844,2008.0615,2011.5155,BEAR,2006.5,2007.9503,46.51,-0.08,11.05,False,False,False,True,False,False,False,False
2026-08-27T13:30:55,MAXHEALTH,2026-08-27 13:25:00+05:30,BULL,NO_SIGNAL,60.0,VWAP_PULLBACK,MACRO_BULL|RVOL,1005.5,1003.8644,58.16,0.229,0.706,1.1,1003.6168,1000.5486,1000.8047,BULL,1005.5,1005.5051,48.51,0.199,26.01,True,False,True,False,False,False,False,False
2026-08-27T13:30:55,KOTAKBANK,2026-08-27 13:25:00+05:30,BULL,NO_SIGNAL,60.0,,RVOL|ENTRY_TRIGGER,426.7,425.4586,63.21,0.506,0.728,1.1,423.8643,412.1451,424.2586,BULL,426.7,422.9393,74.7,0.164,71.02,True,False,False,False,False,False,False,False
2026-08-27T13:30:56,APOLLOHOSP,2026-08-27 13:25:00+05:30,BULL,NO_SIGNAL,20.0,,MACRO_BULL|ST_BULL|RVOL|ENTRY_TRIGGER,8785.0,8785.6476,49.28,-0.074,0.355,1.1,8788.3048,8728.6965,8802.3901,BEAR,8785.0,8787.111,49.06,0.057,36.15,False,False,False,False,False,False,False,False
2026-08-27T13:30:56,CIPLA,2026-08-27 13:25:00+05:30,BULL,NO_SIGNAL,20.0,,MACRO_BULL|ABOVE_WVWAP|RVOL|ENTRY_TRIGGER,1413.7,1411.2314,62.97,0.291,0.512,1.1,1408.1423,1419.7244,1408.0044,BULL,1413.7,1409.659,57.72,0.548,21.92,True,False,False,False,False,False,False,False
2026-08-27T13:30:57,JSWSTEEL,2026-08-27 13:25:00+05:30,BULL,NO_SIGNAL,20.0,,MACRO_BULL|ST_BULL|RVOL|ENTRY_TRIGGER,1336.8,1337.9124,45.04,0.015,0.456,1.1,1339.7685,1321.1064,1341.6916,BEAR,1336.8,1335.8509,56.44,-0.254,50.62,False,False,False,False,False,False,False,False
2026-08-27T13:30:57,HCLTECH,2026-08-27 13:25:00+05:30,BULL,NO_SIGNAL,20.0,,MACRO_BULL|ABOVE_WVWAP|RVOL|ENTRY_TRIGGER,1290.5,1288.7354,59.43,0.124,0.695,1.1,1287.3459,1302.568,1284.3666,BULL,1290.5,1290.1181,47.7,0.467,19.68,True,False,False,False,False,False,False,False
2026-08-27T13:30:58,TCS,2026-08-27 13:25:00+05:30,BULL,NO_SIGNAL,20.0,,MACRO_BULL|ABOVE_WVWAP|RVOL|ENTRY_TRIGGER,2257.0,2254.8544,56.2,0.289,0.643,1.1,2255.377,2279.3053,2247.7309,BULL,2257.0,2256.9422,46.77,0.262,14.24,True,False,False,False,False,False,False,False
2026-08-27T13:30:59,INDIGO,2026-08-27 13:25:00+05:30,BULL,NO_SIGNAL,40.0,VWAP_PULLBACK,MACRO_BULL|ST_BULL|ENTRY_TRIGGER,5225.0,5220.7455,54.38,0.201,1.17,1.1,5218.1682,5178.0376,5235.1014,BEAR,5225.0,5223.3566,51.56,0.384,17.82,False,False,True,False,False,False,False,False
2026-08-27T13:30:59,BHARTIARTL,2026-08-27 13:25:00+05:30,BEAR,NEAR,80.0,,ENTRY_TRIGGER,1886.4,1897.0153,28.19,-0.789,1.833,1.1,1898.7582,1919.7867,1900.3768,BEAR,1886.4,1902.3209,28.77,-0.731,33.35,False,True,False,False,False,False,False,False
2026-08-27T13:31:00,ETERNAL,2026-08-27 13:25:00+05:30,BULL,SIGNAL,100.0,BREAKOUT_CONTINUATION,,329.25,328.2764,65.87,0.427,1.383,1.1,327.7053,328.1397,327.5741,BULL,329.25,327.6799,60.5,0.904,24.2,True,False,False,False,True,False,False,False
2026-08-27T13:31:00,LT,2026-08-27 13:25:00+05:30,BULL,NO_SIGNAL,40.0,,ABOVE_WVWAP|RVOL|ENTRY_TRIGGER,4052.0,4045.9578,60.77,0.198,0.569,1.1,4041.0868,4078.8967,4037.6179,BULL,4052.0,4046.7979,52.29,0.347,31.51,True,False,False,False,False,False,False,False
2026-08-27T13:31:01,SHRIRAMFIN,2026-08-27 13:25:00+05:30,BULL,NO_SIGNAL,20.0,,MACRO_BULL|ABOVE_WVWAP|RVOL|ENTRY_TRIGGER,1102.0,1101.1655,53.39,0.045,0.426,1.1,1101.3217,1116.924,1097.3836,BULL,1102.0,1104.1588,43.79,0.182,27.18,False,False,False,False,False,False,False,False
2026-08-27T13:31:01,GRASIM,2026-08-27 13:25:00+05:30,BEAR,NO_SIGNAL,60.0,,RVOL|ENTRY_TRIGGER,3273.0,3275.9739,39.65,-0.061,0.762,1.1,3281.0158,3275.9613,3278.3569,BEAR,3273.0,3279.6371,45.02,-0.453,27.8,False,True,False,False,False,False,False,False
2026-08-27T13:31:02,AXISBANK,2026-08-27 13:25:00+05:30,BULL,NO_SIGNAL,60.0,,RVOL|ENTRY_TRIGGER,1263.7,1260.7062,62.15,0.509,0.657,1.1,1259.3355,1246.6131,1258.7322,BULL,1263.7,1258.0167,67.03,0.246,38.4,True,False,False,False,False,False,False,False
2026-08-27T13:31:02,POWERGRID,2026-08-27 13:25:00+05:30,BULL,NO_SIGNAL,40.0,,MACRO_BULL|ABOVE_WVWAP|ENTRY_TRIGGER,264.8,264.5227,58.21,0.0,1.839,1.1,263.8137,268.1295,263.9568,BULL,264.8,264.8838,45.7,0.876,31.28,False,False,False,False,False,False,False,False
2026-08-27T13:31:03,ADANIENT,2026-08-27 13:25:00+05:30,BULL,NO_SIGNAL,60.0,,RVOL|ENTRY_TRIGGER,3159.9,3154.9145,60.62,0.247,0.616,1.1,3147.6473,3084.8135,3149.7305,BULL,3159.9,3145.2031,71.11,0.64,48.3,True,False,False,False,False,False,False,False
2026-08-27T13:31:03,TECHM,2026-08-27 13:25:00+05:30,BULL,NO_SIGNAL,40.0,,MACRO_BULL|ST_BULL|ENTRY_TRIGGER,1588.1,1589.6949,45.9,-0.182,2.255,1.1,1589.7814,1583.6677,1595.6288,BEAR,1588.1,1586.8608,53.62,-0.326,31.72,False,False,False,False,False,False,False,False
2026-08-27T13:31:04,ICICIBANK,2026-08-27 13:25:00+05:30,BULL,NEAR,80.0,,ENTRY_TRIGGER,1448.0,1446.1151,59.69,0.312,2.249,1.1,1443.3563,1428.8697,1442.2992,BULL,1448.0,1442.2872,68.64,0.472,37.0,True,False,False,False,False,False,False,False
2026-08-27T13:31:04,JIOFIN,2026-08-27 13:25:00+05:30,BEAR,NO_SIGNAL,40.0,,ST_BEAR|RVOL|ENTRY_TRIGGER,239.55,239.7914,41.47,0.063,0.744,1.1,240.2874,242.0857,239.3438,BULL,239.55,240.3646,35.77,-0.104,29.55,False,False,False,False,False,False,False,False
2026-08-27T13:31:05,TATASTEEL,2026-08-27 13:25:00+05:30,BULL,NO_SIGNAL,40.0,,MACRO_BULL|RVOL|ENTRY_TRIGGER,187.94,188.1507,44.97,-0.191,0.473,1.1,188.5749,186.2988,187.5726,BULL,187.94,187.833,53.23,-0.101,37.86,False,True,False,False,False,False,False,False
2026-08-27T13:31:05,TITAN,2026-08-27 13:25:00+05:30,BULL,NEAR,80.0,,ENTRY_TRIGGER,5180.9,5147.6893,79.81,0.835,2.711,1.1,5119.111,5102.2837,5150.136,BULL,5180.9,5127.9335,78.67,1.29,34.93,True,False,False,False,False,False,False,False
2026-08-27T13:31:06,INFY,2026-08-27 13:25:00+05:30,BEAR,NO_SIGNAL,60.0,VWAP_PULLBACK,MACRO_BEAR|ENTRY_TRIGGER,1110.9,1111.6272,45.23,0.054,3.181,1.1,1114.2902,1126.4017,1113.6855,BEAR,1110.9,1114.1023,37.72,-0.171,8.71,False,False,False,True,False,False,False,False
2026-08-27T13:31:07,TRENT,2026-08-27 13:25:00+05:30,BEAR,NO_SIGNAL,40.0,,MACRO_BEAR|RVOL|ENTRY_TRIGGER,2882.2,2887.3653,39.17,-0.173,0.794,1.1,2893.8395,2914.0286,2891.8625,BEAR,2882.2,2895.5001,35.5,-0.422,18.88,False,True,False,False,False,False,False,False
2026-08-27T13:31:07,ASIANPAINT,2026-08-27 13:25:00+05:30,BULL,NO_SIGNAL,60.0,,MACRO_BULL|ENTRY_TRIGGER,2647.7,2648.5616,49.7,-0.151,1.149,1.1,2643.9874,2634.0146,2641.974,BULL,2647.7,2645.5343,54.02,0.068,13.9,False,False,False,False,False,False,False,False
2026-08-27T13:31:08,ULTRACEMCO,2026-08-27 13:25:00+05:30,BULL,NO_SIGNAL,60.0,,MACRO_BULL|ENTRY_TRIGGER,11768.0,11748.189,58.42,0.607,1.121,1.1,11743.3352,11610.8127,11714.7553,BULL,11768.0,11730.2375,59.74,-0.017,26.23,True,False,False,False,False,False,False,False
2026-08-27T13:31:08,HDFCBANK,2026-08-27 13:25:00+05:30,BEAR,NO_SIGNAL,60.0,VWAP_PULLBACK,ST_BEAR|ENTRY_TRIGGER,716.15,715.2801,52.93,0.505,1.546,1.1,716.7098,722.7945,713.0039,BULL,716.15,718.4365,39.53,-0.542,42.97,False,False,False,True,False,False,False,False
2026-08-27T13:31:09,RELIANCE,2026-08-27 13:25:00+05:30,BULL,NO_SIGNAL,40.0,,MACRO_BULL|ABOVE_WVWAP|ENTRY_TRIGGER,1294.7,1293.9053,53.39,0.147,3.571,1.1,1294.4811,1303.4164,1290.1074,BULL,1294.7,1296.2501,42.56,-0.108,20.21,False,False,False,False,False,False,False,False
2026-08-27T13:31:09,M&M,2026-08-27 13:25:00+05:30,BEAR,NO_SIGNAL,60.0,,RVOL|ENTRY_TRIGGER,3357.7,3364.2463,37.85,-0.184,0.556,1.1,3371.9148,3405.8408,3373.7578,BEAR,3357.7,3377.9767,28.66,-0.604,39.91,False,True,False,False,False,False,False,False
2026-08-27T13:31:10,SUNPHARMA,2026-08-27 13:25:00+05:30,BEAR,NO_SIGNAL,40.0,,MACRO_BEAR|RVOL|ENTRY_TRIGGER,1912.0,1911.0364,52.64,-0.042,0.74,1.1,1910.3548,1912.3361,1914.1721,BEAR,1912.0,1911.5978,50.33,0.131,10.86,False,False,False,False,False,False,False,False
2026-08-27T13:35:07,BEL,2026-08-27 13:30:00+05:30,BULL,NO_SIGNAL,60.0,,RVOL|ENTRY_TRIGGER,410.2,410.5479,43.61,-0.146,0.766,1.1,410.5039,409.268,409.8555,BULL,410.3,410.238,51.69,0.012,23.2,False,True,False,False,False,False,False,False
2026-08-27T13:35:07,TATACONSUM,2026-08-27 13:30:00+05:30,BEAR,NO_SIGNAL,60.0,,RVOL|ENTRY_TRIGGER,1036.4,1037.6898,37.87,-0.106,0.65,1.1,1039.6837,1048.8576,1040.4162,BEAR,1036.6,1040.1847,33.52,-0.154,30.62,False,True,False,False,False,False,False,False
2026-08-27T13:35:08,BAJAJ-AUTO,2026-08-27 13:30:00+05:30,BULL,NO_SIGNAL,20.0,,MACRO_BULL|ABOVE_WVWAP|RVOL|ENTRY_TRIGGER,11706.0,11694.8846,57.51,0.077,0.347,1.1,11676.7462,11773.2736,11666.773,BULL,11707.0,11699.7741,49.63,0.541,22.14,True,False,False,False,False,False,False,False
2026-08-27T13:35:08,NESTLEIND,2026-08-27 13:30:00+05:30,BULL,NO_SIGNAL,20.0,,MACRO_BULL|ABOVE_WVWAP|RVOL|ENTRY_TRIGGER,1445.5,1445.2766,50.67,0.028,0.533,1.1,1449.9301,1462.3463,1441.7957,BULL,1444.8,1447.3039,39.53,-0.048,10.53,False,False,False,False,False,False,False,False
2026-08-27T13:35:09,BAJFINANCE,2026-08-27 13:30:00+05:30,BEAR,NEAR,80.0,TREND_CONTINUATION,RVOL,1085.0,1086.9668,39.06,-0.303,0.403,1.1,1093.0781,1086.6236,1089.5429,BEAR,1085.4,1088.1086,43.94,-0.44,25.46,False,True,False,False,False,False,False,True
2026-08-27T13:35:09,HINDALCO,2026-08-27 13:30:00+05:30,BEAR,NEAR,80.0,,ENTRY_TRIGGER,1030.6,1034.0712,24.06,-0.377,1.869,1.1,1040.6927,1048.9654,1035.7768,BEAR,1030.55,1039.7027,22.73,-1.345,39.47,False,True,False,False,False,False,False,False
2026-08-27T13:35:10,NTPC,2026-08-27 13:30:00+05:30,BEAR,NO_SIGNAL,60.0,VWAP_PULLBACK,RVOL|ENTRY_TRIGGER,330.0,330.1042,46.77,-0.166,0.596,1.1,330.4745,336.011,331.363,BEAR,330.15,331.7654,31.65,-0.166,41.38,False,False,False,True,False,False,False,False
2026-08-27T13:35:10,HDFCLIFE,2026-08-27 13:30:00+05:30,BEAR,NEAR,80.0,TREND_CONTINUATION,RVOL,551.0,551.776,39.05,-0.082,0.941,1.1,553.0104,554.5541,552.9263,BEAR,551.2,553.3927,38.09,-0.425,25.19,False,True,False,False,False,False,False,True
2026-08-27T13:35:11,SBILIFE,2026-08-27 13:30:00+05:30,BULL,NO_SIGNAL,20.0,,MACRO_BULL|ST_BULL|RVOL|ENTRY_TRIGGER,1780.7,1782.4008,43.24,-0.163,0.967,1.1,1784.0979,1770.6793,1786.5771,BEAR,1781.5,1781.9665,50.63,-0.697,19.07,False,True,False,False,False,False,False,False
2026-08-27T13:35:11,HINDUNILVR,2026-08-27 13:30:00+05:30,BEAR,NO_SIGNAL,40.0,,MACRO_BEAR|RVOL|ENTRY_TRIGGER,2012.1,2010.5389,55.8,0.075,0.794,1.1,2011.0842,2020.8796,2014.6502,BEAR,2011.5,2013.7366,42.23,0.294,26.0,True,False,False,False,False,False,False,False
2026-08-27T13:35:12,MARUTI,2026-08-27 13:30:00+05:30,BEAR,NO_SIGNAL,60.0,VWAP_PULLBACK,MACRO_BEAR|RVOL,13430.0,13443.4935,43.03,-0.164,0.688,1.1,13449.6328,13537.698,13477.1992,BEAR,13440.0,13474.4924,39.25,0.015,21.44,False,True,False,True,False,False,False,False
2026-08-27T13:35:12,ITC,2026-08-27 13:30:00+05:30,BEAR,NO_SIGNAL,60.0,,RVOL|ENTRY_TRIGGER,269.1,269.2056,44.76,-0.074,0.89,1.1,269.4644,270.0052,269.9529,BEAR,269.05,269.6328,38.48,-0.074,31.72,False,True,False,False,False,False,False,False
2026-08-27T13:35:13,TMPV,2026-08-27 13:30:00+05:30,BULL,NO_SIGNAL,60.0,,RVOL|ENTRY_TRIGGER,316.1,316.6676,43.82,-0.519,0.307,1.1,316.4755,314.6597,315.8841,BULL,316.4,316.0791,53.43,0.46,35.48,False,True,False,False,False,False,False,True
2026-08-27T13:35:13,ADANIPORTS,2026-08-27 13:30:00+05:30,BULL,NO_SIGNAL,60.0,,RVOL|ENTRY_TRIGGER,1716.9,1709.8756,71.39,0.269,0.577,1.1,1703.8304,1693.6787,1705.7307,BULL,1716.1,1703.2894,76.37,1.269,42.15,True,False,False,False,False,False,False,False
2026-08-27T13:35:14,DRREDDY,2026-08-27 13:30:00+05:30,BEAR,NO_SIGNAL,60.0,,MACRO_BEAR|ENTRY_TRIGGER,1171.9,1180.9572,16.41,-1.105,3.601,1.1,1182.1061,1186.2509,1179.8023,BEAR,1174.5,1183.5847,31.72,-1.053,13.27,False,True,False,False,False,False,False,False
2026-08-27T13:35:15,WIPRO,2026-08-27 13:30:00+05:30,BULL,NO_SIGNAL,20.0,,MACRO_BULL|ABOVE_WVWAP|RVOL|ENTRY_TRIGGER,177.57,177.4097,59.14,0.13,0.509,1.1,177.3286,179.7246,177.1152,BULL,177.54,177.4198,49.99,0.26,14.58,True,False,False,False,False,False,False,False
2026-08-27T13:35:15,ONGC,2026-08-27 13:30:00+05:30,BULL,NO_SIGNAL,20.0,,MACRO_BULL|ABOVE_WVWAP|RVOL|ENTRY_TRIGGER,233.55,233.2849,57.85,0.15,0.384,1.1,233.1429,234.346,232.693,BULL,233.59,233.126,56.09,0.633,21.38,True,False,False,False,False,False,False,False
2026-08-27T13:35:16,SBIN,2026-08-27 13:30:00+05:30,BULL,NO_SIGNAL,20.0,,MACRO_BULL|ST_BULL|RVOL|ENTRY_TRIGGER,1045.7,1045.9952,46.02,0.01,0.623,1.1,1047.2645,1043.0988,1048.2531,BEAR,1046.6,1048.0074,43.14,0.01,29.29,False,False,False,False,False,False,False,False
2026-08-27T13:35:16,EICHERMOT,2026-08-27 13:30:00+05:30,BULL,NO_SIGNAL,20.0,,MACRO_BULL|ST_BULL|RVOL|ENTRY_TRIGGER,8052.0,8044.255,56.16,0.025,0.231,1.1,8030.8113,8040.8845,8058.4996,BEAR,8045.0,8044.2971,49.74,0.037,29.21,True,False,False,False,False,False,False,False
2026-08-27T13:35:17,COALINDIA,2026-08-27 13:30:00+05:30,BEAR,NEAR,80.0,BREAKOUT_CONTINUATION,MACRO_BEAR,400.3,401.5468,21.74,-0.423,3.12,1.1,401.7356,403.9473,401.7848,BEAR,400.75,402.1375,35.15,0.087,12.03,False,True,False,False,False,True,False,False
2026-08-27T13:35:17,BAJAJFINSV,2026-08-27 13:30:00+05:30,BEAR,NO_SIGNAL,60.0,VWAP_PULLBACK,MACRO_BEAR|RVOL,2004.7,2006.7838,42.52,-0.159,1.084,1.1,2008.7445,2008.0483,2011.5155,BEAR,2006.5,2007.9503,46.51,-0.08,11.05,False,True,False,True,False,True,False,False
2026-08-27T13:35:18,MAXHEALTH,2026-08-27 13:30:00+05:30,BULL,NO_SIGNAL,40.0,,MACRO_BULL|RVOL|ENTRY_TRIGGER,1004.6,1003.9313,53.46,0.269,0.915,1.1,1003.6477,1000.5665,1000.8047,BULL,1005.5,1005.5051,48.51,0.199,26.01,False,False,False,False,False,False,False,False
2026-08-27T13:35:18,KOTAKBANK,2026-08-27 13:30:00+05:30,BULL,NO_SIGNAL,60.0,,RVOL|ENTRY_TRIGGER,426.35,425.5396,59.58,0.318,0.823,1.1,423.8945,412.2032,424.2586,BULL,426.7,422.9393,74.7,0.164,71.02,True,False,False,False,False,False,False,False
2026-08-27T13:35:19,APOLLOHOSP,2026-08-27 13:30:00+05:30,BULL,NO_SIGNAL,20.0,,MACRO_BULL|ST_BULL|RVOL|ENTRY_TRIGGER,8780.0,8785.1342,45.47,-0.142,0.683,1.1,8788.2286,8728.806,8802.3901,BEAR,8785.0,8787.111,49.06,0.057,36.15,False,False,False,False,False,False,False,False
2026-08-27T13:35:19,CIPLA,2026-08-27 13:30:00+05:30,BULL,NO_SIGNAL,20.0,,MACRO_BULL|ABOVE_WVWAP|RVOL|ENTRY_TRIGGER,1411.9,1411.2922,54.75,0.163,0.635,1.1,1408.1847,1419.717,1408.0044,BULL,1413.7,1409.659,57.72,0.548,21.92,False,False,False,False,False,False,False,False
2026-08-27T13:35:20,JSWSTEEL,2026-08-27 13:30:00+05:30,BULL,NO_SIGNAL,20.0,,MACRO_BULL|ST_BULL|RVOL|ENTRY_TRIGGER,1336.4,1337.775,43.5,-0.037,0.624,1.1,1339.744,1321.1257,1340.7214,BEAR,1336.8,1335.8509,56.44,-0.254,50.62,False,True,False,False,False,False,False,False
2026-08-27T13:35:20,HCLTECH,2026-08-27 13:30:00+05:30,BULL,NO_SIGNAL,20.0,,MACRO_BULL|ABOVE_WVWAP|RVOL|ENTRY_TRIGGER,1291.0,1288.9413,61.3,0.124,0.448,1.1,1287.3767,1302.534,1285.0214,BULL,1290.5,1290.1181,47.7,0.467,19.68,True,False,False,False,False,False,False,False
2026-08-27T13:35:21,TCS,2026-08-27 13:30:00+05:30,BULL,NO_SIGNAL,20.0,,MACRO_BULL|ABOVE_WVWAP|RVOL|ENTRY_TRIGGER,2257.5,2255.0949,57.32,0.08,0.325,1.1,2255.3883,2279.2823,2248.2908,BULL,2257.0,2256.9422,46.77,0.262,14.24,True,False,False,False,False,False,False,False
2026-08-27T13:35:21,INDIGO,2026-08-27 13:30:00+05:30,BULL,NO_SIGNAL,40.0,VWAP_PULLBACK,MACRO_BULL|ST_BULL|RVOL,5226.0,5221.2232,55.34,0.23,0.431,1.1,5218.2154,5178.0825,5235.1014,BEAR,5225.0,5223.3566,51.56,0.384,17.82,True,False,True,False,False,False,False,False
2026-08-27T13:35:22,BHARTIARTL,2026-08-27 13:30:00+05:30,BEAR,NO_SIGNAL,60.0,,RVOL|ENTRY_TRIGGER,1890.4,1896.4139,37.56,-0.542,0.661,1.1,1898.6241,1919.634,1900.3768,BEAR,1886.4,1902.3209,28.77,-0.731,33.35,False,True,False,False,False,False,False,False
2026-08-27T13:35:22,ETERNAL,2026-08-27 13:30:00+05:30,BULL,NO_SIGNAL,60.0,,RVOL|ENTRY_TRIGGER,329.25,328.3649,65.87,0.289,0.839,1.1,327.7267,328.1427,327.7564,BULL,329.25,327.6799,60.5,0.904,24.2,True,False,False,False,False,False,False,False
2026-08-27T13:35:24,LT,2026-08-27 13:30:00+05:30,BULL,NO_SIGNAL,60.0,,ABOVE_WVWAP|ENTRY_TRIGGER,4056.0,4046.8708,65.08,0.379,1.884,1.1,4041.591,4078.7452,4038.2091,BULL,4052.0,4046.7979,52.29,0.347,31.51,True,False,False,False,False,False,False,False
2026-08-27T13:35:24,SHRIRAMFIN,2026-08-27 13:30:00+05:30,BULL,NO_SIGNAL,20.0,,MACRO_BULL|ABOVE_WVWAP|RVOL|ENTRY_TRIGGER,1102.0,1101.2413,53.39,0.2,0.4,1.1,1101.3238,1116.9019,1097.3836,BULL,1102.0,1104.1588,43.79,0.182,27.18,False,False,False,False,False,False,False,False
2026-08-27T13:35:25,GRASIM,2026-08-27 13:30:00+05:30,BEAR,NEAR,80.0,TREND_CONTINUATION,RVOL,3272.0,3275.6126,37.75,-0.165,0.362,1.1,3280.9456,3275.9584,3278.3569,BEAR,3273.0,3279.6371,45.02,-0.453,27.8,False,True,False,False,False,False,False,True
2026-08-27T13:35:25,AXISBANK,2026-08-27 13:30:00+05:30,BULL,NO_SIGNAL,60.0,,RVOL|ENTRY_TRIGGER,1262.9,1260.9057,58.9,0.453,0.641,1.1,1259.3786,1246.6855,1258.7322,BULL,1263.7,1258.0167,67.03,0.246,38.4,True,False,False,False,False,False,False,False
2026-08-27T13:35:26,POWERGRID,2026-08-27 13:30:00+05:30,BULL,NO_SIGNAL,20.0,,MACRO_BULL|ABOVE_WVWAP|RVOL|ENTRY_TRIGGER,264.75,264.5433,56.76,0.0,0.288,1.1,263.8162,268.1274,263.9568,BULL,264.8,264.8838,45.7,0.876,31.28,False,False,False,False,False,False,False,False
2026-08-27T13:35:26,ADANIENT,2026-08-27 13:30:00+05:30,BULL,SIGNAL,100.0,BREAKOUT_CONTINUATION,,3167.3,3156.0404,68.2,0.428,1.875,1.1,3148.2336,3085.33,3150.2119,BULL,3159.9,3145.2031,71.11,0.64,48.3,True,False,False,False,True,False,False,False
2026-08-27T13:35:27,TECHM,2026-08-27 13:30:00+05:30,BULL,NO_SIGNAL,20.0,,MACRO_BULL|ST_BULL|RVOL|ENTRY_TRIGGER,1588.5,1589.5863,47.01,-0.245,0.274,1.1,1589.7732,1583.6729,1595.6288,BEAR,1588.1,1586.8608,53.62,-0.326,31.72,False,False,False,False,False,False,False,False
2026-08-27T13:35:27,ICICIBANK,2026-08-27 13:30:00+05:30,BULL,NEAR,80.0,,ENTRY_TRIGGER,1447.3,1446.2228,56.77,0.388,1.113,1.1,1443.4676,1429.0183,1442.2992,BULL,1448.0,1442.2872,68.64,0.472,37.0,True,False,False,False,False,False,False,False
2026-08-27T13:35:28,JIOFIN,2026-08-27 13:30:00+05:30,BEAR,NO_SIGNAL,40.0,,ST_BEAR|RVOL|ENTRY_TRIGGER,239.55,239.7695,41.47,0.021,0.973,1.1,240.2774,242.0795,239.3438,BULL,239.55,240.3646,35.77,-0.104,29.55,False,False,False,False,False,False,False,False
2026-08-27T13:35:28,TATASTEEL,2026-08-27 13:30:00+05:30,BULL,NO_SIGNAL,40.0,,MACRO_BULL|RVOL|ENTRY_TRIGGER,187.86,188.1243,43.4,-0.26,0.307,1.1,188.5712,186.3008,187.5726,BULL,187.94,187.833,53.23,-0.101,37.86,False,True,False,False,False,False,False,False
2026-08-27T13:35:29,TITAN,2026-08-27 13:30:00+05:30,BULL,NEAR,80.0,,ENTRY_TRIGGER,5180.8,5150.6994,79.68,0.794,1.218,1.1,5120.2579,5102.9572,5150.136,BULL,5180.9,5127.9335,78.67,1.29,34.93,True,False,False,False,False,False,False,False
2026-08-27T13:35:29,INFY,2026-08-27 13:30:00+05:30,BEAR,NO_SIGNAL,40.0,,MACRO_BEAR|RVOL|ENTRY_TRIGGER,1110.9,1111.5611,45.23,0.081,0.546,1.1,1114.2522,1126.3734,1113.6855,BEAR,1110.9,1114.1023,37.72,-0.171,8.71,False,False,False,False,False,False,False,False
2026-08-27T13:35:30,TRENT,2026-08-27 13:30:00+05:30,BEAR,NEAR,80.0,BREAKOUT_CONTINUATION,MACRO_BEAR,2878.4,2886.5503,34.79,-0.225,1.661,1.1,2893.2169,2913.7671,2890.3822,BEAR,2882.2,2895.5001,35.5,-0.422,18.88,False,True,False,False,False,True,False,False
2026-08-27T13:35:30,ASIANPAINT,2026-08-27 13:30:00+05:30,BULL,NO_SIGNAL,40.0,,MACRO_BULL|ST_BULL|ENTRY_TRIGGER,2639.1,2647.7014,36.35,-0.411,2.812,1.1,2643.8576,2634.1248,2652.6613,BEAR,2647.7,2645.5343,54.02,0.068,13.9,False,True,False,False,False,False,False,False
2026-08-27T13:35:31,ULTRACEMCO,2026-08-27 13:30:00+05:30,BULL,NO_SIGNAL,60.0,,MACRO_BULL|ENTRY_TRIGGER,11756.0,11748.8991,53.61,0.196,1.242,1.1,11743.72,11611.7003,11714.7553,BULL,11768.0,11730.2375,59.74,-0.017,26.23,False,False,False,False,False,False,False,False
2026-08-27T13:35:31,HDFCBANK,2026-08-27 13:30:00+05:30,BEAR,NO_SIGNAL,40.0,VWAP_PULLBACK,ST_BEAR|RVOL|ENTRY_TRIGGER,715.85,715.3319,51.35,0.428,0.644,1.1,716.7007,722.7563,713.0039,BULL,716.15,718.4365,39.53,-0.542,42.97,False,False,False,True,False,False,False,False
2026-08-27T13:35:32,RELIANCE,2026-08-27 13:30:00+05:30,BULL,NO_SIGNAL,40.0,,MACRO_BULL|ABOVE_WVWAP|ENTRY_TRIGGER,1293.1,1293.8321,46.51,-0.046,1.268,1.1,1294.4602,1303.3407,1290.1074,BULL,1294.7,1296.2501,42.56,-0.108,20.21,False,False,False,True,False,False,False,False
2026-08-27T13:35:32,M&M,2026-08-27 13:30:00+05:30,BEAR,NO_SIGNAL,60.0,,RVOL|ENTRY_TRIGGER,3357.8,3363.6602,38.04,-0.19,0.492,1.1,3371.7269,3405.6626,3372.3909,BEAR,3357.7,3377.9767,28.66,-0.604,39.91,False,True,False,False,False,False,False,False
2026-08-27T13:35:33,SUNPHARMA,2026-08-27 13:30:00+05:30,BEAR,NO_SIGNAL,40.0,,MACRO_BEAR|RVOL|ENTRY_TRIGGER,1911.1,1911.0422,50.09,-0.146,0.33,1.1,1910.3601,1912.3347,1914.1721,BEAR,1912.0,1911.5978,50.33,0.131,10.86,False,False,False,False,False,False,False,False
2026-08-27T13:40:07,BEL,2026-08-27 13:35:00+05:30,BULL,NEAR,80.0,,ENTRY_TRIGGER,410.25,410.5208,44.72,-0.304,1.134,1.1,410.4998,409.2703,409.8555,BULL,410.3,410.238,51.69,0.012,23.2,False,True,False,False,False,False,False,False
2026-08-27T13:40:07,TATACONSUM,2026-08-27 13:35:00+05:30,BEAR,NO_SIGNAL,60.0,,RVOL|ENTRY_TRIGGER,1037.3,1037.6544,45.03,-0.048,0.493,1.1,1039.6569,1048.8348,1040.4162,BEAR,1036.6,1040.1847,33.52,-0.154,30.62,False,False,False,False,False,False,False,False
2026-08-27T13:40:08,BAJAJ-AUTO,2026-08-27 13:35:00+05:30,BULL,NO_SIGNAL,20.0,,MACRO_BULL|ABOVE_WVWAP|RVOL|ENTRY_TRIGGER,11706.0,11695.8951,57.51,0.128,0.383,1.1,11676.9745,11773.1637,11670.5911,BULL,11707.0,11699.7741,49.63,0.541,22.14,True,False,False,False,False,False,False,False
2026-08-27T13:40:09,NESTLEIND,2026-08-27 13:35:00+05:30,BULL,NO_SIGNAL,20.0,,MACRO_BULL|ABOVE_WVWAP|RVOL|ENTRY_TRIGGER,1445.1,1445.2605,48.87,-0.007,1.076,1.1,1449.882,1462.3268,1441.7957,BULL,1444.8,1447.3039,39.53,-0.048,10.53,False,False,False,False,False,False,False,False
2026-08-27T13:40:09,BAJFINANCE,2026-08-27 13:35:00+05:30,BEAR,NO_SIGNAL,60.0,,RVOL|ENTRY_TRIGGER,1086.5,1086.9243,46.65,0.064,0.334,1.1,1093.0398,1086.6226,1089.5429,BEAR,1085.4,1088.1086,43.94,-0.44,25.46,False,False,False,False,False,False,False,False
2026-08-27T13:40:10,HINDALCO,2026-08-27 13:35:00+05:30,BEAR,SIGNAL,100.0,BREAKOUT_CONTINUATION,,1025.75,1033.3148,15.47,-0.87,3.996,1.1,1039.923,1048.7629,1035.5622,BEAR,1030.55,1039.7027,22.73,-1.345,39.47,False,True,False,False,False,True,False,False
2026-08-27T13:40:10,NTPC,2026-08-27 13:35:00+05:30,BEAR,SIGNAL,100.0,VWAP_PULLBACK,,329.6,330.0584,42.34,-0.242,2.131,1.1,330.4376,335.896,331.363,BEAR,330.15,331.7654,31.65,-0.166,41.38,False,True,False,True,False,False,False,True
2026-08-27T13:40:11,HDFCLIFE,2026-08-27 13:35:00+05:30,BEAR,NEAR,80.0,,ENTRY_TRIGGER,552.1,551.8055,50.85,0.009,2.221,1.1,552.9765,554.5462,552.9263,BEAR,551.2,553.3927,38.09,-0.425,25.19,False,False,False,False,False,False,False,False
2026-08-27T13:40:11,SBILIFE,2026-08-27 13:35:00+05:30,BULL,NO_SIGNAL,20.0,,MACRO_BULL|ST_BULL|RVOL|ENTRY_TRIGGER,1781.7,1782.3371,46.93,-0.179,0.978,1.1,1784.0624,1770.6996,1786.5771,BEAR,1781.5,1781.9665,50.63,-0.697,19.07,False,False,False,False,False,False,False,False
2026-08-27T13:40:12,HINDUNILVR,2026-08-27 13:35:00+05:30,BEAR,NO_SIGNAL,40.0,,MACRO_BEAR|RVOL|ENTRY_TRIGGER,2011.7,2010.6445,53.95,0.04,0.564,1.1,2011.0911,2020.8613,2014.6502,BEAR,2011.5,2013.7366,42.23,0.294,26.0,False,False,False,False,False,False,False,False
2026-08-27T13:40:12,MARUTI,2026-08-27 13:35:00+05:30,BEAR,NO_SIGNAL,60.0,VWAP_PULLBACK,MACRO_BEAR|RVOL,13427.0,13441.9941,41.97,-0.178,0.53,1.1,13449.3604,13537.3928,13476.8164,BEAR,13440.0,13474.4924,39.25,0.015,21.44,False,True,False,True,False,False,False,False
2026-08-27T13:40:13,ITC,2026-08-27 13:35:00+05:30,BEAR,NO_SIGNAL,60.0,,RVOL|ENTRY_TRIGGER,269.1,269.196,44.76,-0.056,0.465,1.1,269.4603,270.0036,269.9529,BEAR,269.05,269.6328,38.48,-0.074,31.72,False,True,False,False,False,False,False,False
2026-08-27T13:40:13,TMPV,2026-08-27 13:35:00+05:30,BULL,NO_SIGNAL,60.0,,RVOL|ENTRY_TRIGGER,316.1,316.616,43.82,-0.504,0.505,1.1,316.4717,314.6622,315.8841,BULL,316.4,316.0791,53.43,0.46,35.48,False,True,False,False,False,False,False,False
2026-08-27T13:40:14,ADANIPORTS,2026-08-27 13:35:00+05:30,BULL,NO_SIGNAL,60.0,,RVOL|ENTRY_TRIGGER,1715.5,1710.3869,66.68,0.286,0.319,1.1,1703.9215,1693.7187,1705.7307,BULL,1716.1,1703.2894,76.37,1.269,42.15,True,False,False,False,False,False,False,False
2026-08-27T13:40:14,DRREDDY,2026-08-27 13:35:00+05:30,BEAR,NO_SIGNAL,60.0,,MACRO_BEAR|ENTRY_TRIGGER,1173.3,1180.2611,23.75,-0.845,4.554,1.1,1181.393,1186.1406,1179.8023,BEAR,1174.5,1183.5847,31.72,-1.053,13.27,False,True,False,False,False,False,False,False
2026-08-27T13:40:15,WIPRO,2026-08-27 13:35:00+05:30,BULL,NO_SIGNAL,20.0,,MACRO_BULL|ABOVE_WVWAP|RVOL|ENTRY_TRIGGER,177.6,177.427,60.25,-0.056,0.313,1.1,177.3298,179.7235,177.1302,BULL,177.54,177.4198,49.99,0.26,14.58,False,False,False,False,False,False,False,False
2026-08-27T13:40:15,ONGC,2026-08-27 13:35:00+05:30,BULL,NO_SIGNAL,20.0,,MACRO_BULL|ABOVE_WVWAP|RVOL|ENTRY_TRIGGER,233.1,233.2681,46.93,-0.086,0.841,1.1,233.1446,234.3429,232.693,BULL,233.59,233.126,56.09,0.633,21.38,False,False,False,True,False,False,False,False
2026-08-27T13:40:16,SBIN,2026-08-27 13:35:00+05:30,BULL,NO_SIGNAL,20.0,,MACRO_BULL|ST_BULL|RVOL|ENTRY_TRIGGER,1046.3,1046.0229,50.44,0.115,0.446,1.1,1047.2543,1043.1016,1048.2531,BEAR,1046.6,1048.0074,43.14,0.01,29.29,False,False,False,False,False,False,False,False
2026-08-27T13:40:16,EICHERMOT,2026-08-27 13:35:00+05:30,BULL,NO_SIGNAL,60.0,TREND_CONTINUATION,MACRO_BULL|RVOL,8060.0,8045.6864,60.58,0.18,0.376,1.1,8030.9986,8040.9121,8029.2624,BULL,8045.0,8044.2971,49.74,0.037,29.21,True,False,False,False,False,False,True,False
2026-08-27T13:40:17,COALINDIA,2026-08-27 13:35:00+05:30,BEAR,NO_SIGNAL,40.0,,MACRO_BEAR|RVOL|ENTRY_TRIGGER,400.3,401.4335,21.74,-0.435,0.385,1.1,401.7238,403.9442,401.3834,BEAR,400.75,402.1375,35.15,0.087,12.03,False,True,False,False,False,False,False,False
2026-08-27T13:40:17,BAJAJFINSV,2026-08-27 13:35:00+05:30,BEAR,NO_SIGNAL,40.0,,MACRO_BEAR|RVOL|ENTRY_TRIGGER,2003.9,2006.5216,40.34,-0.209,0.229,1.1,2008.7192,2008.0448,2011.4199,BEAR,2006.5,2007.9503,46.51,-0.08,11.05,False,True,False,False,False,False,False,False
2026-08-27T13:40:18,MAXHEALTH,2026-08-27 13:35:00+05:30,BULL,NO_SIGNAL,40.0,,MACRO_BULL|RVOL|ENTRY_TRIGGER,1003.8,1003.9193,49.63,0.11,0.996,1.1,1003.6601,1000.5832,1000.8047,BULL,1005.5,1005.5051,48.51,0.199,26.01,False,False,False,False,False,False,False,False
2026-08-27T13:40:18,KOTAKBANK,2026-08-27 13:35:00+05:30,BULL,NO_SIGNAL,60.0,,RVOL|ENTRY_TRIGGER,426.5,425.6269,60.62,0.329,0.412,1.1,423.9097,412.2325,424.2586,BULL,426.7,422.9393,74.7,0.164,71.02,True,False,False,False,False,False,False,False
2026-08-27T13:40:19,APOLLOHOSP,2026-08-27 13:35:00+05:30,BULL,NO_SIGNAL,40.0,,MACRO_BULL|ST_BULL|ENTRY_TRIGGER,8780.0,8784.6675,45.47,-0.142,1.361,1.1,8788.0585,8729.0256,8802.3901,BEAR,8785.0,8787.111,49.06,0.057,36.15,False,False,False,False,False,False,False,False
2026-08-27T13:40:20,CIPLA,2026-08-27 13:35:00+05:30,BULL,NO_SIGNAL,20.0,,MACRO_BULL|ABOVE_WVWAP|RVOL|ENTRY_TRIGGER,1412.6,1411.4111,57.09,0.241,0.384,1.1,1408.2078,1419.7127,1408.0044,BULL,1413.7,1409.659,57.72,0.548,21.92,True,False,False,False,False,False,False,False
2026-08-27T13:40:20,JSWSTEEL,2026-08-27 13:35:00+05:30,BULL,NO_SIGNAL,40.0,,MACRO_BULL|ST_BULL|ENTRY_TRIGGER,1336.5,1337.659,44.02,-0.075,1.393,1.1,1339.6954,1321.167,1340.7214,BEAR,1336.8,1335.8509,56.44,-0.254,50.62,False,True,False,False,False,False,False,False
2026-08-27T13:40:21,HCLTECH,2026-08-27 13:35:00+05:30,BULL,NO_SIGNAL,20.0,,MACRO_BULL|ABOVE_WVWAP|RVOL|ENTRY_TRIGGER,1291.8,1289.2012,64.14,0.085,0.563,1.1,1287.4231,1302.4951,1286.0398,BULL,1290.5,1290.1181,47.7,0.467,19.68,True,False,False,False,False,False,False,False
2026-08-27T13:40:21,TCS,2026-08-27 13:35:00+05:30,BULL,NO_SIGNAL,20.0,,MACRO_BULL|ABOVE_WVWAP|RVOL|ENTRY_TRIGGER,2257.5,2255.3135,57.32,-0.075,0.341,1.1,2255.4023,2279.2587,2249.4921,BULL,2257.0,2256.9422,46.77,0.262,14.24,False,False,False,False,False,False,False,False
2026-08-27T13:40:22,INDIGO,2026-08-27 13:35:00+05:30,BULL,NO_SIGNAL,20.0,,MACRO_BULL|ST_BULL|RVOL|ENTRY_TRIGGER,5221.0,5221.2029,49.69,-0.057,0.592,1.1,5218.2422,5178.1385,5235.1014,BEAR,5225.0,5223.3566,51.56,0.384,17.82,False,False,False,False,False,False,False,False
2026-08-27T13:40:22,BHARTIARTL,2026-08-27 13:35:00+05:30,BEAR,NEAR,80.0,,ENTRY_TRIGGER,1890.0,1895.8308,37.04,-0.673,1.114,1.1,1898.4291,1919.3866,1900.3768,BEAR,1886.4,1902.3209,28.77,-0.731,33.35,False,True,False,False,False,False,False,False
2026-08-27T13:40:23,ETERNAL,2026-08-27 13:35:00+05:30,BULL,NEAR,80.0,BREAKOUT_CONTINUATION,RVOL,329.5,328.4681,68.25,0.182,0.683,1.1,327.7459,328.1456,327.9805,BULL,329.25,327.6799,60.5,0.904,24.2,True,False,False,False,True,False,False,False
2026-08-27T13:40:23,LT,2026-08-27 13:35:00+05:30,BULL,NO_SIGNAL,40.0,,ABOVE_WVWAP|RVOL|ENTRY_TRIGGER,4057.0,4047.7916,66.08,0.393,0.587,1.1,4041.786,4078.7002,4042.5364,BULL,4052.0,4046.7979,52.29,0.347,31.51,True,False,False,False,False,False,False,False
2026-08-27T13:40:24,SHRIRAMFIN,2026-08-27 13:35:00+05:30,BULL,NO_SIGNAL,20.0,,MACRO_BULL|ABOVE_WVWAP|RVOL|ENTRY_TRIGGER,1103.0,1101.4012,56.86,0.209,0.498,1.1,1101.3323,1116.8774,1097.3836,BULL,1102.0,1104.1588,43.79,0.182,27.18,True,False,False,False,False,False,False,False
2026-08-27T13:40:24,GRASIM,2026-08-27 13:35:00+05:30,BEAR,NO_SIGNAL,60.0,,RVOL|ENTRY_TRIGGER,3271.9,3275.2751,37.56,-0.119,0.416,1.1,3280.8578,3275.9542,3278.3569,BEAR,3273.0,3279.6371,45.02,-0.453,27.8,False,True,False,False,False,False,False,False
2026-08-27T13:40:25,AXISBANK,2026-08-27 13:35:00+05:30,BULL,NO_SIGNAL,60.0,,RVOL|ENTRY_TRIGGER,1262.9,1261.087,58.9,0.35,0.382,1.1,1259.4072,1246.7298,1258.7322,BULL,1263.7,1258.0167,67.03,0.246,38.4,True,False,False,False,False,False,False,False
2026-08-27T13:40:25,POWERGRID,2026-08-27 13:35:00+05:30,BULL,NO_SIGNAL,20.0,,MACRO_BULL|ABOVE_WVWAP|RVOL|ENTRY_TRIGGER,264.6,264.5485,52.52,-0.094,0.361,1.1,263.8186,268.125,263.9568,BULL,264.8,264.8838,45.7,0.876,31.28,False,False,False,False,False,False,False,False
2026-08-27T13:40:26,ADANIENT,2026-08-27 13:35:00+05:30,BULL,NO_SIGNAL,60.0,,RVOL|ENTRY_TRIGGER,3165.8,3156.9277,65.45,0.301,1.097,1.1,3148.5691,3085.6309,3151.5816,BULL,3159.9,3145.2031,71.11,0.64,48.3,True,False,False,False,False,False,False,False
2026-08-27T13:40:27,TECHM,2026-08-27 13:35:00+05:30,BULL,NO_SIGNAL,20.0,VWAP_PULLBACK,MACRO_BULL|ST_BULL|RVOL|ENTRY_TRIGGER,1590.6,1589.6784,52.55,-0.151,0.31,1.1,1589.7739,1583.6809,1595.6288,BEAR,1588.1,1586.8608,53.62,-0.326,31.72,False,False,True,False,False,False,False,False
2026-08-27T13:40:27,ICICIBANK,2026-08-27 13:35:00+05:30,BULL,NO_SIGNAL,60.0,,RVOL|ENTRY_TRIGGER,1448.0,1446.3844,58.94,0.347,0.384,1.1,1443.5075,1429.0706,1442.2992,BULL,1448.0,1442.2872,68.64,0.472,37.0,True,False,False,False,False,False,False,False
2026-08-27T13:40:28,JIOFIN,2026-08-27 13:35:00+05:30,BEAR,NO_SIGNAL,40.0,,ST_BEAR|RVOL|ENTRY_TRIGGER,239.45,239.7404,38.97,-0.188,0.642,1.1,240.2704,242.0752,239.3438,BULL,239.55,240.3646,35.77,-0.104,29.55,False,True,False,False,False,False,False,False
2026-08-27T13:40:28,TATASTEEL,2026-08-27 13:35:00+05:30,BULL,NO_SIGNAL,40.0,,MACRO_BULL|RVOL|ENTRY_TRIGGER,187.83,188.0975,42.8,-0.334,0.563,1.1,188.5651,186.3041,187.5726,BULL,187.94,187.833,53.23,-0.101,37.86,False,True,False,False,False,False,False,False
2026-08-27T13:40:29,TITAN,2026-08-27 13:35:00+05:30,BULL,NEAR,80.0,,ENTRY_TRIGGER,5180.0,5153.3631,78.61,0.808,1.355,1.1,5121.5613,5103.7356,5150.136,BULL,5180.9,5127.9335,78.67,1.29,34.93,True,False,False,False,False,False,False,False
2026-08-27T13:40:29,INFY,2026-08-27 13:35:00+05:30,BEAR,NO_SIGNAL,40.0,,MACRO_BEAR|RVOL|ENTRY_TRIGGER,1112.1,1111.6101,51.16,-0.018,0.797,1.1,1114.2148,1126.3349,1113.6855,BEAR,1110.9,1114.1023,37.72,-0.171,8.71,False,False,False,False,False,False,False,False
2026-08-27T13:40:30,TRENT,2026-08-27 13:35:00+05:30,BEAR,NO_SIGNAL,60.0,,MACRO_BEAR|ENTRY_TRIGGER,2874.8,2885.4821,31.23,-0.333,1.645,1.1,2892.4766,2913.4699,2888.2418,BEAR,2882.2,2895.5001,35.5,-0.422,18.88,False,True,False,False,False,False,False,False
2026-08-27T13:40:30,ASIANPAINT,2026-08-27 13:35:00+05:30,BULL,NO_SIGNAL,40.0,,MACRO_BULL|ST_BULL|ENTRY_TRIGGER,2641.4,2647.1286,40.92,-0.287,2.641,1.1,2643.6943,2634.2242,2652.6613,BEAR,2647.7,2645.5343,54.02,0.068,13.9,False,True,False,False,False,False,False,False
2026-08-27T13:40:31,ULTRACEMCO,2026-08-27 13:35:00+05:30,BULL,NO_SIGNAL,60.0,,MACRO_BULL|ENTRY_TRIGGER,11752.0,11749.181,52.07,-0.017,5.118,1.1,11744.5215,11615.2541,11714.7553,BULL,11768.0,11730.2375,59.74,-0.017,26.23,False,False,False,False,False,False,False,False
2026-08-27T13:40:31,HDFCBANK,2026-08-27 13:35:00+05:30,BEAR,NO_SIGNAL,40.0,,ST_BEAR|RVOL|ENTRY_TRIGGER,716.35,715.4245,53.83,0.343,0.465,1.1,716.6962,722.7296,713.0039,BULL,716.15,718.4365,39.53,-0.542,42.97,False,False,False,False,False,False,False,False
2026-08-27T13:40:32,RELIANCE,2026-08-27 13:35:00+05:30,BEAR,NO_SIGNAL,40.0,VWAP_PULLBACK,MACRO_BEAR|ST_BEAR|RVOL,1292.2,1293.6837,43.15,-0.286,0.563,1.1,1294.4301,1303.301,1290.1074,BULL,1294.7,1296.2501,42.56,-0.108,20.21,False,True,False,True,False,False,False,False
2026-08-27T13:40:32,M&M,2026-08-27 13:35:00+05:30,BEAR,NEAR,80.0,TREND_CONTINUATION,RVOL,3353.0,3362.6911,32.96,-0.333,0.714,1.1,3371.4286,3405.4019,3371.5065,BEAR,3357.7,3377.9767,28.66,-0.604,39.91,False,True,False,False,False,False,False,True
2026-08-27T13:40:33,SUNPHARMA,2026-08-27 13:35:00+05:30,BEAR,NO_SIGNAL,40.0,,MACRO_BEAR|RVOL|ENTRY_TRIGGER,1911.1,1911.0474,50.09,0.079,0.287,1.1,1910.3652,1912.3335,1914.1721,BEAR,1912.0,1911.5978,50.33,0.131,10.86,False,False,False,False,False,False,False,False
2026-08-27T13:45:07,BEL,2026-08-27 13:40:00+05:30,BULL,NO_SIGNAL,60.0,,MACRO_BULL|ENTRY_TRIGGER,410.05,410.478,41.22,-0.268,1.156,1.1,410.4948,409.2726,409.8555,BULL,410.05,410.2209,49.33,0.061,22.73,False,True,False,False,False,False,False,False
2026-08-27T13:45:07,TATACONSUM,2026-08-27 13:40:00+05:30,BEAR,NO_SIGNAL,60.0,,RVOL|ENTRY_TRIGGER,1037.7,1037.6585,47.91,0.087,0.924,1.1,1039.6181,1048.7948,1040.4162,BEAR,1037.7,1039.9588,38.37,-0.25,30.58,False,False,False,False,False,False,False,False
2026-08-27T13:45:08,BAJAJ-AUTO,2026-08-27 13:40:00+05:30,BULL,NO_SIGNAL,20.0,,MACRO_BULL|ABOVE_WVWAP|RVOL|ENTRY_TRIGGER,11707.0,11696.9046,57.97,-0.068,0.612,1.1,11677.3315,11772.9893,11673.7924,BULL,11707.0,11700.431,49.63,0.714,20.97,False,False,False,False,False,False,False,False
2026-08-27T13:45:09,NESTLEIND,2026-08-27 13:40:00+05:30,BULL,NO_SIGNAL,40.0,,MACRO_BULL|ABOVE_WVWAP|ENTRY_TRIGGER,1446.2,1445.3459,53.73,0.0,1.963,1.1,1449.8012,1462.2916,1441.7957,BULL,1446.2,1447.2035,43.83,-0.014,9.8,False,False,False,False,False,False,False,False
2026-08-27T13:45:09,BAJFINANCE,2026-08-27 13:40:00+05:30,BEAR,NO_SIGNAL,60.0,,RVOL|ENTRY_TRIGGER,1085.3,1086.7767,42.13,0.046,0.33,1.1,1093.0011,1086.6212,1089.5429,BEAR,1085.3,1087.8533,43.74,-0.376,24.01,False,False,False,False,False,False,False,False
2026-08-27T13:45:10,HINDALCO,2026-08-27 13:40:00+05:30,BEAR,NEAR,80.0,,ENTRY_TRIGGER,1024.9,1032.5498,14.5,-0.938,2.627,1.1,1039.3111,1048.5994,1032.6891,BEAR,1024.9,1038.357,17.58,-1.665,41.81,False,True,False,False,False,False,False,False
2026-08-27T13:45:10,NTPC,2026-08-27 13:40:00+05:30,BEAR,NO_SIGNAL,40.0,,MACRO_BEAR|RVOL|ENTRY_TRIGGER,329.45,330.003,40.78,-0.393,0.91,1.1,330.4155,335.8413,331.3303,BEAR,329.45,331.5549,28.47,0.046,41.64,False,True,False,False,False,False,False,False
2026-08-27T13:45:11,HDFCLIFE,2026-08-27 13:40:00+05:30,BEAR,NEAR,80.0,,ENTRY_TRIGGER,552.55,551.8732,54.71,0.154,1.823,1.1,552.9622,554.541,552.9263,BEAR,552.55,553.3161,45.07,-0.136,24.42,False,False,False,False,False,False,False,False
2026-08-27T13:45:11,SBILIFE,2026-08-27 13:40:00+05:30,BULL,NO_SIGNAL,20.0,,MACRO_BULL|ST_BULL|RVOL|ENTRY_TRIGGER,1780.1,1782.1337,42.2,-0.202,0.949,1.1,1784.0275,1770.7189,1786.5771,BEAR,1780.1,1781.7968,48.6,-0.802,18.53,False,True,False,False,False,False,False,False
2026-08-27T13:45:12,HINDUNILVR,2026-08-27 13:40:00+05:30,BEAR,NO_SIGNAL,40.0,VWAP_PULLBACK,MACRO_BEAR|RVOL|ENTRY_TRIGGER,2010.7,2010.6495,49.51,-0.01,0.862,1.1,2011.0917,2020.8327,2014.6502,BEAR,2010.7,2013.4605,40.85,0.234,25.8,False,False,False,True,False,False,False,False
2026-08-27T13:45:12,MARUTI,2026-08-27 13:40:00+05:30,BEAR,NO_SIGNAL,60.0,VWAP_PULLBACK,MACRO_BEAR|RVOL,13424.0,13440.3583,40.88,-0.164,0.471,1.1,13449.0961,13537.114,13471.1283,BEAR,13424.0,13469.9022,36.6,-0.074,21.94,False,True,False,True,False,False,False,False
2026-08-27T13:45:13,ITC,2026-08-27 13:40:00+05:30,BEAR,NO_SIGNAL,60.0,VWAP_PULLBACK,MACRO_BEAR|RVOL,268.9,269.1691,38.82,-0.111,0.839,1.1,269.4522,270.0004,269.9529,BEAR,268.9,269.5662,36.75,0.037,31.11,False,True,False,True,False,False,False,True
2026-08-27T13:45:13,TMPV,2026-08-27 13:40:00+05:30,BEAR,NO_SIGNAL,40.0,TREND_CONTINUATION,MACRO_BEAR|BELOW_WVWAP|RVOL,315.85,316.5464,41.03,-0.426,0.457,1.1,316.4673,314.6641,317.47,BEAR,315.85,316.0583,49.83,0.334,34.65,False,True,False,False,False,False,False,True
2026-08-27T13:45:14,ADANIPORTS,2026-08-27 13:40:00+05:30,BULL,NO_SIGNAL,60.0,,RVOL|ENTRY_TRIGGER,1714.0,1710.7154,61.96,0.14,0.469,1.1,1704.0393,1693.7742,1705.7307,BULL,1714.0,1704.2631,70.91,1.139,43.19,True,False,False,False,False,False,False,False
2026-08-27T13:45:14,DRREDDY,2026-08-27 13:40:00+05:30,BEAR,NO_SIGNAL,40.0,,MACRO_BEAR|RVOL|ENTRY_TRIGGER,1173.7,1179.6647,25.76,-0.769,0.464,1.1,1181.3146,1186.1274,1179.5231,BEAR,1173.7,1182.6861,30.78,-1.029,15.55,False,True,False,False,False,False,False,False
2026-08-27T13:45:15,WIPRO,2026-08-27 13:40:00+05:30,BULL,NO_SIGNAL,20.0,,MACRO_BULL|ABOVE_WVWAP|RVOL|ENTRY_TRIGGER,177.59,177.4418,59.67,0.051,0.384,1.1,177.3312,179.7223,177.1302,BULL,177.59,177.4352,51.31,0.492,13.98,True,False,False,False,False,False,False,False
2026-08-27T13:45:15,ONGC,2026-08-27 13:40:00+05:30,BULL,NO_SIGNAL,20.0,,MACRO_BULL|ABOVE_WVWAP|RVOL|ENTRY_TRIGGER,233.15,233.2574,48.1,-0.094,0.376,1.1,233.1447,234.3414,232.693,BULL,233.15,233.1282,50.14,0.535,21.08,False,False,False,False,False,False,False,False
2026-08-27T13:45:16,SBIN,2026-08-27 13:40:00+05:30,BEAR,NO_SIGNAL,40.0,,BELOW_WVWAP|RVOL|ENTRY_TRIGGER,1045.1,1045.939,42.87,0.077,0.937,1.1,1047.2221,1043.1062,1048.2531,BEAR,1045.1,1047.7431,38.81,-0.124,29.74,False,False,False,False,False,False,False,False
2026-08-27T13:45:16,EICHERMOT,2026-08-27 13:40:00+05:30,BULL,NO_SIGNAL,60.0,,RVOL|ENTRY_TRIGGER,8054.0,8046.4421,56.02,0.106,0.336,1.1,8031.1441,8040.9325,8029.2624,BULL,8054.0,8045.1792,52.76,0.393,28.19,True,False,False,False,False,False,False,False
2026-08-27T13:45:17,COALINDIA,2026-08-27 13:40:00+05:30,BEAR,NO_SIGNAL,60.0,,MACRO_BEAR|ENTRY_TRIGGER,400.25,401.3259,21.26,-0.448,1.662,1.1,401.673,403.9307,401.3286,BEAR,400.25,401.9659,32.06,-0.062,13.14,False,True,False,False,False,False,False,False
2026-08-27T13:45:18,BAJAJFINSV,2026-08-27 13:40:00+05:30,BEAR,NO_SIGNAL,40.0,,MACRO_BEAR|RVOL|ENTRY_TRIGGER,2004.6,2006.3469,43.08,-0.144,0.854,1.1,2008.6349,2008.0328,2011.1599,BEAR,2004.6,2007.6457,43.09,-0.11,11.39,False,True,False,False,False,False,False,False
2026-08-27T13:45:18,MAXHEALTH,2026-08-27 13:40:00+05:30,BULL,NO_SIGNAL,40.0,,MACRO_BULL|RVOL|ENTRY_TRIGGER,1003.4,1003.8721,47.78,-0.03,0.312,1.1,1003.6554,1000.5872,1000.8047,BULL,1003.4,1005.3138,43.77,0.06,24.57,False,False,False,False,False,False,False,False
2026-08-27T13:45:19,KOTAKBANK,2026-08-27 13:40:00+05:30,BULL,NO_SIGNAL,60.0,,RVOL|ENTRY_TRIGGER,426.1,425.6699,56.43,0.235,0.466,1.1,423.9252,412.2647,424.2586,BULL,426.1,423.2266,70.65,0.401,71.42,True,False,False,False,False,False,False,False
2026-08-27T13:45:19,APOLLOHOSP,2026-08-27 13:40:00+05:30,BULL,NO_SIGNAL,20.0,,MACRO_BULL|ST_BULL|RVOL|ENTRY_TRIGGER,8782.5,8784.4704,47.81,-0.119,0.437,1.1,8788.002,8729.0967,8802.3901,BEAR,8782.5,8786.6919,47.84,0.063,34.73,False,False,False,False,False,False,False,False
2026-08-27T13:45:20,CIPLA,2026-08-27 13:40:00+05:30,BULL,NO_SIGNAL,40.0,,MACRO_BULL|ABOVE_WVWAP|ENTRY_TRIGGER,1414.7,1411.7101,63.25,0.405,1.751,1.1,1408.3589,1419.6981,1408.0044,BULL,1414.7,1410.1173,59.36,0.755,21.35,True,False,False,False,False,False,False,False
2026-08-27T13:45:20,JSWSTEEL,2026-08-27 13:40:00+05:30,BULL,NO_SIGNAL,40.0,,MACRO_BULL|ST_BULL|ENTRY_TRIGGER,1335.9,1337.4991,41.57,-0.209,1.216,1.1,1339.6464,1321.2001,1340.1933,BEAR,1335.9,1335.8553,53.93,-0.209,48.81,False,True,False,False,False,False,False,False
2026-08-27T13:45:21,HCLTECH,2026-08-27 13:40:00+05:30,BULL,NO_SIGNAL,20.0,,MACRO_BULL|ABOVE_WVWAP|RVOL|ENTRY_TRIGGER,1291.1,1289.3738,59.99,0.124,0.838,1.1,1287.4896,1302.437,1286.6055,BULL,1291.1,1290.2074,49.31,0.639,18.93,True,False,False,False,False,False,False,False
2026-08-27T13:45:21,TCS,2026-08-27 13:40:00+05:30,BULL,NO_SIGNAL,20.0,,MACRO_BULL|ABOVE_WVWAP|RVOL|ENTRY_TRIGGER,2257.4,2255.5032,56.98,0.04,0.3,1.1,2255.4118,2279.2384,2249.4921,BULL,2257.4,2256.9838,47.43,0.508,14.23,True,False,False,False,False,False,False,False
2026-08-27T13:45:22,INDIGO,2026-08-27 13:40:00+05:30,BULL,NO_SIGNAL,20.0,,MACRO_BULL|ST_BULL|RVOL|ENTRY_TRIGGER,5218.5,5220.9572,47.1,-0.096,0.3,1.1,5218.247,5178.1657,5235.1014,BEAR,5218.5,5222.9151,47.97,0.077,17.12,False,False,False,False,False,False,False,False
2026-08-27T13:45:22,BHARTIARTL,2026-08-27 13:40:00+05:30,BEAR,NO_SIGNAL,60.0,,RVOL|ENTRY_TRIGGER,1889.2,1895.228,35.97,-0.777,0.981,1.1,1898.238,1919.1605,1900.3768,BEAR,1889.2,1901.1281,33.12,-0.673,34.82,False,True,False,False,False,False,False,False
2026-08-27T13:45:23,ETERNAL,2026-08-27 13:40:00+05:30,BULL,NEAR,80.0,,ENTRY_TRIGGER,329.4,328.5528,66.26,0.167,1.113,1.1,327.7753,328.1501,327.9805,BULL,329.4,327.8363,61.26,0.78,25.27,True,False,False,False,False,False,False,False
2026-08-27T13:45:23,LT,2026-08-27 13:40:00+05:30,BULL,NO_SIGNAL,40.0,,ABOVE_WVWAP|RVOL|ENTRY_TRIGGER,4058.0,4048.7196,67.1,0.406,0.662,1.1,4042.007,4078.6507,4043.274,BULL,4058.0,4047.8163,56.66,0.48,29.92,True,False,False,False,False,False,False,False
2026-08-27T13:45:24,SHRIRAMFIN,2026-08-27 13:40:00+05:30,BULL,NO_SIGNAL,20.0,,MACRO_BULL|ABOVE_WVWAP|RVOL|ENTRY_TRIGGER,1102.5,1101.5011,54.67,0.127,0.581,1.1,1101.3415,1116.8498,1097.3836,BULL,1102.5,1104.008,44.65,0.501,26.01,False,False,False,False,False,False,False,False
2026-08-27T13:45:24,GRASIM,2026-08-27 13:40:00+05:30,BEAR,NEAR,80.0,TREND_CONTINUATION,RVOL,3270.8,3274.8683,35.41,-0.143,0.537,1.1,3280.7487,3275.949,3278.3569,BEAR,3270.8,3278.8337,43.55,-0.432,25.91,False,True,False,False,False,False,False,True
2026-08-27T13:45:25,AXISBANK,2026-08-27 13:40:00+05:30,BULL,NO_SIGNAL,60.0,,RVOL|ENTRY_TRIGGER,1263.2,1261.2791,59.81,0.381,0.468,1.1,1259.445,1246.7852,1258.7322,BULL,1263.2,1258.4879,65.42,0.254,38.49,True,False,False,False,False,False,False,False
2026-08-27T13:45:25,POWERGRID,2026-08-27 13:40:00+05:30,BULL,NO_SIGNAL,20.0,,MACRO_BULL|ABOVE_WVWAP|RVOL|ENTRY_TRIGGER,264.4,264.535,47.44,-0.17,0.541,1.1,263.8213,268.1212,263.9568,BULL,264.4,264.8399,42.16,0.628,30.25,False,False,False,False,False,False,False,False
2026-08-27T13:45:26,ADANIENT,2026-08-27 13:40:00+05:30,BULL,NO_SIGNAL,60.0,,RVOL|ENTRY_TRIGGER,3160.9,3157.2888,57.32,0.101,0.755,1.1,3148.7557,3085.8342,3151.5816,BULL,3160.9,3146.6301,71.72,0.576,48.71,True,False,False,False,False,False,False,False
2026-08-27T13:45:26,TECHM,2026-08-27 13:40:00+05:30,BULL,NO_SIGNAL,20.0,,MACRO_BULL|ST_BULL|RVOL|ENTRY_TRIGGER,1586.7,1589.4077,43.46,-0.189,0.56,1.1,1589.7565,1583.6911,1595.6288,BEAR,1586.7,1586.8461,51.48,-0.37,31.15,False,True,False,False,False,False,False,False
2026-08-27T13:45:27,ICICIBANK,2026-08-27 13:40:00+05:30,BULL,NO_SIGNAL,60.0,,RVOL|ENTRY_TRIGGER,1446.7,1446.4131,53.57,0.298,0.589,1.1,1443.5561,1429.145,1442.2992,BULL,1446.7,1442.6884,64.17,0.312,37.43,False,False,False,False,False,False,False,False
2026-08-27T13:45:27,JIOFIN,2026-08-27 13:40:00+05:30,BEAR,NO_SIGNAL,60.0,TREND_CONTINUATION,ST_BEAR|RVOL,239.4,239.7095,37.75,-0.333,0.584,1.1,240.2641,242.0714,239.3438,BULL,239.4,240.2769,34.38,-0.104,29.4,False,True,False,False,False,False,False,True
2026-08-27T13:45:28,TATASTEEL,2026-08-27 13:40:00+05:30,BULL,NO_SIGNAL,40.0,,MACRO_BULL|RVOL|ENTRY_TRIGGER,187.6,188.0523,38.42,-0.53,0.368,1.1,188.5602,186.3061,187.5726,BULL,187.6,187.8118,50.05,-0.101,37.03,False,True,False,False,False,False,False,True
2026-08-27T13:45:29,TITAN,2026-08-27 13:40:00+05:30,BULL,NO_SIGNAL,60.0,,RVOL|ENTRY_TRIGGER,5172.0,5155.0573,68.7,0.626,0.585,1.1,5122.0949,5104.0653,5150.136,BULL,5172.0,5131.9395,72.33,1.114,37.42,True,False,False,False,False,False,False,False
2026-08-27T13:45:29,INFY,2026-08-27 13:40:00+05:30,BEAR,NO_SIGNAL,40.0,,MACRO_BEAR|RVOL|ENTRY_TRIGGER,1112.4,1111.6819,52.55,0.099,0.784,1.1,1114.1829,1126.2983,1113.6855,BEAR,1112.4,1113.9476,42.52,0.162,8.64,False,False,False,False,False,False,False,False
2026-08-27T13:45:30,TRENT,2026-08-27 13:40:00+05:30,BEAR,NO_SIGNAL,60.0,BREAKOUT_CONTINUATION,MACRO_BEAR|RVOL,2871.1,2884.1746,28.05,-0.53,0.901,1.1,2892.0216,2913.2936,2885.5859,BEAR,2871.1,2893.2819,29.66,-0.733,20.28,False,True,False,False,False,True,False,False
2026-08-27T13:45:30,ASIANPAINT,2026-08-27 13:40:00+05:30,BULL,NO_SIGNAL,20.0,,MACRO_BULL|ST_BULL|RVOL|ENTRY_TRIGGER,2642.5,2646.7078,43.03,-0.321,0.498,1.1,2643.677,2634.2484,2652.6613,BEAR,2642.5,2645.2585,47.58,-0.208,13.96,False,True,False,False,False,False,False,False
2026-08-27T13:45:31,ULTRACEMCO,2026-08-27 13:40:00+05:30,BULL,NO_SIGNAL,60.0,,MACRO_BULL|ENTRY_TRIGGER,11734.0,11747.8009,45.7,-0.102,1.798,1.1,11744.3267,11616.487,11714.7553,BULL,11734.0,11730.5795,52.52,-0.136,25.56,False,False,False,False,False,False,False,False
2026-08-27T13:45:31,HDFCBANK,2026-08-27 13:40:00+05:30,BEAR,NO_SIGNAL,40.0,VWAP_PULLBACK,ST_BEAR|RVOL|ENTRY_TRIGGER,715.5,715.4314,49.24,0.14,0.566,1.1,716.6846,722.6951,713.0039,BULL,715.5,718.1696,37.98,-0.625,41.89,False,False,False,True,False,False,False,False
2026-08-27T13:45:32,RELIANCE,2026-08-27 13:40:00+05:30,BEAR,NO_SIGNAL,40.0,BREAKOUT_CONTINUATION,MACRO_BEAR|ST_BEAR|RVOL,1290.3,1293.3761,37.05,-0.386,0.647,1.1,1294.3805,1303.2551,1290.1074,BULL,1290.3,1295.7092,34.25,-0.401,20.24,False,True,False,False,False,True,False,False
2026-08-27T13:45:32,M&M,2026-08-27 13:40:00+05:30,BEAR,NO_SIGNAL,60.0,,RVOL|ENTRY_TRIGGER,3352.7,3361.7828,32.67,-0.336,0.46,1.1,3371.2477,3405.2464,3368.5055,BEAR,3352.7,3375.6788,26.45,-0.605,39.84,False,True,False,False,False,False,False,False
2026-08-27T13:45:33,SUNPHARMA,2026-08-27 13:40:00+05:30,BULL,NO_SIGNAL,20.0,VWAP_PULLBACK,MACRO_BULL|ST_BULL|RVOL|ENTRY_TRIGGER,1912.8,1911.2068,54.88,0.084,0.28,1.1,1910.377,1912.3335,1914.1721,BEAR,1912.8,1911.7071,52.02,0.042,10.52,False,False,True,False,False,False,False,False
2026-08-27T13:50:07,BEL,2026-08-27 13:45:00+05:30,BULL,NO_SIGNAL,60.0,,MACRO_BULL|ENTRY_TRIGGER,410.05,410.4391,41.22,-0.243,1.604,1.1,410.4861,409.2754,409.8555,BULL,410.05,410.2209,49.33,0.061,22.73,False,True,False,False,False,False,False,False
2026-08-27T13:50:07,TATACONSUM,2026-08-27 13:45:00+05:30,BEAR,NO_SIGNAL,60.0,,RVOL|ENTRY_TRIGGER,1036.5,1037.5532,40.98,-0.058,0.919,1.1,1039.5684,1048.7521,1040.4162,BEAR,1037.7,1039.9588,38.37,-0.25,30.58,False,True,False,False,False,False,False,False
2026-08-27T13:50:08,BAJAJ-AUTO,2026-08-27 13:45:00+05:30,BULL,NO_SIGNAL,40.0,,MACRO_BULL|ABOVE_WVWAP|ENTRY_TRIGGER,11687.0,11696.0042,46.96,-0.12,2.638,1.1,11678.0723,11772.0666,11673.7924,BULL,11707.0,11700.431,49.63,0.714,20.97,False,False,False,False,False,True,False,False
2026-08-27T13:50:08,NESTLEIND,2026-08-27 13:45:00+05:30,BULL,NO_SIGNAL,40.0,,MACRO_BULL|ABOVE_WVWAP|ENTRY_TRIGGER,1446.1,1445.4145,53.24,-0.007,1.531,1.1,1449.7476,1462.2639,1441.7957,BULL,1446.2,1447.2035,43.83,-0.014,9.8,False,False,False,False,False,False,False,False
2026-08-27T13:50:09,BAJFINANCE,2026-08-27 13:45:00+05:30,BEAR,NO_SIGNAL,40.0,,BELOW_WVWAP|RVOL|ENTRY_TRIGGER,1086.7,1086.7697,48.41,0.12,0.559,1.1,1092.9393,1086.6196,1089.5429,BEAR,1085.3,1087.8533,43.74,-0.376,24.01,False,False,False,False,False,False,False,False
2026-08-27T13:50:09,HINDALCO,2026-08-27 13:45:00+05:30,BEAR,NEAR,80.0,,ENTRY_TRIGGER,1023.0,1031.6816,12.59,-1.011,2.137,1.1,1038.7402,1048.443,1031.6763,BEAR,1024.9,1038.357,17.58,-1.665,41.81,False,True,False,False,False,False,False,False
2026-08-27T13:50:10,NTPC,2026-08-27 13:45:00+05:30,BEAR,NO_SIGNAL,40.0,,MACRO_BEAR|RVOL|ENTRY_TRIGGER,329.2,329.93,38.25,-0.273,0.642,1.1,330.3953,335.8002,331.0438,BEAR,329.45,331.5549,28.47,0.046,41.64,False,True,False,False,False,False,False,False
2026-08-27T13:50:10,HDFCLIFE,2026-08-27 13:45:00+05:30,BEAR,NO_SIGNAL,60.0,,ST_BEAR|ENTRY_TRIGGER,553.35,552.0074,60.63,0.29,3.961,1.1,552.9693,554.5336,550.7925,BULL,552.55,553.3161,45.07,-0.136,24.42,True,False,False,False,False,False,False,False
2026-08-27T13:50:11,SBILIFE,2026-08-27 13:45:00+05:30,BULL,NO_SIGNAL,40.0,,MACRO_BULL|ST_BULL|ENTRY_TRIGGER,1782.6,1782.1761,50.58,0.039,1.593,1.1,1783.9945,1770.7549,1786.5771,BEAR,1780.1,1781.7968,48.6,-0.802,18.53,False,False,False,False,False,False,False,False
2026-08-27T13:50:11,HINDUNILVR,2026-08-27 13:45:00+05:30,BEAR,NEAR,80.0,VWAP_PULLBACK,MACRO_BEAR,2007.5,2010.3632,38.57,-0.159,1.1,1.1,2011.042,2020.7881,2014.6502,BEAR,2010.7,2013.4605,40.85,0.234,25.8,False,True,False,True,False,True,False,True
2026-08-27T13:50:12,MARUTI,2026-08-27 13:45:00+05:30,BEAR,NO_SIGNAL,60.0,BREAKOUT_CONTINUATION,MACRO_BEAR|RVOL,13407.0,13437.3257,35.31,-0.238,0.977,1.1,13448.3609,13536.5247,13464.0385,BEAR,13424.0,13469.9022,36.6,-0.074,21.94,False,True,False,False,False,True,False,False
2026-08-27T13:50:12,ITC,2026-08-27 13:45:00+05:30,BEAR,NO_SIGNAL,60.0,VWAP_PULLBACK,MACRO_BEAR|RVOL,268.5,269.1083,30.18,-0.26,0.956,1.1,269.4372,269.9957,269.9529,BEAR,268.9,269.5662,36.75,0.037,31.11,False,True,False,True,False,True,False,True
2026-08-27T13:50:13,TMPV,2026-08-27 13:45:00+05:30,BULL,NO_SIGNAL,20.0,,MACRO_BULL|ST_BULL|RVOL|ENTRY_TRIGGER,315.65,316.4649,38.9,-0.394,0.788,1.1,316.4563,314.6664,317.1564,BEAR,315.85,316.0583,49.83,0.334,34.65,False,True,False,False,False,False,False,False
2026-08-27T13:50:14,ADANIPORTS,2026-08-27 13:45:00+05:30,BULL,NO_SIGNAL,60.0,,RVOL|ENTRY_TRIGGER,1711.6,1710.7958,55.23,-0.064,0.574,1.1,1704.1476,1693.8331,1705.7307,BULL,1714.0,1704.2631,70.91,1.139,43.19,False,False,False,False,False,False,False,False
2026-08-27T13:50:14,DRREDDY,2026-08-27 13:45:00+05:30,BEAR,NO_SIGNAL,40.0,,MACRO_BEAR|RVOL|ENTRY_TRIGGER,1173.6,1179.1133,25.58,-0.803,0.445,1.1,1181.2461,1186.1153,1179.5231,BEAR,1173.7,1182.6861,30.78,-1.029,15.55,False,True,False,False,False,False,False,False
2026-08-27T13:50:15,WIPRO,2026-08-27 13:45:00+05:30,BULL,NO_SIGNAL,20.0,,MACRO_BULL|ABOVE_WVWAP|RVOL|ENTRY_TRIGGER,177.52,177.4489,55.6,-0.028,0.565,1.1,177.3327,179.7206,177.1356,BULL,177.59,177.4352,51.31,0.492,13.98,False,False,False,False,False,False,False,False
2026-08-27T13:50:15,ONGC,2026-08-27 13:45:00+05:30,BEAR,NO_SIGNAL,40.0,VWAP_PULLBACK,MACRO_BEAR|ST_BEAR|RVOL,232.93,233.2276,43.55,-0.116,0.869,1.1,233.1423,234.3376,232.693,BULL,233.15,233.1282,50.14,0.535,21.08,False,True,False,True,False,True,False,False
2026-08-27T13:50:16,SBIN,2026-08-27 13:45:00+05:30,BEAR,NO_SIGNAL,40.0,,BELOW_WVWAP|RVOL|ENTRY_TRIGGER,1044.5,1045.8082,39.67,-0.01,0.999,1.1,1047.1701,1043.1089,1048.1167,BEAR,1045.1,1047.7431,38.81,-0.124,29.74,False,True,False,False,False,False,False,False
2026-08-27T13:50:16,EICHERMOT,2026-08-27 13:45:00+05:30,BULL,NO_SIGNAL,60.0,,RVOL|ENTRY_TRIGGER,8050.5,8046.811,53.49,0.006,0.771,1.1,8031.4121,8040.9655,8029.2624,BULL,8054.0,8045.1792,52.76,0.393,28.19,False,False,False,False,False,False,False,False
2026-08-27T13:50:17,COALINDIA,2026-08-27 13:45:00+05:30,BEAR,NEAR,80.0,BREAKOUT_CONTINUATION,MACRO_BEAR,399.3,401.1417,14.64,-0.672,4.995,1.1,401.463,403.8806,401.1317,BEAR,400.25,401.9659,32.06,-0.062,13.14,False,True,False,False,False,True,False,False
2026-08-27T13:50:17,BAJAJFINSV,2026-08-27 13:45:00+05:30,BEAR,NEAR,80.0,BREAKOUT_CONTINUATION,MACRO_BEAR,2001.7,2005.9245,35.75,-0.348,1.532,1.1,2008.4138,2007.998,2010.1871,BEAR,2004.6,2007.6457,43.09,-0.11,11.39,False,True,False,False,False,True,False,False
2026-08-27T13:50:18,MAXHEALTH,2026-08-27 13:45:00+05:30,BULL,NO_SIGNAL,40.0,,MACRO_BULL|RVOL|ENTRY_TRIGGER,1002.9,1003.7838,45.5,-0.11,0.311,1.1,1003.6489,1000.5909,1000.8047,BULL,1003.4,1005.3138,43.77,0.06,24.57,False,False,False,False,False,False,False,False
2026-08-27T13:50:18,KOTAKBANK,2026-08-27 13:45:00+05:30,BULL,NEAR,80.0,,ENTRY_TRIGGER,425.95,425.6954,54.9,0.365,1.617,1.1,423.9701,412.3705,424.2586,BULL,426.1,423.2266,70.65,0.401,71.42,False,False,False,False,False,False,False,False
2026-08-27T13:50:19,APOLLOHOSP,2026-08-27 13:45:00+05:30,BULL,NO_SIGNAL,20.0,,MACRO_BULL|ST_BULL|RVOL|ENTRY_TRIGGER,8781.5,8784.2004,46.94,-0.136,0.121,1.1,8787.9912,8729.1175,8802.3901,BEAR,8782.5,8786.6919,47.84,0.063,34.73,False,False,False,False,False,False,False,False
2026-08-27T13:50:19,CIPLA,2026-08-27 13:45:00+05:30,BULL,NO_SIGNAL,40.0,,MACRO_BULL|ABOVE_WVWAP|ENTRY_TRIGGER,1414.4,1411.9546,61.88,0.319,2.77,1.1,1408.6179,1419.6781,1408.0044,BULL,1414.7,1410.1173,59.36,0.755,21.35,True,False,False,False,False,False,False,False
2026-08-27T13:50:20,JSWSTEEL,2026-08-27 13:45:00+05:30,BULL,NO_SIGNAL,40.0,,MACRO_BULL|ST_BULL|ENTRY_TRIGGER,1335.3,1337.2992,39.21,-0.187,1.544,1.1,1339.5795,1321.2407,1339.8157,BEAR,1335.9,1335.8553,53.93,-0.209,48.81,False,True,False,False,False,False,False,False
2026-08-27T13:50:20,HCLTECH,2026-08-27 13:45:00+05:30,BULL,NO_SIGNAL,20.0,,MACRO_BULL|ABOVE_WVWAP|RVOL|ENTRY_TRIGGER,1290.0,1289.4307,54.07,-0.031,0.536,1.1,1287.5183,1302.3953,1286.6055,BULL,1291.1,1290.2074,49.31,0.639,18.93,False,False,False,False,False,False,False,False
2026-08-27T13:50:21,TCS,2026-08-27 13:45:00+05:30,BULL,NO_SIGNAL,20.0,,MACRO_BULL|ABOVE_WVWAP|RVOL|ENTRY_TRIGGER,2254.8,2255.4393,48.92,-0.128,0.408,1.1,2255.4131,2279.21,2249.4921,BULL,2257.4,2256.9838,47.43,0.508,14.23,False,False,False,True,False,True,False,False
2026-08-27T13:50:21,INDIGO,2026-08-27 13:45:00+05:30,BULL,NO_SIGNAL,40.0,,MACRO_BULL|ST_BULL|ENTRY_TRIGGER,5195.5,5218.6429,31.07,-0.498,6.988,1.1,5216.6327,5178.5241,5233.1885,BEAR,5218.5,5222.9151,47.97,0.077,17.12,False,True,False,False,False,False,False,False
2026-08-27T13:50:22,BHARTIARTL,2026-08-27 13:45:00+05:30,BEAR,NEAR,80.0,TREND_CONTINUATION,RVOL,1887.1,1894.4891,33.24,-0.955,0.867,1.1,1898.0592,1918.9559,1900.3768,BEAR,1889.2,1901.1281,33.12,-0.673,34.82,False,True,False,False,False,False,False,True
2026-08-27T13:50:22,ETERNAL,2026-08-27 13:45:00+05:30,BULL,NEAR,80.0,,ENTRY_TRIGGER,329.05,328.598,59.68,-0.015,1.704,1.1,327.8131,328.1558,327.9805,BULL,329.4,327.8363,61.26,0.78,25.27,False,False,False,False,False,False,False,False
2026-08-27T13:50:23,LT,2026-08-27 13:45:00+05:30,BULL,NO_SIGNAL,60.0,,ABOVE_WVWAP|ENTRY_TRIGGER,4047.5,4048.6088,50.1,0.087,2.372,1.1,4042.3475,4078.4219,4043.274,BULL,4058.0,4047.8163,56.66,0.48,29.92,False,False,False,False,False,True,False,False
2026-08-27T13:50:23,SHRIRAMFIN,2026-08-27 13:45:00+05:30,BULL,NO_SIGNAL,20.0,,MACRO_BULL|ABOVE_WVWAP|RVOL|ENTRY_TRIGGER,1101.4,1101.4919,50.1,0.1,0.747,1.1,1101.343,1116.8125,1097.3836,BULL,1102.5,1104.008,44.65,0.501,26.01,False,False,False,False,False,False,False,False
2026-08-27T13:50:24,GRASIM,2026-08-27 13:45:00+05:30,BEAR,NO_SIGNAL,60.0,,RVOL|ENTRY_TRIGGER,3270.6,3274.4803,35.01,-0.107,0.761,1.1,3280.5883,3275.9402,3277.9877,BEAR,3270.8,3278.8337,43.55,-0.432,25.91,False,True,False,False,False,False,False,False
2026-08-27T13:50:25,AXISBANK,2026-08-27 13:45:00+05:30,BULL,NO_SIGNAL,60.0,,RVOL|ENTRY_TRIGGER,1262.9,1261.4264,58.41,0.286,0.49,1.1,1259.4788,1246.8406,1258.7322,BULL,1263.2,1258.4879,65.42,0.254,38.49,True,False,False,False,False,False,False,False
2026-08-27T13:50:25,POWERGRID,2026-08-27 13:45:00+05:30,BEAR,NO_SIGNAL,60.0,BREAKOUT_CONTINUATION,MACRO_BEAR|ST_BEAR,264.15,264.5,41.98,-0.245,1.476,1.1,263.8249,268.1122,263.9568,BULL,264.4,264.8399,42.16,0.628,30.25,False,True,False,False,False,True,False,True
2026-08-27T13:50:26,ADANIENT,2026-08-27 13:45:00+05:30,BULL,NEAR,80.0,,ENTRY_TRIGGER,3155.5,3157.1262,49.96,-0.111,1.136,1.1,3148.8986,3086.0906,3151.5816,BULL,3160.9,3146.6301,71.72,0.576,48.71,False,False,False,False,False,False,False,False
2026-08-27T13:50:26,TECHM,2026-08-27 13:45:00+05:30,BULL,NO_SIGNAL,20.0,,MACRO_BULL|ST_BULL|RVOL|ENTRY_TRIGGER,1587.6,1589.2433,45.79,-0.214,0.526,1.1,1589.7318,1583.6983,1594.8727,BEAR,1586.7,1586.8461,51.48,-0.37,31.15,False,False,False,False,False,False,False,False
2026-08-27T13:50:27,ICICIBANK,2026-08-27 13:45:00+05:30,BULL,NO_SIGNAL,60.0,,RVOL|ENTRY_TRIGGER,1447.0,1446.4664,54.6,0.201,0.737,1.1,1443.6217,1429.2378,1442.2992,BULL,1446.7,1442.6884,64.17,0.312,37.43,False,False,False,False,False,False,False,False
2026-08-27T13:50:27,JIOFIN,2026-08-27 13:45:00+05:30,BEAR,NO_SIGNAL,60.0,,RVOL|ENTRY_TRIGGER,239.25,239.6677,34.27,-0.396,1.066,1.1,240.2508,242.0642,239.9564,BEAR,239.4,240.2769,34.38,-0.104,29.4,False,True,False,False,False,False,False,False
2026-08-27T13:50:28,TATASTEEL,2026-08-27 13:45:00+05:30,BULL,NO_SIGNAL,20.0,,MACRO_BULL|ST_BULL|RVOL|ENTRY_TRIGGER,187.55,188.0066,37.52,-0.499,0.554,1.1,188.5523,186.3085,188.3872,BEAR,187.6,187.8118,50.05,-0.101,37.03,False,True,False,False,False,False,False,False
2026-08-27T13:50:28,TITAN,2026-08-27 13:45:00+05:30,BULL,NO_SIGNAL,60.0,,RVOL|ENTRY_TRIGGER,5168.4,5156.2703,64.74,0.373,0.807,1.1,5122.7354,5104.4792,5150.136,BULL,5172.0,5131.9395,72.33,1.114,37.42,True,False,False,False,False,False,False,False
2026-08-27T13:50:29,INFY,2026-08-27 13:45:00+05:30,BEAR,NO_SIGNAL,40.0,,MACRO_BEAR|RVOL|ENTRY_TRIGGER,1111.1,1111.629,46.41,-0.081,0.532,1.1,1114.1533,1126.272,1113.6855,BEAR,1112.4,1113.9476,42.52,0.162,8.64,False,False,False,False,False,False,False,False
2026-08-27T13:50:29,TRENT,2026-08-27 13:45:00+05:30,BEAR,NO_SIGNAL,40.0,,MACRO_BEAR|RVOL|ENTRY_TRIGGER,2870.0,2882.886,27.17,-0.575,0.67,1.1,2891.6492,2913.1543,2881.4165,BEAR,2871.1,2893.2819,29.66,-0.733,20.28,False,True,False,False,False,False,False,False
2026-08-27T13:50:30,ASIANPAINT,2026-08-27 13:45:00+05:30,BULL,NO_SIGNAL,20.0,,MACRO_BULL|ST_BULL|RVOL|ENTRY_TRIGGER,2642.1,2646.2889,42.43,-0.385,0.432,1.1,2643.656,2634.2672,2652.2691,BEAR,2642.5,2645.2585,47.58,-0.208,13.96,False,True,False,False,False,False,False,False
2026-08-27T13:50:31,ULTRACEMCO,2026-08-27 13:45:00+05:30,BULL,NO_SIGNAL,60.0,,MACRO_BULL|ENTRY_TRIGGER,11725.0,11745.7281,42.88,-0.255,1.496,1.1,11743.618,11617.426,11714.7553,BULL,11734.0,11730.5795,52.52,-0.136,25.56,False,True,False,False,False,False,False,False
2026-08-27T13:50:31,HDFCBANK,2026-08-27 13:45:00+05:30,BEAR,NEAR,80.0,VWAP_PULLBACK,ST_BEAR,713.9,715.2921,41.99,-0.07,1.585,1.1,716.6174,722.594,713.0039,BULL,715.5,718.1696,37.98,-0.625,41.89,False,True,False,True,False,True,False,True
2026-08-27T13:50:32,RELIANCE,2026-08-27 13:45:00+05:30,BULL,NO_SIGNAL,20.0,,MACRO_BULL|ABOVE_WVWAP|RVOL|ENTRY_TRIGGER,1290.2,1293.0874,36.76,-0.371,0.708,1.1,1294.3211,1303.2049,1290.1074,BULL,1290.3,1295.7092,34.25,-0.401,20.24,False,True,False,False,False,False,False,False
2026-08-27T13:50:32,M&M,2026-08-27 13:45:00+05:30,BEAR,SIGNAL,100.0,BREAKOUT_CONTINUATION,,3345.9,3360.3389,26.83,-0.571,1.813,1.1,3370.5465,3404.7041,3367.0119,BEAR,3352.7,3375.6788,26.45,-0.605,39.84,False,True,False,False,False,True,False,False
2026-08-27T13:50:33,SUNPHARMA,2026-08-27 13:45:00+05:30,BEAR,NO_SIGNAL,40.0,,MACRO_BEAR|RVOL|ENTRY_TRIGGER,1911.3,1911.2152,50.3,-0.094,0.228,1.1,1910.3836,1912.333,1914.1721,BEAR,1912.8,1911.7071,52.02,0.042,10.52,False,False,False,False,False,False,False,False
2026-08-27T13:55:07,BEL,2026-08-27 13:50:00+05:30,BULL,NO_SIGNAL,40.0,,MACRO_BULL|RVOL|ENTRY_TRIGGER,410.0,410.3992,40.3,-0.28,0.593,1.1,410.4828,409.2765,409.8555,BULL,410.05,410.2209,49.33,0.061,22.73,False,True,False,False,False,False,False,False
2026-08-27T13:55:07,TATACONSUM,2026-08-27 13:50:00+05:30,BEAR,NO_SIGNAL,60.0,,RVOL|ENTRY_TRIGGER,1036.8,1037.4847,43.19,0.01,0.41,1.1,1039.5477,1048.734,1040.4162,BEAR,1037.7,1039.9588,38.37,-0.25,30.58,False,False,False,False,False,False,False,False
2026-08-27T13:55:08,BAJAJ-AUTO,2026-08-27 13:50:00+05:30,BULL,NO_SIGNAL,20.0,,MACRO_BULL|ABOVE_WVWAP|RVOL|ENTRY_TRIGGER,11679.0,11694.4583,43.41,-0.248,0.389,1.1,11678.1029,11771.8987,11673.7924,BULL,11707.0,11700.431,49.63,0.714,20.97,False,True,False,False,False,False,False,False
2026-08-27T13:55:08,NESTLEIND,2026-08-27 13:50:00+05:30,BULL,NO_SIGNAL,20.0,,MACRO_BULL|ABOVE_WVWAP|RVOL|ENTRY_TRIGGER,1446.0,1445.4677,52.71,-0.055,0.672,1.1,1449.7207,1462.2509,1441.7957,BULL,1446.2,1447.2035,43.83,-0.014,9.8,False,False,False,False,False,False,False,False
2026-08-27T13:55:09,BAJFINANCE,2026-08-27 13:50:00+05:30,BEAR,NO_SIGNAL,60.0,,RVOL|ENTRY_TRIGGER,1085.4,1086.6452,43.67,-0.138,0.664,1.1,1092.8654,1086.6172,1089.5429,BEAR,1085.3,1087.8533,43.74,-0.376,24.01,False,True,False,False,False,False,False,False
2026-08-27T13:55:09,HINDALCO,2026-08-27 13:50:00+05:30,BEAR,NEAR,80.0,,ENTRY_TRIGGER,1022.7,1030.8651,12.31,-1.021,1.767,1.1,1038.2325,1048.2986,1029.9654,BEAR,1024.9,1038.357,17.58,-1.665,41.81,False,True,False,False,False,False,False,False
2026-08-27T13:55:10,NTPC,2026-08-27 13:50:00+05:30,BEAR,NO_SIGNAL,40.0,,MACRO_BEAR|RVOL|ENTRY_TRIGGER,329.0,329.8455,36.32,-0.394,0.573,1.1,330.3756,335.763,330.8661,BEAR,329.45,331.5549,28.47,0.046,41.64,False,True,False,False,False,False,False,False
2026-08-27T13:55:10,HDFCLIFE,2026-08-27 13:50:00+05:30,BEAR,NO_SIGNAL,60.0,,ST_BEAR|ENTRY_TRIGGER,554.0,552.1886,64.67,0.353,5.151,1.1,553.0214,554.5283,551.2971,BULL,552.55,553.3161,45.07,-0.136,24.42,True,False,False,False,False,False,False,False
2026-08-27T13:55:11,SBILIFE,2026-08-27 13:50:00+05:30,BULL,NO_SIGNAL,40.0,,MACRO_BULL|ST_BULL|ENTRY_TRIGGER,1779.8,1781.9601,43.05,-0.174,1.104,1.1,1783.9561,1770.7773,1786.5771,BEAR,1780.1,1781.7968,48.6,-0.802,18.53,False,True,False,False,False,False,False,False
2026-08-27T13:55:11,HINDUNILVR,2026-08-27 13:50:00+05:30,BEAR,NO_SIGNAL,60.0,VWAP_PULLBACK,MACRO_BEAR|RVOL,2007.1,2010.0665,37.46,-0.209,0.848,1.1,2010.9938,2020.7519,2014.4814,BEAR,2010.7,2013.4605,40.85,0.234,25.8,False,True,False,True,False,False,False,True
2026-08-27T13:55:12,MARUTI,2026-08-27 13:50:00+05:30,BEAR,NO_SIGNAL,40.0,,MACRO_BEAR|RVOL|ENTRY_TRIGGER,13406.0,13434.4779,35.01,-0.194,0.437,1.1,13447.9826,13536.2447,13452.1045,BEAR,13424.0,13469.9022,36.6,-0.074,21.94,False,True,False,False,False,False,False,False
2026-08-27T13:55:12,ITC,2026-08-27 13:50:00+05:30,BEAR,NO_SIGNAL,40.0,,MACRO_BEAR|RVOL|ENTRY_TRIGGER,268.55,269.0575,32.21,-0.186,0.52,1.1,269.4281,269.993,269.7018,BEAR,268.9,269.5662,36.75,0.037,31.11,False,True,False,False,False,False,False,False
2026-08-27T13:55:13,TMPV,2026-08-27 13:50:00+05:30,BULL,NO_SIGNAL,20.0,,MACRO_BULL|ST_BULL|RVOL|ENTRY_TRIGGER,315.6,316.3863,38.37,-0.379,0.492,1.1,316.4506,314.6675,317.0377,BEAR,315.85,316.0583,49.83,0.334,34.65,False,True,False,False,False,False,False,False
2026-08-27T13:55:13,ADANIPORTS,2026-08-27 13:50:00+05:30,BULL,NO_SIGNAL,60.0,,RVOL|ENTRY_TRIGGER,1711.4,1710.8507,54.69,-0.076,0.303,1.1,1704.1968,1693.8613,1705.7307,BULL,1714.0,1704.2631,70.91,1.139,43.19,False,False,False,False,False,False,False,False
2026-08-27T13:55:14,DRREDDY,2026-08-27 13:50:00+05:30,BEAR,NO_SIGNAL,40.0,,MACRO_BEAR|RVOL|ENTRY_TRIGGER,1171.3,1178.403,21.78,-0.872,0.782,1.1,1181.127,1186.0954,1179.1486,BEAR,1173.7,1182.6861,30.78,-1.029,15.55,False,True,False,False,False,False,False,False
2026-08-27T13:55:14,WIPRO,2026-08-27 13:50:00+05:30,BULL,NO_SIGNAL,20.0,,MACRO_BULL|ABOVE_WVWAP|RVOL|ENTRY_TRIGGER,177.37,177.4417,48.05,-0.141,1.042,1.1,177.3337,179.7173,177.1356,BULL,177.59,177.4352,51.31,0.492,13.98,False,False,False,False,False,True,False,False
2026-08-27T13:55:15,ONGC,2026-08-27 13:50:00+05:30,BULL,NO_SIGNAL,20.0,,MACRO_BULL|ABOVE_WVWAP|RVOL|ENTRY_TRIGGER,232.96,233.2033,44.32,-0.201,0.304,1.1,233.1412,234.3362,232.693,BULL,233.15,233.1282,50.14,0.535,21.08,False,True,False,False,False,False,False,False
2026-08-27T13:55:16,SBIN,2026-08-27 13:50:00+05:30,BEAR,NO_SIGNAL,40.0,,BELOW_WVWAP|RVOL|ENTRY_TRIGGER,1044.5,1045.6892,39.67,-0.029,0.484,1.1,1047.1465,1043.1102,1048.1167,BEAR,1045.1,1047.7431,38.81,-0.124,29.74,False,True,False,False,False,False,False,False
2026-08-27T13:55:16,EICHERMOT,2026-08-27 13:50:00+05:30,BULL,NEAR,80.0,,ENTRY_TRIGGER,8056.0,8047.6464,56.79,0.106,1.218,1.1,8031.7963,8041.0197,8029.2624,BULL,8054.0,8045.1792,52.76,0.393,28.19,True,False,False,False,False,False,False,False
2026-08-27T13:55:17,COALINDIA,2026-08-27 13:50:00+05:30,BEAR,NO_SIGNAL,60.0,,MACRO_BEAR|ENTRY_TRIGGER,399.1,400.9561,13.67,-0.734,1.474,1.1,401.3812,403.8608,400.5843,BEAR,400.25,401.9659,32.06,-0.062,13.14,False,True,False,False,False,False,False,False
2026-08-27T13:55:17,BAJAJFINSV,2026-08-27 13:50:00+05:30,BEAR,NO_SIGNAL,40.0,,MACRO_BEAR|RVOL|ENTRY_TRIGGER,2000.8,2005.4586,33.83,-0.329,0.439,1.1,2008.3444,2007.9866,2009.2246,BEAR,2004.6,2007.6457,43.09,-0.11,11.39,False,True,False,False,False,False,False,False
2026-08-27T13:55:18,MAXHEALTH,2026-08-27 13:50:00+05:30,BULL,NO_SIGNAL,40.0,,MACRO_BULL|RVOL|ENTRY_TRIGGER,1003.6,1003.767,49.16,-0.239,0.185,1.1,1003.6467,1000.5934,1000.8047,BULL,1003.4,1005.3138,43.77,0.06,24.57,False,False,False,False,False,False,False,False
2026-08-27T13:55:18,KOTAKBANK,2026-08-27 13:50:00+05:30,BULL,NO_SIGNAL,60.0,,RVOL|ENTRY_TRIGGER,426.0,425.7231,55.34,0.294,0.657,1.1,423.989,412.415,424.2586,BULL,426.1,423.2266,70.65,0.401,71.42,True,False,False,False,False,False,False,False
2026-08-27T13:55:19,APOLLOHOSP,2026-08-27 13:50:00+05:30,BULL,NO_SIGNAL,20.0,,MACRO_BULL|ST_BULL|RVOL|ENTRY_TRIGGER,8786.5,8784.4095,51.67,-0.017,0.123,1.1,8787.9852,8729.1394,8802.3901,BEAR,8782.5,8786.6919,47.84,0.063,34.73,False,False,False,False,False,False,False,False
2026-08-27T13:55:19,CIPLA,2026-08-27 13:50:00+05:30,BULL,NO_SIGNAL,20.0,,MACRO_BULL|ABOVE_WVWAP|RVOL|ENTRY_TRIGGER,1414.4,1412.1769,61.88,0.348,0.239,1.1,1408.6391,1419.6758,1408.0044,BULL,1414.7,1410.1173,59.36,0.755,21.35,True,False,False,False,False,False,False,False
2026-08-27T13:55:20,JSWSTEEL,2026-08-27 13:50:00+05:30,BULL,NO_SIGNAL,20.0,,MACRO_BULL|ST_BULL|RVOL|ENTRY_TRIGGER,1335.3,1337.1175,39.21,-0.276,1.05,1.1,1339.5324,1321.2692,1339.4348,BEAR,1335.9,1335.8553,53.93,-0.209,48.81,False,True,False,False,False,False,False,False
2026-08-27T13:55:20,HCLTECH,2026-08-27 13:50:00+05:30,BULL,NO_SIGNAL,20.0,,MACRO_BULL|ABOVE_WVWAP|RVOL|ENTRY_TRIGGER,1289.6,1289.4461,52.06,-0.101,0.817,1.1,1287.5515,1302.3343,1286.6055,BULL,1291.1,1290.2074,49.31,0.639,18.93,False,False,False,False,False,False,False,False
2026-08-27T13:55:21,TCS,2026-08-27 13:50:00+05:30,BULL,NO_SIGNAL,20.0,,MACRO_BULL|ABOVE_WVWAP|RVOL|ENTRY_TRIGGER,2253.9,2255.2994,46.47,-0.151,1.04,1.1,2255.3858,2279.1338,2249.4921,BULL,2257.4,2256.9838,47.43,0.508,14.23,False,False,False,True,False,False,False,False
2026-08-27T13:55:21,INDIGO,2026-08-27 13:50:00+05:30,BULL,NO_SIGNAL,20.0,,MACRO_BULL|ST_BULL|RVOL|ENTRY_TRIGGER,5194.5,5216.4481,30.58,-0.565,0.47,1.1,5216.4446,5178.5452,5222.0544,BEAR,5218.5,5222.9151,47.97,0.077,17.12,False,True,False,False,False,False,False,False
2026-08-27T13:55:22,BHARTIARTL,2026-08-27 13:50:00+05:30,BEAR,NO_SIGNAL,60.0,,RVOL|ENTRY_TRIGGER,1885.8,1893.6992,31.65,-1.023,1.07,1.1,1897.7981,1918.6849,1899.5174,BEAR,1889.2,1901.1281,33.12,-0.673,34.82,False,True,False,False,False,False,False,False
2026-08-27T13:55:22,ETERNAL,2026-08-27 13:50:00+05:30,BULL,NEAR,80.0,,ENTRY_TRIGGER,329.15,328.6482,60.87,0.167,1.215,1.1,327.8386,328.1597,327.9805,BULL,329.4,327.8363,61.26,0.78,25.27,True,False,False,False,False,False,False,False
2026-08-27T13:55:23,LT,2026-08-27 13:50:00+05:30,BULL,NO_SIGNAL,40.0,,ABOVE_WVWAP|RVOL|ENTRY_TRIGGER,4047.9,4048.5443,50.62,-0.114,0.342,1.1,4042.3785,4078.3838,4043.274,BULL,4058.0,4047.8163,56.66,0.48,29.92,False,False,False,False,False,False,False,False
2026-08-27T13:55:23,SHRIRAMFIN,2026-08-27 13:50:00+05:30,BULL,NO_SIGNAL,20.0,,MACRO_BULL|ABOVE_WVWAP|RVOL|ENTRY_TRIGGER,1100.8,1101.429,47.75,-0.109,0.592,1.1,1101.3398,1116.7845,1097.3836,BULL,1102.5,1104.008,44.65,0.501,26.01,False,False,False,True,False,False,False,False
2026-08-27T13:55:24,GRASIM,2026-08-27 13:50:00+05:30,BEAR,NEAR,80.0,,ENTRY_TRIGGER,3270.0,3274.073,33.8,-0.122,1.12,1.1,3280.3563,3275.9268,3277.1037,BEAR,3270.8,3278.8337,43.55,-0.432,25.91,False,True,False,False,False,False,False,False
2026-08-27T13:55:25,AXISBANK,2026-08-27 13:50:00+05:30,BULL,NO_SIGNAL,60.0,,RVOL|ENTRY_TRIGGER,1262.4,1261.5149,56.06,0.198,0.463,1.1,1259.5064,1246.8908,1258.7322,BULL,1263.2,1258.4879,65.42,0.254,38.49,True,False,False,False,False,False,False,False
2026-08-27T13:55:25,POWERGRID,2026-08-27 13:50:00+05:30,BULL,NO_SIGNAL,20.0,,MACRO_BULL|ABOVE_WVWAP|RVOL|ENTRY_TRIGGER,264.1,264.4636,40.96,-0.264,0.437,1.1,263.8258,268.1094,263.9568,BULL,264.4,264.8399,42.16,0.628,30.25,False,True,False,False,False,False,False,False
2026-08-27T13:55:26,ADANIENT,2026-08-27 13:50:00+05:30,BULL,NO_SIGNAL,60.0,,RVOL|ENTRY_TRIGGER,3156.4,3157.0601,51.09,-0.152,0.675,1.1,3148.9716,3086.2373,3151.5816,BULL,3160.9,3146.6301,71.72,0.576,48.71,False,False,False,False,False,False,False,False
2026-08-27T13:55:26,TECHM,2026-08-27 13:50:00+05:30,BULL,NO_SIGNAL,20.0,,MACRO_BULL|ST_BULL|RVOL|ENTRY_TRIGGER,1587.2,1589.0576,44.91,-0.295,0.431,1.1,1589.7147,1583.704,1594.6409,BEAR,1586.7,1586.8461,51.48,-0.37,31.15,False,True,False,False,False,False,False,False
2026-08-27T13:55:27,ICICIBANK,2026-08-27 13:50:00+05:30,BULL,NO_SIGNAL,60.0,,RVOL|ENTRY_TRIGGER,1447.2,1446.5331,55.31,0.076,0.685,1.1,1443.6754,1429.3214,1442.2992,BULL,1446.7,1442.6884,64.17,0.312,37.43,True,False,False,False,False,False,False,False
2026-08-27T13:55:27,JIOFIN,2026-08-27 13:50:00+05:30,BEAR,NO_SIGNAL,60.0,,RVOL|ENTRY_TRIGGER,239.3,239.6343,36.38,-0.375,0.619,1.1,240.2436,242.0602,239.9412,BEAR,239.4,240.2769,34.38,-0.104,29.4,False,True,False,False,False,False,False,False
2026-08-27T13:55:28,TATASTEEL,2026-08-27 13:50:00+05:30,BULL,NO_SIGNAL,20.0,,MACRO_BULL|ST_BULL|RVOL|ENTRY_TRIGGER,187.54,187.9642,37.33,-0.499,0.33,1.1,188.548,186.3099,188.3233,BEAR,187.6,187.8118,50.05,-0.101,37.03,False,True,False,False,False,False,False,False
2026-08-27T13:55:28,TITAN,2026-08-27 13:50:00+05:30,BULL,NO_SIGNAL,60.0,,RVOL|ENTRY_TRIGGER,5174.5,5157.9276,68.1,0.316,0.272,1.1,5122.9633,5104.6253,5150.136,BULL,5172.0,5131.9395,72.33,1.114,37.42,True,False,False,False,False,False,False,False
2026-08-27T13:55:29,INFY,2026-08-27 13:50:00+05:30,BEAR,NO_SIGNAL,60.0,BREAKOUT_CONTINUATION,MACRO_BEAR|RVOL,1109.5,1111.4355,40.18,-0.18,1.084,1.1,1114.0698,1126.2154,1113.6855,BEAR,1112.4,1113.9476,42.52,0.162,8.64,False,True,False,False,False,True,False,False
2026-08-27T13:55:29,TRENT,2026-08-27 13:50:00+05:30,BEAR,NO_SIGNAL,40.0,,MACRO_BEAR|RVOL|ENTRY_TRIGGER,2870.0,2881.7146,27.17,-0.63,0.878,1.1,2891.2188,2912.9854,2881.4165,BEAR,2871.1,2893.2819,29.66,-0.733,20.28,False,True,False,False,False,False,False,False
2026-08-27T13:55:30,ASIANPAINT,2026-08-27 13:50:00+05:30,BULL,NO_SIGNAL,20.0,,MACRO_BULL|ST_BULL|RVOL|ENTRY_TRIGGER,2642.5,2645.9445,43.28,-0.358,0.37,1.1,2643.6473,2634.2791,2652.1806,BEAR,2642.5,2645.2585,47.58,-0.208,13.96,False,True,False,False,False,False,False,False
2026-08-27T13:55:30,ULTRACEMCO,2026-08-27 13:50:00+05:30,BULL,NO_SIGNAL,60.0,,MACRO_BULL|ENTRY_TRIGGER,11725.0,11743.8437,42.88,-0.298,1.598,1.1,11742.9012,11618.4782,11714.7553,BULL,11734.0,11730.5795,52.52,-0.136,25.56,False,True,False,False,False,False,False,False
2026-08-27T13:55:31,HDFCBANK,2026-08-27 13:50:00+05:30,BEAR,NO_SIGNAL,60.0,BREAKOUT_CONTINUATION,ST_BEAR|RVOL,713.3,715.111,39.63,-0.175,1.099,1.1,716.558,722.5202,713.0039,BULL,715.5,718.1696,37.98,-0.625,41.89,False,True,False,False,False,True,False,True
2026-08-27T13:55:31,RELIANCE,2026-08-27 13:50:00+05:30,BULL,NO_SIGNAL,20.0,,MACRO_BULL|ABOVE_WVWAP|RVOL|ENTRY_TRIGGER,1290.7,1292.8703,39.35,-0.34,0.775,1.1,1294.2609,1303.1518,1290.1074,BULL,1290.3,1295.7092,34.25,-0.401,20.24,False,True,False,False,False,False,False,False
2026-08-27T13:55:32,M&M,2026-08-27 13:50:00+05:30,BEAR,NO_SIGNAL,60.0,,RVOL|ENTRY_TRIGGER,3343.8,3358.8354,25.33,-0.651,0.777,1.1,3370.201,3404.4551,3360.5745,BEAR,3352.7,3375.6788,26.45,-0.605,39.84,False,True,False,False,False,False,False,False
2026-08-27T13:55:32,SUNPHARMA,2026-08-27 13:50:00+05:30,BEAR,NO_SIGNAL,40.0,,MACRO_BEAR|RVOL|ENTRY_TRIGGER,1912.0,1911.2866,52.3,0.0,0.422,1.1,1910.3981,1912.3327,1914.1721,BEAR,1912.8,1911.7071,52.02,0.042,10.52,False,False,False,False,False,False,False,False
2026-08-27T14:00:03,BEL,2026-08-27 13:55:00+05:30,BULL,NO_SIGNAL,40.0,,MACRO_BULL|RVOL|ENTRY_TRIGGER,410.1,410.372,43.03,-0.219,0.823,1.1,410.479,409.2781,409.8555,BULL,410.1,410.2099,49.82,0.012,21.93,False,True,False,False,False,False,False,False
2026-08-27T14:00:04,TATACONSUM,2026-08-27 13:55:00+05:30,BEAR,NEAR,80.0,TREND_CONTINUATION,RVOL,1036.2,1037.3679,39.97,-0.106,0.388,1.1,1039.5264,1048.7168,1040.4162,BEAR,1036.2,1039.6171,34.66,-0.385,30.54,False,True,False,False,False,False,False,True
2026-08-27T14:00:04,BAJAJ-AUTO,2026-08-27 13:55:00+05:30,BULL,NO_SIGNAL,20.0,,MACRO_BULL|ABOVE_WVWAP|RVOL|ENTRY_TRIGGER,11686.0,11693.6894,47.17,-0.154,1.027,1.1,11678.2758,11771.4982,11673.7924,BULL,11686.0,11699.1191,44.59,0.585,20.14,False,False,False,False,False,False,False,False
2026-08-27T14:00:05,NESTLEIND,2026-08-27 13:55:00+05:30,BULL,NO_SIGNAL,20.0,,MACRO_BULL|ABOVE_WVWAP|RVOL|ENTRY_TRIGGER,1446.4,1445.5525,54.64,0.055,0.702,1.1,1449.6948,1462.2375,1441.8298,BULL,1446.4,1447.1305,44.44,0.104,9.55,False,False,False,False,False,False,False,False
2026-08-27T14:00:06,BAJFINANCE,2026-08-27 13:55:00+05:30,BEAR,NO_SIGNAL,60.0,,RVOL|ENTRY_TRIGGER,1085.1,1086.5047,42.64,-0.138,0.293,1.1,1092.8302,1086.6154,1089.5429,BEAR,1085.1,1087.603,43.31,-0.257,22.88,False,True,False,False,False,False,False,False
2026-08-27T14:00:06,HINDALCO,2026-08-27 13:55:00+05:30,BEAR,NEAR,80.0,,ENTRY_TRIGGER,1023.9,1030.2319,19.88,-0.761,1.364,1.1,1037.8558,1048.1852,1029.9525,BEAR,1023.9,1037.0427,16.86,-1.562,44.15,False,True,False,False,False,False,False,False
2026-08-27T14:00:07,NTPC,2026-08-27 13:55:00+05:30,BEAR,NO_SIGNAL,60.0,,RVOL|ENTRY_TRIGGER,328.75,329.7459,34.0,-0.349,0.555,1.1,330.3538,335.7256,330.5352,BEAR,328.75,331.2999,25.7,-0.288,42.16,False,True,False,False,False,False,False,False
2026-08-27T14:00:07,HDFCLIFE,2026-08-27 13:55:00+05:30,BULL,NO_SIGNAL,60.0,,ABOVE_WVWAP|ENTRY_TRIGGER,554.35,552.3851,66.66,0.462,4.143,1.1,553.0896,554.526,551.7689,BULL,554.35,553.4101,52.72,0.535,23.13,True,False,False,False,False,False,False,False
2026-08-27T14:00:08,SBILIFE,2026-08-27 13:55:00+05:30,BULL,NO_SIGNAL,40.0,,MACRO_BULL|ST_BULL|ENTRY_TRIGGER,1781.8,1781.9455,48.9,-0.107,1.475,1.1,1783.9126,1770.8089,1786.5771,BEAR,1781.8,1781.7971,51.16,-0.469,18.31,False,False,False,False,False,False,False,False
2026-08-27T14:00:08,HINDUNILVR,2026-08-27 13:55:00+05:30,BEAR,NO_SIGNAL,60.0,,RVOL|ENTRY_TRIGGER,2007.5,2009.8332,39.35,-0.204,0.581,1.1,2010.9624,2020.727,2014.4341,BEAR,2007.5,2012.9186,35.83,-0.129,26.78,False,True,False,False,False,False,False,False
2026-08-27T14:00:09,MARUTI,2026-08-27 13:55:00+05:30,BEAR,NO_SIGNAL,60.0,,RVOL|ENTRY_TRIGGER,13405.0,13431.7981,34.69,-0.097,0.474,1.1,13447.5873,13535.9512,13447.8038,BEAR,13405.0,13464.002,33.7,-0.327,22.97,False,True,False,False,False,False,False,False
2026-08-27T14:00:09,ITC,2026-08-27 13:55:00+05:30,BEAR,NO_SIGNAL,60.0,,RVOL|ENTRY_TRIGGER,268.65,269.0205,36.21,-0.167,0.399,1.1,269.4218,269.991,269.6694,BEAR,268.65,269.4829,34.0,-0.13,31.51,False,True,False,False,False,False,False,False
2026-08-27T14:00:10,TMPV,2026-08-27 13:55:00+05:30,BULL,NO_SIGNAL,20.0,,MACRO_BULL|ST_BULL|RVOL|ENTRY_TRIGGER,315.3,316.2875,35.23,-0.348,0.62,1.1,316.4421,314.6687,316.8751,BEAR,315.3,315.9893,46.46,0.207,33.32,False,True,False,False,False,False,False,False
2026-08-27T14:00:10,ADANIPORTS,2026-08-27 13:55:00+05:30,BULL,NO_SIGNAL,60.0,,RVOL|ENTRY_TRIGGER,1711.8,1710.937,55.62,-0.012,0.418,1.1,1704.2573,1693.8962,1705.7307,BULL,1711.8,1704.9483,65.62,1.045,43.33,False,False,False,False,False,False,False,False
2026-08-27T14:00:11,DRREDDY,2026-08-27 13:55:00+05:30,BEAR,NEAR,80.0,BREAKOUT_CONTINUATION,MACRO_BEAR,1169.5,1177.5937,19.36,-1.032,5.828,1.1,1180.1444,1185.9267,1176.8203,BEAR,1169.5,1181.4874,26.35,-1.3,17.91,False,True,False,False,False,True,False,False
2026-08-27T14:00:11,WIPRO,2026-08-27 13:55:00+05:30,BULL,NO_SIGNAL,20.0,,MACRO_BULL|ABOVE_WVWAP|RVOL|ENTRY_TRIGGER,177.32,177.4307,45.81,-0.113,0.445,1.1,177.3336,179.7159,177.1356,BULL,177.32,177.4248,44.47,0.209,13.31,False,False,False,True,False,False,False,False
2026-08-27T14:00:12,ONGC,2026-08-27 13:55:00+05:30,BULL,NO_SIGNAL,20.0,,MACRO_BULL|ABOVE_WVWAP|RVOL|ENTRY_TRIGGER,232.98,233.183,44.86,-0.073,0.32,1.1,233.1402,234.3347,232.693,BULL,232.98,233.1147,48.03,-0.073,20.16,False,True,False,False,False,False,False,False
2026-08-27T14:00:12,SBIN,2026-08-27 13:55:00+05:30,BEAR,NEAR,80.0,TREND_CONTINUATION,BELOW_WVWAP,1043.7,1045.5084,35.55,-0.105,1.129,1.1,1047.0833,1043.1123,1047.7755,BEAR,1043.7,1047.3756,35.25,-0.277,30.69,False,True,False,False,False,False,False,True
2026-08-27T14:00:13,EICHERMOT,2026-08-27 13:55:00+05:30,BULL,NO_SIGNAL,60.0,,RVOL|ENTRY_TRIGGER,8057.0,8048.4967,57.38,0.249,0.44,1.1,8031.9535,8041.0443,8030.6934,BULL,8057.0,8046.2538,53.76,0.168,27.25,True,False,False,False,False,False,False,False
2026-08-27T14:00:14,COALINDIA,2026-08-27 13:55:00+05:30,BEAR,NO_SIGNAL,40.0,,MACRO_BEAR|RVOL|ENTRY_TRIGGER,399.0,400.7783,13.21,-0.759,0.741,1.1,401.3379,403.85,400.358,BEAR,399.0,401.6963,25.94,-0.573,15.13,False,True,False,False,False,False,False,False
2026-08-27T14:00:14,BAJAJFINSV,2026-08-27 13:55:00+05:30,BEAR,NO_SIGNAL,40.0,,MACRO_BEAR|RVOL|ENTRY_TRIGGER,2000.2,2004.9806,32.57,-0.374,0.877,1.1,2008.201,2007.9625,2008.9426,BEAR,2000.2,2006.9688,36.41,-0.284,12.53,False,True,False,False,False,False,False,False
2026-08-27T14:00:15,MAXHEALTH,2026-08-27 13:55:00+05:30,BULL,NO_SIGNAL,40.0,,MACRO_BULL|RVOL|ENTRY_TRIGGER,1003.6,1003.7519,49.16,-0.159,0.14,1.1,1003.6461,1000.5955,1000.8047,BULL,1003.6,1005.158,44.33,0.16,23.32,False,False,False,False,False,False,False,False
2026-08-27T14:00:15,KOTAKBANK,2026-08-27 13:55:00+05:30,BULL,NO_SIGNAL,60.0,,RVOL|ENTRY_TRIGGER,425.55,425.7074,50.61,-0.106,0.71,1.1,424.0048,412.4611,424.2586,BULL,425.55,423.4379,67.06,0.401,70.27,False,False,False,False,False,False,False,False
2026-08-27T14:00:16,APOLLOHOSP,2026-08-27 13:55:00+05:30,BEAR,NO_SIGNAL,40.0,,BELOW_WVWAP|RVOL|ENTRY_TRIGGER,8782.5,8784.2359,47.99,0.063,0.503,1.1,8787.9412,8729.225,8802.3901,BEAR,8782.5,8786.3108,47.84,-0.097,33.51,False,False,False,False,False,False,False,False
2026-08-27T14:00:16,CIPLA,2026-08-27 13:55:00+05:30,BULL,NO_SIGNAL,20.0,,MACRO_BULL|ABOVE_WVWAP|RVOL|ENTRY_TRIGGER,1414.2,1412.3608,60.87,0.184,0.695,1.1,1408.6984,1419.6693,1408.0044,BULL,1414.2,1410.4884,58.14,0.698,20.93,True,False,False,False,False,False,False,False
2026-08-27T14:00:17,JSWSTEEL,2026-08-27 13:55:00+05:30,BULL,NO_SIGNAL,40.0,,MACRO_BULL|ST_BULL|ENTRY_TRIGGER,1335.3,1336.9522,39.21,-0.254,1.332,1.1,1339.479,1321.3003,1339.1513,BEAR,1335.3,1335.8048,52.26,-0.276,46.89,False,True,False,False,False,False,False,False
2026-08-27T14:00:17,HCLTECH,2026-08-27 13:55:00+05:30,BULL,NO_SIGNAL,20.0,,MACRO_BULL|ABOVE_WVWAP|RVOL|ENTRY_TRIGGER,1289.9,1289.4874,53.46,0.008,0.636,1.1,1287.5769,1302.2935,1286.6055,BULL,1289.9,1290.1794,46.25,0.311,17.93,False,False,False,False,False,False,False,False
2026-08-27T14:00:18,TCS,2026-08-27 13:55:00+05:30,BEAR,NO_SIGNAL,40.0,VWAP_PULLBACK,MACRO_BEAR|ST_BEAR|RVOL,2252.5,2255.0449,42.87,-0.093,0.448,1.1,2255.3691,2279.0998,2249.4921,BULL,2252.5,2256.5762,40.76,0.12,13.32,False,True,False,True,False,False,False,False
2026-08-27T14:00:18,INDIGO,2026-08-27 13:55:00+05:30,BULL,NO_SIGNAL,20.0,,MACRO_BULL|ST_BULL|RVOL|ENTRY_TRIGGER,5193.0,5214.3164,29.82,-0.517,0.737,1.1,5216.1537,5178.5779,5221.5824,BEAR,5193.0,5220.1955,37.06,-0.403,18.37,False,True,False,False,False,False,False,False
2026-08-27T14:00:19,BHARTIARTL,2026-08-27 13:55:00+05:30,BEAR,NO_SIGNAL,60.0,,RVOL|ENTRY_TRIGGER,1886.3,1893.0265,32.98,-0.904,0.778,1.1,1897.6032,1918.4817,1897.7578,BEAR,1886.3,1899.7801,31.01,-0.737,36.29,False,True,False,False,False,False,False,False
2026-08-27T14:00:19,ETERNAL,2026-08-27 13:55:00+05:30,BULL,NEAR,80.0,,ENTRY_TRIGGER,329.2,328.6984,61.49,0.228,1.332,1.1,327.8651,328.1639,327.9805,BULL,329.2,327.9603,59.62,0.412,25.83,True,False,False,False,False,False,False,False
2026-08-27T14:00:20,LT,2026-08-27 13:55:00+05:30,BULL,NO_SIGNAL,40.0,,ABOVE_WVWAP|RVOL|ENTRY_TRIGGER,4051.2,4048.7858,54.75,0.005,0.518,1.1,4042.4653,4078.3341,4043.274,BULL,4051.2,4048.1239,50.97,0.504,29.04,False,False,False,False,False,False,False,False
2026-08-27T14:00:20,SHRIRAMFIN,2026-08-27 13:55:00+05:30,BULL,NO_SIGNAL,20.0,,MACRO_BULL|ABOVE_WVWAP|RVOL|ENTRY_TRIGGER,1100.5,1101.3446,46.58,-0.009,0.646,1.1,1101.3341,1116.7542,1097.3836,BULL,1100.5,1103.6891,41.89,0.603,25.18,False,False,False,True,False,False,False,False
2026-08-27T14:00:21,GRASIM,2026-08-27 13:55:00+05:30,BEAR,NO_SIGNAL,60.0,,RVOL|ENTRY_TRIGGER,3269.3,3273.6391,32.4,-0.116,0.831,1.1,3280.1834,3275.9159,3275.8603,BEAR,3269.3,3277.967,42.54,-0.357,24.19,False,True,False,False,False,False,False,False
2026-08-27T14:00:21,AXISBANK,2026-08-27 13:55:00+05:30,BULL,NO_SIGNAL,60.0,,RVOL|ENTRY_TRIGGER,1261.0,1261.4681,49.98,0.111,0.792,1.1,1259.5336,1246.9664,1258.7322,BULL,1261.0,1258.7163,58.72,0.159,38.34,False,False,False,False,False,False,False,False
2026-08-27T14:00:22,POWERGRID,2026-08-27 13:55:00+05:30,BEAR,NO_SIGNAL,60.0,,MACRO_BEAR|ENTRY_TRIGGER,263.95,264.4169,37.99,-0.246,1.46,1.1,263.8271,268.1001,264.8945,BEAR,263.95,264.759,38.54,0.495,29.97,False,True,False,False,False,False,False,False
2026-08-27T14:00:22,ADANIENT,2026-08-27 13:55:00+05:30,BULL,NO_SIGNAL,60.0,,RVOL|ENTRY_TRIGGER,3155.7,3156.9365,50.14,-0.158,0.802,1.1,3149.0697,3086.4124,3151.5816,BULL,3155.7,3147.4546,64.11,0.561,47.89,False,False,False,False,False,False,False,False
2026-08-27T14:00:23,TECHM,2026-08-27 13:55:00+05:30,BULL,NO_SIGNAL,20.0,,MACRO_BULL|ST_BULL|RVOL|ENTRY_TRIGGER,1587.4,1588.9069,45.48,0.032,0.36,1.1,1589.702,1583.7089,1594.1708,BEAR,1587.4,1586.8965,52.5,-0.408,30.41,False,False,False,False,False,False,False,False
2026-08-27T14:00:23,ICICIBANK,2026-08-27 13:55:00+05:30,BULL,NO_SIGNAL,60.0,,RVOL|ENTRY_TRIGGER,1445.7,1446.4574,49.11,-0.159,0.627,1.1,1443.7089,1429.3933,1442.2992,BULL,1445.7,1442.9622,60.88,0.277,37.77,False,False,False,False,False,False,False,False
2026-08-27T14:00:24,JIOFIN,2026-08-27 13:55:00+05:30,BEAR,NEAR,80.0,,ENTRY_TRIGGER,239.15,239.5903,32.97,-0.437,1.173,1.1,240.2297,242.0527,239.8781,BEAR,239.15,240.1744,32.14,-0.125,29.63,False,True,False,False,False,False,False,False
2026-08-27T14:00:25,TATASTEEL,2026-08-27 13:55:00+05:30,BEAR,NO_SIGNAL,40.0,,BELOW_WVWAP|RVOL|ENTRY_TRIGGER,187.49,187.9211,36.35,-0.393,0.368,1.1,188.5432,186.3113,188.2378,BEAR,187.49,187.7825,49.02,-0.075,35.92,False,True,False,False,False,False,False,False
2026-08-27T14:00:25,TITAN,2026-08-27 13:55:00+05:30,BULL,NO_SIGNAL,60.0,,RVOL|ENTRY_TRIGGER,5168.5,5158.8887,61.87,0.318,0.542,1.1,5123.3773,5104.8957,5150.136,BULL,5168.5,5135.2632,69.94,0.987,39.17,True,False,False,False,False,False,False,False
2026-08-27T14:00:26,INFY,2026-08-27 13:55:00+05:30,BEAR,NO_SIGNAL,40.0,,MACRO_BEAR|RVOL|ENTRY_TRIGGER,1109.1,1111.2231,38.78,-0.171,0.511,1.1,1114.0267,1126.189,1113.6855,BEAR,1109.1,1113.5069,35.95,-0.485,8.15,False,True,False,False,False,False,False,False
2026-08-27T14:00:26,TRENT,2026-08-27 13:55:00+05:30,BEAR,NO_SIGNAL,40.0,,MACRO_BEAR|RVOL|ENTRY_TRIGGER,2869.4,2880.5951,26.63,-0.623,0.533,1.1,2890.9574,2912.8813,2881.4165,BEAR,2869.4,2891.1108,28.87,-0.73,21.82,False,True,False,False,False,False,False,False
2026-08-27T14:00:27,ASIANPAINT,2026-08-27 13:55:00+05:30,BULL,NO_SIGNAL,20.0,,MACRO_BULL|ST_BULL|RVOL|ENTRY_TRIGGER,2642.7,2645.6495,43.72,-0.219,0.689,1.1,2643.6314,2634.2999,2651.262,BEAR,2642.7,2645.0259,47.83,0.026,14.01,False,True,False,False,False,False,False,False
2026-08-27T14:00:27,ULTRACEMCO,2026-08-27 13:55:00+05:30,BEAR,NO_SIGNAL,40.0,,BELOW_WVWAP|RVOL|ENTRY_TRIGGER,11708.0,11740.5852,37.77,-0.425,0.238,1.1,11742.7255,11618.6268,11782.6052,BEAR,11708.0,11728.5268,47.77,-0.068,24.26,False,True,False,False,False,False,False,False
2026-08-27T14:00:28,HDFCBANK,2026-08-27 13:55:00+05:30,BEAR,NEAR,80.0,TREND_CONTINUATION,RVOL,713.0,714.9191,38.47,-0.238,0.572,1.1,716.5231,722.4799,716.8964,BEAR,713.0,717.6996,32.67,-0.821,41.63,False,True,False,False,False,False,False,True
2026-08-27T14:00:28,RELIANCE,2026-08-27 13:55:00+05:30,BULL,NO_SIGNAL,20.0,,MACRO_BULL|ABOVE_WVWAP|RVOL|ENTRY_TRIGGER,1290.6,1292.6639,39.01,-0.255,0.332,1.1,1294.2373,1303.1294,1290.1074,BULL,1290.6,1295.2447,35.18,-0.124,20.53,False,True,False,False,False,False,False,False
2026-08-27T14:00:29,M&M,2026-08-27 13:55:00+05:30,BEAR,NO_SIGNAL,60.0,,RVOL|ENTRY_TRIGGER,3343.0,3357.3958,24.76,-0.627,0.786,1.1,3369.89,3404.2296,3358.771,BEAR,3343.0,3372.708,22.78,-0.66,40.27,False,True,False,False,False,False,False,False
2026-08-27T14:00:29,SUNPHARMA,2026-08-27 13:55:00+05:30,BEAR,NO_SIGNAL,40.0,,MACRO_BEAR|RVOL|ENTRY_TRIGGER,1912.0,1911.3514,52.3,0.115,0.2,1.1,1910.4034,1912.3323,1914.1721,BEAR,1912.0,1911.7337,50.18,-0.016,10.19,False,False,False,False,False,False,False,False
2026-08-27T14:05:07,BEL,2026-08-27 14:00:00+05:30,BULL,NO_SIGNAL,40.0,,MACRO_BULL|RVOL|ENTRY_TRIGGER,410.0,410.3381,41.01,-0.207,0.591,1.1,410.476,409.2792,409.8555,BULL,410.1,410.2099,49.82,0.012,21.93,False,True,False,False,False,False,False,False
2026-08-27T14:05:08,TATACONSUM,2026-08-27 14:00:00+05:30,BEAR,NO_SIGNAL,60.0,,RVOL|ENTRY_TRIGGER,1037.4,1037.3708,48.28,-0.077,0.421,1.1,1039.508,1048.6993,1040.4162,BEAR,1036.2,1039.6171,34.66,-0.385,30.54,False,False,False,False,False,False,False,False
2026-08-27T14:05:08,BAJAJ-AUTO,2026-08-27 14:00:00+05:30,BULL,NO_SIGNAL,20.0,,MACRO_BULL|ABOVE_WVWAP|RVOL|ENTRY_TRIGGER,11695.0,11693.8085,51.63,-0.145,0.632,1.1,11678.4716,11771.2733,11673.7924,BULL,11686.0,11699.1191,44.59,0.585,20.14,False,False,False,False,False,False,False,False
2026-08-27T14:05:09,NESTLEIND,2026-08-27 14:00:00+05:30,BULL,NO_SIGNAL,20.0,,MACRO_BULL|ABOVE_WVWAP|RVOL|ENTRY_TRIGGER,1446.4,1445.6295,54.64,-0.035,0.474,1.1,1449.6781,1462.2287,1442.1756,BULL,1446.4,1447.1305,44.44,0.104,9.55,False,False,False,False,False,False,False,False
2026-08-27T14:05:09,BAJFINANCE,2026-08-27 14:00:00+05:30,BEAR,NO_SIGNAL,60.0,,RVOL|ENTRY_TRIGGER,1085.3,1086.3952,43.6,-0.12,0.141,1.1,1092.8136,1086.6145,1089.5429,BEAR,1085.1,1087.603,43.31,-0.257,22.88,False,True,False,False,False,False,False,False
2026-08-27T14:05:10,HINDALCO,2026-08-27 14:00:00+05:30,BEAR,NO_SIGNAL,60.0,,RVOL|ENTRY_TRIGGER,1023.75,1029.6427,19.65,-0.766,0.626,1.1,1037.6916,1048.1332,1029.9525,BEAR,1023.9,1037.0427,16.86,-1.562,44.15,False,True,False,False,False,False,False,False
2026-08-27T14:05:10,NTPC,2026-08-27 14:00:00+05:30,BEAR,NO_SIGNAL,60.0,,RVOL|ENTRY_TRIGGER,328.7,329.6508,33.54,-0.061,0.529,1.1,330.333,335.6904,330.3731,BEAR,328.75,331.2999,25.7,-0.288,42.16,False,True,False,False,False,False,False,False
2026-08-27T14:05:11,HDFCLIFE,2026-08-27 14:00:00+05:30,BULL,NO_SIGNAL,60.0,,ABOVE_WVWAP|ENTRY_TRIGGER,554.0,552.5319,62.85,0.399,8.027,1.1,553.1775,554.5151,551.7689,BULL,554.35,553.4101,52.72,0.535,23.13,True,False,False,False,False,False,False,False
2026-08-27T14:05:11,SBILIFE,2026-08-27 14:00:00+05:30,BULL,NO_SIGNAL,40.0,,MACRO_BULL|ST_BULL|ENTRY_TRIGGER,1780.7,1781.8323,46.1,-0.107,1.544,1.1,1783.8574,1770.8414,1786.5771,BEAR,1781.8,1781.7971,51.16,-0.469,18.31,False,False,False,False,False,False,False,False
2026-08-27T14:05:12,HINDUNILVR,2026-08-27 14:00:00+05:30,BEAR,NO_SIGNAL,60.0,,RVOL|ENTRY_TRIGGER,2008.0,2009.6666,41.71,-0.139,0.461,1.1,2010.9412,2020.7083,2014.4341,BEAR,2007.5,2012.9186,35.83,-0.129,26.78,False,True,False,False,False,False,False,False
2026-08-27T14:05:12,MARUTI,2026-08-27 14:00:00+05:30,BEAR,NO_SIGNAL,60.0,,RVOL|ENTRY_TRIGGER,13421.0,13430.8165,43.57,-0.097,0.477,1.1,13447.2895,13535.68,13447.8038,BEAR,13405.0,13464.002,33.7,-0.327,22.97,False,True,False,False,False,False,False,False
2026-08-27T14:05:13,ITC,2026-08-27 14:00:00+05:30,BEAR,NO_SIGNAL,60.0,,RVOL|ENTRY_TRIGGER,268.7,268.9913,38.17,-0.13,0.502,1.1,269.415,269.9887,269.6694,BEAR,268.65,269.4829,34.0,-0.13,31.51,False,True,False,False,False,False,False,False
2026-08-27T14:05:13,TMPV,2026-08-27 14:00:00+05:30,BULL,NO_SIGNAL,20.0,,MACRO_BULL|ST_BULL|RVOL|ENTRY_TRIGGER,315.4,316.2068,37.08,-0.442,0.832,1.1,316.4332,314.6699,316.7465,BEAR,315.3,315.9893,46.46,0.207,33.32,False,True,False,False,False,False,False,False
2026-08-27T14:05:14,ADANIPORTS,2026-08-27 14:00:00+05:30,BULL,NO_SIGNAL,60.0,,RVOL|ENTRY_TRIGGER,1711.5,1710.9882,54.72,0.088,0.724,1.1,1704.3622,1693.9551,1705.7307,BULL,1711.8,1704.9483,65.62,1.045,43.33,False,False,False,False,False,False,False,False
2026-08-27T14:05:14,DRREDDY,2026-08-27 14:00:00+05:30,BEAR,NO_SIGNAL,40.0,,MACRO_BEAR|RVOL|ENTRY_TRIGGER,1171.3,1177.0215,27.98,-0.888,0.847,1.1,1179.9971,1185.8978,1176.8203,BEAR,1169.5,1181.4874,26.35,-1.3,17.91,False,True,False,False,False,False,False,False
2026-08-27T14:05:15,WIPRO,2026-08-27 14:00:00+05:30,BULL,NO_SIGNAL,20.0,,MACRO_BULL|ABOVE_WVWAP|RVOL|ENTRY_TRIGGER,177.35,177.4233,47.39,-0.096,0.484,1.1,177.3336,179.7144,177.1356,BULL,177.32,177.4248,44.47,0.209,13.31,False,False,False,False,False,False,False,False
2026-08-27T14:05:16,ONGC,2026-08-27 14:00:00+05:30,BEAR,NEAR,80.0,VWAP_PULLBACK,MACRO_BEAR,232.2,233.0936,31.83,-0.506,1.415,1.1,233.1247,234.3262,233.5499,BEAR,232.98,233.1147,48.03,-0.073,20.16,False,True,False,True,False,True,False,False
2026-08-27T14:05:16,SBIN,2026-08-27 14:00:00+05:30,BEAR,NO_SIGNAL,40.0,,BELOW_WVWAP|RVOL|ENTRY_TRIGGER,1044.0,1045.3713,38.14,0.01,0.688,1.1,1047.0438,1043.1133,1047.0362,BEAR,1043.7,1047.3756,35.25,-0.277,30.69,False,False,False,False,False,False,False,False
2026-08-27T14:05:17,EICHERMOT,2026-08-27 14:00:00+05:30,BULL,NEAR,80.0,BREAKOUT_CONTINUATION,RVOL,8070.0,8050.4516,64.25,0.354,1.062,1.1,8032.4332,8041.1308,8033.7729,BULL,8057.0,8046.2538,53.76,0.168,27.25,True,False,False,False,True,False,False,False
2026-08-27T14:05:17,COALINDIA,2026-08-27 14:00:00+05:30,BEAR,NEAR,80.0,BREAKOUT_CONTINUATION,MACRO_BEAR,398.5,400.5712,11.15,-0.834,2.279,1.1,401.1915,403.8138,400.1247,BEAR,399.0,401.6963,25.94,-0.573,15.13,False,True,False,False,False,True,False,False
2026-08-27T14:05:18,BAJAJFINSV,2026-08-27 14:00:00+05:30,BEAR,NO_SIGNAL,40.0,,MACRO_BEAR|RVOL|ENTRY_TRIGGER,2001.1,2004.6278,36.39,-0.274,0.561,1.1,2008.111,2007.9469,2008.1222,BEAR,2000.2,2006.9688,36.41,-0.284,12.53,False,True,False,False,False,False,False,False
2026-08-27T14:05:18,MAXHEALTH,2026-08-27 14:00:00+05:30,BULL,NO_SIGNAL,40.0,,MACRO_BULL|RVOL|ENTRY_TRIGGER,1003.6,1003.7381,49.16,-0.149,0.332,1.1,1003.6453,1000.5973,1000.8047,BULL,1003.6,1005.158,44.33,0.16,23.32,False,False,False,False,False,False,False,False
2026-08-27T14:05:19,KOTAKBANK,2026-08-27 14:00:00+05:30,BULL,NO_SIGNAL,60.0,,RVOL|ENTRY_TRIGGER,425.5,425.6885,50.09,0.0,0.686,1.1,424.0189,412.505,424.2586,BULL,425.55,423.4379,67.06,0.401,70.27,False,False,False,False,False,False,False,False
2026-08-27T14:05:19,APOLLOHOSP,2026-08-27 14:00:00+05:30,BEAR,NO_SIGNAL,40.0,,BELOW_WVWAP|RVOL|ENTRY_TRIGGER,8784.0,8784.2144,49.44,-0.063,0.082,1.1,8787.9356,8729.2396,8802.3901,BEAR,8782.5,8786.3108,47.84,-0.097,33.51,False,False,False,False,False,False,False,False
2026-08-27T14:05:20,CIPLA,2026-08-27 14:00:00+05:30,BULL,NO_SIGNAL,20.0,,MACRO_BULL|ABOVE_WVWAP|RVOL|ENTRY_TRIGGER,1413.5,1412.4644,57.32,-0.134,0.496,1.1,1408.7404,1419.6645,1408.0044,BULL,1414.2,1410.4884,58.14,0.698,20.93,False,False,False,False,False,False,False,False
2026-08-27T14:05:20,JSWSTEEL,2026-08-27 14:00:00+05:30,BULL,NO_SIGNAL,40.0,,MACRO_BULL|ST_BULL|ENTRY_TRIGGER,1335.0,1336.7748,37.87,-0.232,2.196,1.1,1339.392,1321.3512,1339.1513,BEAR,1335.3,1335.8048,52.26,-0.276,46.89,False,True,False,False,False,False,False,False
2026-08-27T14:05:21,HCLTECH,2026-08-27 14:00:00+05:30,BULL,NO_SIGNAL,20.0,,MACRO_BULL|ABOVE_WVWAP|RVOL|ENTRY_TRIGGER,1291.0,1289.6249,58.27,0.101,0.582,1.1,1287.6001,1302.2636,1286.6055,BULL,1289.9,1290.1794,46.25,0.311,17.93,True,False,False,False,False,False,False,False
2026-08-27T14:05:21,TCS,2026-08-27 14:00:00+05:30,BULL,NO_SIGNAL,20.0,,MACRO_BULL|ABOVE_WVWAP|RVOL|ENTRY_TRIGGER,2253.6,2254.9135,46.38,-0.067,0.377,1.1,2255.3556,2279.072,2249.4921,BULL,2252.5,2256.5762,40.76,0.12,13.32,False,False,False,False,False,False,False,False
2026-08-27T14:05:22,INDIGO,2026-08-27 14:00:00+05:30,BULL,NO_SIGNAL,20.0,,MACRO_BULL|ST_BULL|RVOL|ENTRY_TRIGGER,5191.5,5212.2422,29.05,-0.546,1.075,1.1,5215.6951,5178.619,5219.0706,BEAR,5193.0,5220.1955,37.06,-0.403,18.37,False,True,False,False,False,False,False,False
2026-08-27T14:05:22,BHARTIARTL,2026-08-27 14:00:00+05:30,BEAR,NO_SIGNAL,60.0,,RVOL|ENTRY_TRIGGER,1885.0,1892.2968,31.27,-0.737,1.086,1.1,1897.3364,1918.2001,1897.7495,BEAR,1886.3,1899.7801,31.01,-0.737,36.29,False,True,False,False,False,False,False,False
2026-08-27T14:05:23,ETERNAL,2026-08-27 14:00:00+05:30,BULL,NO_SIGNAL,60.0,,RVOL|ENTRY_TRIGGER,329.15,328.7394,60.46,0.152,0.851,1.1,327.8831,328.1669,327.9805,BULL,329.2,327.9603,59.62,0.412,25.83,True,False,False,False,False,False,False,False
2026-08-27T14:05:23,LT,2026-08-27 14:00:00+05:30,BULL,NO_SIGNAL,60.0,,ABOVE_WVWAP|ENTRY_TRIGGER,4050.4,4048.9325,53.58,0.01,1.768,1.1,4042.7582,4078.1697,4043.274,BULL,4051.2,4048.1239,50.97,0.504,29.04,False,False,False,False,False,False,False,False
2026-08-27T14:05:24,SHRIRAMFIN,2026-08-27 14:00:00+05:30,BULL,NO_SIGNAL,20.0,,MACRO_BULL|ABOVE_WVWAP|RVOL|ENTRY_TRIGGER,1100.4,1101.2587,46.17,-0.109,0.546,1.1,1101.329,1116.7295,1097.3836,BULL,1100.5,1103.6891,41.89,0.603,25.18,False,False,False,True,False,False,False,False
2026-08-27T14:05:24,GRASIM,2026-08-27 14:00:00+05:30,BEAR,NO_SIGNAL,60.0,,RVOL|ENTRY_TRIGGER,3269.3,3273.2446,32.4,-0.098,0.45,1.1,3280.0921,3275.9101,3275.8603,BEAR,3269.3,3277.967,42.54,-0.357,24.19,False,True,False,False,False,False,False,False
2026-08-27T14:05:25,AXISBANK,2026-08-27 14:00:00+05:30,BULL,NO_SIGNAL,60.0,VWAP_PULLBACK,RVOL|ENTRY_TRIGGER,1261.6,1261.4801,52.37,-0.071,0.512,1.1,1259.5506,1247.0131,1258.7322,BULL,1261.0,1258.7163,58.72,0.159,38.34,False,False,True,False,False,False,False,False
2026-08-27T14:05:26,POWERGRID,2026-08-27 14:00:00+05:30,BEAR,NO_SIGNAL,40.0,,MACRO_BEAR|RVOL|ENTRY_TRIGGER,264.0,264.379,39.56,-0.151,0.583,1.1,263.8277,268.0963,264.8945,BEAR,263.95,264.759,38.54,0.495,29.97,False,True,False,False,False,False,False,False
2026-08-27T14:05:26,ADANIENT,2026-08-27 14:00:00+05:30,BULL,NO_SIGNAL,60.0,,RVOL|ENTRY_TRIGGER,3154.1,3156.6786,47.95,-0.123,1.084,1.1,3149.1376,3086.6327,3151.5816,BULL,3155.7,3147.4546,64.11,0.561,47.89,False,False,False,False,False,False,False,False
2026-08-27T14:05:26,TECHM,2026-08-27 14:00:00+05:30,BULL,NO_SIGNAL,20.0,,MACRO_BULL|ST_BULL|RVOL|ENTRY_TRIGGER,1587.5,1588.779,45.78,0.032,0.326,1.1,1589.6918,1583.713,1593.6035,BEAR,1587.4,1586.8965,52.5,-0.408,30.41,False,False,False,False,False,False,False,False
2026-08-27T14:05:27,ICICIBANK,2026-08-27 14:00:00+05:30,BULL,NO_SIGNAL,60.0,VWAP_PULLBACK,RVOL|ENTRY_TRIGGER,1445.8,1446.3976,49.51,-0.317,0.785,1.1,1443.7409,1429.4781,1442.2992,BULL,1445.7,1442.9622,60.88,0.277,37.77,False,False,True,False,False,False,False,False
2026-08-27T14:05:28,JIOFIN,2026-08-27 14:00:00+05:30,BEAR,NO_SIGNAL,60.0,,RVOL|ENTRY_TRIGGER,239.15,239.5502,32.97,-0.375,0.578,1.1,240.2227,242.0489,239.7741,BEAR,239.15,240.1744,32.14,-0.125,29.63,False,True,False,False,False,False,False,False
2026-08-27T14:05:28,TATASTEEL,2026-08-27 14:00:00+05:30,BEAR,NO_SIGNAL,60.0,,BELOW_WVWAP|ENTRY_TRIGGER,187.34,187.8683,33.5,-0.234,1.828,1.1,188.519,186.3167,188.1967,BEAR,187.49,187.7825,49.02,-0.075,35.92,False,True,False,False,False,False,False,False
2026-08-27T14:05:29,TITAN,2026-08-27 14:00:00+05:30,BULL,NO_SIGNAL,60.0,,RVOL|ENTRY_TRIGGER,5173.8,5160.2443,64.92,0.382,0.663,1.1,5123.8798,5105.2252,5150.136,BULL,5168.5,5135.2632,69.94,0.987,39.17,True,False,False,False,False,False,False,False
2026-08-27T14:05:29,INFY,2026-08-27 14:00:00+05:30,BEAR,NO_SIGNAL,40.0,,MACRO_BEAR|RVOL|ENTRY_TRIGGER,1109.6,1111.0756,41.53,-0.18,0.588,1.1,1113.9821,1126.161,1113.4366,BEAR,1109.1,1113.5069,35.95,-0.485,8.15,False,True,False,False,False,False,False,False
2026-08-27T14:05:30,TRENT,2026-08-27 14:00:00+05:30,BEAR,NO_SIGNAL,40.0,,MACRO_BEAR|RVOL|ENTRY_TRIGGER,2872.4,2879.8501,33.63,-0.461,0.555,1.1,2890.7463,2912.7911,2881.4165,BEAR,2869.4,2891.1108,28.87,-0.73,21.82,False,True,False,False,False,False,False,False
2026-08-27T14:05:30,ASIANPAINT,2026-08-27 14:00:00+05:30,BULL,NO_SIGNAL,20.0,,MACRO_BULL|ST_BULL|RVOL|ENTRY_TRIGGER,2643.2,2645.4268,44.88,-0.196,0.267,1.1,2643.6288,2634.3085,2651.262,BEAR,2642.7,2645.0259,47.83,0.026,14.01,False,True,False,False,False,False,False,False
2026-08-27T14:05:31,ULTRACEMCO,2026-08-27 14:00:00+05:30,BEAR,NO_SIGNAL,40.0,,BELOW_WVWAP|RVOL|ENTRY_TRIGGER,11706.0,11737.4411,37.21,-0.417,0.601,1.1,11742.1392,11618.9633,11772.8044,BEAR,11708.0,11728.5268,47.77,-0.068,24.26,False,True,False,False,False,False,False,False
2026-08-27T14:05:31,HDFCBANK,2026-08-27 14:00:00+05:30,BEAR,SIGNAL,100.0,BREAKOUT_CONTINUATION,,712.1,714.6628,35.14,-0.343,1.247,1.1,716.4318,722.3862,716.0362,BEAR,713.0,717.6996,32.67,-0.821,41.63,False,True,False,False,False,True,False,False
2026-08-27T14:05:32,RELIANCE,2026-08-27 14:00:00+05:30,BULL,NO_SIGNAL,20.0,,MACRO_BULL|ABOVE_WVWAP|RVOL|ENTRY_TRIGGER,1290.2,1292.4399,37.59,-0.332,0.772,1.1,1294.1783,1303.0772,1290.1074,BULL,1290.6,1295.2447,35.18,-0.124,20.53,False,True,False,False,False,False,False,False
2026-08-27T14:05:32,M&M,2026-08-27 14:00:00+05:30,BEAR,NO_SIGNAL,60.0,,RVOL|ENTRY_TRIGGER,3343.9,3356.1689,26.75,-0.609,0.821,1.1,3369.6055,3404.0183,3358.4466,BEAR,3343.0,3372.708,22.78,-0.66,40.27,False,True,False,False,False,False,False,False
2026-08-27T14:05:33,SUNPHARMA,2026-08-27 14:00:00+05:30,BEAR,NO_SIGNAL,40.0,,MACRO_BEAR|RVOL|ENTRY_TRIGGER,1912.0,1911.4104,52.3,0.157,0.345,1.1,1910.4151,1912.3321,1914.1721,BEAR,1912.0,1911.7337,50.18,-0.016,10.19,False,False,False,False,False,False,False,False
2026-08-27T14:10:07,BEL,2026-08-27 14:05:00+05:30,BULL,NO_SIGNAL,40.0,,MACRO_BULL|RVOL|ENTRY_TRIGGER,410.2,410.3256,46.42,-0.097,0.996,1.1,410.4729,409.2814,409.8555,BULL,410.1,410.2099,49.82,0.012,21.93,False,False,False,False,False,False,False,False
2026-08-27T14:10:07,TATACONSUM,2026-08-27 14:05:00+05:30,BEAR,NO_SIGNAL,60.0,,RVOL|ENTRY_TRIGGER,1038.1,1037.4371,52.43,0.106,0.849,1.1,1039.4828,1048.6669,1040.4162,BEAR,1036.2,1039.6171,34.66,-0.385,30.54,False,False,False,False,False,False,False,False
2026-08-27T14:10:08,BAJAJ-AUTO,2026-08-27 14:05:00+05:30,BULL,NO_SIGNAL,20.0,,MACRO_BULL|ABOVE_WVWAP|RVOL|ENTRY_TRIGGER,11685.0,11693.0078,46.9,-0.265,0.522,1.1,11678.5852,11771.0756,11673.7924,BULL,11686.0,11699.1191,44.59,0.585,20.14,False,False,False,False,False,False,False,False
2026-08-27T14:10:08,NESTLEIND,2026-08-27 14:05:00+05:30,BULL,NO_SIGNAL,20.0,,MACRO_BULL|ABOVE_WVWAP|RVOL|ENTRY_TRIGGER,1445.7,1445.6359,50.47,0.014,0.673,1.1,1449.6546,1462.2171,1442.1862,BULL,1446.4,1447.1305,44.44,0.104,9.55,False,False,False,False,False,False,False,False
2026-08-27T14:10:09,BAJFINANCE,2026-08-27 14:05:00+05:30,BEAR,NO_SIGNAL,60.0,,RVOL|ENTRY_TRIGGER,1085.7,1086.332,45.56,-0.009,0.638,1.1,1092.7444,1086.612,1089.5429,BEAR,1085.1,1087.603,43.31,-0.257,22.88,False,False,False,False,False,False,False,False
2026-08-27T14:10:09,HINDALCO,2026-08-27 14:05:00+05:30,BEAR,NO_SIGNAL,60.0,,RVOL|ENTRY_TRIGGER,1022.05,1028.9524,17.23,-0.926,0.631,1.1,1037.5128,1048.0773,1029.608,BEAR,1023.9,1037.0427,16.86,-1.562,44.15,False,True,False,False,False,False,False,False
2026-08-27T14:10:10,NTPC,2026-08-27 14:05:00+05:30,BEAR,NO_SIGNAL,60.0,,RVOL|ENTRY_TRIGGER,328.95,329.5871,38.06,-0.076,0.49,1.1,330.3167,335.6598,330.3731,BEAR,328.75,331.2999,25.7,-0.288,42.16,False,True,False,False,False,False,False,False
2026-08-27T14:10:10,HDFCLIFE,2026-08-27 14:05:00+05:30,BULL,NO_SIGNAL,60.0,,ABOVE_WVWAP|ENTRY_TRIGGER,553.7,552.6381,59.71,0.381,1.128,1.1,553.1927,554.513,551.7689,BULL,554.35,553.4101,52.72,0.535,23.13,True,False,False,False,False,False,False,False
2026-08-27T14:10:11,SBILIFE,2026-08-27 14:05:00+05:30,BULL,NO_SIGNAL,40.0,,MACRO_BULL|ST_BULL|ENTRY_TRIGGER,1781.2,1781.7748,47.57,-0.039,1.548,1.1,1783.8075,1770.8759,1786.5771,BEAR,1781.8,1781.7971,51.16,-0.469,18.31,False,False,False,False,False,False,False,False
2026-08-27T14:10:12,HINDUNILVR,2026-08-27 14:05:00+05:30,BEAR,NEAR,80.0,VWAP_PULLBACK,RVOL,2007.9,2009.506,41.36,-0.01,0.623,1.1,2010.9136,2020.6833,2014.4341,BEAR,2007.5,2012.9186,35.83,-0.129,26.78,False,True,False,True,False,False,False,False
2026-08-27T14:10:12,MARUTI,2026-08-27 14:05:00+05:30,BEAR,NO_SIGNAL,60.0,,RVOL|ENTRY_TRIGGER,13414.0,13429.2877,40.95,-0.282,0.451,1.1,13447.0147,13535.4263,13447.8038,BEAR,13405.0,13464.002,33.7,-0.327,22.97,False,True,False,False,False,False,False,False
2026-08-27T14:10:13,ITC,2026-08-27 14:05:00+05:30,BEAR,NO_SIGNAL,60.0,,RVOL|ENTRY_TRIGGER,268.75,268.9694,40.15,-0.149,0.42,1.1,269.4099,269.9869,269.6694,BEAR,268.65,269.4829,34.0,-0.13,31.51,False,True,False,False,False,False,False,False
2026-08-27T14:10:13,TMPV,2026-08-27 14:05:00+05:30,BULL,NO_SIGNAL,20.0,,MACRO_BULL|ST_BULL|RVOL|ENTRY_TRIGGER,315.4,316.1335,37.08,-0.442,0.559,1.1,316.4276,314.6706,316.7006,BEAR,315.3,315.9893,46.46,0.207,33.32,False,True,False,False,False,False,False,False
2026-08-27T14:10:14,ADANIPORTS,2026-08-27 14:05:00+05:30,BULL,NO_SIGNAL,60.0,,RVOL|ENTRY_TRIGGER,1708.0,1710.7166,45.47,-0.105,0.9,1.1,1704.4388,1694.0153,1705.7307,BULL,1711.8,1704.9483,65.62,1.045,43.33,False,False,False,False,False,False,False,False
2026-08-27T14:10:14,DRREDDY,2026-08-27 14:05:00+05:30,BEAR,NO_SIGNAL,40.0,,MACRO_BEAR|RVOL|ENTRY_TRIGGER,1172.3,1176.5923,32.31,-0.745,0.227,1.1,1179.9613,1185.8903,1176.8203,BEAR,1169.5,1181.4874,26.35,-1.3,17.91,False,True,False,False,False,False,False,False
2026-08-27T14:10:15,WIPRO,2026-08-27 14:05:00+05:30,BULL,NO_SIGNAL,20.0,,MACRO_BULL|ABOVE_WVWAP|RVOL|ENTRY_TRIGGER,177.31,177.413,45.49,-0.101,0.593,1.1,177.3338,179.7127,177.1356,BULL,177.32,177.4248,44.47,0.209,13.31,False,False,False,True,False,False,False,False
2026-08-27T14:10:15,ONGC,2026-08-27 14:05:00+05:30,BEAR,NO_SIGNAL,40.0,,MACRO_BEAR|RVOL|ENTRY_TRIGGER,232.43,233.0333,37.59,-0.416,1.086,1.1,233.1098,234.3187,233.2828,BEAR,232.98,233.1147,48.03,-0.073,20.16,False,True,False,False,False,False,False,False
2026-08-27T14:10:16,SBIN,2026-08-27 14:05:00+05:30,BEAR,NO_SIGNAL,40.0,,BELOW_WVWAP|RVOL|ENTRY_TRIGGER,1043.6,1045.2103,36.06,-0.096,0.712,1.1,1047.001,1043.114,1046.8953,BEAR,1043.7,1047.3756,35.25,-0.277,30.69,False,True,False,False,False,False,False,False
2026-08-27T14:10:16,EICHERMOT,2026-08-27 14:05:00+05:30,BULL,NEAR,80.0,,ENTRY_TRIGGER,8070.0,8052.2287,64.25,0.273,1.601,1.1,8033.2964,8041.3003,8043.3411,BULL,8057.0,8046.2538,53.76,0.168,27.25,True,False,False,False,False,False,False,False
2026-08-27T14:10:17,COALINDIA,2026-08-27 14:05:00+05:30,BEAR,NO_SIGNAL,60.0,,MACRO_BEAR|ENTRY_TRIGGER,398.75,400.4056,18.03,-0.685,1.38,1.1,401.1045,403.7902,400.1247,BEAR,399.0,401.6963,25.94,-0.573,15.13,False,True,False,False,False,False,False,False
2026-08-27T14:10:17,BAJAJFINSV,2026-08-27 14:05:00+05:30,BEAR,NO_SIGNAL,40.0,,MACRO_BEAR|RVOL|ENTRY_TRIGGER,2002.4,2004.4253,41.55,-0.214,0.466,1.1,2008.0509,2007.9364,2008.1222,BEAR,2000.2,2006.9688,36.41,-0.284,12.53,False,True,False,False,False,False,False,False
2026-08-27T14:10:18,MAXHEALTH,2026-08-27 14:05:00+05:30,BULL,NO_SIGNAL,40.0,,MACRO_BULL|RVOL|ENTRY_TRIGGER,1003.6,1003.7255,49.16,-0.07,0.488,1.1,1003.6459,1000.6001,1000.8047,BULL,1003.6,1005.158,44.33,0.16,23.32,False,False,False,False,False,False,False,False
2026-08-27T14:10:19,KOTAKBANK,2026-08-27 14:05:00+05:30,BULL,NO_SIGNAL,60.0,,RVOL|ENTRY_TRIGGER,424.9,425.6168,44.29,-0.258,0.944,1.1,424.0334,412.5633,424.2586,BULL,425.55,423.4379,67.06,0.401,70.27,False,True,False,False,False,False,False,True
2026-08-27T14:10:19,APOLLOHOSP,2026-08-27 14:05:00+05:30,BEAR,NO_SIGNAL,40.0,,BELOW_WVWAP|RVOL|ENTRY_TRIGGER,8784.5,8784.2404,49.94,0.006,0.324,1.1,8787.9175,8729.297,8802.3901,BEAR,8782.5,8786.3108,47.84,-0.097,33.51,False,False,False,False,False,False,False,False
2026-08-27T14:10:20,CIPLA,2026-08-27 14:05:00+05:30,BULL,NO_SIGNAL,20.0,,MACRO_BULL|ABOVE_WVWAP|RVOL|ENTRY_TRIGGER,1414.6,1412.6585,61.15,-0.035,0.3,1.1,1408.7656,1419.6616,1408.0044,BULL,1414.2,1410.4884,58.14,0.698,20.93,False,False,False,False,False,False,False,False
2026-08-27T14:10:20,JSWSTEEL,2026-08-27 14:05:00+05:30,BULL,NO_SIGNAL,40.0,,MACRO_BULL|ST_BULL|ENTRY_TRIGGER,1335.2,1336.6316,39.36,-0.164,2.269,1.1,1339.3026,1321.4079,1339.1513,BEAR,1335.3,1335.8048,52.26,-0.276,46.89,False,True,False,False,False,False,False,False
2026-08-27T14:10:21,HCLTECH,2026-08-27 14:05:00+05:30,BULL,NO_SIGNAL,20.0,,MACRO_BULL|ABOVE_WVWAP|RVOL|ENTRY_TRIGGER,1290.9,1289.7408,57.68,0.109,0.572,1.1,1287.6241,1302.2357,1286.6055,BULL,1289.9,1290.1794,46.25,0.311,17.93,True,False,False,False,False,False,False,False
2026-08-27T14:10:21,TCS,2026-08-27 14:05:00+05:30,BULL,NO_SIGNAL,20.0,,MACRO_BULL|ABOVE_WVWAP|RVOL|ENTRY_TRIGGER,2253.8,2254.8123,47.02,-0.173,0.322,1.1,2255.3482,2279.0514,2249.4921,BULL,2252.5,2256.5762,40.76,0.12,13.32,False,False,False,False,False,False,False,False
2026-08-27T14:10:22,INDIGO,2026-08-27 14:05:00+05:30,BULL,NO_SIGNAL,20.0,,MACRO_BULL|ST_BULL|RVOL|ENTRY_TRIGGER,5192.5,5210.4475,30.35,-0.489,0.628,1.1,5215.4323,5178.6431,5217.0605,BEAR,5193.0,5220.1955,37.06,-0.403,18.37,False,True,False,False,False,False,False,False
2026-08-27T14:10:22,BHARTIARTL,2026-08-27 14:05:00+05:30,BEAR,NEAR,80.0,,ENTRY_TRIGGER,1885.8,1891.7062,33.55,-0.569,1.452,1.1,1897.0007,1917.8342,1896.7424,BEAR,1886.3,1899.7801,31.01,-0.737,36.29,False,True,False,False,False,False,False,False
2026-08-27T14:10:23,ETERNAL,2026-08-27 14:05:00+05:30,BULL,NO_SIGNAL,60.0,,RVOL|ENTRY_TRIGGER,328.95,328.7586,56.42,0.152,0.895,1.1,327.9004,328.1697,327.9805,BULL,329.2,327.9603,59.62,0.412,25.83,True,False,False,False,False,False,False,False
2026-08-27T14:10:23,LT,2026-08-27 14:05:00+05:30,BULL,NO_SIGNAL,40.0,,ABOVE_WVWAP|RVOL|ENTRY_TRIGGER,4050.2,4049.0477,53.27,0.005,0.441,1.1,4042.8411,4078.1278,4043.274,BULL,4051.2,4048.1239,50.97,0.504,29.04,False,False,False,False,False,False,False,False
2026-08-27T14:10:24,SHRIRAMFIN,2026-08-27 14:05:00+05:30,BULL,NO_SIGNAL,20.0,,MACRO_BULL|ABOVE_WVWAP|RVOL|ENTRY_TRIGGER,1100.8,1101.217,48.12,-0.181,0.569,1.1,1101.3256,1116.7055,1097.3836,BULL,1100.5,1103.6891,41.89,0.603,25.18,False,False,False,False,False,False,False,False
2026-08-27T14:10:24,GRASIM,2026-08-27 14:05:00+05:30,BEAR,NO_SIGNAL,60.0,,RVOL|ENTRY_TRIGGER,3269.7,3272.9224,34.21,-0.009,0.643,1.1,3279.9696,3275.9023,3275.8586,BEAR,3269.3,3277.967,42.54,-0.357,24.19,False,True,False,False,False,False,False,False
2026-08-27T14:10:25,AXISBANK,2026-08-27 14:05:00+05:30,BULL,NO_SIGNAL,60.0,,RVOL|ENTRY_TRIGGER,1260.5,1261.391,47.86,-0.103,0.573,1.1,1259.5636,1247.0604,1258.7322,BULL,1261.0,1258.7163,58.72,0.159,38.34,False,False,False,False,False,False,False,False
2026-08-27T14:10:25,POWERGRID,2026-08-27 14:05:00+05:30,BEAR,NO_SIGNAL,60.0,,MACRO_BEAR|ENTRY_TRIGGER,264.05,264.3491,41.17,-0.151,1.556,1.1,263.8296,268.0864,264.8945,BEAR,263.95,264.759,38.54,0.495,29.97,False,True,False,False,False,False,False,False
2026-08-27T14:10:26,ADANIENT,2026-08-27 14:05:00+05:30,BULL,NO_SIGNAL,40.0,,ST_BULL|RVOL|ENTRY_TRIGGER,3150.9,3156.1533,43.83,-0.187,0.907,1.1,3149.1806,3086.818,3167.3891,BEAR,3155.7,3147.4546,64.11,0.561,47.89,False,True,False,False,False,False,False,True
2026-08-27T14:10:26,TECHM,2026-08-27 14:05:00+05:30,BULL,NO_SIGNAL,20.0,,MACRO_BULL|ST_BULL|RVOL|ENTRY_TRIGGER,1587.4,1588.6536,45.51,-0.126,0.414,1.1,1589.6785,1583.7179,1593.1316,BEAR,1587.4,1586.8965,52.5,-0.408,30.41,False,False,False,False,False,False,False,False
2026-08-27T14:10:27,ICICIBANK,2026-08-27 14:05:00+05:30,BULL,NEAR,80.0,,ENTRY_TRIGGER,1445.0,1446.2706,46.33,-0.338,1.211,1.1,1443.7742,1429.6046,1442.2992,BULL,1445.7,1442.9622,60.88,0.277,37.77,False,False,False,False,False,False,False,False
2026-08-27T14:10:27,JIOFIN,2026-08-27 14:05:00+05:30,BEAR,NO_SIGNAL,60.0,,RVOL|ENTRY_TRIGGER,239.2,239.5184,35.31,-0.271,0.944,1.1,240.2116,242.0429,239.7242,BEAR,239.15,240.1744,32.14,-0.125,29.63,False,True,False,False,False,False,False,False
2026-08-27T14:10:28,TATASTEEL,2026-08-27 14:05:00+05:30,BEAR,NO_SIGNAL,60.0,,BELOW_WVWAP|ENTRY_TRIGGER,186.97,187.7866,27.72,-0.442,1.84,1.1,188.4886,186.3211,188.1551,BEAR,187.49,187.7825,49.02,-0.075,35.92,False,True,False,False,False,False,False,False
2026-08-27T14:10:29,TITAN,2026-08-27 14:05:00+05:30,BULL,NO_SIGNAL,60.0,,RVOL|ENTRY_TRIGGER,5170.4,5161.1675,61.52,0.289,0.56,1.1,5124.3003,5105.5034,5150.136,BULL,5168.5,5135.2632,69.94,0.987,39.17,True,False,False,False,False,False,False,False
2026-08-27T14:10:29,INFY,2026-08-27 14:05:00+05:30,BEAR,NO_SIGNAL,40.0,,MACRO_BEAR|RVOL|ENTRY_TRIGGER,1109.4,1110.9233,40.74,-0.189,0.444,1.1,1113.9492,1126.1399,1113.3885,BEAR,1109.1,1113.5069,35.95,-0.485,8.15,False,True,False,False,False,False,False,False
2026-08-27T14:10:30,TRENT,2026-08-27 14:05:00+05:30,BEAR,NO_SIGNAL,40.0,,MACRO_BEAR|RVOL|ENTRY_TRIGGER,2876.2,2879.5182,41.27,-0.378,0.573,1.1,2890.5829,2912.7096,2881.4165,BEAR,2869.4,2891.1108,28.87,-0.73,21.82,False,True,False,False,False,False,False,False
2026-08-27T14:10:30,ASIANPAINT,2026-08-27 14:05:00+05:30,BULL,NO_SIGNAL,20.0,,MACRO_BULL|ST_BULL|RVOL|ENTRY_TRIGGER,2639.7,2644.9062,38.85,-0.377,0.647,1.1,2643.5957,2634.3221,2650.3976,BEAR,2642.7,2645.0259,47.83,0.026,14.01,False,True,False,False,False,False,False,False
2026-08-27T14:10:31,ULTRACEMCO,2026-08-27 14:05:00+05:30,BEAR,NO_SIGNAL,40.0,,BELOW_WVWAP|RVOL|ENTRY_TRIGGER,11717.0,11735.5828,42.29,-0.306,0.441,1.1,11741.8362,11619.2396,11772.8044,BEAR,11708.0,11728.5268,47.77,-0.068,24.26,False,True,False,False,False,False,False,False
2026-08-27T14:10:31,HDFCBANK,2026-08-27 14:05:00+05:30,BEAR,NEAR,80.0,BREAKOUT_CONTINUATION,RVOL,711.5,714.3753,33.08,-0.538,1.006,1.1,716.344,722.3032,715.1239,BEAR,713.0,717.6996,32.67,-0.821,41.63,False,True,False,False,False,True,False,False
2026-08-27T14:10:32,RELIANCE,2026-08-27 14:05:00+05:30,BULL,NO_SIGNAL,20.0,,MACRO_BULL|ABOVE_WVWAP|RVOL|ENTRY_TRIGGER,1290.6,1292.2727,39.94,-0.294,0.719,1.1,1294.1286,1303.0299,1290.1074,BULL,1290.6,1295.2447,35.18,-0.124,20.53,False,True,False,False,False,False,False,False
2026-08-27T14:10:32,M&M,2026-08-27 14:05:00+05:30,BEAR,NO_SIGNAL,60.0,,RVOL|ENTRY_TRIGGER,3344.0,3355.0627,26.99,-0.751,0.634,1.1,3369.3942,3403.8579,3358.2828,BEAR,3343.0,3372.708,22.78,-0.66,40.27,False,True,False,False,False,False,False,False
2026-08-27T14:10:33,SUNPHARMA,2026-08-27 14:05:00+05:30,BEAR,NO_SIGNAL,40.0,,MACRO_BEAR|RVOL|ENTRY_TRIGGER,1912.2,1911.4822,52.97,0.178,0.622,1.1,1910.4219,1912.3316,1914.1721,BEAR,1912.0,1911.7337,50.18,-0.016,10.19,False,False,False,False,False,False,False,False
2026-08-27T14:15:07,BEL,2026-08-27 14:10:00+05:30,BULL,NO_SIGNAL,40.0,,MACRO_BULL|RVOL|ENTRY_TRIGGER,410.15,410.3096,45.3,-0.073,0.688,1.1,410.4708,409.2828,409.8555,BULL,410.15,410.2044,50.34,0.012,21.48,False,False,False,False,False,False,False,False
2026-08-27T14:15:07,TATACONSUM,2026-08-27 14:10:00+05:30,BEAR,NO_SIGNAL,60.0,,RVOL|ENTRY_TRIGGER,1038.6,1037.5428,55.19,0.183,0.945,1.1,1039.4705,1048.6341,1040.4162,BEAR,1038.6,1039.5246,44.0,-0.163,29.01,True,False,False,False,False,False,False,False
2026-08-27T14:15:08,BAJAJ-AUTO,2026-08-27 14:10:00+05:30,BULL,NO_SIGNAL,20.0,,MACRO_BULL|ABOVE_WVWAP|RVOL|ENTRY_TRIGGER,11683.0,11692.098,45.99,-0.282,0.667,1.1,11678.6433,11770.8082,11673.7924,BULL,11683.0,11697.6537,43.91,0.352,19.38,False,False,False,False,False,False,False,False
2026-08-27T14:15:08,NESTLEIND,2026-08-27 14:10:00+05:30,BULL,NO_SIGNAL,40.0,,MACRO_BULL|ABOVE_WVWAP|ENTRY_TRIGGER,1446.2,1445.6872,53.22,0.021,1.6,1.1,1449.6024,1462.1901,1442.1862,BULL,1446.2,1447.0459,43.93,0.055,8.98,False,False,False,False,False,False,False,False
2026-08-27T14:15:09,BAJFINANCE,2026-08-27 14:10:00+05:30,BEAR,NO_SIGNAL,40.0,,MACRO_BEAR|RVOL|ENTRY_TRIGGER,1086.2,1086.32,48.0,-0.101,0.742,1.1,1092.6713,1086.6105,1089.5429,BEAR,1086.2,1087.4754,46.42,-0.266,21.82,False,False,False,False,False,False,False,False
2026-08-27T14:15:09,HINDALCO,2026-08-27 14:10:00+05:30,BEAR,NEAR,80.0,,ENTRY_TRIGGER,1022.8,1028.3931,21.8,-0.911,1.132,1.1,1037.197,1047.9758,1028.8711,BEAR,1022.8,1035.7479,16.07,-1.734,46.33,False,True,False,False,False,False,False,False
2026-08-27T14:15:10,NTPC,2026-08-27 14:10:00+05:30,BEAR,NO_SIGNAL,60.0,,RVOL|ENTRY_TRIGGER,329.15,329.5474,41.49,-0.182,0.543,1.1,330.3018,335.6286,330.3731,BEAR,329.15,331.1045,29.9,-0.197,42.67,False,True,False,False,False,False,False,False
2026-08-27T14:15:10,HDFCLIFE,2026-08-27 14:10:00+05:30,BULL,NO_SIGNAL,40.0,,MACRO_BULL|ABOVE_WVWAP|ENTRY_TRIGGER,554.0,552.7619,61.77,0.408,6.41,1.1,553.2566,554.4992,551.7689,BULL,554.0,553.4637,51.22,0.208,21.94,True,False,False,False,False,False,False,False
2026-08-27T14:15:11,SBILIFE,2026-08-27 14:10:00+05:30,BULL,NO_SIGNAL,40.0,,MACRO_BULL|ST_BULL|ENTRY_TRIGGER,1780.7,1781.6771,46.21,-0.073,1.196,1.1,1783.7771,1770.9042,1786.5771,BEAR,1780.7,1781.6973,49.44,-0.464,18.07,False,False,False,False,False,False,False,False
2026-08-27T14:15:11,HINDUNILVR,2026-08-27 14:10:00+05:30,BEAR,NEAR,80.0,,ENTRY_TRIGGER,2008.4,2009.4054,43.88,-0.035,2.821,1.1,2010.8262,2020.578,2014.4341,BEAR,2008.4,2012.5079,38.13,-0.005,27.69,False,True,False,False,False,False,False,False
2026-08-27T14:15:12,MARUTI,2026-08-27 14:10:00+05:30,BEAR,NEAR,80.0,,ENTRY_TRIGGER,13431.0,13429.4433,48.98,-0.141,2.137,1.1,13446.2008,13534.3433,13447.8038,BEAR,13431.0,13461.0018,40.64,-0.164,23.29,False,False,False,False,False,False,False,False
2026-08-27T14:15:12,ITC,2026-08-27 14:10:00+05:30,BEAR,NO_SIGNAL,60.0,,RVOL|ENTRY_TRIGGER,268.6,268.9358,36.38,-0.26,0.781,1.1,269.3999,269.9834,269.6694,BEAR,268.6,269.4026,33.46,-0.223,31.88,False,True,False,False,False,False,False,False
2026-08-27T14:15:13,TMPV,2026-08-27 14:10:00+05:30,BULL,NO_SIGNAL,20.0,,MACRO_BULL|ST_BULL|RVOL|ENTRY_TRIGGER,315.4,316.0668,37.08,-0.458,0.445,1.1,316.4233,314.6713,316.7006,BEAR,315.4,315.9358,47.16,0.286,32.03,False,True,False,False,False,False,False,False
2026-08-27T14:15:14,ADANIPORTS,2026-08-27 14:10:00+05:30,BULL,NO_SIGNAL,60.0,,RVOL|ENTRY_TRIGGER,1709.1,1710.5696,48.42,-0.158,0.619,1.1,1704.4855,1694.0529,1705.7307,BULL,1709.1,1705.3257,59.73,0.583,42.5,False,False,False,False,False,False,False,False
2026-08-27T14:15:14,DRREDDY,2026-08-27 14:10:00+05:30,BEAR,NO_SIGNAL,60.0,,MACRO_BEAR|ENTRY_TRIGGER,1173.7,1176.3293,37.94,-0.568,2.271,1.1,1179.688,1185.8248,1176.8203,BEAR,1173.7,1180.7794,36.23,-0.995,19.97,False,True,False,False,False,False,False,False
2026-08-27T14:15:15,WIPRO,2026-08-27 14:10:00+05:30,BULL,NO_SIGNAL,40.0,,MACRO_BULL|ABOVE_WVWAP|ENTRY_TRIGGER,177.44,177.4155,52.21,-0.034,2.241,1.1,177.3363,179.7063,177.1356,BULL,177.44,177.4261,47.8,0.243,12.68,False,False,False,False,False,False,False,False
2026-08-27T14:15:15,ONGC,2026-08-27 14:10:00+05:30,BEAR,NO_SIGNAL,40.0,,MACRO_BEAR|RVOL|ENTRY_TRIGGER,232.48,232.983,38.8,-0.407,0.414,1.1,233.1054,234.3161,233.2828,BEAR,232.48,233.057,42.36,-0.522,19.73,False,True,False,False,False,False,False,False
2026-08-27T14:15:16,SBIN,2026-08-27 14:10:00+05:30,BEAR,NO_SIGNAL,40.0,,BELOW_WVWAP|RVOL|ENTRY_TRIGGER,1044.6,1045.1548,44.25,-0.182,0.479,1.1,1046.9782,1043.1151,1046.8953,BEAR,1044.6,1047.1232,39.11,-0.21,31.74,False,True,False,False,False,False,False,False
2026-08-27T14:15:16,EICHERMOT,2026-08-27 14:10:00+05:30,BULL,SIGNAL,100.0,BREAKOUT_CONTINUATION,,8086.5,8055.3443,71.1,0.428,1.52,1.1,8034.3009,8041.5141,8044.5424,BULL,8086.5,8049.9125,62.2,0.773,25.96,True,False,False,False,True,False,False,False
2026-08-27T14:15:17,COALINDIA,2026-08-27 14:10:00+05:30,BEAR,NO_SIGNAL,60.0,,MACRO_BEAR|ENTRY_TRIGGER,399.3,400.3051,30.73,-0.536,1.107,1.1,401.0478,403.772,400.1247,BEAR,399.3,401.4785,29.42,-0.672,17.28,False,True,False,False,False,False,False,False
2026-08-27T14:15:17,BAJAJFINSV,2026-08-27 14:10:00+05:30,BEAR,NO_SIGNAL,60.0,,MACRO_BEAR|ENTRY_TRIGGER,1999.1,2003.9411,34.01,-0.399,4.007,1.1,2007.47,2007.8267,2008.1222,BEAR,1999.1,2006.2535,34.95,-0.409,13.82,False,True,False,False,False,False,False,False
2026-08-27T14:15:18,MAXHEALTH,2026-08-27 14:10:00+05:30,BULL,NEAR,80.0,VWAP_PULLBACK,MACRO_BULL,1005.1,1003.8505,57.39,0.09,8.637,1.1,1003.7448,1000.6647,1000.8047,BULL,1005.1,1005.1527,48.46,0.349,22.26,True,False,True,False,True,False,False,False
2026-08-27T14:15:18,KOTAKBANK,2026-08-27 14:10:00+05:30,BULL,NEAR,80.0,VWAP_PULLBACK,ENTRY_TRIGGER,425.35,425.5926,49.06,-0.293,1.542,1.1,424.0567,412.6597,424.2586,BULL,425.35,423.6117,65.75,0.224,68.66,False,False,True,False,False,False,False,False
2026-08-27T14:15:19,APOLLOHOSP,2026-08-27 14:10:00+05:30,BEAR,NO_SIGNAL,40.0,,BELOW_WVWAP|RVOL|ENTRY_TRIGGER,8783.0,8784.1276,48.39,-0.006,0.665,1.1,8787.8706,8729.4108,8802.3901,BEAR,8783.0,8786.0098,48.14,-0.085,32.38,False,False,False,False,False,False,False,False
2026-08-27T14:15:19,CIPLA,2026-08-27 14:10:00+05:30,BULL,NO_SIGNAL,20.0,,MACRO_BULL|ABOVE_WVWAP|RVOL|ENTRY_TRIGGER,1413.9,1412.7714,57.61,-0.113,0.58,1.1,1408.8153,1419.6563,1408.1259,BULL,1413.9,1410.7986,57.39,0.569,20.38,False,False,False,False,False,False,False,False
2026-08-27T14:15:20,JSWSTEEL,2026-08-27 14:10:00+05:30,BULL,NO_SIGNAL,20.0,,MACRO_BULL|ST_BULL|RVOL|ENTRY_TRIGGER,1335.2,1336.5015,39.36,-0.194,0.768,1.1,1339.2735,1321.4292,1339.1513,BEAR,1335.2,1335.7499,51.98,-0.499,45.14,False,True,False,False,False,False,False,False
2026-08-27T14:15:20,HCLTECH,2026-08-27 14:10:00+05:30,BULL,NO_SIGNAL,20.0,,MACRO_BULL|ABOVE_WVWAP|RVOL|ENTRY_TRIGGER,1291.2,1289.8735,59.01,0.14,0.698,1.1,1287.6577,1302.2037,1286.9873,BULL,1291.2,1290.2722,49.88,0.475,17.32,True,False,False,False,False,False,False,False
2026-08-27T14:15:21,TCS,2026-08-27 14:10:00+05:30,BULL,NO_SIGNAL,20.0,,MACRO_BULL|ABOVE_WVWAP|RVOL|ENTRY_TRIGGER,2254.7,2254.8021,49.91,-0.066,0.649,1.1,2255.3423,2279.0123,2249.4921,BULL,2254.7,2256.4057,44.53,0.196,12.52,False,False,False,False,False,False,False,False
2026-08-27T14:15:21,INDIGO,2026-08-27 14:10:00+05:30,BULL,NO_SIGNAL,20.0,,MACRO_BULL|ST_BULL|RVOL|ENTRY_TRIGGER,5192.5,5208.8159,30.35,-0.47,0.858,1.1,5215.1102,5178.6797,5217.0605,BEAR,5192.5,5217.6777,36.88,-0.47,19.71,False,True,False,False,False,False,False,False
2026-08-27T14:15:22,BHARTIARTL,2026-08-27 14:10:00+05:30,BEAR,NO_SIGNAL,60.0,,RVOL|ENTRY_TRIGGER,1887.0,1891.2784,36.94,-0.159,0.775,1.1,1896.8343,1917.6386,1896.6435,BEAR,1887.0,1898.6183,32.13,-0.464,37.69,False,True,False,False,False,False,False,False
2026-08-27T14:15:23,ETERNAL,2026-08-27 14:10:00+05:30,BULL,NEAR,80.0,TREND_CONTINUATION,RVOL,329.25,328.8032,60.67,0.183,0.818,1.1,327.9167,328.1726,327.9805,BULL,329.25,328.0775,59.91,0.75,26.34,True,False,False,False,False,False,True,False
2026-08-27T14:15:23,LT,2026-08-27 14:10:00+05:30,BULL,NO_SIGNAL,40.0,,ABOVE_WVWAP|RVOL|ENTRY_TRIGGER,4050.3,4049.1616,53.42,0.035,0.497,1.1,4042.9147,4078.083,4043.274,BULL,4050.3,4048.3217,50.25,0.407,28.22,False,False,False,False,False,False,False,False
2026-08-27T14:15:24,SHRIRAMFIN,2026-08-27 14:10:00+05:30,BULL,NO_SIGNAL,20.0,,MACRO_BULL|ABOVE_WVWAP|RVOL|ENTRY_TRIGGER,1101.0,1101.1973,49.12,-0.272,0.668,1.1,1101.3242,1116.6789,1097.3836,BULL,1101.0,1103.4446,42.84,0.337,24.4,False,False,False,False,False,False,False,False
2026-08-27T14:15:24,GRASIM,2026-08-27 14:10:00+05:30,BEAR,NO_SIGNAL,60.0,,RVOL|ENTRY_TRIGGER,3269.0,3272.5658,32.56,-0.04,0.538,1.1,3279.8658,3275.8953,3275.0359,BEAR,3269.0,3277.1518,42.32,-0.611,22.57,False,True,False,False,False,False,False,False
2026-08-27T14:15:25,AXISBANK,2026-08-27 14:10:00+05:30,BULL,NO_SIGNAL,60.0,,RVOL|ENTRY_TRIGGER,1260.4,1261.3009,47.47,-0.356,0.603,1.1,1259.573,1247.1091,1258.7322,BULL,1260.4,1258.8694,57.01,0.191,37.96,False,False,False,False,False,False,False,False
2026-08-27T14:15:25,POWERGRID,2026-08-27 14:10:00+05:30,BEAR,NO_SIGNAL,40.0,,MACRO_BEAR|RVOL|ENTRY_TRIGGER,264.15,264.331,44.36,-0.113,0.643,1.1,263.8309,268.0824,264.8945,BEAR,264.15,264.7036,40.97,0.285,29.72,False,True,False,False,False,False,False,False
2026-08-27T14:15:26,ADANIENT,2026-08-27 14:10:00+05:30,BULL,NO_SIGNAL,40.0,VWAP_PULLBACK,ST_BULL|RVOL|ENTRY_TRIGGER,3152.7,3155.8394,46.61,-0.231,0.803,1.1,3149.2217,3086.9839,3166.5049,BEAR,3152.7,3147.9315,60.15,0.331,46.61,False,False,True,False,False,False,False,False
2026-08-27T14:15:26,TECHM,2026-08-27 14:10:00+05:30,BULL,NO_SIGNAL,20.0,,MACRO_BULL|ST_BULL|RVOL|ENTRY_TRIGGER,1587.5,1588.5488,45.85,-0.082,0.441,1.1,1589.666,1583.7233,1592.9414,BEAR,1587.5,1586.9514,52.66,-0.651,29.74,False,False,False,False,False,False,False,False
2026-08-27T14:15:27,ICICIBANK,2026-08-27 14:10:00+05:30,BULL,NEAR,80.0,VWAP_PULLBACK,ENTRY_TRIGGER,1445.0,1446.1551,46.33,-0.331,3.464,1.1,1443.8664,1429.9705,1442.2992,BULL,1445.0,1443.1474,58.62,0.298,37.37,False,False,True,False,False,False,False,False
2026-08-27T14:15:27,JIOFIN,2026-08-27 14:10:00+05:30,BEAR,NO_SIGNAL,60.0,,RVOL|ENTRY_TRIGGER,239.2,239.4895,35.31,-0.25,0.882,1.1,240.2023,242.0374,239.7242,BEAR,239.2,240.0859,33.08,-0.063,29.91,False,True,False,False,False,False,False,False
2026-08-27T14:15:28,TATASTEEL,2026-08-27 14:10:00+05:30,BEAR,NO_SIGNAL,60.0,,BELOW_WVWAP|ENTRY_TRIGGER,187.14,187.7278,33.4,-0.41,2.016,1.1,188.4592,186.3254,188.0508,BEAR,187.14,187.7241,45.82,-0.674,33.79,False,True,False,False,False,False,False,False
2026-08-27T14:15:28,TITAN,2026-08-27 14:10:00+05:30,BULL,NO_SIGNAL,60.0,,RVOL|ENTRY_TRIGGER,5165.0,5161.5159,56.45,0.208,0.554,1.1,5124.6781,5105.7627,5150.136,BULL,5165.0,5137.9666,67.54,0.879,40.46,True,False,False,False,False,False,False,False
2026-08-27T14:15:29,INFY,2026-08-27 14:10:00+05:30,BEAR,NO_SIGNAL,60.0,,MACRO_BEAR|ENTRY_TRIGGER,1110.0,1110.8393,44.16,-0.135,1.531,1.1,1113.8561,1126.0711,1113.3885,BEAR,1110.0,1113.1881,38.73,-0.243,7.75,False,True,False,False,False,False,False,False
2026-08-27T14:15:30,TRENT,2026-08-27 14:10:00+05:30,BEAR,NO_SIGNAL,40.0,,MACRO_BEAR|RVOL|ENTRY_TRIGGER,2873.4,2878.962,37.81,-0.288,0.675,1.1,2890.3852,2912.6153,2881.4165,BEAR,2873.4,2889.5008,33.34,-0.602,22.0,False,True,False,False,False,False,False,False
2026-08-27T14:15:30,ASIANPAINT,2026-08-27 14:10:00+05:30,BULL,NO_SIGNAL,20.0,,MACRO_BULL|ST_BULL|RVOL|ENTRY_TRIGGER,2639.9,2644.4511,39.35,-0.419,0.545,1.1,2643.5682,2634.3334,2649.9122,BEAR,2639.9,2644.5599,44.53,-0.087,14.36,False,True,False,False,False,False,False,False
2026-08-27T14:15:31,ULTRACEMCO,2026-08-27 14:10:00+05:30,BULL,NO_SIGNAL,20.0,,MACRO_BULL|ST_BULL|RVOL|ENTRY_TRIGGER,11720.0,11734.1662,43.63,-0.349,0.179,1.1,11741.736,11619.3576,11772.8044,BEAR,11720.0,11727.7517,50.02,-0.111,22.54,False,True,False,False,False,False,False,False
2026-08-27T14:15:31,HDFCBANK,2026-08-27 14:10:00+05:30,BEAR,NEAR,80.0,,ENTRY_TRIGGER,712.25,714.1821,37.97,-0.69,1.811,1.1,716.2223,722.1692,715.1239,BEAR,712.25,717.2042,31.26,-0.815,41.9,False,True,False,False,False,False,False,False
2026-08-27T14:15:32,RELIANCE,2026-08-27 14:10:00+05:30,BEAR,NEAR,80.0,VWAP_PULLBACK,MACRO_BEAR,1290.0,1292.0661,37.65,-0.394,2.662,1.1,1293.966,1302.8611,1295.4494,BEAR,1290.0,1294.7679,34.14,-0.008,20.39,False,True,False,True,False,False,False,False
2026-08-27T14:15:32,M&M,2026-08-27 14:10:00+05:30,BEAR,NO_SIGNAL,60.0,,RVOL|ENTRY_TRIGGER,3349.7,3354.5751,38.86,-0.605,0.841,1.1,3369.1607,3403.6626,3358.2828,BEAR,3349.7,3370.6164,30.0,-0.345,40.72,False,True,False,False,False,False,False,False
2026-08-27T14:15:33,SUNPHARMA,2026-08-27 14:10:00+05:30,BEAR,NO_SIGNAL,40.0,,MACRO_BEAR|RVOL|ENTRY_TRIGGER,1911.5,1911.4838,50.29,0.042,0.591,1.1,1910.4285,1912.3312,1914.1721,BEAR,1911.5,1911.7125,49.02,0.042,9.59,False,False,False,False,False,False,False,False
2026-08-27T14:20:07,BEL,2026-08-27 14:15:00+05:30,BULL,NO_SIGNAL,40.0,,MACRO_BULL|RVOL|ENTRY_TRIGGER,410.3,410.3087,49.26,-0.061,1.047,1.1,410.4681,409.2851,409.8555,BULL,410.15,410.2044,50.34,0.012,21.48,False,False,False,False,False,False,False,False
2026-08-27T14:20:07,TATACONSUM,2026-08-27 14:15:00+05:30,BEAR,NO_SIGNAL,60.0,,RVOL|ENTRY_TRIGGER,1039.5,1037.7208,59.72,0.28,0.708,1.1,1039.4681,1048.6106,1040.4162,BEAR,1038.6,1039.5246,44.0,-0.163,29.01,True,False,False,False,False,False,True,False
2026-08-27T14:20:08,BAJAJ-AUTO,2026-08-27 14:15:00+05:30,BULL,NO_SIGNAL,20.0,,MACRO_BULL|ABOVE_WVWAP|RVOL|ENTRY_TRIGGER,11685.0,11691.4527,47.09,-0.179,0.536,1.1,11678.7089,11770.5976,11673.7924,BULL,11683.0,11697.6537,43.91,0.352,19.38,False,False,False,False,False,False,False,False
2026-08-27T14:20:08,NESTLEIND,2026-08-27 14:15:00+05:30,BULL,NO_SIGNAL,20.0,,MACRO_BULL|ABOVE_WVWAP|RVOL|ENTRY_TRIGGER,1446.4,1445.752,54.31,0.007,0.492,1.1,1449.5867,1462.1816,1442.1862,BULL,1446.2,1447.0459,43.93,0.055,8.98,False,False,False,False,False,False,False,False
2026-08-27T14:20:09,BAJFINANCE,2026-08-27 14:15:00+05:30,BEAR,NO_SIGNAL,40.0,,MACRO_BEAR|RVOL|ENTRY_TRIGGER,1086.5,1086.3364,49.47,-0.009,0.66,1.1,1092.6063,1086.6087,1089.5429,BEAR,1086.2,1087.4754,46.42,-0.266,21.82,False,False,False,False,False,False,False,False
2026-08-27T14:20:09,HINDALCO,2026-08-27 14:15:00+05:30,BEAR,NO_SIGNAL,60.0,,RVOL|ENTRY_TRIGGER,1023.6,1027.9574,26.46,-0.79,0.921,1.1,1036.9461,1047.8915,1028.8181,BEAR,1022.8,1035.7479,16.07,-1.734,46.33,False,True,False,False,False,False,False,False
2026-08-27T14:20:10,NTPC,2026-08-27 14:15:00+05:30,BEAR,NO_SIGNAL,60.0,,RVOL|ENTRY_TRIGGER,329.1,329.5067,40.88,-0.273,0.681,1.1,330.2822,335.5887,330.3731,BEAR,329.15,331.1045,29.9,-0.197,42.67,False,True,False,False,False,False,False,False
2026-08-27T14:20:10,HDFCLIFE,2026-08-27 14:15:00+05:30,BULL,NO_SIGNAL,20.0,,MACRO_BULL|ABOVE_WVWAP|RVOL|ENTRY_TRIGGER,554.45,552.9153,64.69,0.617,0.839,1.1,553.2767,554.4985,551.7689,BULL,554.0,553.4637,51.22,0.208,21.94,True,False,False,False,False,False,False,False
2026-08-27T14:20:11,SBILIFE,2026-08-27 14:15:00+05:30,BULL,NO_SIGNAL,40.0,,MACRO_BULL|ST_BULL|ENTRY_TRIGGER,1781.9,1781.6974,49.91,0.067,1.154,1.1,1783.7513,1770.9314,1786.5771,BEAR,1780.7,1781.6973,49.44,-0.464,18.07,False,False,False,False,False,False,False,False
2026-08-27T14:20:11,HINDUNILVR,2026-08-27 14:15:00+05:30,BEAR,NO_SIGNAL,60.0,,RVOL|ENTRY_TRIGGER,2009.7,2009.4322,49.91,0.005,1.024,1.1,2010.795,2020.5369,2014.4341,BEAR,2008.4,2012.5079,38.13,-0.005,27.69,False,False,False,False,False,False,False,False
2026-08-27T14:20:12,MARUTI,2026-08-27 14:15:00+05:30,BEAR,NO_SIGNAL,60.0,,RVOL|ENTRY_TRIGGER,13442.0,13430.5849,53.4,-0.037,0.683,1.1,13446.0935,13534.0139,13447.8038,BEAR,13431.0,13461.0018,40.64,-0.164,23.29,False,False,False,False,False,False,False,False
2026-08-27T14:20:13,ITC,2026-08-27 14:15:00+05:30,BEAR,NO_SIGNAL,60.0,,RVOL|ENTRY_TRIGGER,268.7,268.9144,40.4,-0.278,0.716,1.1,269.3899,269.98,269.5575,BEAR,268.6,269.4026,33.46,-0.223,31.88,False,True,False,False,False,False,False,False
2026-08-27T14:20:13,TMPV,2026-08-27 14:15:00+05:30,BULL,NO_SIGNAL,40.0,,MACRO_BULL|ST_BULL|ENTRY_TRIGGER,315.75,316.038,44.05,-0.268,1.744,1.1,316.4127,314.6743,316.7006,BEAR,315.4,315.9358,47.16,0.286,32.03,False,True,False,False,False,False,False,False
2026-08-27T14:20:14,ADANIPORTS,2026-08-27 14:15:00+05:30,BULL,NO_SIGNAL,60.0,,RVOL|ENTRY_TRIGGER,1708.2,1710.3542,46.21,-0.158,1.017,1.1,1704.5377,1694.107,1705.7307,BULL,1709.1,1705.3257,59.73,0.583,42.5,False,False,False,False,False,False,False,False
2026-08-27T14:20:14,DRREDDY,2026-08-27 14:15:00+05:30,BEAR,NO_SIGNAL,40.0,,MACRO_BEAR|RVOL|ENTRY_TRIGGER,1173.9,1176.1085,38.72,-0.584,0.303,1.1,1179.6534,1185.8158,1176.8203,BEAR,1173.7,1180.7794,36.23,-0.995,19.97,False,True,False,False,False,False,False,False
2026-08-27T14:20:15,WIPRO,2026-08-27 14:15:00+05:30,BULL,NO_SIGNAL,20.0,,MACRO_BULL|ABOVE_WVWAP|RVOL|ENTRY_TRIGGER,177.53,177.4259,56.24,0.011,0.585,1.1,177.3374,179.7045,177.1356,BULL,177.44,177.4261,47.8,0.243,12.68,True,False,False,False,False,False,False,False
2026-08-27T14:20:15,ONGC,2026-08-27 14:15:00+05:30,BEAR,NO_SIGNAL,40.0,,MACRO_BEAR|RVOL|ENTRY_TRIGGER,232.59,232.9473,41.49,-0.274,0.317,1.1,233.1026,234.3142,233.2828,BEAR,232.48,233.057,42.36,-0.522,19.73,False,True,False,False,False,False,False,False
2026-08-27T14:20:16,SBIN,2026-08-27 14:15:00+05:30,BEAR,NO_SIGNAL,60.0,,BELOW_WVWAP|ENTRY_TRIGGER,1044.9,1045.1316,46.46,-0.143,2.212,1.1,1046.8857,1043.1209,1046.8953,BEAR,1044.6,1047.1232,39.11,-0.21,31.74,False,False,False,False,False,False,False,False
2026-08-27T14:20:16,EICHERMOT,2026-08-27 14:15:00+05:30,BULL,NO_SIGNAL,60.0,,RVOL|ENTRY_TRIGGER,8088.0,8058.313,71.63,0.46,0.9,1.1,8034.9877,8041.6673,8053.5363,BULL,8086.5,8049.9125,62.2,0.773,25.96,True,False,False,False,False,False,False,False
2026-08-27T14:20:17,COALINDIA,2026-08-27 14:15:00+05:30,BEAR,NO_SIGNAL,40.0,,MACRO_BEAR|RVOL|ENTRY_TRIGGER,399.65,400.2455,37.39,-0.337,0.931,1.1,401.0096,403.7573,400.1247,BEAR,399.3,401.4785,29.42,-0.672,17.28,False,True,False,False,False,False,False,False
2026-08-27T14:20:17,BAJAJFINSV,2026-08-27 14:15:00+05:30,BEAR,NO_SIGNAL,60.0,,MACRO_BEAR|ENTRY_TRIGGER,1999.8,2003.5647,36.64,-0.418,2.286,1.1,2007.0925,2007.7481,2008.1222,BEAR,1999.1,2006.2535,34.95,-0.409,13.82,False,True,False,False,False,False,False,False
2026-08-27T14:20:18,MAXHEALTH,2026-08-27 14:15:00+05:30,BULL,NO_SIGNAL,60.0,,MACRO_BULL|ENTRY_TRIGGER,1004.3,1003.8913,52.51,-0.139,1.325,1.1,1003.7581,1000.677,1000.8047,BULL,1005.1,1005.1527,48.46,0.349,22.26,False,False,False,False,False,False,False,False
2026-08-27T14:20:18,KOTAKBANK,2026-08-27 14:15:00+05:30,BULL,NEAR,80.0,,ENTRY_TRIGGER,425.7,425.6023,52.46,-0.106,1.484,1.1,424.0902,412.7594,424.2586,BULL,425.35,423.6117,65.75,0.224,68.66,False,False,False,False,False,False,False,False
2026-08-27T14:20:19,APOLLOHOSP,2026-08-27 14:15:00+05:30,BEAR,NO_SIGNAL,40.0,,BELOW_WVWAP|RVOL|ENTRY_TRIGGER,8784.5,8784.1615,50.06,0.04,0.748,1.1,8787.8077,8729.5384,8801.1657,BEAR,8783.0,8786.0098,48.14,-0.085,32.38,False,False,False,False,False,False,False,False
2026-08-27T14:20:19,CIPLA,2026-08-27 14:15:00+05:30,BULL,NO_SIGNAL,20.0,,MACRO_BULL|ABOVE_WVWAP|RVOL|ENTRY_TRIGGER,1413.9,1412.874,57.61,-0.057,0.865,1.1,1408.8883,1419.6483,1408.5222,BULL,1413.9,1410.7986,57.39,0.569,20.38,False,False,False,False,False,False,False,False
2026-08-27T14:20:20,JSWSTEEL,2026-08-27 14:15:00+05:30,BULL,NO_SIGNAL,40.0,,MACRO_BULL|ST_BULL|ENTRY_TRIGGER,1333.8,1336.2559,32.96,-0.344,8.398,1.1,1338.8445,1321.6339,1338.703,BEAR,1335.2,1335.7499,51.98,-0.499,45.14,False,True,False,False,False,False,False,False
2026-08-27T14:20:20,HCLTECH,2026-08-27 14:15:00+05:30,BULL,NO_SIGNAL,40.0,,MACRO_BULL|ABOVE_WVWAP|ENTRY_TRIGGER,1290.4,1289.9213,54.14,0.132,1.29,1.1,1287.7022,1302.1439,1286.9873,BULL,1291.2,1290.2722,49.88,0.475,17.32,False,False,False,False,False,False,False,False
2026-08-27T14:20:21,TCS,2026-08-27 14:15:00+05:30,BULL,NO_SIGNAL,20.0,,MACRO_BULL|ABOVE_WVWAP|RVOL|ENTRY_TRIGGER,2255.8,2254.8928,53.26,-0.084,0.813,1.1,2255.3387,2278.9676,2249.4921,BULL,2254.7,2256.4057,44.53,0.196,12.52,False,False,False,False,False,False,False,False
2026-08-27T14:20:21,INDIGO,2026-08-27 14:15:00+05:30,BULL,NO_SIGNAL,20.0,,MACRO_BULL|ST_BULL|RVOL|ENTRY_TRIGGER,5192.0,5207.2872,30.03,-0.574,0.864,1.1,5214.7579,5178.7124,5215.723,BEAR,5192.5,5217.6777,36.88,-0.47,19.71,False,True,False,False,False,False,False,False
2026-08-27T14:20:22,BHARTIARTL,2026-08-27 14:15:00+05:30,BEAR,NEAR,80.0,,ENTRY_TRIGGER,1885.7,1890.7713,34.87,-0.095,1.15,1.1,1896.5953,1917.3488,1896.6435,BEAR,1887.0,1898.6183,32.13,-0.464,37.69,False,True,False,False,False,False,False,False
2026-08-27T14:20:23,ETERNAL,2026-08-27 14:15:00+05:30,BULL,SIGNAL,100.0,BREAKOUT_CONTINUATION,,329.95,328.9075,68.41,0.365,1.249,1.1,327.9514,328.1793,328.1149,BULL,329.25,328.0775,59.91,0.75,26.34,True,False,False,False,True,False,False,False
2026-08-27T14:20:23,LT,2026-08-27 14:15:00+05:30,BULL,NO_SIGNAL,40.0,,ABOVE_WVWAP|RVOL|ENTRY_TRIGGER,4050.0,4049.2378,52.89,-0.039,1.01,1.1,4043.0349,4078.005,4043.274,BULL,4050.3,4048.3217,50.25,0.407,28.22,False,False,False,False,False,False,False,False
2026-08-27T14:20:24,SHRIRAMFIN,2026-08-27 14:15:00+05:30,BULL,NO_SIGNAL,20.0,,MACRO_BULL|ABOVE_WVWAP|RVOL|ENTRY_TRIGGER,1101.1,1101.1884,49.64,-0.19,0.66,1.1,1101.3215,1116.6535,1097.3836,BULL,1101.0,1103.4446,42.84,0.337,24.4,False,False,False,False,False,False,False,False
2026-08-27T14:20:24,GRASIM,2026-08-27 14:15:00+05:30,BEAR,NO_SIGNAL,60.0,,RVOL|ENTRY_TRIGGER,3269.0,3272.2416,32.56,-0.092,0.568,1.1,3279.76,3275.888,3274.3951,BEAR,3269.0,3277.1518,42.32,-0.611,22.57,False,True,False,False,False,False,False,False
2026-08-27T14:20:25,AXISBANK,2026-08-27 14:15:00+05:30,BULL,NO_SIGNAL,60.0,VWAP_PULLBACK,RVOL|ENTRY_TRIGGER,1260.6,1261.2372,48.39,-0.482,0.769,1.1,1259.5846,1247.1715,1258.7322,BULL,1260.4,1258.8694,57.01,0.191,37.96,False,False,True,False,False,False,False,False
2026-08-27T14:20:25,POWERGRID,2026-08-27 14:15:00+05:30,BEAR,NO_SIGNAL,60.0,,MACRO_BEAR|ENTRY_TRIGGER,264.25,264.3236,47.43,-0.076,1.272,1.1,263.8338,268.0746,264.8945,BEAR,264.15,264.7036,40.97,0.285,29.72,False,False,False,False,False,False,False,False
2026-08-27T14:20:26,ADANIENT,2026-08-27 14:15:00+05:30,BULL,NO_SIGNAL,40.0,,ST_BULL|RVOL|ENTRY_TRIGGER,3152.0,3155.4903,45.67,-0.244,0.846,1.1,3149.258,3087.1508,3165.7614,BEAR,3152.7,3147.9315,60.15,0.331,46.61,False,False,False,False,False,False,False,False
2026-08-27T14:20:26,TECHM,2026-08-27 14:15:00+05:30,BULL,NO_SIGNAL,20.0,,MACRO_BULL|ST_BULL|RVOL|ENTRY_TRIGGER,1588.0,1588.4989,47.63,-0.101,0.524,1.1,1589.6502,1583.7295,1592.4497,BEAR,1587.5,1586.9514,52.66,-0.651,29.74,False,False,False,False,False,False,False,False
2026-08-27T14:20:27,ICICIBANK,2026-08-27 14:15:00+05:30,BULL,NEAR,80.0,VWAP_PULLBACK,ENTRY_TRIGGER,1448.0,1446.3228,58.07,-0.124,1.165,1.1,1443.9523,1430.1203,1442.2992,BULL,1445.0,1443.1474,58.62,0.298,37.37,False,False,True,False,True,False,False,False
2026-08-27T14:20:27,JIOFIN,2026-08-27 14:15:00+05:30,BEAR,NO_SIGNAL,60.0,,RVOL|ENTRY_TRIGGER,239.25,239.4677,37.83,-0.188,0.79,1.1,240.194,242.0326,239.7242,BEAR,239.2,240.0859,33.08,-0.063,29.91,False,True,False,False,False,False,False,False
2026-08-27T14:20:28,TATASTEEL,2026-08-27 14:15:00+05:30,BEAR,NO_SIGNAL,60.0,,BELOW_WVWAP|ENTRY_TRIGGER,187.19,187.6789,35.02,-0.383,1.378,1.1,188.4391,186.3287,188.0508,BEAR,187.14,187.7241,45.82,-0.674,33.79,False,True,False,False,False,False,False,False
2026-08-27T14:20:28,TITAN,2026-08-27 14:15:00+05:30,BULL,NO_SIGNAL,60.0,,RVOL|ENTRY_TRIGGER,5171.7,5162.4417,60.77,0.414,0.743,1.1,5125.1896,5106.1148,5150.136,BULL,5165.0,5137.9666,67.54,0.879,40.46,True,False,False,False,False,False,False,False
2026-08-27T14:20:29,INFY,2026-08-27 14:15:00+05:30,BEAR,NO_SIGNAL,40.0,,MACRO_BEAR|RVOL|ENTRY_TRIGGER,1109.2,1110.6903,40.78,-0.27,0.787,1.1,1113.7992,1126.0329,1113.3885,BEAR,1110.0,1113.1881,38.73,-0.243,7.75,False,True,False,False,False,False,False,False
2026-08-27T14:20:29,TRENT,2026-08-27 14:15:00+05:30,BEAR,NO_SIGNAL,40.0,,MACRO_BEAR|RVOL|ENTRY_TRIGGER,2875.2,2878.62,41.22,-0.271,0.726,1.1,2890.1854,2912.5169,2881.4165,BEAR,2873.4,2889.5008,33.34,-0.602,22.0,False,True,False,False,False,False,False,False
2026-08-27T14:20:30,ASIANPAINT,2026-08-27 14:15:00+05:30,BULL,NO_SIGNAL,40.0,,MACRO_BULL|ST_BULL|ENTRY_TRIGGER,2638.4,2643.901,36.9,-0.483,1.687,1.1,2643.4448,2634.3565,2648.0105,BEAR,2639.9,2644.5599,44.53,-0.087,14.36,False,True,False,False,False,False,False,False
2026-08-27T14:20:30,ULTRACEMCO,2026-08-27 14:15:00+05:30,BULL,NO_SIGNAL,20.0,,MACRO_BULL|ST_BULL|RVOL|ENTRY_TRIGGER,11735.0,11734.242,49.9,-0.247,0.357,1.1,11741.6234,11619.6096,11772.8044,BEAR,11720.0,11727.7517,50.02,-0.111,22.54,False,False,False,False,False,False,False,False
2026-08-27T14:20:31,HDFCBANK,2026-08-27 14:15:00+05:30,BEAR,NO_SIGNAL,60.0,,RVOL|ENTRY_TRIGGER,712.75,714.0519,41.06,-0.468,0.735,1.1,716.1757,722.1158,715.1239,BEAR,712.25,717.2042,31.26,-0.815,41.9,False,True,False,False,False,False,False,False
2026-08-27T14:20:31,RELIANCE,2026-08-27 14:15:00+05:30,BEAR,NO_SIGNAL,40.0,,MACRO_BEAR|RVOL|ENTRY_TRIGGER,1289.7,1291.851,36.52,-0.34,1.006,1.1,1293.8943,1302.7924,1295.4494,BEAR,1290.0,1294.7679,34.14,-0.008,20.39,False,True,False,False,False,False,False,False
2026-08-27T14:20:32,M&M,2026-08-27 14:15:00+05:30,BEAR,NEAR,80.0,,ENTRY_TRIGGER,3355.5,3354.6592,48.1,-0.063,1.711,1.1,3368.8197,3403.3052,3358.2828,BEAR,3349.7,3370.6164,30.0,-0.345,40.72,False,False,False,False,False,False,False,False
2026-08-27T14:20:32,SUNPHARMA,2026-08-27 14:15:00+05:30,BEAR,NO_SIGNAL,60.0,,MACRO_BEAR|ENTRY_TRIGGER,1911.8,1911.5125,51.42,0.047,3.132,1.1,1910.4472,1912.3264,1914.1721,BEAR,1911.5,1911.7125,49.02,0.042,9.59,False,False,False,False,False,False,False,False
2026-08-27T14:25:08,BEL,2026-08-27 14:20:00+05:30,BULL,NO_SIGNAL,60.0,,MACRO_BULL|ENTRY_TRIGGER,410.4,410.317,51.76,0.024,1.237,1.1,410.4655,409.2879,409.8555,BULL,410.15,410.2044,50.34,0.012,21.48,False,False,False,False,False,False,False,False
2026-08-27T14:25:08,TATACONSUM,2026-08-27 14:20:00+05:30,BEAR,NO_SIGNAL,60.0,,RVOL|ENTRY_TRIGGER,1039.7,1037.9007,60.67,0.28,0.748,1.1,1039.4705,1048.587,1040.4162,BEAR,1038.6,1039.5246,44.0,-0.163,29.01,True,False,False,False,False,False,False,False
2026-08-27T14:25:09,BAJAJ-AUTO,2026-08-27 14:20:00+05:30,BEAR,NO_SIGNAL,60.0,VWAP_PULLBACK,MACRO_BEAR|ST_BEAR,11677.0,11690.1388,43.28,-0.299,2.018,1.1,11678.8263,11769.8621,11673.7924,BULL,11683.0,11697.6537,43.91,0.352,19.38,False,True,False,True,False,False,False,False
2026-08-27T14:25:09,NESTLEIND,2026-08-27 14:20:00+05:30,BULL,NO_SIGNAL,20.0,,MACRO_BULL|ABOVE_WVWAP|RVOL|ENTRY_TRIGGER,1446.0,1445.7745,51.71,-0.021,0.979,1.1,1449.5573,1462.1652,1442.3403,BULL,1446.2,1447.0459,43.93,0.055,8.98,False,False,False,False,False,False,False,False
2026-08-27T14:25:10,BAJFINANCE,2026-08-27 14:20:00+05:30,BEAR,NO_SIGNAL,60.0,,MACRO_BEAR|ENTRY_TRIGGER,1085.4,1086.2512,44.52,-0.074,1.453,1.1,1092.5046,1086.6044,1089.5429,BEAR,1086.2,1087.4754,46.42,-0.266,21.82,False,True,False,False,False,False,False,False
2026-08-27T14:25:10,HINDALCO,2026-08-27 14:20:00+05:30,BEAR,NEAR,80.0,,ENTRY_TRIGGER,1021.5,1027.3703,22.65,-1.027,1.328,1.1,1036.566,1047.7625,1028.8181,BEAR,1022.8,1035.7479,16.07,-1.734,46.33,False,True,False,False,False,False,False,False
2026-08-27T14:25:11,NTPC,2026-08-27 14:20:00+05:30,BEAR,NO_SIGNAL,60.0,,RVOL|ENTRY_TRIGGER,328.9,329.4515,38.45,-0.394,0.673,1.1,330.2612,335.548,330.3602,BEAR,329.15,331.1045,29.9,-0.197,42.67,False,True,False,False,False,False,False,False
2026-08-27T14:25:11,HDFCLIFE,2026-08-27 14:20:00+05:30,BULL,NO_SIGNAL,40.0,,MACRO_BULL|RVOL|ENTRY_TRIGGER,554.5,553.0594,65.01,0.553,0.573,1.1,553.2921,554.4984,552.0832,BULL,554.0,553.4637,51.22,0.208,21.94,True,False,False,False,False,False,False,False
2026-08-27T14:25:12,SBILIFE,2026-08-27 14:20:00+05:30,BULL,NO_SIGNAL,40.0,,MACRO_BULL|ST_BULL|ENTRY_TRIGGER,1781.8,1781.7067,49.6,0.034,1.35,1.1,1783.7289,1770.9656,1786.5771,BEAR,1780.7,1781.6973,49.44,-0.464,18.07,False,False,False,False,False,False,False,False
2026-08-27T14:25:12,HINDUNILVR,2026-08-27 14:20:00+05:30,BEAR,NO_SIGNAL,60.0,,RVOL|ENTRY_TRIGGER,2009.7,2009.4566,49.91,0.025,0.715,1.1,2010.7796,2020.5092,2014.4341,BEAR,2008.4,2012.5079,38.13,-0.005,27.69,False,False,False,False,False,False,False,False
2026-08-27T14:25:13,MARUTI,2026-08-27 14:20:00+05:30,BEAR,NO_SIGNAL,40.0,,ST_BEAR|RVOL|ENTRY_TRIGGER,13468.0,13433.9862,61.81,0.261,0.998,1.1,13446.3702,13533.6379,13403.6833,BULL,13431.0,13461.0018,40.64,-0.164,23.29,True,False,False,False,False,False,False,False
2026-08-27T14:25:13,ITC,2026-08-27 14:20:00+05:30,BEAR,NO_SIGNAL,60.0,,RVOL|ENTRY_TRIGGER,268.75,268.8994,42.36,-0.186,0.609,1.1,269.3831,269.9774,269.5575,BEAR,268.6,269.4026,33.46,-0.223,31.88,False,True,False,False,False,False,False,False
2026-08-27T14:25:14,TMPV,2026-08-27 14:20:00+05:30,BULL,NO_SIGNAL,40.0,BREAKOUT_CONTINUATION,MACRO_BULL|ST_BULL|ENTRY_TRIGGER,316.15,316.0482,50.77,-0.079,2.224,1.1,316.4065,314.6798,316.7006,BEAR,315.4,315.9358,47.16,0.286,32.03,False,False,False,False,True,False,False,False
2026-08-27T14:25:14,ADANIPORTS,2026-08-27 14:20:00+05:30,BULL,NO_SIGNAL,60.0,,RVOL|ENTRY_TRIGGER,1707.0,1710.0493,43.38,-0.49,0.618,1.1,1704.5616,1694.1375,1705.7307,BULL,1709.1,1705.3257,59.73,0.583,42.5,False,True,False,False,False,False,False,False
2026-08-27T14:25:15,DRREDDY,2026-08-27 14:20:00+05:30,BEAR,NO_SIGNAL,40.0,,MACRO_BEAR|RVOL|ENTRY_TRIGGER,1174.4,1175.9532,40.73,-0.229,0.459,1.1,1179.606,1185.8026,1176.8203,BEAR,1173.7,1180.7794,36.23,-0.995,19.97,False,True,False,False,False,False,False,False
2026-08-27T14:25:15,WIPRO,2026-08-27 14:20:00+05:30,BULL,NO_SIGNAL,40.0,,MACRO_BULL|ABOVE_WVWAP|ENTRY_TRIGGER,177.58,177.4399,58.34,-0.011,1.379,1.1,177.3409,179.7009,177.1356,BULL,177.44,177.4261,47.8,0.243,12.68,False,False,False,False,False,False,False,False
2026-08-27T14:25:16,ONGC,2026-08-27 14:20:00+05:30,BEAR,NO_SIGNAL,40.0,,MACRO_BEAR|RVOL|ENTRY_TRIGGER,232.53,232.9093,40.44,-0.351,0.552,1.1,233.0978,234.3112,233.2828,BEAR,232.48,233.057,42.36,-0.522,19.73,False,True,False,False,False,False,False,False
2026-08-27T14:25:16,SBIN,2026-08-27 14:20:00+05:30,BEAR,NO_SIGNAL,40.0,,BELOW_WVWAP|RVOL|ENTRY_TRIGGER,1045.3,1045.1469,49.35,-0.115,0.771,1.1,1046.8647,1043.1242,1046.8953,BEAR,1044.6,1047.1232,39.11,-0.21,31.74,False,False,False,False,False,False,False,False
2026-08-27T14:25:17,EICHERMOT,2026-08-27 14:20:00+05:30,BULL,SIGNAL,100.0,BREAKOUT_CONTINUATION,,8098.5,8061.9663,75.09,0.565,1.207,1.1,8036.0528,8041.9157,8059.5668,BULL,8086.5,8049.9125,62.2,0.773,25.96,True,False,False,False,True,False,False,False
2026-08-27T14:25:18,COALINDIA,2026-08-27 14:20:00+05:30,BEAR,NO_SIGNAL,40.0,,MACRO_BEAR|RVOL|ENTRY_TRIGGER,399.75,400.2005,39.18,-0.312,0.695,1.1,400.9863,403.7467,400.1247,BEAR,399.3,401.4785,29.42,-0.672,17.28,False,True,False,False,False,False,False,False
2026-08-27T14:25:18,BAJAJFINSV,2026-08-27 14:20:00+05:30,BEAR,NO_SIGNAL,60.0,,MACRO_BEAR|ENTRY_TRIGGER,1999.1,2003.1588,35.13,-0.399,1.575,1.1,2006.8229,2007.6882,2007.7027,BEAR,1999.1,2006.2535,34.95,-0.409,13.82,False,True,False,False,False,False,False,False
2026-08-27T14:25:19,MAXHEALTH,2026-08-27 14:20:00+05:30,BULL,NEAR,80.0,VWAP_PULLBACK,MACRO_BULL,1005.4,1004.0285,57.83,0.03,1.14,1.1,1003.7746,1000.6891,1000.8047,BULL,1005.1,1005.1527,48.46,0.349,22.26,True,False,True,False,False,False,False,False
2026-08-27T14:25:19,KOTAKBANK,2026-08-27 14:20:00+05:30,BULL,NO_SIGNAL,60.0,,RVOL|ENTRY_TRIGGER,425.6,425.6021,51.4,-0.223,0.555,1.1,424.1016,412.7975,424.2586,BULL,425.35,423.6117,65.75,0.224,68.66,False,False,False,False,False,False,False,False
2026-08-27T14:25:20,APOLLOHOSP,2026-08-27 14:20:00+05:30,BULL,NEAR,80.0,VWAP_PULLBACK,MACRO_BULL,8802.0,8785.7832,64.52,0.176,6.365,1.1,8788.6809,8730.9139,8771.3209,BULL,8783.0,8786.0098,48.14,-0.085,32.38,True,False,True,False,True,False,False,False
2026-08-27T14:25:20,CIPLA,2026-08-27 14:20:00+05:30,BULL,NO_SIGNAL,40.0,,MACRO_BULL|ABOVE_WVWAP|ENTRY_TRIGGER,1415.7,1413.1309,63.86,0.078,1.68,1.1,1409.047,1419.6353,1408.919,BULL,1413.9,1410.7986,57.39,0.569,20.38,True,False,False,False,False,False,False,False
2026-08-27T14:25:21,JSWSTEEL,2026-08-27 14:20:00+05:30,BEAR,NO_SIGNAL,60.0,TREND_CONTINUATION,MACRO_BEAR|BELOW_WVWAP,1332.9,1335.9508,29.62,-0.374,2.078,1.1,1338.7135,1321.7,1338.703,BEAR,1335.2,1335.7499,51.98,-0.499,45.14,False,True,False,False,False,False,False,True
2026-08-27T14:25:21,HCLTECH,2026-08-27 14:20:00+05:30,BEAR,NO_SIGNAL,60.0,BREAKOUT_CONTINUATION,MACRO_BEAR|ST_BEAR,1288.2,1289.7648,43.5,-0.109,1.442,1.1,1287.7195,1302.0766,1286.9873,BULL,1291.2,1290.2722,49.88,0.475,17.32,False,True,False,False,False,True,False,False
2026-08-27T14:25:22,TCS,2026-08-27 14:20:00+05:30,BULL,NO_SIGNAL,20.0,,MACRO_BULL|ABOVE_WVWAP|RVOL|ENTRY_TRIGGER,2255.4,2254.9389,51.9,-0.124,0.73,1.1,2255.3378,2278.9319,2249.4921,BULL,2254.7,2256.4057,44.53,0.196,12.52,False,False,False,False,False,False,False,False
2026-08-27T14:25:22,INDIGO,2026-08-27 14:20:00+05:30,BULL,NO_SIGNAL,20.0,,MACRO_BULL|ST_BULL|RVOL|ENTRY_TRIGGER,5194.0,5206.0792,33.05,-0.479,0.872,1.1,5214.4294,5178.7462,5214.3697,BEAR,5192.5,5217.6777,36.88,-0.47,19.71,False,True,False,False,False,False,False,False
2026-08-27T14:25:23,BHARTIARTL,2026-08-27 14:20:00+05:30,BEAR,NO_SIGNAL,60.0,,RVOL|ENTRY_TRIGGER,1885.5,1890.2921,34.55,-0.027,0.74,1.1,1896.4257,1917.1552,1895.6983,BEAR,1887.0,1898.6183,32.13,-0.464,37.69,False,True,False,False,False,False,False,False
2026-08-27T14:25:23,ETERNAL,2026-08-27 14:20:00+05:30,BULL,NEAR,80.0,,ENTRY_TRIGGER,329.4,328.9523,58.64,0.167,1.294,1.1,327.9847,328.1859,328.2127,BULL,329.25,328.0775,59.91,0.75,26.34,True,False,False,False,False,False,False,False
2026-08-27T14:25:24,LT,2026-08-27 14:20:00+05:30,BULL,NO_SIGNAL,60.0,TREND_CONTINUATION,ABOVE_WVWAP|RVOL,4055.0,4049.7616,59.96,0.049,0.703,1.1,4043.1456,4077.9579,4043.274,BULL,4050.3,4048.3217,50.25,0.407,28.22,True,False,False,False,False,False,True,False
2026-08-27T14:25:24,SHRIRAMFIN,2026-08-27 14:20:00+05:30,BULL,NO_SIGNAL,20.0,,MACRO_BULL|ABOVE_WVWAP|RVOL|ENTRY_TRIGGER,1100.7,1101.144,47.54,-0.227,0.572,1.1,1101.3194,1116.6319,1097.3836,BULL,1101.0,1103.4446,42.84,0.337,24.4,False,False,False,True,False,False,False,False
2026-08-27T14:25:25,GRASIM,2026-08-27 14:20:00+05:30,BEAR,NO_SIGNAL,60.0,,RVOL|ENTRY_TRIGGER,3269.0,3271.9469,32.56,-0.156,0.681,1.1,3279.6385,3275.8794,3274.0672,BEAR,3269.0,3277.1518,42.32,-0.611,22.57,False,True,False,False,False,False,False,False
2026-08-27T14:25:25,AXISBANK,2026-08-27 14:20:00+05:30,BULL,NO_SIGNAL,60.0,VWAP_PULLBACK,RVOL|ENTRY_TRIGGER,1261.6,1261.2702,52.87,-0.166,0.809,1.1,1259.6061,1247.2397,1258.7322,BULL,1260.4,1258.8694,57.01,0.191,37.96,False,False,True,False,False,False,False,False
2026-08-27T14:25:26,POWERGRID,2026-08-27 14:20:00+05:30,BEAR,NO_SIGNAL,40.0,,MACRO_BEAR|RVOL|ENTRY_TRIGGER,264.2,264.3124,46.06,-0.245,0.382,1.1,263.8346,268.0723,264.8945,BEAR,264.15,264.7036,40.97,0.285,29.72,False,False,False,False,False,False,False,False
2026-08-27T14:25:27,ADANIENT,2026-08-27 14:20:00+05:30,BULL,NO_SIGNAL,40.0,VWAP_PULLBACK,ST_BULL|RVOL|ENTRY_TRIGGER,3152.6,3155.2276,46.67,-0.297,0.915,1.1,3149.2999,3087.3282,3165.324,BEAR,3152.7,3147.9315,60.15,0.331,46.61,False,False,True,False,False,False,False,False
2026-08-27T14:25:27,TECHM,2026-08-27 14:20:00+05:30,BULL,NO_SIGNAL,20.0,,MACRO_BULL|ST_BULL|RVOL|ENTRY_TRIGGER,1587.0,1588.3626,44.48,-0.088,0.511,1.1,1589.634,1583.7348,1592.4497,BEAR,1587.5,1586.9514,52.66,-0.651,29.74,False,True,False,False,False,False,False,False
2026-08-27T14:25:28,ICICIBANK,2026-08-27 14:20:00+05:30,BULL,NO_SIGNAL,60.0,,RVOL|ENTRY_TRIGGER,1449.0,1446.5662,61.12,-0.103,0.906,1.1,1444.0319,1430.2382,1442.2992,BULL,1445.0,1443.1474,58.62,0.298,37.37,False,False,False,False,False,False,False,False
2026-08-27T14:25:28,JIOFIN,2026-08-27 14:20:00+05:30,BEAR,NO_SIGNAL,60.0,,RVOL|ENTRY_TRIGGER,239.3,239.4524,40.34,-0.146,0.568,1.1,240.1884,242.0292,239.7242,BEAR,239.2,240.0859,33.08,-0.063,29.91,False,True,False,False,False,False,False,False
2026-08-27T14:25:29,TATASTEEL,2026-08-27 14:20:00+05:30,BEAR,NO_SIGNAL,40.0,,BELOW_WVWAP|RVOL|ENTRY_TRIGGER,186.95,187.6127,31.11,-0.537,0.561,1.1,188.4305,186.3299,188.0505,BEAR,187.14,187.7241,45.82,-0.674,33.79,False,True,False,False,False,False,False,False
2026-08-27T14:25:29,TITAN,2026-08-27 14:20:00+05:30,BULL,NO_SIGNAL,60.0,,RVOL|ENTRY_TRIGGER,5173.7,5163.4652,61.98,-0.017,0.523,1.1,5125.5868,5106.3832,5150.136,BULL,5165.0,5137.9666,67.54,0.879,40.46,False,False,False,False,False,False,False,False
2026-08-27T14:25:30,INFY,2026-08-27 14:20:00+05:30,BEAR,NO_SIGNAL,40.0,,MACRO_BEAR|RVOL|ENTRY_TRIGGER,1109.7,1110.6003,43.68,-0.27,0.531,1.1,1113.7661,1126.0099,1113.0942,BEAR,1110.0,1113.1881,38.73,-0.243,7.75,False,True,False,False,False,False,False,False
2026-08-27T14:25:30,TRENT,2026-08-27 14:20:00+05:30,BEAR,NO_SIGNAL,60.0,,MACRO_BEAR|ENTRY_TRIGGER,2874.5,2878.2455,40.29,-0.253,1.393,1.1,2889.8077,2912.3286,2881.4165,BEAR,2873.4,2889.5008,33.34,-0.602,22.0,False,True,False,False,False,False,False,False
2026-08-27T14:25:31,ASIANPAINT,2026-08-27 14:20:00+05:30,BULL,NO_SIGNAL,20.0,,MACRO_BULL|ST_BULL|RVOL|ENTRY_TRIGGER,2638.0,2643.3645,36.26,-0.517,0.698,1.1,2643.3949,2634.3672,2647.959,BEAR,2639.9,2644.5599,44.53,-0.087,14.36,False,True,False,False,False,False,False,False
2026-08-27T14:25:31,ULTRACEMCO,2026-08-27 14:20:00+05:30,BULL,NO_SIGNAL,20.0,,MACRO_BULL|ST_BULL|RVOL|ENTRY_TRIGGER,11724.0,11733.3109,45.87,-0.416,0.584,1.1,11741.4586,11619.9844,11772.8044,BEAR,11720.0,11727.7517,50.02,-0.111,22.54,False,False,False,False,False,False,False,False
2026-08-27T14:25:32,HDFCBANK,2026-08-27 14:20:00+05:30,BEAR,NEAR,80.0,,ENTRY_TRIGGER,714.15,714.0608,48.76,-0.418,1.179,1.1,716.1263,722.0438,715.1239,BEAR,712.25,717.2042,31.26,-0.815,41.9,False,False,False,False,False,False,False,False
2026-08-27T14:25:32,RELIANCE,2026-08-27 14:20:00+05:30,BEAR,NO_SIGNAL,40.0,,MACRO_BEAR|RVOL|ENTRY_TRIGGER,1289.7,1291.6554,36.52,-0.44,0.635,1.1,1293.8467,1302.749,1294.4613,BEAR,1290.0,1294.7679,34.14,-0.008,20.39,False,True,False,False,False,False,False,False
2026-08-27T14:25:33,M&M,2026-08-27 14:20:00+05:30,BEAR,NEAR,80.0,,ENTRY_TRIGGER,3351.6,3354.3811,43.36,-0.098,1.176,1.1,3368.5726,3403.0459,3358.2828,BEAR,3349.7,3370.6164,30.0,-0.345,40.72,False,True,False,False,False,False,False,False
2026-08-27T14:25:33,SUNPHARMA,2026-08-27 14:20:00+05:30,BEAR,NO_SIGNAL,40.0,,MACRO_BEAR|RVOL|ENTRY_TRIGGER,1911.7,1911.5296,51.01,0.063,1.006,1.1,1910.455,1912.325,1914.1721,BEAR,1911.5,1911.7125,49.02,0.042,9.59,False,False,False,False,False,False,False,False
2026-08-27T14:30:07,BEL,2026-08-27 14:25:00+05:30,BULL,NO_SIGNAL,40.0,,MACRO_BULL|RVOL|ENTRY_TRIGGER,410.35,410.32,50.42,0.012,1.014,1.1,410.4633,409.2901,409.8555,BULL,410.35,410.2177,52.47,0.122,21.05,False,False,False,False,False,False,False,False
2026-08-27T14:30:08,TATACONSUM,2026-08-27 14:25:00+05:30,BEAR,NO_SIGNAL,60.0,,RVOL|ENTRY_TRIGGER,1039.5,1038.0461,59.16,0.28,0.621,1.1,1039.4711,1048.5703,1040.4162,BEAR,1039.5,1039.5224,47.06,-0.202,27.38,True,False,False,False,False,False,False,False
2026-08-27T14:30:08,BAJAJ-AUTO,2026-08-27 14:25:00+05:30,BULL,NO_SIGNAL,20.0,,MACRO_BULL|ABOVE_WVWAP|RVOL|ENTRY_TRIGGER,11685.0,11689.6717,47.83,-0.188,0.904,1.1,11678.8736,11769.6067,11673.7924,BULL,11685.0,11696.5034,44.52,0.318,18.95,False,False,False,False,False,False,False,False
2026-08-27T14:30:09,NESTLEIND,2026-08-27 14:25:00+05:30,BULL,NO_SIGNAL,20.0,,MACRO_BULL|ABOVE_WVWAP|RVOL|ENTRY_TRIGGER,1446.5,1445.8405,54.63,0.118,0.579,1.1,1449.5398,1462.1554,1442.3403,BULL,1446.5,1446.9963,44.95,0.201,8.45,False,False,False,False,False,False,False,False
2026-08-27T14:30:10,BAJFINANCE,2026-08-27 14:25:00+05:30,BEAR,NO_SIGNAL,60.0,,MACRO_BEAR|ENTRY_TRIGGER,1086.5,1086.2738,49.92,0.101,1.26,1.1,1092.4261,1086.6027,1089.5429,BEAR,1086.5,1087.3868,47.26,-0.092,20.84,False,False,False,False,False,False,False,False
2026-08-27T14:30:10,HINDALCO,2026-08-27 14:25:00+05:30,BEAR,NEAR,80.0,,ENTRY_TRIGGER,1022.65,1026.9412,28.71,-0.767,1.909,1.1,1036.0251,1047.569,1028.2016,BEAR,1022.65,1034.5572,15.96,-1.64,48.41,False,True,False,False,False,False,False,False
2026-08-27T14:30:11,NTPC,2026-08-27 14:25:00+05:30,BEAR,NO_SIGNAL,60.0,,RVOL|ENTRY_TRIGGER,328.95,329.406,39.42,-0.363,0.607,1.1,330.2425,335.5119,330.2266,BEAR,328.95,330.9086,29.02,-0.379,43.14,False,True,False,False,False,False,False,False
2026-08-27T14:30:11,HDFCLIFE,2026-08-27 14:25:00+05:30,BULL,NO_SIGNAL,20.0,,MACRO_BULL|ABOVE_WVWAP|RVOL|ENTRY_TRIGGER,554.45,553.1858,64.38,0.59,0.5,1.1,553.3045,554.4981,552.0999,BULL,554.45,553.5534,53.07,0.426,20.97,True,False,False,False,False,False,False,False
2026-08-27T14:30:12,SBILIFE,2026-08-27 14:25:00+05:30,BULL,NO_SIGNAL,40.0,,MACRO_BULL|ST_BULL|ENTRY_TRIGGER,1783.5,1781.8697,54.69,0.112,1.482,1.1,1783.7083,1771.0053,1786.5771,BEAR,1783.5,1781.8612,53.71,0.084,17.97,False,False,False,False,False,False,False,False
2026-08-27T14:30:12,HINDUNILVR,2026-08-27 14:25:00+05:30,BEAR,NO_SIGNAL,40.0,VWAP_PULLBACK,MACRO_BEAR|RVOL|ENTRY_TRIGGER,2009.5,2009.4605,48.97,-0.099,0.853,1.1,2010.7642,2020.4763,2014.4341,BEAR,2009.5,2012.2344,40.92,0.01,28.53,False,False,False,True,False,False,False,False
2026-08-27T14:30:13,MARUTI,2026-08-27 14:25:00+05:30,BULL,NO_SIGNAL,40.0,,MACRO_BULL|ABOVE_WVWAP|ENTRY_TRIGGER,13476.0,13437.8057,63.97,0.268,1.192,1.1,13446.9278,13533.2696,13416.3714,BULL,13476.0,13462.3653,50.33,0.082,21.69,True,False,False,False,False,False,False,False
2026-08-27T14:30:13,ITC,2026-08-27 14:25:00+05:30,BEAR,NO_SIGNAL,60.0,,RVOL|ENTRY_TRIGGER,268.8,268.8904,44.33,-0.093,0.88,1.1,269.3747,269.9739,269.5575,BEAR,268.8,269.3478,37.72,-0.111,32.41,False,True,False,False,False,False,False,False
2026-08-27T14:30:14,TMPV,2026-08-27 14:25:00+05:30,BULL,NO_SIGNAL,40.0,,ST_BULL|RVOL|ENTRY_TRIGGER,316.2,316.062,51.55,-0.063,0.756,1.1,316.4045,314.6818,316.7006,BEAR,316.2,315.9598,52.5,0.477,31.44,False,False,False,False,False,False,False,False
2026-08-27T14:30:14,ADANIPORTS,2026-08-27 14:25:00+05:30,BULL,NO_SIGNAL,60.0,VWAP_PULLBACK,RVOL|ENTRY_TRIGGER,1706.9,1709.763,43.14,-0.536,0.773,1.1,1704.5819,1694.1732,1705.7307,BULL,1706.9,1705.4688,55.37,0.506,41.13,False,True,True,False,False,False,False,False
2026-08-27T14:30:15,DRREDDY,2026-08-27 14:25:00+05:30,BULL,NO_SIGNAL,20.0,,MACRO_BULL|ABOVE_WVWAP|RVOL|ENTRY_TRIGGER,1177.6,1176.1029,51.68,0.264,1.042,1.1,1179.5412,1185.7776,1169.4473,BULL,1177.6,1180.4904,43.77,-0.767,20.69,False,False,False,False,False,False,False,False
2026-08-27T14:30:16,WIPRO,2026-08-27 14:25:00+05:30,BULL,NO_SIGNAL,20.0,,MACRO_BULL|ABOVE_WVWAP|RVOL|ENTRY_TRIGGER,177.55,177.4499,56.58,0.006,0.554,1.1,177.3422,179.6994,177.182,BULL,177.55,177.4374,50.72,0.271,11.92,True,False,False,False,False,False,False,False
2026-08-27T14:30:16,ONGC,2026-08-27 14:25:00+05:30,BEAR,NO_SIGNAL,40.0,,MACRO_BEAR|RVOL|ENTRY_TRIGGER,232.48,232.8703,39.55,-0.475,0.577,1.1,233.0931,234.3082,233.2828,BEAR,232.48,233.0046,42.36,-0.496,19.33,False,True,False,False,False,False,False,False
2026-08-27T14:30:17,SBIN,2026-08-27 14:25:00+05:30,BULL,NO_SIGNAL,40.0,,MACRO_BULL|ST_BULL|ENTRY_TRIGGER,1045.5,1045.179,50.78,-0.105,1.344,1.1,1046.831,1043.1301,1046.8953,BEAR,1045.5,1046.9757,42.79,0.01,31.93,False,False,False,False,False,False,False,False
2026-08-27T14:30:17,EICHERMOT,2026-08-27 14:25:00+05:30,BULL,NO_SIGNAL,60.0,,RVOL|ENTRY_TRIGGER,8098.0,8065.2421,74.63,0.659,0.513,1.1,8036.5131,8042.0254,8063.3073,BULL,8098.0,8054.2841,64.89,0.979,25.43,True,False,False,False,False,False,False,False
2026-08-27T14:30:18,COALINDIA,2026-08-27 14:25:00+05:30,BEAR,NO_SIGNAL,40.0,,MACRO_BEAR|RVOL|ENTRY_TRIGGER,400.0,400.1823,43.55,-0.187,0.279,1.1,400.9777,403.7424,400.1247,BEAR,400.0,401.3441,36.88,-0.485,18.32,False,True,False,False,False,False,False,False
2026-08-27T14:30:18,BAJAJFINSV,2026-08-27 14:25:00+05:30,BEAR,NO_SIGNAL,60.0,,MACRO_BEAR|ENTRY_TRIGGER,2001.9,2003.0444,44.88,-0.229,1.497,1.1,2006.6096,2007.6371,2007.7027,BEAR,2001.9,2005.8577,41.39,-0.03,15.14,False,True,False,False,False,False,False,False
2026-08-27T14:30:19,MAXHEALTH,2026-08-27 14:25:00+05:30,BULL,NO_SIGNAL,40.0,,MACRO_BULL|RVOL|ENTRY_TRIGGER,1004.9,1004.1077,54.82,-0.06,0.824,1.1,1003.7873,1000.6981,1000.8047,BULL,1004.9,1005.1297,47.95,0.42,21.28,False,False,False,False,False,False,False,False
2026-08-27T14:30:19,KOTAKBANK,2026-08-27 14:25:00+05:30,BULL,NO_SIGNAL,60.0,,RVOL|ENTRY_TRIGGER,425.75,425.6156,52.94,-0.223,0.739,1.1,424.116,412.842,424.2586,BULL,425.75,423.8061,67.13,0.389,67.23,False,False,False,False,False,False,False,False
2026-08-27T14:30:20,APOLLOHOSP,2026-08-27 14:25:00+05:30,BULL,NO_SIGNAL,60.0,,RVOL|ENTRY_TRIGGER,8800.0,8787.0756,62.3,0.171,0.509,1.1,8788.8048,8731.0632,8776.1793,BULL,8800.0,8787.2816,57.12,0.102,32.49,True,False,False,False,False,False,False,False
2026-08-27T14:30:20,CIPLA,2026-08-27 14:25:00+05:30,BULL,NO_SIGNAL,20.0,,MACRO_BULL|ABOVE_WVWAP|RVOL|ENTRY_TRIGGER,1415.1,1413.3099,60.65,0.099,0.45,1.1,1409.0916,1419.6318,1409.7591,BULL,1415.1,1411.1896,59.65,0.669,20.13,True,False,False,False,False,False,False,False
2026-08-27T14:30:21,JSWSTEEL,2026-08-27 14:25:00+05:30,BEAR,NO_SIGNAL,40.0,,BELOW_WVWAP|RVOL|ENTRY_TRIGGER,1333.0,1335.6825,30.47,-0.284,0.902,1.1,1338.6461,1321.727,1338.1644,BEAR,1333.0,1335.4999,45.97,-0.597,42.39,False,True,False,False,False,False,False,False
2026-08-27T14:30:21,HCLTECH,2026-08-27 14:25:00+05:30,BULL,NO_SIGNAL,20.0,,MACRO_BULL|ABOVE_WVWAP|RVOL|ENTRY_TRIGGER,1288.4,1289.6408,44.57,-0.163,0.97,1.1,1287.7225,1302.0274,1286.9873,BULL,1288.4,1290.102,43.13,0.14,16.36,False,True,False,False,False,False,False,False
2026-08-27T14:30:22,TCS,2026-08-27 14:25:00+05:30,BULL,NO_SIGNAL,20.0,,MACRO_BULL|ABOVE_WVWAP|RVOL|ENTRY_TRIGGER,2255.2,2254.9626,51.2,-0.08,0.715,1.1,2255.3352,2278.8978,2249.4921,BULL,2255.2,2256.2961,45.38,0.32,11.79,False,False,False,False,False,False,False,False
2026-08-27T14:30:22,INDIGO,2026-08-27 14:25:00+05:30,BULL,NO_SIGNAL,20.0,,MACRO_BULL|ST_BULL|RVOL|ENTRY_TRIGGER,5198.0,5205.3448,38.76,-0.517,0.713,1.1,5214.1967,5178.7795,5214.3697,BEAR,5198.0,5215.8889,40.26,-0.402,20.95,False,True,False,False,False,False,False,False
2026-08-27T14:30:23,BHARTIARTL,2026-08-27 14:25:00+05:30,BEAR,NO_SIGNAL,60.0,,RVOL|ENTRY_TRIGGER,1887.2,1890.011,39.63,0.042,0.694,1.1,1896.2832,1916.9786,1895.6983,BEAR,1887.2,1897.5802,32.47,-0.543,38.4,False,False,False,False,False,False,False,False
2026-08-27T14:30:23,ETERNAL,2026-08-27 14:25:00+05:30,BULL,NO_SIGNAL,60.0,,RVOL|ENTRY_TRIGGER,329.85,329.0339,63.27,0.182,0.94,1.1,328.0103,328.1912,328.2127,BULL,329.85,328.2386,63.31,0.949,27.33,True,False,False,False,False,False,False,False
2026-08-27T14:30:24,LT,2026-08-27 14:25:00+05:30,BULL,NO_SIGNAL,40.0,,ABOVE_WVWAP|RVOL|ENTRY_TRIGGER,4054.0,4050.1469,58.08,0.049,0.861,1.1,4043.2847,4077.901,4043.274,BULL,4054.0,4048.8379,53.17,0.65,27.46,True,False,False,False,False,False,False,False
2026-08-27T14:30:24,SHRIRAMFIN,2026-08-27 14:25:00+05:30,BULL,NO_SIGNAL,40.0,,MACRO_BULL|ABOVE_WVWAP|ENTRY_TRIGGER,1103.5,1101.3582,60.21,0.136,1.173,1.1,1101.3311,1116.593,1097.3836,BULL,1103.5,1103.4497,47.47,0.749,23.14,True,False,False,False,False,False,False,False
2026-08-27T14:30:25,GRASIM,2026-08-27 14:25:00+05:30,BEAR,NO_SIGNAL,40.0,,MACRO_BEAR|RVOL|ENTRY_TRIGGER,3269.2,3271.6972,33.7,-0.116,0.574,1.1,3279.5352,3275.8719,3273.2076,BEAR,3269.2,3276.4289,42.53,-0.581,21.26,False,True,False,False,False,False,False,False
2026-08-27T14:30:25,AXISBANK,2026-08-27 14:25:00+05:30,BULL,NEAR,80.0,VWAP_PULLBACK,ENTRY_TRIGGER,1261.7,1261.3092,53.31,-0.158,1.177,1.1,1259.6456,1247.3417,1258.7322,BULL,1261.7,1259.1267,59.75,0.334,37.68,False,False,True,False,False,False,False,False
2026-08-27T14:30:26,POWERGRID,2026-08-27 14:25:00+05:30,BEAR,NO_SIGNAL,40.0,,MACRO_BEAR|RVOL|ENTRY_TRIGGER,264.4,264.3204,52.02,-0.151,0.886,1.1,263.8369,268.0672,264.8945,BEAR,264.4,264.676,43.94,0.208,29.25,False,False,False,False,False,False,False,False
2026-08-27T14:30:27,ADANIENT,2026-08-27 14:25:00+05:30,BULL,NO_SIGNAL,40.0,VWAP_PULLBACK,ST_BULL|RVOL|ENTRY_TRIGGER,3154.0,3155.116,49.02,-0.187,0.72,1.1,3149.3365,3087.4671,3164.7777,BEAR,3154.0,3148.4831,61.27,0.455,45.42,False,False,True,False,False,False,False,False
2026-08-27T14:30:27,TECHM,2026-08-27 14:25:00+05:30,BULL,NO_SIGNAL,20.0,,MACRO_BULL|ST_BULL|RVOL|ENTRY_TRIGGER,1586.9,1588.2296,44.16,-0.076,0.619,1.1,1589.6127,1583.7405,1591.5631,BEAR,1586.9,1586.9467,51.58,-0.695,29.0,False,True,False,False,False,False,False,False
2026-08-27T14:30:28,ICICIBANK,2026-08-27 14:25:00+05:30,BULL,NO_SIGNAL,60.0,,RVOL|ENTRY_TRIGGER,1449.0,1446.7874,61.12,0.069,0.839,1.1,1444.1218,1430.3544,1442.4624,BULL,1449.0,1443.6795,66.32,0.527,37.78,True,False,False,False,False,False,False,False
2026-08-27T14:30:28,JIOFIN,2026-08-27 14:25:00+05:30,BEAR,NO_SIGNAL,40.0,,MACRO_BEAR|RVOL|ENTRY_TRIGGER,239.45,239.4522,47.21,-0.042,0.841,1.1,240.1819,242.0249,239.7242,BEAR,239.45,240.0281,37.72,0.021,30.02,False,False,False,False,False,False,False,False
2026-08-27T14:30:29,TATASTEEL,2026-08-27 14:25:00+05:30,BEAR,NO_SIGNAL,40.0,,BELOW_WVWAP|RVOL|ENTRY_TRIGGER,187.16,187.5715,37.67,-0.415,0.498,1.1,188.4235,186.3309,188.0204,BEAR,187.16,187.6728,46.04,-0.974,31.82,False,True,False,False,False,False,False,False
2026-08-27T14:30:29,TITAN,2026-08-27 14:25:00+05:30,BULL,NO_SIGNAL,60.0,,RVOL|ENTRY_TRIGGER,5168.1,5163.8866,56.7,-0.247,0.793,1.1,5126.1468,5106.7732,5150.136,BULL,5168.1,5140.706,68.57,1.038,41.45,False,False,False,False,False,False,False,False
2026-08-27T14:30:30,INFY,2026-08-27 14:25:00+05:30,BEAR,NO_SIGNAL,40.0,,MACRO_BEAR|RVOL|ENTRY_TRIGGER,1109.4,1110.4912,42.34,-0.135,0.868,1.1,1113.7101,1125.9723,1112.7379,BEAR,1109.4,1112.8437,37.56,-0.252,7.53,False,True,False,False,False,False,False,False
2026-08-27T14:30:30,TRENT,2026-08-27 14:25:00+05:30,BEAR,NO_SIGNAL,60.0,,RVOL|ENTRY_TRIGGER,2878.6,2878.2777,47.69,-0.125,0.806,1.1,2889.6298,2912.2255,2881.4165,BEAR,2878.6,2888.5098,38.72,-0.115,22.17,False,False,False,False,False,False,False,False
2026-08-27T14:30:31,ASIANPAINT,2026-08-27 14:25:00+05:30,BULL,NO_SIGNAL,40.0,,MACRO_BULL|ST_BULL|ENTRY_TRIGGER,2641.1,2643.1587,44.39,-0.249,2.608,1.1,2643.2332,2634.4118,2647.959,BEAR,2641.1,2644.2454,46.24,-0.034,15.18,False,True,False,False,False,False,False,False
2026-08-27T14:30:31,ULTRACEMCO,2026-08-27 14:25:00+05:30,BULL,NO_SIGNAL,20.0,,MACRO_BULL|ST_BULL|RVOL|ENTRY_TRIGGER,11733.0,11733.2826,49.47,-0.297,0.314,1.1,11741.3872,11620.172,11772.8044,BEAR,11733.0,11728.2288,52.41,0.026,21.4,False,False,False,False,False,False,False,False
2026-08-27T14:30:32,HDFCBANK,2026-08-27 14:25:00+05:30,BEAR,NO_SIGNAL,60.0,,RVOL|ENTRY_TRIGGER,714.1,714.0644,48.51,-0.286,0.975,1.1,716.0945,721.9883,715.1239,BEAR,714.1,716.922,38.33,-0.272,41.73,False,False,False,False,False,False,False,False
2026-08-27T14:30:32,RELIANCE,2026-08-27 14:25:00+05:30,BEAR,NO_SIGNAL,40.0,,MACRO_BEAR|RVOL|ENTRY_TRIGGER,1290.7,1291.5686,43.11,-0.309,0.683,1.1,1293.8044,1302.7051,1294.4613,BEAR,1290.7,1294.3981,36.5,0.085,20.35,False,True,False,False,False,False,False,False
2026-08-27T14:30:33,M&M,2026-08-27 14:25:00+05:30,BEAR,NO_SIGNAL,60.0,,RVOL|ENTRY_TRIGGER,3355.0,3354.4374,48.16,-0.08,0.867,1.1,3368.4013,3402.8541,3358.2828,BEAR,3355.0,3369.1967,35.17,-0.265,40.06,False,False,False,False,False,False,False,False
2026-08-27T14:30:33,SUNPHARMA,2026-08-27 14:25:00+05:30,BULL,NO_SIGNAL,40.0,VWAP_PULLBACK,MACRO_BULL|ST_BULL|ENTRY_TRIGGER,1912.5,1911.6178,54.22,0.026,1.553,1.1,1910.478,1912.3246,1914.1721,BEAR,1912.5,1911.7841,51.44,0.01,8.93,False,False,True,False,False,False,False,False
2026-08-27T14:35:07,BEL,2026-08-27 14:30:00+05:30,BULL,NO_SIGNAL,60.0,,MACRO_BULL|ENTRY_TRIGGER,410.1,410.3,44.26,-0.024,1.548,1.1,410.4589,409.2932,409.8555,BULL,410.35,410.2177,52.47,0.122,21.05,False,True,False,False,False,False,False,False
2026-08-27T14:35:08,TATACONSUM,2026-08-27 14:30:00+05:30,BEAR,NEAR,80.0,,ENTRY_TRIGGER,1040.1,1038.2328,62.19,0.357,2.137,1.1,1039.4785,1048.5151,1040.4162,BEAR,1039.5,1039.5224,47.06,-0.202,27.38,True,False,False,False,False,False,True,False
2026-08-27T14:35:08,BAJAJ-AUTO,2026-08-27 14:30:00+05:30,BULL,NO_SIGNAL,40.0,,MACRO_BULL|ABOVE_WVWAP|ENTRY_TRIGGER,11683.0,11689.0651,46.82,-0.196,1.522,1.1,11678.9445,11769.1797,11673.7924,BULL,11685.0,11696.5034,44.52,0.318,18.95,False,False,False,False,False,False,False,False
2026-08-27T14:35:09,NESTLEIND,2026-08-27 14:30:00+05:30,BULL,NO_SIGNAL,40.0,,MACRO_BULL|ABOVE_WVWAP|ENTRY_TRIGGER,1445.8,1445.8368,50.07,0.021,3.55,1.1,1449.4111,1462.0924,1442.3403,BULL,1446.5,1446.9963,44.95,0.201,8.45,False,False,False,False,False,False,False,False
2026-08-27T14:35:09,BAJFINANCE,2026-08-27 14:30:00+05:30,BEAR,NO_SIGNAL,60.0,,MACRO_BEAR|ENTRY_TRIGGER,1086.1,1086.258,48.08,0.101,3.193,1.1,1092.2471,1086.6027,1089.5429,BEAR,1086.5,1087.3868,47.26,-0.092,20.84,False,False,False,False,False,False,False,False
2026-08-27T14:35:10,HINDALCO,2026-08-27 14:30:00+05:30,BEAR,NEAR,80.0,,ENTRY_TRIGGER,1021.4,1026.4375,26.3,-0.893,2.243,1.1,1035.3709,1047.3251,1027.9049,BEAR,1022.65,1034.5572,15.96,-1.64,48.41,False,True,False,False,False,False,False,False
2026-08-27T14:35:10,NTPC,2026-08-27 14:30:00+05:30,BEAR,NO_SIGNAL,60.0,,RVOL|ENTRY_TRIGGER,329.0,329.369,40.43,-0.303,1.057,1.1,330.2157,335.4526,330.2266,BEAR,328.95,330.9086,29.02,-0.379,43.14,False,True,False,False,False,False,False,False
2026-08-27T14:35:11,HDFCLIFE,2026-08-27 14:30:00+05:30,BULL,NO_SIGNAL,40.0,,MACRO_BULL|RVOL|ENTRY_TRIGGER,554.5,553.3053,64.74,0.635,0.803,1.1,553.3241,554.4977,552.1964,BULL,554.45,553.5534,53.07,0.426,20.97,True,False,False,False,False,False,False,False
2026-08-27T14:35:11,SBILIFE,2026-08-27 14:30:00+05:30,BULL,NO_SIGNAL,40.0,,MACRO_BULL|ST_BULL|ENTRY_TRIGGER,1782.8,1781.9543,52.35,0.118,2.417,1.1,1783.6706,1771.0701,1786.5771,BEAR,1783.5,1781.8612,53.71,0.084,17.97,False,False,False,False,False,False,False,False
2026-08-27T14:35:12,HINDUNILVR,2026-08-27 14:30:00+05:30,BEAR,NO_SIGNAL,60.0,,MACRO_BEAR|ENTRY_TRIGGER,2009.8,2009.4914,50.47,-0.114,2.029,1.1,2010.7275,2020.3977,2014.4341,BEAR,2009.5,2012.2344,40.92,0.01,28.53,False,False,False,False,False,False,False,False
2026-08-27T14:35:13,MARUTI,2026-08-27 14:30:00+05:30,BULL,NO_SIGNAL,40.0,,MACRO_BULL|ABOVE_WVWAP|ENTRY_TRIGGER,13466.0,13440.3688,59.45,0.268,1.494,1.1,13447.6146,13532.8073,13417.3184,BULL,13476.0,13462.3653,50.33,0.082,21.69,True,False,False,False,False,False,False,False
2026-08-27T14:35:13,ITC,2026-08-27 14:30:00+05:30,BEAR,SIGNAL,100.0,VWAP_PULLBACK,,268.7,268.8731,41.29,-0.149,2.038,1.1,269.3556,269.9662,269.5575,BEAR,268.8,269.3478,37.72,-0.111,32.41,False,True,False,True,False,False,False,False
2026-08-27T14:35:14,TMPV,2026-08-27 14:30:00+05:30,BULL,NO_SIGNAL,60.0,,ST_BULL|ENTRY_TRIGGER,315.7,316.0291,44.01,-0.127,1.805,1.1,316.3965,314.686,316.7006,BEAR,316.2,315.9598,52.5,0.477,31.44,False,True,False,False,False,False,False,False
2026-08-27T14:35:14,ADANIPORTS,2026-08-27 14:30:00+05:30,BULL,NO_SIGNAL,60.0,,ST_BULL|ENTRY_TRIGGER,1703.9,1709.23,36.66,-0.757,10.346,1.1,1704.6321,1694.573,1714.4672,BEAR,1706.9,1705.4688,55.37,0.506,41.13,False,True,False,False,False,False,False,True
2026-08-27T14:35:15,DRREDDY,2026-08-27 14:30:00+05:30,BULL,NO_SIGNAL,20.0,,MACRO_BULL|ABOVE_WVWAP|RVOL|ENTRY_TRIGGER,1177.1,1176.1935,50.12,0.444,0.943,1.1,1179.4946,1185.7559,1170.7892,BULL,1177.6,1180.4904,43.77,-0.767,20.69,False,False,False,False,False,False,False,False
2026-08-27T14:35:15,WIPRO,2026-08-27 14:30:00+05:30,BULL,NO_SIGNAL,40.0,,MACRO_BULL|ABOVE_WVWAP|ENTRY_TRIGGER,177.47,177.4517,52.09,-0.056,2.266,1.1,177.3461,179.6931,177.182,BULL,177.55,177.4374,50.72,0.271,11.92,False,False,False,False,False,False,False,False
2026-08-27T14:35:16,ONGC,2026-08-27 14:30:00+05:30,BEAR,NEAR,80.0,BREAKOUT_CONTINUATION,MACRO_BEAR,231.95,232.7866,31.59,-0.685,6.154,1.1,233.0137,234.2699,233.1552,BEAR,232.48,233.0046,42.36,-0.496,19.33,False,True,False,False,False,True,False,False
2026-08-27T14:35:16,SBIN,2026-08-27 14:30:00+05:30,BULL,NO_SIGNAL,40.0,,MACRO_BULL|ST_BULL|ENTRY_TRIGGER,1044.0,1045.0718,41.35,-0.163,2.563,1.1,1046.7378,1043.1375,1046.8953,BEAR,1045.5,1046.9757,42.79,0.01,31.93,False,True,False,False,False,False,False,False
2026-08-27T14:35:17,EICHERMOT,2026-08-27 14:30:00+05:30,BULL,NEAR,80.0,,ENTRY_TRIGGER,8092.0,8067.6747,69.08,0.497,1.34,1.1,8037.6169,8042.2926,8063.692,BULL,8098.0,8054.2841,64.89,0.979,25.43,True,False,False,False,False,False,False,False
2026-08-27T14:35:18,COALINDIA,2026-08-27 14:30:00+05:30,BEAR,NO_SIGNAL,40.0,,MACRO_BEAR|RVOL|ENTRY_TRIGGER,399.7,400.1384,39.85,-0.15,0.789,1.1,400.9492,403.7297,400.1247,BEAR,400.0,401.3441,36.88,-0.485,18.32,False,True,False,False,False,False,False,False
2026-08-27T14:35:18,BAJAJFINSV,2026-08-27 14:30:00+05:30,BEAR,NEAR,80.0,VWAP_PULLBACK,MACRO_BEAR,2001.0,2002.8585,42.66,-0.185,2.648,1.1,2006.2798,2007.551,2007.7027,BEAR,2001.9,2005.8577,41.39,-0.03,15.14,False,True,False,True,False,False,False,False
2026-08-27T14:35:19,MAXHEALTH,2026-08-27 14:30:00+05:30,BULL,NO_SIGNAL,60.0,,MACRO_BULL|ENTRY_TRIGGER,1004.8,1004.1706,54.21,0.02,1.388,1.1,1003.7993,1000.7118,1000.8047,BULL,1004.9,1005.1297,47.95,0.42,21.28,False,False,False,False,False,False,False,False
2026-08-27T14:35:19,KOTAKBANK,2026-08-27 14:30:00+05:30,BULL,NEAR,80.0,,ENTRY_TRIGGER,425.65,425.6187,51.76,-0.164,1.556,1.1,424.1435,412.9323,424.2586,BULL,425.75,423.8061,67.13,0.389,67.23,False,False,False,False,False,False,False,False
2026-08-27T14:35:20,APOLLOHOSP,2026-08-27 14:30:00+05:30,BULL,NEAR,80.0,,ENTRY_TRIGGER,8799.0,8788.1596,61.17,0.216,2.59,1.1,8789.1824,8731.7775,8776.1793,BULL,8800.0,8787.2816,57.12,0.102,32.49,True,False,False,False,False,False,False,False
2026-08-27T14:35:20,CIPLA,2026-08-27 14:30:00+05:30,BULL,NO_SIGNAL,40.0,,MACRO_BULL|ABOVE_WVWAP|ENTRY_TRIGGER,1415.9,1413.5454,63.3,0.283,2.161,1.1,1409.2975,1419.6147,1409.7591,BULL,1415.1,1411.1896,59.65,0.669,20.13,True,False,False,False,False,False,False,False
2026-08-27T14:35:21,JSWSTEEL,2026-08-27 14:30:00+05:30,BEAR,NO_SIGNAL,60.0,,BELOW_WVWAP|ENTRY_TRIGGER,1335.2,1335.6387,45.82,-0.09,1.35,1.1,1338.5744,1321.7749,1338.1644,BEAR,1333.0,1335.4999,45.97,-0.597,42.39,False,False,False,False,False,False,False,False
2026-08-27T14:35:21,HCLTECH,2026-08-27 14:30:00+05:30,BEAR,NO_SIGNAL,60.0,VWAP_PULLBACK,MACRO_BEAR|ST_BEAR,1287.0,1289.4007,39.02,-0.31,2.016,1.1,1287.7213,1301.9242,1286.9873,BULL,1288.4,1290.102,43.13,0.14,16.36,False,True,False,True,False,False,False,False
2026-08-27T14:35:22,TCS,2026-08-27 14:30:00+05:30,BULL,NO_SIGNAL,40.0,,MACRO_BULL|ABOVE_WVWAP|ENTRY_TRIGGER,2253.4,2254.8206,45.25,-0.182,2.294,1.1,2255.3031,2278.7846,2249.4921,BULL,2255.2,2256.2961,45.38,0.32,11.79,False,False,False,True,False,False,False,False
2026-08-27T14:35:22,INDIGO,2026-08-27 14:30:00+05:30,BULL,NO_SIGNAL,40.0,,MACRO_BULL|ST_BULL|ENTRY_TRIGGER,5190.0,5203.9498,32.75,-0.689,1.696,1.1,5213.5696,5178.8452,5214.3697,BEAR,5198.0,5215.8889,40.26,-0.402,20.95,False,True,False,False,False,False,False,False
2026-08-27T14:35:23,BHARTIARTL,2026-08-27 14:30:00+05:30,BEAR,NO_SIGNAL,60.0,,RVOL|ENTRY_TRIGGER,1887.9,1889.8191,41.64,-0.132,1.07,1.1,1896.1037,1916.7204,1895.6983,BEAR,1887.2,1897.5802,32.47,-0.543,38.4,False,True,False,False,False,False,False,False
2026-08-27T14:35:23,ETERNAL,2026-08-27 14:30:00+05:30,BULL,NEAR,80.0,,ENTRY_TRIGGER,329.7,329.0944,60.83,0.137,1.324,1.1,328.043,328.1981,328.2127,BULL,329.85,328.2386,63.31,0.949,27.33,True,False,False,False,False,False,False,False
2026-08-27T14:35:24,LT,2026-08-27 14:30:00+05:30,BULL,NO_SIGNAL,60.0,,ABOVE_WVWAP|ENTRY_TRIGGER,4053.6,4050.4609,57.31,-0.059,2.894,1.1,4043.7036,4077.7043,4043.274,BULL,4054.0,4048.8379,53.17,0.65,27.46,False,False,False,False,False,False,False,False
2026-08-27T14:35:24,SHRIRAMFIN,2026-08-27 14:30:00+05:30,BULL,NO_SIGNAL,40.0,,MACRO_BULL|ABOVE_WVWAP|ENTRY_TRIGGER,1105.0,1101.6893,65.07,0.272,3.078,1.1,1101.4004,1116.5004,1098.0781,BULL,1103.5,1103.4497,47.47,0.749,23.14,True,False,False,False,False,False,False,False
2026-08-27T14:35:25,GRASIM,2026-08-27 14:30:00+05:30,BEAR,NO_SIGNAL,60.0,,MACRO_BEAR|ENTRY_TRIGGER,3270.7,3271.6066,41.66,-0.04,1.574,1.1,3279.3109,3275.8566,3273.2076,BEAR,3269.2,3276.4289,42.53,-0.581,21.26,False,True,False,False,False,False,False,False
2026-08-27T14:35:25,AXISBANK,2026-08-27 14:30:00+05:30,BULL,NEAR,80.0,,ENTRY_TRIGGER,1259.8,1261.172,44.82,-0.245,1.426,1.1,1259.6611,1247.4466,1258.7322,BULL,1261.7,1259.1267,59.75,0.334,37.68,False,True,False,False,False,False,False,True
2026-08-27T14:35:26,POWERGRID,2026-08-27 14:30:00+05:30,BEAR,NO_SIGNAL,60.0,,MACRO_BEAR|ENTRY_TRIGGER,264.55,264.3412,55.95,-0.076,3.379,1.1,263.8508,268.0494,264.8945,BEAR,264.4,264.676,43.94,0.208,29.25,False,False,False,False,False,False,False,False
2026-08-27T14:35:26,ADANIENT,2026-08-27 14:30:00+05:30,BULL,NO_SIGNAL,60.0,VWAP_PULLBACK,ST_BULL|ENTRY_TRIGGER,3157.8,3155.36,54.85,-0.3,2.327,1.1,3149.5519,3087.9065,3164.7777,BEAR,3154.0,3148.4831,61.27,0.455,45.42,False,False,True,False,True,False,False,False
2026-08-27T14:35:27,TECHM,2026-08-27 14:30:00+05:30,BULL,NO_SIGNAL,20.0,,MACRO_BULL|ST_BULL|RVOL|ENTRY_TRIGGER,1586.6,1588.0815,43.18,-0.12,1.079,1.1,1589.5741,1583.7489,1591.2612,BEAR,1586.9,1586.9467,51.58,-0.695,29.0,False,True,False,False,False,False,False,False
2026-08-27T14:35:27,ICICIBANK,2026-08-27 14:30:00+05:30,BULL,NEAR,80.0,,ENTRY_TRIGGER,1449.4,1447.0249,62.39,0.145,2.122,1.1,1444.3545,1430.6535,1442.4624,BULL,1449.0,1443.6795,66.32,0.527,37.78,True,False,False,False,False,False,False,False
2026-08-27T14:35:28,JIOFIN,2026-08-27 14:30:00+05:30,BEAR,NO_SIGNAL,60.0,,MACRO_BEAR|ENTRY_TRIGGER,239.35,239.4429,43.6,-0.083,2.467,1.1,240.1632,242.0126,239.7242,BEAR,239.45,240.0281,37.72,0.021,30.02,False,True,False,False,False,False,False,False
2026-08-27T14:35:28,TATASTEEL,2026-08-27 14:30:00+05:30,BEAR,NO_SIGNAL,40.0,,BELOW_WVWAP|RVOL|ENTRY_TRIGGER,187.3,187.5468,41.65,-0.298,0.944,1.1,188.4127,186.3334,188.0204,BEAR,187.16,187.6728,46.04,-0.974,31.82,False,True,False,False,False,False,False,False
2026-08-27T14:35:29,TITAN,2026-08-27 14:30:00+05:30,BULL,NEAR,80.0,,ENTRY_TRIGGER,5160.9,5163.6151,50.72,-0.384,1.482,1.1,5126.9709,5107.3867,5150.136,BULL,5168.1,5140.706,68.57,1.038,41.45,False,False,False,False,False,False,False,False
2026-08-27T14:35:29,INFY,2026-08-27 14:30:00+05:30,BEAR,NO_SIGNAL,60.0,,MACRO_BEAR|ENTRY_TRIGGER,1109.0,1110.3556,40.55,-0.171,1.44,1.1,1113.6233,1125.9104,1112.7379,BEAR,1109.4,1112.8437,37.56,-0.252,7.53,False,True,False,False,False,False,False,False
2026-08-27T14:35:30,TRENT,2026-08-27 14:30:00+05:30,BEAR,NEAR,80.0,,ENTRY_TRIGGER,2880.0,2878.4343,49.97,0.056,4.29,1.1,2888.8893,2911.7162,2881.4165,BEAR,2878.6,2888.5098,38.72,-0.115,22.17,False,False,False,False,False,False,False,False
2026-08-27T14:35:31,ASIANPAINT,2026-08-27 14:30:00+05:30,BULL,NO_SIGNAL,40.0,VWAP_PULLBACK,MACRO_BULL|ST_BULL|ENTRY_TRIGGER,2643.3,2643.1715,49.33,0.159,4.377,1.1,2643.166,2634.5499,2647.959,BEAR,2641.1,2644.2454,46.24,-0.034,15.18,False,False,True,False,True,False,False,False
2026-08-27T14:35:31,ULTRACEMCO,2026-08-27 14:30:00+05:30,BULL,NO_SIGNAL,20.0,,MACRO_BULL|ST_BULL|RVOL|ENTRY_TRIGGER,11729.0,11732.8933,47.94,-0.23,0.855,1.1,11741.237,11620.6543,11772.8044,BEAR,11733.0,11728.2288,52.41,0.026,21.4,False,False,False,False,False,False,False,False
2026-08-27T14:35:32,HDFCBANK,2026-08-27 14:30:00+05:30,BEAR,NEAR,80.0,,ENTRY_TRIGGER,714.25,714.0813,49.33,-0.224,1.392,1.1,716.0505,721.9094,715.1239,BEAR,714.1,716.922,38.33,-0.272,41.73,False,False,False,False,False,False,False,False
2026-08-27T14:35:32,RELIANCE,2026-08-27 14:30:00+05:30,BEAR,NO_SIGNAL,60.0,,MACRO_BEAR|ENTRY_TRIGGER,1291.2,1291.5351,46.12,-0.147,2.644,1.1,1293.6758,1302.5454,1294.4613,BEAR,1290.7,1294.3981,36.5,0.085,20.35,False,False,False,False,False,False,False,False
2026-08-27T14:35:33,M&M,2026-08-27 14:30:00+05:30,BEAR,NEAR,80.0,,ENTRY_TRIGGER,3354.1,3354.4067,47.02,-0.11,3.041,1.1,3367.8309,3402.1852,3358.2828,BEAR,3355.0,3369.1967,35.17,-0.265,40.06,False,False,False,False,False,False,False,False
2026-08-27T14:35:33,SUNPHARMA,2026-08-27 14:30:00+05:30,BEAR,NEAR,80.0,VWAP_PULLBACK,MACRO_BEAR,1909.9,1911.4616,44.1,-0.063,4.583,1.1,1910.4762,1912.3119,1914.1721,BEAR,1912.5,1911.7841,51.44,0.01,8.93,False,True,False,True,False,False,False,False
2026-08-27T14:40:07,BEL,2026-08-27 14:35:00+05:30,BULL,NO_SIGNAL,60.0,,MACRO_BULL|ENTRY_TRIGGER,410.2,410.2909,47.05,-0.012,1.211,1.1,410.4559,409.2957,409.8555,BULL,410.35,410.2177,52.47,0.122,21.05,False,False,False,False,False,False,False,False
2026-08-27T14:40:08,TATACONSUM,2026-08-27 14:35:00+05:30,BEAR,NO_SIGNAL,60.0,,RVOL|ENTRY_TRIGGER,1040.3,1038.4207,63.17,0.289,0.704,1.1,1039.4836,1048.4977,1040.4162,BEAR,1039.5,1039.5224,47.06,-0.202,27.38,True,False,False,False,False,False,False,False
2026-08-27T14:40:08,BAJAJ-AUTO,2026-08-27 14:35:00+05:30,BULL,NO_SIGNAL,20.0,,MACRO_BULL|ABOVE_WVWAP|RVOL|ENTRY_TRIGGER,11690.0,11689.1501,50.74,-0.137,0.986,1.1,11679.0617,11768.9117,11673.7924,BULL,11685.0,11696.5034,44.52,0.318,18.95,False,False,False,False,False,False,False,False
2026-08-27T14:40:09,NESTLEIND,2026-08-27 14:35:00+05:30,BULL,NO_SIGNAL,40.0,,MACRO_BULL|ABOVE_WVWAP|ENTRY_TRIGGER,1447.2,1445.9607,57.68,0.145,1.143,1.1,1449.382,1462.0727,1442.3403,BULL,1446.5,1446.9963,44.95,0.201,8.45,True,False,False,False,False,False,False,False
2026-08-27T14:40:09,BAJFINANCE,2026-08-27 14:35:00+05:30,BEAR,NO_SIGNAL,40.0,,MACRO_BEAR|RVOL|ENTRY_TRIGGER,1086.6,1086.2891,50.53,0.009,0.965,1.1,1092.1895,1086.6025,1089.5429,BEAR,1086.5,1087.3868,47.26,-0.092,20.84,False,False,False,False,False,False,False,False
2026-08-27T14:40:10,HINDALCO,2026-08-27 14:35:00+05:30,BEAR,NEAR,80.0,,ENTRY_TRIGGER,1022.8,1026.1068,33.08,-0.288,1.195,1.1,1035.038,1047.1897,1027.9049,BEAR,1022.65,1034.5572,15.96,-1.64,48.41,False,True,False,False,False,False,False,False
2026-08-27T14:40:11,NTPC,2026-08-27 14:35:00+05:30,BEAR,NO_SIGNAL,60.0,,RVOL|ENTRY_TRIGGER,328.95,329.331,39.72,-0.197,0.713,1.1,330.1988,335.4183,330.2104,BEAR,328.95,330.9086,29.02,-0.379,43.14,False,True,False,False,False,False,False,False
2026-08-27T14:40:11,HDFCLIFE,2026-08-27 14:35:00+05:30,BULL,NO_SIGNAL,20.0,,MACRO_BULL|ABOVE_WVWAP|RVOL|ENTRY_TRIGGER,554.4,553.4048,63.34,0.417,0.274,1.1,553.3309,554.4975,552.4862,BULL,554.45,553.5534,53.07,0.426,20.97,True,False,False,False,False,False,False,False
2026-08-27T14:40:12,SBILIFE,2026-08-27 14:35:00+05:30,BULL,NO_SIGNAL,40.0,,MACRO_BULL|ST_BULL|ENTRY_TRIGGER,1781.4,1781.9039,47.92,-0.017,1.684,1.1,1783.6199,1771.1132,1786.5771,BEAR,1783.5,1781.8612,53.71,0.084,17.97,False,False,False,False,False,False,False,False
2026-08-27T14:40:12,HINDUNILVR,2026-08-27 14:35:00+05:30,BEAR,NO_SIGNAL,40.0,VWAP_PULLBACK,MACRO_BEAR|RVOL|ENTRY_TRIGGER,2009.2,2009.4649,47.46,-0.124,0.762,1.1,2010.7095,2020.3659,2014.4341,BEAR,2009.5,2012.2344,40.92,0.01,28.53,False,False,False,True,False,False,False,False
2026-08-27T14:40:13,MARUTI,2026-08-27 14:35:00+05:30,BULL,NO_SIGNAL,20.0,,MACRO_BULL|ABOVE_WVWAP|RVOL|ENTRY_TRIGGER,13446.0,13440.8807,51.6,0.142,0.6,1.1,13447.6971,13532.5628,13417.3184,BULL,13476.0,13462.3653,50.33,0.082,21.69,False,False,False,True,False,False,False,False
2026-08-27T14:40:13,ITC,2026-08-27 14:35:00+05:30,BEAR,NO_SIGNAL,60.0,,RVOL|ENTRY_TRIGGER,268.8,268.8664,45.33,-0.111,0.775,1.1,269.3488,269.9633,269.5575,BEAR,268.8,269.3478,37.72,-0.111,32.41,False,False,False,False,False,False,False,False
2026-08-27T14:40:14,TMPV,2026-08-27 14:35:00+05:30,BULL,NO_SIGNAL,40.0,,ST_BULL|RVOL|ENTRY_TRIGGER,315.9,316.0173,47.33,-0.063,0.767,1.1,316.3923,314.6876,316.7006,BEAR,316.2,315.9598,52.5,0.477,31.44,False,False,False,False,False,False,False,False
2026-08-27T14:40:14,ADANIPORTS,2026-08-27 14:35:00+05:30,BULL,NO_SIGNAL,40.0,,ST_BULL|RVOL|ENTRY_TRIGGER,1701.3,1708.5091,32.15,-0.828,0.796,1.1,1704.5983,1694.6046,1712.6136,BEAR,1706.9,1705.4688,55.37,0.506,41.13,False,True,False,False,False,False,False,False
2026-08-27T14:40:15,DRREDDY,2026-08-27 14:35:00+05:30,BULL,NO_SIGNAL,20.0,,MACRO_BULL|ABOVE_WVWAP|RVOL|ENTRY_TRIGGER,1177.1,1176.2759,50.12,0.324,0.23,1.1,1179.4834,1185.7504,1171.2693,BULL,1177.6,1180.4904,43.77,-0.767,20.69,False,False,False,False,False,False,False,False
2026-08-27T14:40:15,WIPRO,2026-08-27 14:35:00+05:30,BULL,NO_SIGNAL,20.0,,MACRO_BULL|ABOVE_WVWAP|RVOL|ENTRY_TRIGGER,177.52,177.4579,54.52,-0.045,0.952,1.1,177.3477,179.6904,177.182,BULL,177.55,177.4374,50.72,0.271,11.92,False,False,False,False,False,False,False,False
2026-08-27T14:40:16,ONGC,2026-08-27 14:35:00+05:30,BEAR,NO_SIGNAL,40.0,,MACRO_BEAR|RVOL|ENTRY_TRIGGER,232.0,232.7151,32.96,-0.472,0.639,1.1,233.005,234.2657,232.8759,BEAR,232.48,233.0046,42.36,-0.496,19.33,False,True,False,False,False,False,False,False
2026-08-27T14:40:16,SBIN,2026-08-27 14:35:00+05:30,BULL,NO_SIGNAL,20.0,,MACRO_BULL|ST_BULL|RVOL|ENTRY_TRIGGER,1044.4,1045.0108,44.32,-0.182,0.678,1.1,1046.7102,1043.1389,1046.8953,BEAR,1045.5,1046.9757,42.79,0.01,31.93,False,True,False,False,False,False,False,False
2026-08-27T14:40:17,EICHERMOT,2026-08-27 14:35:00+05:30,BULL,NO_SIGNAL,60.0,,RVOL|ENTRY_TRIGGER,8096.0,8070.2497,70.65,0.447,1.057,1.1,8038.4989,8042.5122,8065.1645,BULL,8098.0,8054.2841,64.89,0.979,25.43,True,False,False,False,False,False,False,False
2026-08-27T14:40:17,COALINDIA,2026-08-27 14:35:00+05:30,BEAR,NO_SIGNAL,40.0,,MACRO_BEAR|RVOL|ENTRY_TRIGGER,399.9,400.1167,43.31,-0.1,0.279,1.1,400.9402,403.7252,400.1247,BEAR,400.0,401.3441,36.88,-0.485,18.32,False,True,False,False,False,False,False,False
2026-08-27T14:40:18,BAJAJFINSV,2026-08-27 14:35:00+05:30,BEAR,NO_SIGNAL,40.0,,MACRO_BEAR|RVOL|ENTRY_TRIGGER,2001.2,2002.7077,43.34,-0.135,0.476,1.1,2006.2195,2007.5343,2007.7027,BEAR,2001.9,2005.8577,41.39,-0.03,15.14,False,True,False,False,False,False,False,False
2026-08-27T14:40:18,MAXHEALTH,2026-08-27 14:35:00+05:30,BULL,NO_SIGNAL,40.0,,MACRO_BULL|RVOL|ENTRY_TRIGGER,1004.3,1004.1824,51.17,0.05,0.845,1.1,1003.8046,1000.7196,1000.8047,BULL,1004.9,1005.1297,47.95,0.42,21.28,False,False,False,False,False,False,False,False
2026-08-27T14:40:19,KOTAKBANK,2026-08-27 14:35:00+05:30,BULL,NO_SIGNAL,60.0,,RVOL|ENTRY_TRIGGER,425.65,425.6215,51.76,-0.199,0.755,1.1,424.1583,412.9775,424.2586,BULL,425.75,423.8061,67.13,0.389,67.23,False,False,False,False,False,False,False,False
2026-08-27T14:40:19,APOLLOHOSP,2026-08-27 14:35:00+05:30,BULL,SIGNAL,100.0,VWAP_PULLBACK,,8800.0,8789.236,61.91,0.228,1.806,1.1,8789.586,8732.3497,8776.6215,BULL,8800.0,8787.2816,57.12,0.102,32.49,True,False,True,False,False,False,False,False
2026-08-27T14:40:20,CIPLA,2026-08-27 14:35:00+05:30,BULL,NO_SIGNAL,20.0,,MACRO_BULL|ABOVE_WVWAP|RVOL|ENTRY_TRIGGER,1416.2,1413.7867,64.27,0.255,0.805,1.1,1409.3859,1419.6091,1410.3424,BULL,1415.1,1411.1896,59.65,0.669,20.13,True,False,False,False,False,False,False,False
2026-08-27T14:40:20,JSWSTEEL,2026-08-27 14:35:00+05:30,BEAR,NO_SIGNAL,40.0,,BELOW_WVWAP|RVOL|ENTRY_TRIGGER,1335.9,1335.6624,49.63,-0.045,0.654,1.1,1338.548,1321.8007,1338.1644,BEAR,1333.0,1335.4999,45.97,-0.597,42.39,False,False,False,False,False,False,False,False
2026-08-27T14:40:21,HCLTECH,2026-08-27 14:35:00+05:30,BULL,NO_SIGNAL,20.0,,MACRO_BULL|ABOVE_WVWAP|RVOL|ENTRY_TRIGGER,1287.3,1289.2097,40.72,-0.348,0.961,1.1,1287.7163,1301.8739,1286.9873,BULL,1288.4,1290.102,43.13,0.14,16.36,False,True,False,False,False,False,False,False
2026-08-27T14:40:22,TCS,2026-08-27 14:35:00+05:30,BULL,NO_SIGNAL,20.0,,MACRO_BULL|ABOVE_WVWAP|RVOL|ENTRY_TRIGGER,2255.0,2254.8369,50.73,-0.111,0.681,1.1,2255.297,2278.7536,2249.4921,BULL,2255.2,2256.2961,45.38,0.32,11.79,False,False,False,False,False,False,False,False
2026-08-27T14:40:22,INDIGO,2026-08-27 14:35:00+05:30,BULL,NO_SIGNAL,20.0,,MACRO_BULL|ST_BULL|RVOL|ENTRY_TRIGGER,5192.0,5202.8634,35.44,-0.555,0.658,1.1,5213.3115,5178.8695,5211.5696,BEAR,5198.0,5215.8889,40.26,-0.402,20.95,False,True,False,False,False,False,False,False
2026-08-27T14:40:23,BHARTIARTL,2026-08-27 14:35:00+05:30,BEAR,NO_SIGNAL,60.0,,RVOL|ENTRY_TRIGGER,1888.4,1889.69,43.1,-0.085,0.688,1.1,1895.9905,1916.5525,1895.6983,BEAR,1887.2,1897.5802,32.47,-0.543,38.4,False,True,False,False,False,False,False,False
2026-08-27T14:40:23,ETERNAL,2026-08-27 14:35:00+05:30,BULL,NEAR,80.0,TREND_CONTINUATION,RVOL,329.95,329.1722,63.36,0.137,1.088,1.1,328.0722,328.2044,328.3291,BULL,329.85,328.2386,63.31,0.949,27.33,True,False,False,False,False,False,True,False
2026-08-27T14:40:24,LT,2026-08-27 14:35:00+05:30,BULL,NO_SIGNAL,40.0,,ABOVE_WVWAP|RVOL|ENTRY_TRIGGER,4053.3,4050.719,56.7,-0.091,0.556,1.1,4043.7778,4077.6641,4043.274,BULL,4054.0,4048.8379,53.17,0.65,27.46,False,False,False,False,False,False,False,False
2026-08-27T14:40:24,SHRIRAMFIN,2026-08-27 14:35:00+05:30,BULL,NO_SIGNAL,40.0,,MACRO_BULL|ABOVE_WVWAP|ENTRY_TRIGGER,1102.7,1101.7812,54.14,-0.027,2.631,1.1,1101.4403,1116.4139,1098.0781,BULL,1103.5,1103.4497,47.47,0.749,23.14,False,False,False,False,False,False,False,False
2026-08-27T14:40:25,GRASIM,2026-08-27 14:35:00+05:30,BEAR,NO_SIGNAL,40.0,,MACRO_BEAR|RVOL|ENTRY_TRIGGER,3271.1,3271.5605,43.61,-0.024,0.552,1.1,3279.2417,3275.8521,3273.2076,BEAR,3269.2,3276.4289,42.53,-0.581,21.26,False,True,False,False,False,False,False,False
2026-08-27T14:40:25,AXISBANK,2026-08-27 14:35:00+05:30,BULL,NO_SIGNAL,60.0,VWAP_PULLBACK,RVOL|ENTRY_TRIGGER,1260.2,1261.0837,46.74,-0.214,0.659,1.1,1259.6612,1247.491,1258.7322,BULL,1261.7,1259.1267,59.75,0.334,37.68,False,False,True,False,False,False,False,False
2026-08-27T14:40:26,POWERGRID,2026-08-27 14:35:00+05:30,BEAR,NO_SIGNAL,40.0,,MACRO_BEAR|RVOL|ENTRY_TRIGGER,264.65,264.3693,58.4,0.019,0.696,1.1,263.8542,268.0456,264.8945,BEAR,264.4,264.676,43.94,0.208,29.25,True,False,False,False,False,False,True,False
2026-08-27T14:40:26,ADANIENT,2026-08-27 14:35:00+05:30,BULL,NO_SIGNAL,60.0,,ST_BULL|ENTRY_TRIGGER,3159.3,3155.7182,56.94,-0.205,1.985,1.1,3149.781,3088.3151,3164.7777,BEAR,3154.0,3148.4831,61.27,0.455,45.42,False,False,False,False,False,False,False,False
2026-08-27T14:40:27,TECHM,2026-08-27 14:35:00+05:30,BULL,NO_SIGNAL,20.0,,MACRO_BULL|ST_BULL|RVOL|ENTRY_TRIGGER,1587.0,1587.9832,44.94,-0.226,0.561,1.1,1589.5539,1583.7531,1591.0025,BEAR,1586.9,1586.9467,51.58,-0.695,29.0,False,True,False,False,False,False,False,False
2026-08-27T14:40:27,ICICIBANK,2026-08-27 14:35:00+05:30,BULL,SIGNAL,100.0,VWAP_PULLBACK,,1449.2,1447.2227,61.31,0.083,2.573,1.1,1444.5466,1430.9877,1442.4624,BULL,1449.0,1443.6795,66.32,0.527,37.78,True,False,True,False,False,False,False,False
2026-08-27T14:40:28,JIOFIN,2026-08-27 14:35:00+05:30,BEAR,NO_SIGNAL,40.0,,MACRO_BEAR|RVOL|ENTRY_TRIGGER,239.35,239.4345,43.6,-0.042,0.791,1.1,240.1571,242.0084,239.7242,BEAR,239.45,240.0281,37.72,0.021,30.02,False,True,False,False,False,False,False,False
2026-08-27T14:40:28,TATASTEEL,2026-08-27 14:35:00+05:30,BEAR,NO_SIGNAL,40.0,,BELOW_WVWAP|RVOL|ENTRY_TRIGGER,187.37,187.5308,43.59,-0.245,0.451,1.1,188.4081,186.3346,188.0204,BEAR,187.16,187.6728,46.04,-0.974,31.82,False,True,False,False,False,False,False,False
2026-08-27T14:40:29,TITAN,2026-08-27 14:35:00+05:30,BULL,NEAR,80.0,,ENTRY_TRIGGER,5154.6,5162.7955,46.14,-0.49,1.156,1.1,5127.4641,5107.794,5150.136,BULL,5168.1,5140.706,68.57,1.038,41.45,False,False,False,False,False,False,False,False
2026-08-27T14:40:29,INFY,2026-08-27 14:35:00+05:30,BEAR,NO_SIGNAL,60.0,,MACRO_BEAR|ENTRY_TRIGGER,1108.8,1110.2142,39.65,-0.297,3.916,1.1,1113.3567,1125.7324,1112.4584,BEAR,1109.4,1112.8437,37.56,-0.252,7.53,False,True,False,False,False,False,False,False
2026-08-27T14:40:30,TRENT,2026-08-27 14:35:00+05:30,BEAR,NO_SIGNAL,60.0,,ST_BEAR|ENTRY_TRIGGER,2883.8,2878.9221,55.62,0.313,1.254,1.1,2888.7484,2911.566,2867.3479,BULL,2878.6,2888.5098,38.72,-0.115,22.17,True,False,False,False,False,False,False,False
2026-08-27T14:40:30,ASIANPAINT,2026-08-27 14:35:00+05:30,BULL,NO_SIGNAL,20.0,VWAP_PULLBACK,MACRO_BULL|ST_BULL|RVOL|ENTRY_TRIGGER,2644.9,2643.3287,52.63,0.133,0.875,1.1,2643.1792,2634.5885,2647.959,BEAR,2641.1,2644.2454,46.24,-0.034,15.18,False,False,True,False,True,False,False,False
2026-08-27T14:40:31,ULTRACEMCO,2026-08-27 14:35:00+05:30,BULL,NO_SIGNAL,20.0,,MACRO_BULL|ST_BULL|RVOL|ENTRY_TRIGGER,11727.0,11732.3575,47.16,-0.213,0.273,1.1,11741.1748,11620.8069,11772.8044,BEAR,11733.0,11728.2288,52.41,0.026,21.4,False,False,False,False,False,False,False,False
2026-08-27T14:40:32,HDFCBANK,2026-08-27 14:35:00+05:30,BEAR,NEAR,80.0,,ENTRY_TRIGGER,714.35,714.1057,49.9,-0.279,1.816,1.1,715.9894,721.8036,715.1239,BEAR,714.1,716.922,38.33,-0.272,41.73,False,False,False,False,False,False,False,False
2026-08-27T14:40:32,RELIANCE,2026-08-27 14:35:00+05:30,BEAR,NEAR,80.0,VWAP_PULLBACK,MACRO_BEAR,1290.2,1291.4137,41.4,-0.155,3.708,1.1,1293.4689,1302.3004,1294.4613,BEAR,1290.7,1294.3981,36.5,0.085,20.35,False,True,False,True,False,False,False,False
2026-08-27T14:40:33,M&M,2026-08-27 14:35:00+05:30,BEAR,NO_SIGNAL,60.0,,RVOL|ENTRY_TRIGGER,3355.9,3354.5425,49.59,0.086,0.538,1.1,3367.7351,3402.0602,3358.2828,BEAR,3355.0,3369.1967,35.17,-0.265,40.06,False,False,False,False,False,False,False,False
2026-08-27T14:40:33,SUNPHARMA,2026-08-27 14:35:00+05:30,BEAR,NO_SIGNAL,60.0,,MACRO_BEAR|ENTRY_TRIGGER,1910.1,1911.3379,44.95,-0.052,2.152,1.1,1910.4698,1912.3042,1914.1721,BEAR,1912.5,1911.7841,51.44,0.01,8.93,False,True,False,False,False,False,False,False
2026-08-27T14:45:07,BEL,2026-08-27 14:40:00+05:30,BULL,NO_SIGNAL,60.0,,MACRO_BULL|ENTRY_TRIGGER,410.4,410.3009,52.2,0.085,1.254,1.1,410.4539,409.2987,409.8555,BULL,410.4,410.2342,53.02,0.085,20.73,False,False,False,False,False,False,False,False
2026-08-27T14:45:08,TATACONSUM,2026-08-27 14:40:00+05:30,BEAR,NO_SIGNAL,40.0,,MACRO_BEAR|RVOL|ENTRY_TRIGGER,1039.9,1038.5552,59.83,0.212,0.704,1.1,1039.4873,1048.4808,1040.4162,BEAR,1039.9,1039.5567,48.41,-0.029,25.61,True,False,False,False,False,False,False,False
2026-08-27T14:45:08,BAJAJ-AUTO,2026-08-27 14:40:00+05:30,BULL,NO_SIGNAL,20.0,,MACRO_BULL|ABOVE_WVWAP|RVOL|ENTRY_TRIGGER,11694.0,11689.591,52.88,-0.111,0.599,1.1,11679.1945,11768.7627,11673.7924,BULL,11694.0,11696.2758,47.31,0.412,18.04,False,False,False,False,False,False,False,False
2026-08-27T14:45:09,NESTLEIND,2026-08-27 14:40:00+05:30,BULL,NO_SIGNAL,20.0,,MACRO_BULL|ABOVE_WVWAP|RVOL|ENTRY_TRIGGER,1447.3,1446.0825,58.17,0.076,1.018,1.1,1449.3606,1462.0553,1442.8318,BULL,1447.3,1447.0239,47.7,0.34,8.48,True,False,False,False,False,False,False,False
2026-08-27T14:45:09,BAJFINANCE,2026-08-27 14:40:00+05:30,BEAR,NO_SIGNAL,40.0,,MACRO_BEAR|RVOL|ENTRY_TRIGGER,1085.6,1086.2265,45.88,0.028,0.902,1.1,1092.1299,1086.6004,1089.5429,BEAR,1085.6,1087.2243,44.97,-0.294,20.65,False,False,False,False,False,False,False,False
2026-08-27T14:45:10,HINDALCO,2026-08-27 14:40:00+05:30,BEAR,NEAR,80.0,,ENTRY_TRIGGER,1023.1,1025.8334,34.47,-0.176,1.952,1.1,1034.5736,1046.9804,1027.9049,BEAR,1023.1,1033.5156,17.77,-1.549,49.68,False,True,False,False,False,False,False,False
2026-08-27T14:45:10,NTPC,2026-08-27 14:40:00+05:30,BEAR,NEAR,80.0,TREND_CONTINUATION,RVOL,328.7,329.2736,36.27,-0.228,1.019,1.1,330.1748,335.3728,330.0875,BEAR,328.7,330.7078,27.91,-0.484,43.31,False,True,False,False,False,False,False,True
2026-08-27T14:45:11,HDFCLIFE,2026-08-27 14:40:00+05:30,BULL,NO_SIGNAL,20.0,,MACRO_BULL|ABOVE_WVWAP|RVOL|ENTRY_TRIGGER,554.05,553.4635,58.56,0.271,0.695,1.1,553.3437,554.4965,552.4862,BULL,554.05,553.5985,51.21,0.326,20.03,True,False,False,False,False,False,False,False
2026-08-27T14:45:11,SBILIFE,2026-08-27 14:40:00+05:30,BULL,NO_SIGNAL,40.0,,MACRO_BULL|ST_BULL|ENTRY_TRIGGER,1781.1,1781.8308,47.01,0.056,1.321,1.1,1783.5696,1771.1463,1786.5771,BEAR,1781.1,1781.792,49.83,-0.146,17.48,False,False,False,False,False,False,False,False
2026-08-27T14:45:12,HINDUNILVR,2026-08-27 14:40:00+05:30,BEAR,NO_SIGNAL,40.0,,MACRO_BEAR|RVOL|ENTRY_TRIGGER,2009.5,2009.4681,49.1,-0.06,1.063,1.1,2010.6752,2020.3198,2014.4341,BEAR,2009.5,2011.9858,40.92,0.015,29.09,False,False,False,False,False,False,False,False
2026-08-27T14:45:12,MARUTI,2026-08-27 14:40:00+05:30,BULL,NO_SIGNAL,20.0,,MACRO_BULL|ABOVE_WVWAP|RVOL|ENTRY_TRIGGER,13452.0,13441.8916,53.58,0.209,0.977,1.1,13447.7836,13532.2336,13417.3184,BULL,13452.0,13461.423,46.02,0.015,20.63,False,False,False,False,False,False,False,False
2026-08-27T14:45:13,ITC,2026-08-27 14:40:00+05:30,BEAR,NEAR,80.0,TREND_CONTINUATION,RVOL,268.65,268.8468,40.79,-0.093,0.59,1.1,269.3429,269.9609,269.5575,BEAR,268.65,269.2844,35.86,-0.204,32.3,False,True,False,False,False,False,False,True
2026-08-27T14:45:13,TMPV,2026-08-27 14:40:00+05:30,BEAR,NO_SIGNAL,40.0,,BELOW_WVWAP|RVOL|ENTRY_TRIGGER,315.75,315.993,45.17,-0.032,0.707,1.1,316.3882,314.6891,316.7006,BEAR,315.75,315.9407,49.47,-0.582,31.09,False,False,False,False,False,False,False,False
2026-08-27T14:45:14,ADANIPORTS,2026-08-27 14:40:00+05:30,BULL,NO_SIGNAL,20.0,,MACRO_BULL|ST_BULL|RVOL|ENTRY_TRIGGER,1702.1,1707.9264,34.8,-0.694,0.468,1.1,1704.5757,1694.6225,1710.9474,BEAR,1702.1,1705.1626,47.26,0.259,38.83,False,True,False,False,False,False,False,False
2026-08-27T14:45:14,DRREDDY,2026-08-27 14:40:00+05:30,BULL,NO_SIGNAL,20.0,,MACRO_BULL|ABOVE_WVWAP|RVOL|ENTRY_TRIGGER,1180.0,1176.6145,58.53,0.537,1.055,1.1,1179.4744,1185.7311,1171.7594,BULL,1180.0,1180.4458,47.86,-0.615,20.39,True,False,False,False,False,False,False,False
2026-08-27T14:45:15,WIPRO,2026-08-27 14:40:00+05:30,BULL,NO_SIGNAL,40.0,,MACRO_BULL|ABOVE_WVWAP|ENTRY_TRIGGER,177.45,177.4572,50.64,-0.079,1.238,1.1,177.3489,179.6868,177.182,BULL,177.45,177.4386,48.09,0.237,11.39,False,False,False,False,False,False,False,False
2026-08-27T14:45:15,ONGC,2026-08-27 14:40:00+05:30,BEAR,NO_SIGNAL,40.0,,MACRO_BEAR|RVOL|ENTRY_TRIGGER,232.0,232.6501,32.96,-0.493,0.686,1.1,232.9962,234.2612,232.8279,BEAR,232.0,232.9132,37.44,-0.74,19.96,False,True,False,False,False,False,False,False
2026-08-27T14:45:16,SBIN,2026-08-27 14:40:00+05:30,BEAR,NO_SIGNAL,60.0,TREND_CONTINUATION,BELOW_WVWAP|RVOL,1043.9,1044.9098,41.49,-0.115,0.625,1.1,1046.6843,1043.1399,1046.8953,BEAR,1043.9,1046.6961,38.36,-0.401,31.68,False,True,False,False,False,False,False,True
2026-08-27T14:45:16,EICHERMOT,2026-08-27 14:40:00+05:30,BULL,NEAR,80.0,,ENTRY_TRIGGER,8089.0,8071.9543,64.49,0.435,1.973,1.1,8039.7936,8042.842,8065.1645,BULL,8089.0,8057.4401,61.22,0.86,24.94,True,False,False,False,False,False,False,False
2026-08-27T14:45:17,COALINDIA,2026-08-27 14:40:00+05:30,BEAR,NO_SIGNAL,40.0,,MACRO_BEAR|RVOL|ENTRY_TRIGGER,399.75,400.0834,41.39,-0.125,0.245,1.1,400.932,403.7212,400.1247,BEAR,399.75,401.1991,35.44,-0.683,19.3,False,True,False,False,False,False,False,False
2026-08-27T14:45:18,BAJAJFINSV,2026-08-27 14:40:00+05:30,BEAR,NO_SIGNAL,40.0,,MACRO_BEAR|RVOL|ENTRY_TRIGGER,2000.2,2002.4798,40.77,-0.219,0.608,1.1,2006.143,2007.5129,2007.7027,BEAR,2000.2,2005.3434,38.87,-0.14,15.87,False,True,False,False,False,False,False,False
2026-08-27T14:45:18,MAXHEALTH,2026-08-27 14:40:00+05:30,BULL,NO_SIGNAL,60.0,VWAP_PULLBACK,MACRO_BULL|ENTRY_TRIGGER,1004.2,1004.184,50.55,0.08,1.21,1.1,1003.8051,1000.7295,1000.8047,BULL,1004.2,1005.0452,46.12,0.41,19.98,False,False,True,False,False,False,False,False
2026-08-27T14:45:19,KOTAKBANK,2026-08-27 14:40:00+05:30,BULL,NEAR,80.0,,ENTRY_TRIGGER,425.95,425.6514,55.21,-0.035,1.278,1.1,424.1837,413.051,424.2586,BULL,425.95,424.001,67.83,0.129,65.98,False,False,False,False,False,False,False,False
2026-08-27T14:45:19,APOLLOHOSP,2026-08-27 14:40:00+05:30,BULL,SIGNAL,100.0,VWAP_PULLBACK,,8809.0,8791.0328,67.89,0.302,2.109,1.1,8790.3964,8733.1135,8779.8184,BULL,8809.0,8789.256,60.98,0.21,33.17,True,False,True,False,False,False,False,False
2026-08-27T14:45:20,CIPLA,2026-08-27 14:40:00+05:30,BULL,NO_SIGNAL,20.0,,MACRO_BULL|ABOVE_WVWAP|RVOL|ENTRY_TRIGGER,1415.8,1413.9697,61.91,0.078,0.448,1.1,1409.4312,1419.6057,1410.3424,BULL,1415.8,1411.6087,60.96,0.561,20.17,True,False,False,False,False,False,False,False
2026-08-27T14:45:20,JSWSTEEL,2026-08-27 14:40:00+05:30,BULL,NO_SIGNAL,40.0,,MACRO_BULL|ST_BULL|ENTRY_TRIGGER,1335.3,1335.6295,46.61,-0.045,1.629,1.1,1338.4841,1321.8653,1338.1644,BEAR,1335.3,1335.4817,52.19,-0.425,40.06,False,False,False,False,False,False,False,False
2026-08-27T14:45:21,HCLTECH,2026-08-27 14:40:00+05:30,BEAR,NEAR,80.0,VWAP_PULLBACK,MACRO_BEAR,1284.7,1288.7998,32.3,-0.496,2.283,1.1,1287.6595,1301.7394,1291.7583,BEAR,1284.7,1289.6109,36.16,-0.039,16.48,False,True,False,True,False,True,False,False
2026-08-27T14:45:21,TCS,2026-08-27 14:40:00+05:30,BEAR,NO_SIGNAL,40.0,VWAP_PULLBACK,MACRO_BEAR|ST_BEAR|RVOL,2253.1,2254.679,44.97,-0.19,0.954,1.1,2255.2802,2278.7095,2249.4921,BULL,2253.1,2256.0055,42.44,0.12,11.47,False,True,False,True,False,False,False,False
2026-08-27T14:45:22,INDIGO,2026-08-27 14:40:00+05:30,BEAR,NO_SIGNAL,40.0,,BELOW_WVWAP|RVOL|ENTRY_TRIGGER,5190.5,5201.7395,34.33,-0.537,0.943,1.1,5212.9323,5178.9018,5209.0239,BEAR,5190.5,5213.5808,37.32,-0.565,22.1,False,True,False,False,False,False,False,False
2026-08-27T14:45:22,BHARTIARTL,2026-08-27 14:40:00+05:30,BEAR,NEAR,80.0,TREND_CONTINUATION,RVOL,1885.7,1889.3273,37.63,-0.185,0.736,1.1,1895.8506,1916.3675,1895.6983,BEAR,1885.7,1896.5002,31.21,-0.831,39.06,False,True,False,False,False,False,False,True
2026-08-27T14:45:23,ETERNAL,2026-08-27 14:40:00+05:30,BULL,NEAR,80.0,,ENTRY_TRIGGER,329.95,329.2429,63.36,0.167,1.692,1.1,328.1191,328.2151,328.5464,BULL,329.95,328.3942,63.86,0.687,28.39,True,False,False,False,False,False,False,False
2026-08-27T14:45:23,LT,2026-08-27 14:40:00+05:30,BULL,NO_SIGNAL,20.0,,MACRO_BULL|ABOVE_WVWAP|RVOL|ENTRY_TRIGGER,4047.0,4050.3809,45.71,-0.271,0.42,1.1,4043.8093,4077.6291,4043.274,BULL,4047.0,4048.6708,47.48,0.422,27.22,False,False,False,False,False,True,False,False
2026-08-27T14:45:24,SHRIRAMFIN,2026-08-27 14:40:00+05:30,BULL,NO_SIGNAL,40.0,,MACRO_BULL|ABOVE_WVWAP|ENTRY_TRIGGER,1101.8,1101.7829,50.56,-0.063,1.371,1.1,1101.447,1116.3606,1098.0781,BULL,1101.8,1103.2997,44.81,0.548,21.52,False,False,False,False,False,False,False,False
2026-08-27T14:45:24,GRASIM,2026-08-27 14:40:00+05:30,BEAR,NO_SIGNAL,40.0,,MACRO_BEAR|RVOL|ENTRY_TRIGGER,3272.5,3271.6459,49.9,0.052,0.807,1.1,3279.149,3275.8463,3273.2076,BEAR,3272.5,3276.0717,45.97,-0.368,20.07,False,False,False,False,False,False,False,False
2026-08-27T14:45:25,AXISBANK,2026-08-27 14:40:00+05:30,BEAR,NO_SIGNAL,40.0,TREND_CONTINUATION,MACRO_BEAR|BELOW_WVWAP|RVOL,1257.6,1260.767,37.57,-0.443,0.777,1.1,1259.647,1247.5377,1264.1806,BEAR,1257.6,1258.9879,49.12,0.08,36.16,False,True,False,False,False,False,False,True
2026-08-27T14:45:25,POWERGRID,2026-08-27 14:40:00+05:30,BEAR,NO_SIGNAL,60.0,,MACRO_BEAR|ENTRY_TRIGGER,264.8,264.4085,61.83,0.151,1.137,1.1,263.8605,268.0393,264.8945,BEAR,264.8,264.6873,48.43,0.132,27.83,True,False,False,False,False,False,True,False
2026-08-27T14:45:26,ADANIENT,2026-08-27 14:40:00+05:30,BULL,NO_SIGNAL,60.0,,ST_BULL|ENTRY_TRIGGER,3157.8,3155.9074,54.23,-0.098,1.683,1.1,3149.9668,3088.6731,3164.7777,BEAR,3157.8,3149.3301,64.41,0.551,44.87,False,False,False,False,False,False,False,False
2026-08-27T14:45:26,TECHM,2026-08-27 14:40:00+05:30,BEAR,NO_SIGNAL,60.0,TREND_CONTINUATION,BELOW_WVWAP|RVOL,1584.8,1587.6938,37.95,-0.12,0.76,1.1,1589.5185,1583.7567,1590.9807,BEAR,1584.8,1586.7515,47.9,-0.333,27.74,False,True,False,False,False,False,False,True
2026-08-27T14:45:27,ICICIBANK,2026-08-27 14:40:00+05:30,BULL,NEAR,80.0,,ENTRY_TRIGGER,1448.6,1447.3479,58.07,0.131,1.352,1.1,1444.6634,1431.1782,1442.4624,BULL,1448.6,1444.1268,65.02,0.423,38.46,True,False,False,False,False,False,False,False
2026-08-27T14:45:28,JIOFIN,2026-08-27 14:40:00+05:30,BEAR,NO_SIGNAL,60.0,,RVOL|ENTRY_TRIGGER,239.25,239.4177,40.05,-0.063,0.759,1.1,240.1511,242.0045,239.7242,BEAR,239.25,239.9573,35.59,-0.146,29.97,False,True,False,False,False,False,False,False
2026-08-27T14:45:28,TATASTEEL,2026-08-27 14:40:00+05:30,BEAR,NO_SIGNAL,40.0,,BELOW_WVWAP|RVOL|ENTRY_TRIGGER,187.2,187.5007,40.1,-0.213,0.859,1.1,188.3998,186.3366,188.0204,BEAR,187.2,187.6299,46.5,-0.521,30.31,False,True,False,False,False,False,False,False
2026-08-27T14:45:29,TITAN,2026-08-27 14:40:00+05:30,BULL,NO_SIGNAL,40.0,,ST_BULL|RVOL|ENTRY_TRIGGER,5146.7,5161.3323,41.12,-0.489,0.805,1.1,5127.7199,5108.0363,5178.4784,BEAR,5146.7,5141.2509,55.49,0.367,40.51,False,True,False,False,False,False,False,True
2026-08-27T14:45:29,INFY,2026-08-27 14:40:00+05:30,BEAR,NO_SIGNAL,40.0,,MACRO_BEAR|RVOL|ENTRY_TRIGGER,1108.0,1110.0129,36.19,-0.396,0.853,1.1,1113.2874,1125.6866,1112.1144,BEAR,1108.0,1112.4034,34.91,-0.171,7.82,False,True,False,False,False,False,False,False
2026-08-27T14:45:30,TRENT,2026-08-27 14:40:00+05:30,BULL,NO_SIGNAL,20.0,,MACRO_BULL|ABOVE_WVWAP|RVOL|ENTRY_TRIGGER,2882.0,2879.2019,52.59,0.38,1.084,1.1,2888.6128,2911.4304,2867.5411,BULL,2882.0,2887.918,42.02,-0.672,21.36,False,False,False,False,False,False,False,False
2026-08-27T14:45:30,ASIANPAINT,2026-08-27 14:40:00+05:30,BULL,NO_SIGNAL,20.0,,MACRO_BULL|ST_BULL|RVOL|ENTRY_TRIGGER,2643.3,2643.326,49.19,0.03,0.843,1.1,2643.1868,2634.6249,2647.959,BEAR,2643.3,2644.1594,49.33,-0.049,15.16,False,False,False,False,False,False,False,False
2026-08-27T14:45:31,ULTRACEMCO,2026-08-27 14:40:00+05:30,BULL,NO_SIGNAL,20.0,,MACRO_BULL|ST_BULL|RVOL|ENTRY_TRIGGER,11728.0,11731.9614,47.62,-0.051,0.377,1.1,11741.075,11621.0136,11772.8044,BEAR,11728.0,11728.208,51.39,0.026,20.45,False,False,False,False,False,False,False,False
2026-08-27T14:45:31,HDFCBANK,2026-08-27 14:40:00+05:30,BEAR,NO_SIGNAL,60.0,,RVOL|ENTRY_TRIGGER,714.15,714.1097,48.72,-0.189,1.021,1.1,715.9565,721.7424,715.1239,BEAR,714.15,716.67,38.52,-0.056,41.54,False,False,False,False,False,False,False,False
2026-08-27T14:45:32,RELIANCE,2026-08-27 14:40:00+05:30,BEAR,NO_SIGNAL,40.0,,MACRO_BEAR|RVOL|ENTRY_TRIGGER,1290.6,1291.3397,43.88,0.023,0.856,1.1,1293.4201,1302.2382,1294.4613,BEAR,1290.6,1294.0528,36.3,0.062,19.88,False,False,False,False,False,False,False,False
2026-08-27T14:45:32,M&M,2026-08-27 14:40:00+05:30,BEAR,NO_SIGNAL,60.0,,RVOL|ENTRY_TRIGGER,3355.1,3354.5931,48.46,0.072,0.74,1.1,3367.6058,3401.8888,3358.2828,BEAR,3355.1,3367.9152,35.27,-0.265,39.35,False,False,False,False,False,False,False,False
2026-08-27T14:45:33,SUNPHARMA,2026-08-27 14:40:00+05:30,BEAR,NO_SIGNAL,60.0,,MACRO_BEAR|ENTRY_TRIGGER,1910.0,1911.2162,44.59,-0.146,1.954,1.1,1910.4541,1912.2952,1914.1721,BEAR,1910.0,1911.6219,45.61,-0.141,8.82,False,True,False,False,False,False,False,False
2026-08-27T14:50:07,BEL,2026-08-27 14:45:00+05:30,BULL,NEAR,80.0,VWAP_PULLBACK,MACRO_BULL,410.8,410.3462,60.48,0.183,2.118,1.1,410.4595,409.3056,409.8555,BULL,410.4,410.2342,53.02,0.085,20.73,True,False,True,False,True,False,False,False
2026-08-27T14:50:07,TATACONSUM,2026-08-27 14:45:00+05:30,BEAR,NO_SIGNAL,60.0,,MACRO_BEAR|ENTRY_TRIGGER,1040.3,1038.7138,62.0,0.367,2.29,1.1,1039.5062,1048.433,1040.4162,BEAR,1039.9,1039.5567,48.41,-0.029,25.61,True,False,False,False,False,False,False,False
2026-08-27T14:50:08,BAJAJ-AUTO,2026-08-27 14:45:00+05:30,BULL,NO_SIGNAL,40.0,,MACRO_BULL|ABOVE_WVWAP|ENTRY_TRIGGER,11698.0,11690.3555,54.98,0.094,2.724,1.1,11679.808,11768.1311,11673.7924,BULL,11694.0,11696.2758,47.31,0.412,18.04,False,False,False,False,False,False,False,False
2026-08-27T14:50:08,NESTLEIND,2026-08-27 14:45:00+05:30,BULL,NO_SIGNAL,40.0,,MACRO_BULL|ABOVE_WVWAP|ENTRY_TRIGGER,1448.7,1446.3204,64.4,0.18,2.809,1.1,1449.3344,1462.0106,1443.6844,BULL,1447.3,1447.0239,47.7,0.34,8.48,True,False,False,False,False,False,False,False
2026-08-27T14:50:09,BAJFINANCE,2026-08-27 14:45:00+05:30,BEAR,NO_SIGNAL,60.0,,MACRO_BEAR|ENTRY_TRIGGER,1085.9,1086.1968,47.44,-0.074,1.163,1.1,1092.0527,1086.5976,1089.5429,BEAR,1085.6,1087.2243,44.97,-0.294,20.65,False,False,False,False,False,False,False,False
2026-08-27T14:50:09,HINDALCO,2026-08-27 14:45:00+05:30,BEAR,NEAR,80.0,,ENTRY_TRIGGER,1025.2,1025.7759,43.35,0.215,2.042,1.1,1034.1548,1046.7688,1027.9049,BEAR,1023.1,1033.5156,17.77,-1.549,49.68,False,False,False,False,False,False,False,False
2026-08-27T14:50:10,NTPC,2026-08-27 14:45:00+05:30,BEAR,NO_SIGNAL,60.0,,RVOL|ENTRY_TRIGGER,328.85,329.2351,39.65,-0.106,0.808,1.1,330.1571,335.3376,330.0875,BEAR,328.7,330.7078,27.91,-0.484,43.31,False,True,False,False,False,False,False,False
2026-08-27T14:50:10,HDFCLIFE,2026-08-27 14:45:00+05:30,BULL,NO_SIGNAL,40.0,,MACRO_BULL|ABOVE_WVWAP|ENTRY_TRIGGER,554.0,553.5122,57.89,0.117,1.669,1.1,553.3708,554.4935,552.4862,BULL,554.05,553.5985,51.21,0.326,20.03,True,False,False,False,False,False,False,False
2026-08-27T14:50:11,SBILIFE,2026-08-27 14:45:00+05:30,BULL,NO_SIGNAL,40.0,,MACRO_BULL|ST_BULL|ENTRY_TRIGGER,1781.6,1781.8098,48.77,-0.056,1.257,1.1,1783.5345,1771.1811,1786.5771,BEAR,1781.1,1781.792,49.83,-0.146,17.48,False,False,False,False,False,False,False,False
2026-08-27T14:50:11,HINDUNILVR,2026-08-27 14:45:00+05:30,BEAR,NO_SIGNAL,40.0,,MACRO_BEAR|RVOL|ENTRY_TRIGGER,2010.6,2009.571,54.67,0.154,1.054,1.1,2010.6604,2020.2801,2014.4341,BEAR,2009.5,2011.9858,40.92,0.015,29.09,False,False,False,False,False,False,False,False
2026-08-27T14:50:12,MARUTI,2026-08-27 14:45:00+05:30,BULL,NO_SIGNAL,20.0,,MACRO_BULL|ABOVE_WVWAP|RVOL|ENTRY_TRIGGER,13456.0,13443.1741,54.9,0.365,0.927,1.1,13447.9118,13531.959,13417.3184,BULL,13452.0,13461.423,46.02,0.015,20.63,False,False,False,False,False,False,False,False
2026-08-27T14:50:12,ITC,2026-08-27 14:45:00+05:30,BEAR,NO_SIGNAL,60.0,,RVOL|ENTRY_TRIGGER,268.9,268.8516,49.8,0.149,0.913,1.1,269.3362,269.9577,269.5575,BEAR,268.65,269.2844,35.86,-0.204,32.3,False,False,False,False,False,False,False,False
2026-08-27T14:50:13,TMPV,2026-08-27 14:45:00+05:30,BULL,NO_SIGNAL,60.0,VWAP_PULLBACK,MACRO_BULL|ST_BULL,316.55,316.0437,56.56,0.285,2.461,1.1,316.3861,314.6959,316.7006,BEAR,315.75,315.9407,49.47,-0.582,31.09,True,False,True,False,False,False,True,False
2026-08-27T14:50:13,ADANIPORTS,2026-08-27 14:45:00+05:30,BULL,NO_SIGNAL,20.0,VWAP_PULLBACK,MACRO_BULL|ST_BULL|RVOL|ENTRY_TRIGGER,1707.0,1707.8422,48.19,-0.269,1.03,1.1,1704.5846,1694.6778,1710.9474,BEAR,1702.1,1705.1626,47.26,0.259,38.83,False,False,True,False,False,False,False,False
2026-08-27T14:50:14,DRREDDY,2026-08-27 14:45:00+05:30,BULL,NO_SIGNAL,20.0,,MACRO_BULL|ABOVE_WVWAP|RVOL|ENTRY_TRIGGER,1179.0,1176.8314,55.08,0.46,0.897,1.1,1179.4699,1185.7146,1172.4152,BULL,1180.0,1180.4458,47.86,-0.615,20.39,True,False,False,True,False,False,False,False
2026-08-27T14:50:15,WIPRO,2026-08-27 14:45:00+05:30,BULL,NO_SIGNAL,40.0,,MACRO_BULL|ABOVE_WVWAP|ENTRY_TRIGGER,177.46,177.4575,51.18,-0.034,1.269,1.1,177.3507,179.6832,177.182,BULL,177.45,177.4386,48.09,0.237,11.39,False,False,False,False,False,False,False,False
2026-08-27T14:50:15,ONGC,2026-08-27 14:45:00+05:30,BEAR,NO_SIGNAL,60.0,,MACRO_BEAR|ENTRY_TRIGGER,232.02,232.5928,33.58,-0.391,2.721,1.1,232.9633,234.2438,232.8279,BEAR,232.0,232.9132,37.44,-0.74,19.96,False,True,False,False,False,False,False,False
2026-08-27T14:50:16,SBIN,2026-08-27 14:45:00+05:30,BEAR,NO_SIGNAL,40.0,,BELOW_WVWAP|RVOL|ENTRY_TRIGGER,1044.0,1044.8271,42.29,-0.048,0.979,1.1,1046.6467,1043.1416,1046.8953,BEAR,1043.9,1046.6961,38.36,-0.401,31.68,False,True,False,False,False,False,False,False
2026-08-27T14:50:16,EICHERMOT,2026-08-27 14:45:00+05:30,BULL,NEAR,80.0,,ENTRY_TRIGGER,8077.5,8072.4584,55.87,0.335,7.129,1.1,8043.2455,8043.7812,8065.1645,BULL,8089.0,8057.4401,61.22,0.86,24.94,True,False,False,False,False,False,False,False
2026-08-27T14:50:17,COALINDIA,2026-08-27 14:45:00+05:30,BEAR,NO_SIGNAL,40.0,,MACRO_BEAR|RVOL|ENTRY_TRIGGER,400.0,400.0758,45.7,0.175,0.403,1.1,400.9204,403.7149,400.1247,BEAR,399.75,401.1991,35.44,-0.683,19.3,False,False,False,False,False,False,False,False
2026-08-27T14:50:17,BAJAJFINSV,2026-08-27 14:45:00+05:30,BEAR,NO_SIGNAL,40.0,,MACRO_BEAR|RVOL|ENTRY_TRIGGER,2001.4,2002.3816,44.98,-0.015,0.756,1.1,2006.0564,2007.4876,2007.7027,BEAR,2000.2,2005.3434,38.87,-0.14,15.87,False,True,False,False,False,False,False,False
2026-08-27T14:50:18,MAXHEALTH,2026-08-27 14:45:00+05:30,BULL,NEAR,80.0,VWAP_PULLBACK,MACRO_BULL,1005.1,1004.2673,55.69,0.219,1.365,1.1,1003.8259,1000.7451,1000.8047,BULL,1004.2,1005.0452,46.12,0.41,19.98,True,False,True,False,False,False,False,False
2026-08-27T14:50:18,KOTAKBANK,2026-08-27 14:45:00+05:30,BULL,NEAR,80.0,,ENTRY_TRIGGER,425.75,425.6604,52.52,-0.047,1.363,1.1,424.2108,413.131,424.2586,BULL,425.95,424.001,67.83,0.129,65.98,False,False,False,False,False,False,False,False
2026-08-27T14:50:19,APOLLOHOSP,2026-08-27 14:45:00+05:30,BULL,NEAR,80.0,,ENTRY_TRIGGER,8818.5,8793.5298,72.75,0.421,3.419,1.1,8791.8981,8734.3148,8782.9872,BULL,8809.0,8789.256,60.98,0.21,33.17,True,False,False,False,False,False,False,False
2026-08-27T14:50:19,CIPLA,2026-08-27 14:45:00+05:30,BULL,NO_SIGNAL,40.0,,MACRO_BULL|ABOVE_WVWAP|ENTRY_TRIGGER,1417.8,1414.3179,68.18,0.24,3.329,1.1,1409.7648,1419.5941,1411.1087,BULL,1415.8,1411.6087,60.96,0.561,20.17,True,False,False,False,False,False,False,False
2026-08-27T14:50:20,JSWSTEEL,2026-08-27 14:45:00+05:30,BULL,NO_SIGNAL,40.0,,MACRO_BULL|ST_BULL|ENTRY_TRIGGER,1335.7,1335.6359,48.85,0.03,1.506,1.1,1338.4232,1321.928,1338.1644,BEAR,1335.3,1335.4817,52.19,-0.425,40.06,False,False,False,False,False,False,False,False
2026-08-27T14:50:20,HCLTECH,2026-08-27 14:45:00+05:30,BEAR,NO_SIGNAL,60.0,,MACRO_BEAR|ENTRY_TRIGGER,1285.4,1288.4907,36.13,-0.357,2.035,1.1,1287.6014,1301.6101,1290.7714,BEAR,1284.7,1289.6109,36.16,-0.039,16.48,False,True,False,False,False,False,False,False
2026-08-27T14:50:21,TCS,2026-08-27 14:45:00+05:30,BULL,NO_SIGNAL,40.0,,MACRO_BULL|ABOVE_WVWAP|ENTRY_TRIGGER,2253.9,2254.6082,47.66,-0.04,1.366,1.1,2255.2611,2278.6459,2249.4921,BULL,2253.1,2256.0055,42.44,0.12,11.47,False,False,False,False,False,False,False,False
2026-08-27T14:50:21,INDIGO,2026-08-27 14:45:00+05:30,BEAR,NO_SIGNAL,40.0,,BELOW_WVWAP|RVOL|ENTRY_TRIGGER,5191.5,5200.8086,35.78,-0.077,0.727,1.1,5212.6614,5178.9292,5209.0239,BEAR,5190.5,5213.5808,37.32,-0.565,22.1,False,True,False,False,False,False,False,False
2026-08-27T14:50:22,BHARTIARTL,2026-08-27 14:45:00+05:30,BEAR,NEAR,80.0,,ENTRY_TRIGGER,1887.2,1889.1339,42.03,0.005,1.454,1.1,1895.5814,1916.0143,1894.7952,BEAR,1885.7,1896.5002,31.21,-0.831,39.06,False,False,False,False,False,False,False,False
2026-08-27T14:50:22,ETERNAL,2026-08-27 14:45:00+05:30,BULL,NO_SIGNAL,60.0,,RVOL|ENTRY_TRIGGER,330.15,329.3254,65.44,0.334,1.081,1.1,328.1502,328.2224,328.6255,BULL,329.95,328.3942,63.86,0.687,28.39,True,False,False,False,False,False,False,False
2026-08-27T14:50:23,LT,2026-08-27 14:45:00+05:30,BEAR,NEAR,80.0,VWAP_PULLBACK,MACRO_BEAR,4042.0,4049.619,39.22,-0.136,1.995,1.1,4043.79,4077.4373,4058.482,BEAR,4047.0,4048.6708,47.48,0.422,27.22,False,True,False,True,False,True,False,True
2026-08-27T14:50:23,SHRIRAMFIN,2026-08-27 14:45:00+05:30,BULL,NO_SIGNAL,40.0,,MACRO_BULL|ABOVE_WVWAP|ENTRY_TRIGGER,1103.3,1101.9208,55.81,0.173,2.007,1.1,1101.4714,1116.2868,1098.0781,BULL,1101.8,1103.2997,44.81,0.548,21.52,True,False,False,False,False,False,False,False
2026-08-27T14:50:24,GRASIM,2026-08-27 14:45:00+05:30,BULL,NO_SIGNAL,20.0,,MACRO_BULL|ABOVE_WVWAP|RVOL|ENTRY_TRIGGER,3273.9,3271.8508,55.28,0.101,0.93,1.1,3279.0681,3275.8421,3266.7522,BULL,3272.5,3276.0717,45.97,-0.368,20.07,True,False,False,False,False,False,False,False
2026-08-27T14:50:24,AXISBANK,2026-08-27 14:45:00+05:30,BULL,NO_SIGNAL,20.0,,MACRO_BULL|ST_BULL|RVOL|ENTRY_TRIGGER,1257.3,1260.4518,36.68,-0.443,0.876,1.1,1259.6203,1247.5824,1262.7807,BEAR,1257.6,1258.9879,49.12,0.08,36.16,False,True,False,False,False,False,False,False
2026-08-27T14:50:25,POWERGRID,2026-08-27 14:45:00+05:30,BULL,NO_SIGNAL,40.0,,MACRO_BULL|ABOVE_WVWAP|ENTRY_TRIGGER,265.4,264.4986,71.82,0.473,1.842,1.1,263.8762,268.0303,263.8848,BULL,264.8,264.6873,48.43,0.132,27.83,True,False,False,False,False,False,False,False
2026-08-27T14:50:26,ADANIENT,2026-08-27 14:45:00+05:30,BULL,NO_SIGNAL,60.0,,ST_BULL|ENTRY_TRIGGER,3158.9,3156.1795,55.89,0.108,1.94,1.1,3150.1928,3089.1021,3164.7777,BEAR,3157.8,3149.3301,64.41,0.551,44.87,True,False,False,False,False,False,False,False
2026-08-27T14:50:26,TECHM,2026-08-27 14:45:00+05:30,BEAR,NO_SIGNAL,60.0,,BELOW_WVWAP|ENTRY_TRIGGER,1584.5,1587.4035,37.1,-0.195,1.965,1.1,1589.4183,1583.7625,1590.5977,BEAR,1584.8,1586.7515,47.9,-0.333,27.74,False,True,False,False,False,False,False,False
2026-08-27T14:50:27,ICICIBANK,2026-08-27 14:45:00+05:30,BULL,NEAR,80.0,,ENTRY_TRIGGER,1448.7,1447.4708,58.46,0.117,1.11,1.1,1444.7581,1431.3308,1442.4624,BULL,1448.6,1444.1268,65.02,0.423,38.46,True,False,False,False,False,False,False,False
2026-08-27T14:50:27,JIOFIN,2026-08-27 14:45:00+05:30,BEAR,NEAR,80.0,,ENTRY_TRIGGER,239.45,239.4206,48.99,0.084,4.342,1.1,240.1221,241.9832,239.7242,BEAR,239.25,239.9573,35.59,-0.146,29.97,False,False,False,False,False,False,False,False
2026-08-27T14:50:28,TATASTEEL,2026-08-27 14:45:00+05:30,BEAR,NO_SIGNAL,60.0,,BELOW_WVWAP|ENTRY_TRIGGER,187.25,187.4779,41.58,-0.16,1.142,1.1,188.3885,186.339,188.0204,BEAR,187.2,187.6299,46.5,-0.521,30.31,False,True,False,False,False,False,False,False
2026-08-27T14:50:28,TITAN,2026-08-27 14:45:00+05:30,BULL,NO_SIGNAL,40.0,,ST_BULL|RVOL|ENTRY_TRIGGER,5149.2,5160.2293,43.22,-0.371,1.065,1.1,5128.0527,5108.3563,5175.9386,BEAR,5146.7,5141.2509,55.49,0.367,40.51,False,True,False,False,False,False,False,False
2026-08-27T14:50:29,INFY,2026-08-27 14:45:00+05:30,BEAR,NO_SIGNAL,60.0,,MACRO_BEAR|ENTRY_TRIGGER,1108.8,1109.9026,41.68,-0.207,2.163,1.1,1113.1302,1125.5718,1112.1144,BEAR,1108.0,1112.4034,34.91,-0.171,7.82,False,True,False,False,False,False,False,False
2026-08-27T14:50:29,TRENT,2026-08-27 14:45:00+05:30,BULL,NO_SIGNAL,40.0,,MACRO_BULL|ABOVE_WVWAP|ENTRY_TRIGGER,2883.6,2879.6017,54.94,0.474,1.937,1.1,2888.4472,2911.2018,2869.2138,BULL,2882.0,2887.918,42.02,-0.672,21.36,False,False,False,False,False,False,False,False
2026-08-27T14:50:30,ASIANPAINT,2026-08-27 14:45:00+05:30,BULL,NO_SIGNAL,20.0,,MACRO_BULL|ST_BULL|RVOL|ENTRY_TRIGGER,2642.9,2643.2873,48.33,0.03,1.032,1.1,2643.1865,2634.6678,2647.959,BEAR,2643.3,2644.1594,49.33,-0.049,15.16,False,False,False,False,False,False,False,False
2026-08-27T14:50:30,ULTRACEMCO,2026-08-27 14:45:00+05:30,BULL,NO_SIGNAL,20.0,,MACRO_BULL|ST_BULL|RVOL|ENTRY_TRIGGER,11739.0,11732.6013,52.52,0.119,0.681,1.1,11741.0124,11621.4159,11772.8044,BEAR,11728.0,11728.208,51.39,0.026,20.45,False,False,False,False,False,False,False,False
2026-08-27T14:50:31,HDFCBANK,2026-08-27 14:45:00+05:30,BEAR,NO_SIGNAL,60.0,,RVOL|ENTRY_TRIGGER,714.75,714.1679,52.37,0.119,1.048,1.1,715.9321,721.6836,715.1239,BEAR,714.15,716.67,38.52,-0.056,41.54,False,False,False,False,False,False,False,False
2026-08-27T14:50:31,RELIANCE,2026-08-27 14:45:00+05:30,BEAR,NO_SIGNAL,60.0,,MACRO_BEAR|ENTRY_TRIGGER,1290.1,1291.227,41.52,-0.008,1.118,1.1,1293.3518,1302.1546,1294.4613,BEAR,1290.6,1294.0528,36.3,0.062,19.88,False,True,False,False,False,False,False,False
2026-08-27T14:50:32,M&M,2026-08-27 14:45:00+05:30,BEAR,NO_SIGNAL,60.0,,RVOL|ENTRY_TRIGGER,3355.8,3354.7029,49.54,0.296,1.01,1.1,3367.4399,3401.656,3358.2828,BEAR,3355.1,3367.9152,35.27,-0.265,39.35,False,False,False,False,False,False,False,False
2026-08-27T14:50:32,SUNPHARMA,2026-08-27 14:45:00+05:30,BULL,NEAR,80.0,VWAP_PULLBACK,MACRO_BULL,1914.4,1911.5057,60.0,0.162,3.815,1.1,1910.5435,1912.2985,1906.5612,BULL,1910.0,1911.6219,45.61,-0.141,8.82,True,False,True,False,True,False,False,False
2026-08-27T14:55:07,BEL,2026-08-27 14:50:00+05:30,BULL,NO_SIGNAL,60.0,,MACRO_BULL|ENTRY_TRIGGER,410.65,410.3738,56.53,0.159,1.508,1.1,410.4641,409.311,409.8555,BULL,410.4,410.2342,53.02,0.085,20.73,True,False,False,False,False,False,False,False
2026-08-27T14:55:08,TATACONSUM,2026-08-27 14:50:00+05:30,BULL,NO_SIGNAL,60.0,TREND_CONTINUATION,MACRO_BULL|ABOVE_WVWAP,1040.9,1038.9126,65.04,0.395,2.111,1.1,1039.5334,1048.3893,1036.9343,BULL,1039.9,1039.5567,48.41,-0.029,25.61,True,False,False,False,False,False,True,False
2026-08-27T14:55:08,BAJAJ-AUTO,2026-08-27 14:50:00+05:30,BULL,NO_SIGNAL,40.0,,MACRO_BULL|ABOVE_WVWAP|ENTRY_TRIGGER,11701.0,11691.3232,56.55,0.188,1.134,1.1,11680.0753,11767.8462,11673.7924,BULL,11694.0,11696.2758,47.31,0.412,18.04,True,False,False,False,False,False,False,False
2026-08-27T14:55:09,NESTLEIND,2026-08-27 14:50:00+05:30,BULL,NO_SIGNAL,40.0,,MACRO_BULL|ABOVE_WVWAP|ENTRY_TRIGGER,1449.4,1446.6004,67.04,0.235,3.654,1.1,1449.3258,1461.9504,1444.608,BULL,1447.3,1447.0239,47.7,0.34,8.48,True,False,False,False,False,False,False,False
2026-08-27T14:55:09,BAJFINANCE,2026-08-27 14:50:00+05:30,BEAR,NO_SIGNAL,60.0,,MACRO_BEAR|ENTRY_TRIGGER,1086.0,1086.1789,47.98,0.055,1.897,1.1,1091.9328,1086.5944,1089.5429,BEAR,1085.6,1087.2243,44.97,-0.294,20.65,False,False,False,False,False,False,False,False
2026-08-27T14:55:10,HINDALCO,2026-08-27 14:50:00+05:30,BEAR,NEAR,80.0,,ENTRY_TRIGGER,1024.6,1025.669,41.62,0.186,2.251,1.1,1033.7114,1046.5229,1027.9049,BEAR,1023.1,1033.5156,17.77,-1.549,49.68,False,False,False,False,False,False,False,False
2026-08-27T14:55:11,NTPC,2026-08-27 14:50:00+05:30,BEAR,NEAR,80.0,,ENTRY_TRIGGER,329.25,329.2364,47.65,0.076,1.922,1.1,330.1292,335.2647,330.0875,BEAR,328.7,330.7078,27.91,-0.484,43.31,False,False,False,False,False,False,False,False
2026-08-27T14:55:11,HDFCLIFE,2026-08-27 14:50:00+05:30,BULL,NO_SIGNAL,40.0,,MACRO_BULL|ABOVE_WVWAP|ENTRY_TRIGGER,553.1,553.4748,47.35,-0.162,1.824,1.1,553.3699,554.4844,552.4862,BULL,554.05,553.5985,51.21,0.326,20.03,False,False,False,True,False,True,False,False
2026-08-27T14:55:12,SBILIFE,2026-08-27 14:50:00+05:30,BULL,NO_SIGNAL,40.0,,MACRO_BULL|ST_BULL|ENTRY_TRIGGER,1782.4,1781.8635,51.54,0.146,2.774,1.1,1783.4808,1771.2635,1786.5771,BEAR,1781.1,1781.792,49.83,-0.146,17.48,False,False,False,False,False,False,False,False
2026-08-27T14:55:12,HINDUNILVR,2026-08-27 14:50:00+05:30,BEAR,NO_SIGNAL,60.0,,MACRO_BEAR|ENTRY_TRIGGER,2011.7,2009.7645,59.45,0.229,3.964,1.1,2010.7062,2020.1558,2014.4341,BEAR,2009.5,2011.9858,40.92,0.015,29.09,True,False,False,False,False,False,True,False
2026-08-27T14:55:13,MARUTI,2026-08-27 14:50:00+05:30,BULL,NO_SIGNAL,40.0,,MACRO_BULL|ABOVE_WVWAP|ENTRY_TRIGGER,13467.0,13445.3401,58.42,0.455,3.877,1.1,13448.995,13531.0607,13417.3184,BULL,13452.0,13461.423,46.02,0.015,20.63,True,False,False,False,False,False,False,False
2026-08-27T14:55:13,ITC,2026-08-27 14:50:00+05:30,BEAR,NEAR,80.0,,ENTRY_TRIGGER,269.0,268.8651,52.89,0.168,1.77,1.1,269.3258,269.952,269.5575,BEAR,268.65,269.2844,35.86,-0.204,32.3,False,False,False,False,False,False,False,False
2026-08-27T14:55:14,TMPV,2026-08-27 14:50:00+05:30,BULL,NEAR,80.0,VWAP_PULLBACK,MACRO_BULL,317.15,316.1442,62.81,0.491,4.931,1.1,316.4125,314.7165,315.2595,BULL,315.75,315.9407,49.47,-0.582,31.09,True,False,True,False,True,False,True,False
2026-08-27T14:55:14,ADANIPORTS,2026-08-27 14:50:00+05:30,BULL,NO_SIGNAL,20.0,VWAP_PULLBACK,MACRO_BULL|ST_BULL|RVOL|ENTRY_TRIGGER,1707.3,1707.7929,48.88,-0.24,0.913,1.1,1704.6202,1694.7361,1710.9474,BEAR,1702.1,1705.1626,47.26,0.259,38.83,False,False,True,False,False,False,False,False
2026-08-27T14:55:15,DRREDDY,2026-08-27 14:50:00+05:30,BULL,NO_SIGNAL,20.0,,MACRO_BULL|ABOVE_WVWAP|RVOL|ENTRY_TRIGGER,1177.7,1176.9103,50.89,0.546,0.714,1.1,1179.4477,1185.6984,1172.4152,BULL,1180.0,1180.4458,47.86,-0.615,20.39,False,False,False,True,False,False,False,False
2026-08-27T14:55:15,WIPRO,2026-08-27 14:50:00+05:30,BULL,NO_SIGNAL,40.0,,MACRO_BULL|ABOVE_WVWAP|ENTRY_TRIGGER,177.49,177.4604,52.82,0.068,4.373,1.1,177.3571,179.6712,177.182,BULL,177.45,177.4386,48.09,0.237,11.39,False,False,False,False,False,False,False,False
2026-08-27T14:55:16,ONGC,2026-08-27 14:50:00+05:30,BEAR,NO_SIGNAL,60.0,,MACRO_BEAR|ENTRY_TRIGGER,232.2,232.5571,39.02,-0.326,4.389,1.1,232.9202,234.217,232.8279,BEAR,232.0,232.9132,37.44,-0.74,19.96,False,True,False,False,False,False,False,False
2026-08-27T14:55:16,SBIN,2026-08-27 14:50:00+05:30,BEAR,NO_SIGNAL,60.0,,BELOW_WVWAP|ENTRY_TRIGGER,1044.5,1044.7973,46.21,0.0,1.695,1.1,1046.5928,1043.1452,1046.8953,BEAR,1043.9,1046.6961,38.36,-0.401,31.68,False,False,False,False,False,False,False,False
2026-08-27T14:55:17,EICHERMOT,2026-08-27 14:50:00+05:30,BULL,NEAR,80.0,,ENTRY_TRIGGER,8081.0,8073.2349,57.72,0.31,5.642,1.1,8046.2495,8044.701,8065.1645,BULL,8089.0,8057.4401,61.22,0.86,24.94,True,False,False,False,False,False,False,False
2026-08-27T14:55:17,COALINDIA,2026-08-27 14:50:00+05:30,BEAR,NO_SIGNAL,60.0,,MACRO_BEAR|ENTRY_TRIGGER,400.0,400.0689,45.7,0.226,1.759,1.1,400.8839,403.6894,400.1247,BEAR,399.75,401.1991,35.44,-0.683,19.3,False,False,False,False,False,False,False,False
2026-08-27T14:55:18,BAJAJFINSV,2026-08-27 14:50:00+05:30,BEAR,NO_SIGNAL,60.0,,MACRO_BEAR|ENTRY_TRIGGER,2001.5,2002.3015,45.33,0.035,3.577,1.1,2005.6837,2007.3697,2007.7027,BEAR,2000.2,2005.3434,38.87,-0.14,15.87,False,False,False,False,False,False,False,False
2026-08-27T14:55:19,MAXHEALTH,2026-08-27 14:50:00+05:30,BULL,NEAR,80.0,VWAP_PULLBACK,MACRO_BULL,1006.3,1004.4521,61.45,0.269,2.915,1.1,1003.9085,1000.7873,1001.1353,BULL,1004.2,1005.0452,46.12,0.41,19.98,True,False,True,False,False,False,False,False
2026-08-27T14:55:19,KOTAKBANK,2026-08-27 14:50:00+05:30,BULL,NEAR,80.0,,ENTRY_TRIGGER,425.65,425.6594,51.17,-0.082,1.743,1.1,424.2413,413.2321,424.2586,BULL,425.95,424.001,67.83,0.129,65.98,False,False,False,False,False,False,False,False
2026-08-27T14:55:20,APOLLOHOSP,2026-08-27 14:50:00+05:30,BULL,NO_SIGNAL,60.0,,RVOL|ENTRY_TRIGGER,8809.5,8794.9816,63.02,0.262,0.984,1.1,8792.3076,8734.6948,8782.9872,BULL,8809.0,8789.256,60.98,0.21,33.17,True,False,False,False,False,False,False,False
2026-08-27T14:55:20,CIPLA,2026-08-27 14:50:00+05:30,BULL,NO_SIGNAL,40.0,,MACRO_BULL|ABOVE_WVWAP|ENTRY_TRIGGER,1416.8,1414.5436,62.63,0.17,3.276,1.1,1410.0836,1419.5792,1411.1087,BULL,1415.8,1411.6087,60.96,0.561,20.17,True,False,False,False,False,False,False,False
2026-08-27T14:55:21,JSWSTEEL,2026-08-27 14:50:00+05:30,BULL,NO_SIGNAL,40.0,,MACRO_BULL|ST_BULL|ENTRY_TRIGGER,1336.0,1335.669,50.52,0.052,1.891,1.1,1338.3576,1322.0136,1338.1644,BEAR,1335.3,1335.4817,52.19,-0.425,40.06,False,False,False,False,False,False,False,False
2026-08-27T14:55:21,HCLTECH,2026-08-27 14:50:00+05:30,BEAR,NEAR,80.0,VWAP_PULLBACK,MACRO_BEAR,1284.0,1288.0824,32.2,-0.434,2.439,1.1,1287.5135,1301.4402,1290.5398,BEAR,1284.7,1289.6109,36.16,-0.039,16.48,False,True,False,True,False,False,False,False
2026-08-27T14:55:22,TCS,2026-08-27 14:50:00+05:30,BULL,NO_SIGNAL,40.0,,MACRO_BULL|ABOVE_WVWAP|ENTRY_TRIGGER,2255.0,2254.6438,51.2,0.049,3.528,1.1,2255.2775,2278.511,2249.4921,BULL,2253.1,2256.0055,42.44,0.12,11.47,False,False,False,False,False,False,False,False
2026-08-27T14:55:22,INDIGO,2026-08-27 14:50:00+05:30,BEAR,NO_SIGNAL,60.0,,BELOW_WVWAP|ENTRY_TRIGGER,5190.0,5199.826,34.55,-0.087,1.193,1.1,5212.2307,5178.9722,5209.0239,BEAR,5190.5,5213.5808,37.32,-0.565,22.1,False,True,False,False,False,False,False,False
2026-08-27T14:55:23,BHARTIARTL,2026-08-27 14:50:00+05:30,BEAR,NEAR,80.0,,ENTRY_TRIGGER,1886.1,1888.8581,39.81,0.016,1.315,1.1,1895.3575,1915.7063,1894.7952,BEAR,1885.7,1896.5002,31.21,-0.831,39.06,False,False,False,False,False,False,False,False
2026-08-27T14:55:23,ETERNAL,2026-08-27 14:50:00+05:30,BULL,NEAR,80.0,,ENTRY_TRIGGER,330.1,329.3958,64.45,0.289,2.276,1.1,328.2171,328.2387,328.8504,BULL,329.95,328.3942,63.86,0.687,28.39,True,False,False,False,False,False,False,False
2026-08-27T14:55:24,LT,2026-08-27 14:50:00+05:30,BEAR,NO_SIGNAL,60.0,,MACRO_BEAR|ENTRY_TRIGGER,4042.0,4048.9263,39.22,-0.146,4.335,1.1,4043.7173,4076.9998,4058.482,BEAR,4047.0,4048.6708,47.48,0.422,27.22,False,True,False,False,False,False,False,False
2026-08-27T14:55:24,SHRIRAMFIN,2026-08-27 14:50:00+05:30,BULL,NO_SIGNAL,40.0,,MACRO_BULL|ABOVE_WVWAP|ENTRY_TRIGGER,1103.2,1102.0371,55.38,0.218,1.987,1.1,1101.5055,1116.2159,1098.0781,BULL,1101.8,1103.2997,44.81,0.548,21.52,True,False,False,False,False,False,False,False
2026-08-27T14:55:25,GRASIM,2026-08-27 14:50:00+05:30,BULL,NO_SIGNAL,40.0,,MACRO_BULL|ABOVE_WVWAP|ENTRY_TRIGGER,3271.7,3271.8371,46.78,0.052,3.805,1.1,3278.685,3275.8142,3266.7522,BULL,3272.5,3276.0717,45.97,-0.368,20.07,False,False,False,False,False,False,False,False
2026-08-27T14:55:25,AXISBANK,2026-08-27 14:50:00+05:30,BULL,NO_SIGNAL,40.0,,MACRO_BULL|ST_BULL|ENTRY_TRIGGER,1256.6,1260.1016,34.61,-0.459,1.78,1.1,1259.5581,1247.6662,1262.612,BEAR,1257.6,1258.9879,49.12,0.08,36.16,False,True,False,False,False,False,False,False
2026-08-27T14:55:26,POWERGRID,2026-08-27 14:50:00+05:30,BULL,NO_SIGNAL,40.0,,MACRO_BULL|ABOVE_WVWAP|ENTRY_TRIGGER,265.8,264.6169,76.28,0.644,6.851,1.1,263.9637,268.0033,264.3941,BULL,264.8,264.6873,48.43,0.132,27.83,True,False,False,False,False,False,False,False
2026-08-27T14:55:26,ADANIENT,2026-08-27 14:50:00+05:30,BULL,NO_SIGNAL,60.0,,ST_BULL|ENTRY_TRIGGER,3158.7,3156.4086,55.5,0.073,1.962,1.1,3150.4374,3089.5591,3164.7777,BEAR,3157.8,3149.3301,64.41,0.551,44.87,True,False,False,False,False,False,False,False
2026-08-27T14:55:27,TECHM,2026-08-27 14:50:00+05:30,BEAR,NO_SIGNAL,60.0,,BELOW_WVWAP|ENTRY_TRIGGER,1586.7,1587.3395,46.54,-0.032,3.884,1.1,1589.2767,1583.7848,1590.5977,BEAR,1584.8,1586.7515,47.9,-0.333,27.74,False,False,False,False,False,False,False,False
2026-08-27T14:55:28,ICICIBANK,2026-08-27 14:50:00+05:30,BULL,NEAR,80.0,,ENTRY_TRIGGER,1447.9,1447.5098,54.08,0.048,1.682,1.1,1444.8789,1431.556,1442.4624,BULL,1448.6,1444.1268,65.02,0.423,38.46,False,False,False,False,False,False,False,False
2026-08-27T14:55:28,JIOFIN,2026-08-27 14:50:00+05:30,BEAR,NEAR,80.0,,ENTRY_TRIGGER,239.4,239.4188,47.1,0.042,2.931,1.1,240.1012,241.9668,239.7242,BEAR,239.25,239.9573,35.59,-0.146,29.97,False,False,False,False,False,False,False,False
2026-08-27T14:55:29,TATASTEEL,2026-08-27 14:50:00+05:30,BEAR,NEAR,80.0,TREND_CONTINUATION,BELOW_WVWAP,187.17,187.4499,39.88,-0.197,1.458,1.1,188.3741,186.3421,188.0081,BEAR,187.2,187.6299,46.5,-0.521,30.31,False,True,False,False,False,False,False,True
2026-08-27T14:55:29,TITAN,2026-08-27 14:50:00+05:30,BULL,NO_SIGNAL,60.0,,ST_BULL|ENTRY_TRIGGER,5140.0,5158.3903,37.86,-0.667,1.702,1.1,5128.4173,5108.784,5171.5616,BEAR,5146.7,5141.2509,55.49,0.367,40.51,False,True,False,False,False,False,False,False
2026-08-27T14:55:30,INFY,2026-08-27 14:50:00+05:30,BEAR,NO_SIGNAL,60.0,,MACRO_BEAR|ENTRY_TRIGGER,1107.6,1109.6933,36.6,-0.171,1.582,1.1,1112.9958,1125.4781,1112.1144,BEAR,1108.0,1112.4034,34.91,-0.171,7.82,False,True,False,False,False,False,False,False
2026-08-27T14:55:30,TRENT,2026-08-27 14:50:00+05:30,BULL,NO_SIGNAL,40.0,,MACRO_BULL|ABOVE_WVWAP|ENTRY_TRIGGER,2880.8,2879.7106,50.25,0.376,3.452,1.1,2888.035,2910.7438,2869.2138,BULL,2882.0,2887.918,42.02,-0.672,21.36,False,False,False,True,False,False,False,False
2026-08-27T14:55:31,ASIANPAINT,2026-08-27 14:50:00+05:30,BULL,NO_SIGNAL,40.0,,MACRO_BULL|ST_BULL|ENTRY_TRIGGER,2642.0,2643.1703,46.39,-0.019,1.588,1.1,2643.153,2634.7255,2647.959,BEAR,2643.3,2644.1594,49.33,-0.049,15.16,False,False,False,False,False,False,False,False
2026-08-27T14:55:31,ULTRACEMCO,2026-08-27 14:50:00+05:30,BULL,NO_SIGNAL,40.0,,MACRO_BULL|ST_BULL|ENTRY_TRIGGER,11747.0,11733.9102,55.76,0.188,4.409,1.1,11741.5666,11624.2338,11772.8044,BEAR,11728.0,11728.208,51.39,0.026,20.45,True,False,False,False,False,False,False,False
2026-08-27T14:55:32,HDFCBANK,2026-08-27 14:50:00+05:30,BEAR,NEAR,80.0,,ENTRY_TRIGGER,714.8,714.2254,52.67,0.21,1.204,1.1,715.9068,721.6168,715.1239,BEAR,714.15,716.67,38.52,-0.056,41.54,False,False,False,False,False,False,False,False
2026-08-27T14:55:32,RELIANCE,2026-08-27 14:50:00+05:30,BEAR,NO_SIGNAL,40.0,,MACRO_BEAR|RVOL|ENTRY_TRIGGER,1290.0,1291.1155,41.04,-0.054,1.034,1.1,1293.2822,1302.0742,1294.4613,BEAR,1290.6,1294.0528,36.3,0.062,19.88,False,True,False,False,False,False,False,False
2026-08-27T14:55:33,M&M,2026-08-27 14:50:00+05:30,BEAR,NEAR,80.0,,ENTRY_TRIGGER,3355.1,3354.739,48.45,0.338,4.697,1.1,3366.7506,3400.6552,3358.2828,BEAR,3355.1,3367.9152,35.27,-0.265,39.35,False,False,False,False,False,False,False,False
2026-08-27T14:55:33,SUNPHARMA,2026-08-27 14:50:00+05:30,BULL,NO_SIGNAL,60.0,,MACRO_BULL|ENTRY_TRIGGER,1915.4,1911.8597,62.54,0.178,3.319,1.1,1910.7176,1912.3189,1907.3688,BULL,1910.0,1911.6219,45.61,-0.141,8.82,True,False,False,False,False,False,False,False
2026-08-27T15:00:04,BEL,2026-08-27 14:55:00+05:30,BULL,NO_SIGNAL,60.0,,MACRO_BULL|ENTRY_TRIGGER,410.5,410.3853,52.81,0.098,1.364,1.1,410.4646,409.315,409.8555,BULL,410.5,410.2584,54.15,0.037,21.28,False,False,False,False,False,False,False,False
2026-08-27T15:00:04,TATACONSUM,2026-08-27 14:55:00+05:30,BULL,NO_SIGNAL,60.0,,ABOVE_WVWAP|ENTRY_TRIGGER,1040.4,1039.0478,60.68,0.405,1.654,1.1,1039.5551,1048.3531,1037.1366,BULL,1040.4,1039.6334,50.12,0.01,24.23,True,False,False,False,False,False,False,False
2026-08-27T15:00:05,BAJAJ-AUTO,2026-08-27 14:55:00+05:30,BULL,NO_SIGNAL,20.0,,MACRO_BULL|ABOVE_WVWAP|RVOL|ENTRY_TRIGGER,11700.0,11692.112,55.85,0.12,0.899,1.1,11680.3044,11767.6287,11673.7924,BULL,11700.0,11696.6144,49.14,0.429,17.21,True,False,False,False,False,False,False,False
2026-08-27T15:00:05,NESTLEIND,2026-08-27 14:55:00+05:30,BULL,NO_SIGNAL,40.0,,MACRO_BULL|ABOVE_WVWAP|ENTRY_TRIGGER,1449.0,1446.8186,64.11,0.18,2.491,1.1,1449.3065,1461.902,1444.608,BULL,1449.0,1447.2035,53.06,0.52,8.09,True,False,False,False,False,False,False,False
2026-08-27T15:00:06,BAJFINANCE,2026-08-27 14:55:00+05:30,BEAR,NO_SIGNAL,60.0,,MACRO_BEAR|ENTRY_TRIGGER,1085.6,1086.1263,45.95,0.046,1.839,1.1,1091.8243,1086.5896,1089.5027,BEAR,1085.6,1087.0767,44.97,-0.312,20.29,False,False,False,False,False,False,False,False
2026-08-27T15:00:06,HINDALCO,2026-08-27 14:55:00+05:30,BEAR,NO_SIGNAL,60.0,,RVOL|ENTRY_TRIGGER,1024.05,1025.5218,40.04,0.015,1.081,1.1,1033.4799,1046.3931,1027.9049,BEAR,1024.05,1032.6551,21.61,-1.296,50.26,False,False,False,False,False,False,False,False
2026-08-27T15:00:07,NTPC,2026-08-27 14:55:00+05:30,BEAR,NEAR,80.0,,ENTRY_TRIGGER,329.15,329.2286,46.01,0.122,1.295,1.1,330.1113,335.2144,330.0875,BEAR,329.15,330.5662,32.89,-0.288,43.27,False,False,False,False,False,False,False,False
2026-08-27T15:00:07,HDFCLIFE,2026-08-27 14:55:00+05:30,BULL,NO_SIGNAL,40.0,,MACRO_BULL|ABOVE_WVWAP|ENTRY_TRIGGER,553.6,553.4861,52.52,-0.135,1.11,1.1,553.3722,554.4791,552.4862,BULL,553.6,553.5987,49.14,0.027,18.86,False,False,False,False,False,False,False,False
2026-08-27T15:00:08,SBILIFE,2026-08-27 14:55:00+05:30,BULL,NO_SIGNAL,40.0,,MACRO_BULL|ST_BULL|ENTRY_TRIGGER,1783.3,1781.9941,54.52,0.084,1.844,1.1,1783.465,1771.3279,1786.5771,BEAR,1783.3,1781.9291,53.17,0.118,17.18,False,False,False,False,False,False,False,False
2026-08-27T15:00:09,HINDUNILVR,2026-08-27 14:55:00+05:30,BEAR,NO_SIGNAL,60.0,,MACRO_BEAR|ENTRY_TRIGGER,2012.9,2010.0496,63.92,0.269,1.141,1.1,2010.7397,2020.1197,2014.4341,BEAR,2012.9,2012.0689,49.15,0.045,28.43,True,False,False,False,False,False,True,False
2026-08-27T15:00:09,MARUTI,2026-08-27 14:55:00+05:30,BULL,NO_SIGNAL,20.0,,MACRO_BULL|ABOVE_WVWAP|RVOL|ENTRY_TRIGGER,13457.0,13446.4001,54.28,0.388,1.087,1.1,13449.1895,13530.7349,13417.3184,BULL,13457.0,13461.0209,47.03,-0.082,19.65,False,False,False,False,False,False,False,False
2026-08-27T15:00:10,ITC,2026-08-27 14:55:00+05:30,BEAR,NO_SIGNAL,60.0,VWAP_PULLBACK,RVOL|ENTRY_TRIGGER,268.9,268.8683,49.61,0.093,0.922,1.1,269.3198,269.9488,269.5575,BEAR,268.9,269.2495,41.06,-0.186,32.2,False,False,False,True,False,False,False,False
2026-08-27T15:00:10,TMPV,2026-08-27 14:55:00+05:30,BULL,NO_SIGNAL,60.0,,MACRO_BULL|ENTRY_TRIGGER,317.2,316.2402,63.28,0.603,1.521,1.1,316.4245,314.7247,315.6296,BULL,317.2,316.0552,57.91,-0.58,31.44,True,False,False,False,False,False,False,False
2026-08-27T15:00:11,ADANIPORTS,2026-08-27 14:55:00+05:30,BULL,NO_SIGNAL,40.0,VWAP_PULLBACK,ST_BULL|RVOL|ENTRY_TRIGGER,1708.2,1707.8299,51.0,-0.21,0.558,1.1,1704.6567,1694.7763,1710.9474,BEAR,1708.2,1705.4387,56.07,0.642,36.93,False,False,True,False,False,False,False,False
2026-08-27T15:00:11,DRREDDY,2026-08-27 14:55:00+05:30,BULL,NO_SIGNAL,20.0,,MACRO_BULL|ABOVE_WVWAP|RVOL|ENTRY_TRIGGER,1177.3,1176.9457,49.63,0.667,0.98,1.1,1179.4067,1185.6744,1172.4152,BULL,1177.3,1180.1598,43.98,-0.675,20.11,False,False,False,True,False,False,False,False
2026-08-27T15:00:12,WIPRO,2026-08-27 14:55:00+05:30,BULL,NO_SIGNAL,40.0,,MACRO_BULL|ABOVE_WVWAP|ENTRY_TRIGGER,177.56,177.4695,56.52,0.135,2.969,1.1,177.3631,179.6627,177.182,BULL,177.56,177.4496,51.09,0.305,10.77,True,False,False,False,False,False,False,False
2026-08-27T15:00:12,ONGC,2026-08-27 14:55:00+05:30,BEAR,NO_SIGNAL,60.0,,MACRO_BEAR|ENTRY_TRIGGER,232.2,232.5247,39.02,-0.335,2.219,1.1,232.8959,234.201,232.8279,BEAR,232.2,232.8484,40.54,-0.39,20.54,False,True,False,False,False,False,False,False
2026-08-27T15:00:13,SBIN,2026-08-27 14:55:00+05:30,BEAR,NO_SIGNAL,60.0,,BELOW_WVWAP|ENTRY_TRIGGER,1044.2,1044.743,44.27,0.048,1.176,1.1,1046.5574,1043.1481,1046.8953,BEAR,1044.2,1046.4692,39.62,-0.334,31.44,False,False,False,False,False,False,False,False
2026-08-27T15:00:13,EICHERMOT,2026-08-27 14:55:00+05:30,BULL,NEAR,80.0,,ENTRY_TRIGGER,8096.5,8075.3499,64.77,0.49,3.848,1.1,8048.9733,8045.6152,8065.1645,BULL,8096.5,8060.991,63.09,0.684,23.8,True,False,False,False,False,False,False,False
2026-08-27T15:00:14,COALINDIA,2026-08-27 14:55:00+05:30,BEAR,NO_SIGNAL,40.0,,MACRO_BEAR|RVOL|ENTRY_TRIGGER,399.95,400.0581,44.94,0.238,0.96,1.1,400.8583,403.6737,400.1247,BEAR,399.95,401.0856,37.55,-0.584,19.3,False,False,False,False,False,False,False,False
2026-08-27T15:00:14,BAJAJFINSV,2026-08-27 14:55:00+05:30,BEAR,NO_SIGNAL,40.0,,MACRO_BEAR|RVOL|ENTRY_TRIGGER,2003.0,2002.365,50.41,0.14,0.804,1.1,2005.6228,2007.3462,2007.7027,BEAR,2003.0,2005.1303,44.82,-0.025,16.39,False,False,False,False,False,False,False,False
2026-08-27T15:00:15,MAXHEALTH,2026-08-27 14:55:00+05:30,BULL,NO_SIGNAL,60.0,,MACRO_BULL|ENTRY_TRIGGER,1006.7,1004.6564,63.16,0.309,1.424,1.1,1003.9646,1000.8131,1001.9231,BULL,1006.7,1005.1956,53.02,0.569,19.69,True,False,False,False,False,False,False,False
2026-08-27T15:00:15,KOTAKBANK,2026-08-27 14:55:00+05:30,BULL,NO_SIGNAL,60.0,,MACRO_BULL|ENTRY_TRIGGER,425.35,425.6313,47.26,-0.047,4.337,1.1,424.303,413.4675,424.2586,BULL,425.35,424.1236,63.47,0.0,64.85,False,False,False,False,False,False,False,False
2026-08-27T15:00:16,APOLLOHOSP,2026-08-27 14:55:00+05:30,BULL,NEAR,80.0,,ENTRY_TRIGGER,8809.5,8796.3015,63.02,0.307,2.049,1.1,8792.9663,8735.4307,8782.9872,BULL,8809.5,8791.0964,61.18,0.307,34.01,True,False,False,False,False,False,False,False
2026-08-27T15:00:16,CIPLA,2026-08-27 14:55:00+05:30,BULL,NO_SIGNAL,40.0,,MACRO_BULL|ABOVE_WVWAP|ENTRY_TRIGGER,1417.0,1414.7669,63.28,0.198,5.113,1.1,1410.5829,1419.5577,1411.1391,BULL,1417.0,1412.0988,63.16,0.525,20.83,True,False,False,False,False,False,False,False
2026-08-27T15:00:17,JSWSTEEL,2026-08-27 14:55:00+05:30,BULL,NO_SIGNAL,60.0,,ST_BULL|ENTRY_TRIGGER,1335.8,1335.6809,49.36,0.037,2.385,1.1,1338.2724,1322.1263,1338.1644,BEAR,1335.8,1335.5106,53.44,0.037,37.93,False,False,False,False,False,False,False,False
2026-08-27T15:00:17,HCLTECH,2026-08-27 14:55:00+05:30,BEAR,NO_SIGNAL,60.0,,MACRO_BEAR|ENTRY_TRIGGER,1285.3,1287.8295,38.85,-0.357,2.017,1.1,1287.4499,1301.2945,1290.3484,BEAR,1285.3,1289.219,37.91,-0.023,16.58,False,True,False,False,False,False,False,False
2026-08-27T15:00:18,TCS,2026-08-27 14:55:00+05:30,BULL,NO_SIGNAL,40.0,,MACRO_BULL|ABOVE_WVWAP|ENTRY_TRIGGER,2256.6,2254.8216,55.87,0.182,1.54,1.1,2255.2938,2278.446,2249.4921,BULL,2256.6,2256.0595,48.44,0.338,10.83,True,False,False,False,False,False,False,False
2026-08-27T15:00:18,INDIGO,2026-08-27 14:55:00+05:30,BEAR,NO_SIGNAL,40.0,,BELOW_WVWAP|RVOL|ENTRY_TRIGGER,5189.5,5198.8873,34.13,-0.067,0.792,1.1,5211.9396,5178.9956,5206.0989,BEAR,5189.5,5211.3916,36.94,-0.67,23.31,False,True,False,False,False,False,False,False
2026-08-27T15:00:19,BHARTIARTL,2026-08-27 14:55:00+05:30,BEAR,NEAR,80.0,,ENTRY_TRIGGER,1888.7,1888.8437,46.94,0.127,1.612,1.1,1895.1361,1915.3498,1894.7952,BEAR,1888.7,1895.7911,36.51,-0.595,39.85,False,False,False,False,False,False,False,False
2026-08-27T15:00:20,ETERNAL,2026-08-27 14:55:00+05:30,BULL,NEAR,80.0,,ENTRY_TRIGGER,330.15,329.4644,65.02,0.289,1.507,1.1,328.2619,328.2501,328.8504,BULL,330.15,328.5538,64.99,0.902,29.5,True,False,False,False,False,False,False,False
2026-08-27T15:00:20,LT,2026-08-27 14:55:00+05:30,BEAR,NEAR,80.0,VWAP_PULLBACK,MACRO_BEAR,4039.4,4048.0603,36.12,-0.291,2.343,1.1,4043.5769,4076.7015,4057.4031,BEAR,4039.4,4047.828,42.2,0.012,27.78,False,True,False,True,False,False,False,True
2026-08-27T15:00:21,SHRIRAMFIN,2026-08-27 14:55:00+05:30,BULL,NO_SIGNAL,40.0,,MACRO_BULL|ABOVE_WVWAP|ENTRY_TRIGGER,1103.2,1102.1428,55.38,0.245,2.038,1.1,1101.5418,1116.1433,1098.5886,BULL,1103.2,1103.2906,47.43,0.254,20.04,True,False,False,False,False,False,False,False
2026-08-27T15:00:21,GRASIM,2026-08-27 14:55:00+05:30,BULL,NO_SIGNAL,40.0,,MACRO_BULL|ABOVE_WVWAP|ENTRY_TRIGGER,3269.0,3271.5792,38.88,-0.009,1.424,1.1,3278.5142,3275.7994,3266.7522,BULL,3269.0,3275.4289,43.03,-0.414,19.33,False,True,False,False,False,False,False,False
2026-08-27T15:00:22,AXISBANK,2026-08-27 14:55:00+05:30,BULL,NO_SIGNAL,20.0,,MACRO_BULL|ST_BULL|RVOL|ENTRY_TRIGGER,1257.3,1259.8469,38.35,-0.293,0.772,1.1,1259.5343,1247.6984,1262.0246,BEAR,1257.3,1258.8345,48.44,0.08,34.24,False,True,False,False,False,False,False,False
2026-08-27T15:00:22,POWERGRID,2026-08-27 14:55:00+05:30,BULL,NO_SIGNAL,60.0,,ABOVE_WVWAP|ENTRY_TRIGGER,265.75,264.7199,74.69,0.682,1.158,1.1,263.9818,267.9973,264.42,BULL,265.75,264.7839,57.18,0.283,27.36,True,False,False,False,False,False,False,False
2026-08-27T15:00:23,ADANIENT,2026-08-27 14:55:00+05:30,BULL,NO_SIGNAL,60.0,TREND_CONTINUATION,ST_BULL|RVOL,3161.2,3156.8442,59.35,0.174,1.018,1.1,3150.5813,3089.8139,3164.7777,BEAR,3161.2,3150.4092,66.99,0.566,44.49,True,False,False,False,False,False,True,False
2026-08-27T15:00:23,TECHM,2026-08-27 14:55:00+05:30,BULL,NO_SIGNAL,60.0,BREAKOUT_CONTINUATION,ST_BULL|ENTRY_TRIGGER,1588.2,1587.4177,51.84,0.05,2.553,1.1,1589.23,1583.8099,1590.5977,BEAR,1588.2,1586.8832,53.67,0.019,26.86,False,False,False,False,True,False,False,False
2026-08-27T15:00:24,ICICIBANK,2026-08-27 14:55:00+05:30,BULL,NO_SIGNAL,60.0,,RVOL|ENTRY_TRIGGER,1449.6,1447.6998,60.8,0.27,0.775,1.1,1444.945,1431.668,1442.4624,BULL,1449.6,1444.6244,66.77,0.423,39.1,True,False,False,False,False,False,False,False
2026-08-27T15:00:24,JIOFIN,2026-08-27 14:55:00+05:30,BEAR,NEAR,80.0,,ENTRY_TRIGGER,239.25,239.4034,41.88,0.042,1.895,1.1,240.0857,241.9549,239.7242,BEAR,239.25,239.893,35.59,-0.292,29.91,False,False,False,False,False,False,False,False
2026-08-27T15:00:25,TATASTEEL,2026-08-27 14:55:00+05:30,BEAR,NO_SIGNAL,40.0,,BELOW_WVWAP|RVOL|ENTRY_TRIGGER,187.36,187.4417,45.57,-0.069,1.043,1.1,188.3644,186.3447,188.0081,BEAR,187.36,187.6053,48.4,-0.287,28.86,False,False,False,False,False,False,False,False
2026-08-27T15:00:25,TITAN,2026-08-27 14:55:00+05:30,BULL,NO_SIGNAL,40.0,,MACRO_BULL|ST_BULL|ENTRY_TRIGGER,5138.5,5156.5821,37.05,-0.58,1.152,1.1,5128.5793,5109.0397,5163.0171,BEAR,5138.5,5141.0008,51.44,0.146,38.67,False,True,False,False,False,False,False,False
2026-08-27T15:00:26,INFY,2026-08-27 14:55:00+05:30,BEAR,NO_SIGNAL,60.0,,MACRO_BEAR|ENTRY_TRIGGER,1109.2,1109.6484,46.04,0.009,1.674,1.1,1112.8751,1125.379,1112.1144,BEAR,1109.2,1112.1121,38.89,0.009,8.27,False,False,False,False,False,False,False,False
2026-08-27T15:00:26,TRENT,2026-08-27 14:55:00+05:30,BULL,NO_SIGNAL,40.0,,MACRO_BULL|ABOVE_WVWAP|ENTRY_TRIGGER,2881.8,2879.9006,51.83,0.432,1.107,1.1,2887.9015,2910.584,2869.2138,BULL,2881.8,2887.3618,41.88,-0.456,20.32,False,False,False,False,False,False,False,False
2026-08-27T15:00:27,ASIANPAINT,2026-08-27 14:55:00+05:30,BULL,NO_SIGNAL,40.0,,MACRO_BULL|ST_BULL|ENTRY_TRIGGER,2638.6,2642.7548,39.85,-0.155,1.536,1.1,2643.0756,2634.7706,2647.959,BEAR,2638.6,2643.654,43.57,-0.212,15.32,False,True,False,False,False,False,False,False
2026-08-27T15:00:27,ULTRACEMCO,2026-08-27 14:55:00+05:30,BULL,NO_SIGNAL,20.0,,MACRO_BULL|ST_BULL|RVOL|ENTRY_TRIGGER,11743.0,11734.7366,53.78,0.299,0.725,1.1,11741.6373,11624.7477,11772.8044,BEAR,11743.0,11729.5527,54.26,-0.085,20.03,False,False,False,False,False,False,False,False
2026-08-27T15:00:28,HDFCBANK,2026-08-27 14:55:00+05:30,BULL,NO_SIGNAL,40.0,TREND_CONTINUATION,MACRO_BULL|ABOVE_WVWAP|RVOL,715.4,714.3322,56.26,0.337,0.928,1.1,715.8974,721.5724,712.0048,BULL,715.4,716.5545,43.1,0.077,40.66,True,False,False,False,False,False,True,False
2026-08-27T15:00:28,RELIANCE,2026-08-27 14:55:00+05:30,BEAR,NO_SIGNAL,60.0,,MACRO_BEAR|ENTRY_TRIGGER,1289.5,1290.9686,38.66,-0.085,1.364,1.1,1293.1838,1301.9637,1294.2632,BEAR,1289.5,1293.6389,34.08,-0.217,19.59,False,True,False,False,False,False,False,False
2026-08-27T15:00:29,M&M,2026-08-27 14:55:00+05:30,BEAR,NEAR,80.0,BREAKOUT_CONTINUATION,ENTRY_TRIGGER,3350.6,3354.3627,42.05,0.227,2.799,1.1,3366.0992,3399.8828,3358.2828,BEAR,3350.6,3366.3411,32.88,-0.342,39.15,False,False,False,False,False,True,False,False
2026-08-27T15:00:30,SUNPHARMA,2026-08-27 14:55:00+05:30,BULL,NO_SIGNAL,60.0,,MACRO_BULL|ENTRY_TRIGGER,1916.2,1912.2543,64.49,0.22,1.104,1.1,1910.789,1912.3281,1908.3947,BULL,1916.2,1912.0381,58.25,0.214,9.04,True,False,False,False,False,False,False,False
2026-08-27T15:05:07,BEL,2026-08-27 15:00:00+05:30,BULL,NO_SIGNAL,60.0,,MACRO_BULL|ENTRY_TRIGGER,410.25,410.373,47.23,0.061,2.567,1.1,410.4615,409.3218,409.8555,BULL,410.5,410.2584,54.15,0.037,21.28,False,False,False,False,False,False,False,False
2026-08-27T15:05:07,TATACONSUM,2026-08-27 15:00:00+05:30,BULL,NO_SIGNAL,60.0,,ABOVE_WVWAP|ENTRY_TRIGGER,1040.4,1039.1707,60.68,0.289,2.135,1.1,1039.5797,1048.3041,1037.1366,BULL,1040.4,1039.6334,50.12,0.01,24.23,True,False,False,False,False,False,False,False
2026-08-27T15:05:08,BAJAJ-AUTO,2026-08-27 15:00:00+05:30,BULL,NO_SIGNAL,40.0,,MACRO_BULL|ABOVE_WVWAP|ENTRY_TRIGGER,11697.0,11692.5563,53.71,0.017,1.358,1.1,11680.642,11767.2941,11673.7924,BULL,11700.0,11696.6144,49.14,0.429,17.21,False,False,False,False,False,False,False,False
2026-08-27T15:05:08,NESTLEIND,2026-08-27 15:00:00+05:30,BULL,NO_SIGNAL,40.0,,MACRO_BULL|ABOVE_WVWAP|ENTRY_TRIGGER,1448.6,1446.9805,61.23,0.152,2.131,1.1,1449.2835,1461.856,1444.608,BULL,1449.0,1447.2035,53.06,0.52,8.09,True,False,False,False,False,False,False,False
2026-08-27T15:05:09,BAJFINANCE,2026-08-27 15:00:00+05:30,BEAR,NEAR,80.0,BREAKOUT_CONTINUATION,MACRO_BEAR,1083.9,1085.9239,38.49,-0.129,2.932,1.1,1091.6305,1086.5744,1089.5027,BEAR,1085.6,1087.0767,44.97,-0.312,20.29,False,True,False,False,False,True,False,False
2026-08-27T15:05:09,HINDALCO,2026-08-27 15:00:00+05:30,BEAR,SIGNAL,100.0,TREND_CONTINUATION,,1022.95,1025.288,37.01,-0.078,2.195,1.1,1032.9939,1046.1155,1027.9049,BEAR,1024.05,1032.6551,21.61,-1.296,50.26,False,True,False,False,False,False,False,True
2026-08-27T15:05:10,NTPC,2026-08-27 15:00:00+05:30,BEAR,NEAR,80.0,,ENTRY_TRIGGER,329.6,329.2623,53.73,0.274,1.741,1.1,330.0982,335.1514,330.0875,BEAR,329.15,330.5662,32.89,-0.288,43.27,False,False,False,False,False,False,False,False
2026-08-27T15:05:10,HDFCLIFE,2026-08-27 15:00:00+05:30,BULL,NO_SIGNAL,40.0,,MACRO_BULL|ABOVE_WVWAP|ENTRY_TRIGGER,553.3,553.4692,49.39,-0.126,4.552,1.1,553.3892,554.4587,552.4862,BULL,553.6,553.5987,49.14,0.027,18.86,False,False,False,True,False,False,False,False
2026-08-27T15:05:11,SBILIFE,2026-08-27 15:00:00+05:30,BULL,NO_SIGNAL,40.0,,MACRO_BULL|ST_BULL|ENTRY_TRIGGER,1783.4,1782.1219,54.85,0.152,1.352,1.1,1783.4624,1771.3798,1786.5771,BEAR,1783.3,1781.9291,53.17,0.118,17.18,False,False,False,False,False,False,False,False
2026-08-27T15:05:11,HINDUNILVR,2026-08-27 15:00:00+05:30,BEAR,NO_SIGNAL,60.0,,MACRO_BEAR|ENTRY_TRIGGER,2012.6,2010.2814,62.08,0.229,1.609,1.1,2010.8016,2020.0715,2014.4341,BEAR,2012.9,2012.0689,49.15,0.045,28.43,True,False,False,False,False,False,False,False
2026-08-27T15:05:12,MARUTI,2026-08-27 15:00:00+05:30,BULL,NO_SIGNAL,40.0,,MACRO_BULL|ABOVE_WVWAP|ENTRY_TRIGGER,13441.0,13445.9092,48.37,0.149,1.886,1.1,13449.2121,13530.0765,13417.3184,BULL,13457.0,13461.0209,47.03,-0.082,19.65,False,False,False,True,False,False,False,False
2026-08-27T15:05:12,ITC,2026-08-27 15:00:00+05:30,BEAR,NEAR,80.0,VWAP_PULLBACK,ENTRY_TRIGGER,268.75,268.8575,45.08,0.019,2.351,1.1,269.3009,269.9396,269.5575,BEAR,268.9,269.2495,41.06,-0.186,32.2,False,False,False,True,False,False,False,False
2026-08-27T15:05:13,TMPV,2026-08-27 15:00:00+05:30,BULL,NO_SIGNAL,60.0,,MACRO_BULL|ENTRY_TRIGGER,316.7,316.282,55.65,0.412,2.643,1.1,316.4364,314.7374,315.6296,BULL,317.2,316.0552,57.91,-0.58,31.44,True,False,False,False,False,False,False,False
2026-08-27T15:05:13,ADANIPORTS,2026-08-27 15:00:00+05:30,BULL,SIGNAL,100.0,BREAKOUT_CONTINUATION,,1712.4,1708.2454,59.43,0.053,3.407,1.1,1705.0539,1695.0775,1700.1616,BULL,1708.2,1705.4387,56.07,0.642,36.93,True,False,False,False,True,False,True,False
2026-08-27T15:05:14,DRREDDY,2026-08-27 15:00:00+05:30,BULL,NO_SIGNAL,20.0,,MACRO_BULL|ABOVE_WVWAP|RVOL|ENTRY_TRIGGER,1176.9,1176.9416,48.35,0.478,0.893,1.1,1179.3622,1185.6509,1172.4152,BULL,1177.3,1180.1598,43.98,-0.675,20.11,False,False,False,True,False,False,False,False
2026-08-27T15:05:14,WIPRO,2026-08-27 15:00:00+05:30,BULL,NO_SIGNAL,40.0,,MACRO_BULL|ABOVE_WVWAP|ENTRY_TRIGGER,177.55,177.4768,55.84,0.113,3.494,1.1,177.3741,179.6521,177.2041,BULL,177.56,177.4496,51.09,0.305,10.77,True,False,False,False,False,False,False,False
2026-08-27T15:05:15,ONGC,2026-08-27 15:00:00+05:30,BEAR,NO_SIGNAL,60.0,,MACRO_BEAR|ENTRY_TRIGGER,231.94,232.4715,34.31,-0.112,9.962,1.1,232.769,234.1189,232.8279,BEAR,232.2,232.8484,40.54,-0.39,20.54,False,True,False,False,False,False,False,False
2026-08-27T15:05:16,SBIN,2026-08-27 15:00:00+05:30,BEAR,NO_SIGNAL,60.0,,BELOW_WVWAP|ENTRY_TRIGGER,1045.5,1044.8119,53.42,0.144,2.575,1.1,1046.5079,1043.1579,1046.8953,BEAR,1044.2,1046.4692,39.62,-0.334,31.44,False,False,False,False,False,False,False,False
2026-08-27T15:05:16,EICHERMOT,2026-08-27 15:00:00+05:30,BULL,NEAR,80.0,,ENTRY_TRIGGER,8095.0,8077.1363,63.67,0.31,1.842,1.1,8050.5505,8046.1741,8065.1645,BULL,8096.5,8060.991,63.09,0.684,23.8,True,False,False,False,False,False,False,False
2026-08-27T15:05:17,COALINDIA,2026-08-27 15:00:00+05:30,BEAR,NO_SIGNAL,40.0,,MACRO_BEAR|RVOL|ENTRY_TRIGGER,399.8,400.0347,42.62,0.326,0.617,1.1,400.8405,403.6633,400.1247,BEAR,399.95,401.0856,37.55,-0.584,19.3,False,False,False,False,False,False,False,False
2026-08-27T15:05:17,BAJAJFINSV,2026-08-27 15:00:00+05:30,BEAR,NO_SIGNAL,60.0,,MACRO_BEAR|ENTRY_TRIGGER,2005.1,2002.6136,56.51,0.2,3.227,1.1,2005.5145,2007.2836,2007.7027,BEAR,2003.0,2005.1303,44.82,-0.025,16.39,True,False,False,False,False,False,False,False
2026-08-27T15:05:18,MAXHEALTH,2026-08-27 15:00:00+05:30,BULL,NO_SIGNAL,60.0,,MACRO_BULL|ENTRY_TRIGGER,1006.3,1004.8058,60.27,0.269,1.345,1.1,1004.0224,1000.8393,1002.5913,BULL,1006.7,1005.1956,53.02,0.569,19.69,True,False,False,False,False,False,False,False
2026-08-27T15:05:18,KOTAKBANK,2026-08-27 15:00:00+05:30,BULL,NO_SIGNAL,60.0,,MACRO_BULL|ENTRY_TRIGGER,425.25,425.5966,46.0,-0.059,3.53,1.1,424.3494,413.681,424.2586,BULL,425.35,424.1236,63.47,0.0,64.85,False,False,False,False,False,False,False,False
2026-08-27T15:05:19,APOLLOHOSP,2026-08-27 15:00:00+05:30,BULL,NO_SIGNAL,60.0,,RVOL|ENTRY_TRIGGER,8809.0,8797.4559,62.48,0.285,1.03,1.1,8793.3477,8735.8387,8782.9872,BULL,8809.5,8791.0964,61.18,0.307,34.01,True,False,False,False,False,False,False,False
2026-08-27T15:05:19,CIPLA,2026-08-27 15:00:00+05:30,BULL,NO_SIGNAL,40.0,,MACRO_BULL|ABOVE_WVWAP|ENTRY_TRIGGER,1415.9,1414.8699,57.41,0.17,2.094,1.1,1410.7703,1419.542,1411.1391,BULL,1417.0,1412.0988,63.16,0.525,20.83,True,False,False,False,False,False,False,False
2026-08-27T15:05:20,JSWSTEEL,2026-08-27 15:00:00+05:30,BULL,NO_SIGNAL,60.0,,ST_BULL|ENTRY_TRIGGER,1336.0,1335.7099,50.59,0.075,3.04,1.1,1338.1519,1322.2809,1338.1644,BEAR,1335.8,1335.5106,53.44,0.037,37.93,False,False,False,False,False,False,False,False
2026-08-27T15:05:20,HCLTECH,2026-08-27 15:00:00+05:30,BEAR,NEAR,80.0,VWAP_PULLBACK,MACRO_BEAR,1284.3,1287.5086,35.93,-0.519,2.481,1.1,1287.3651,1301.1034,1290.3484,BEAR,1285.3,1289.219,37.91,-0.023,16.58,False,True,False,True,False,False,False,False
2026-08-27T15:05:21,TCS,2026-08-27 15:00:00+05:30,BULL,NO_SIGNAL,40.0,,MACRO_BULL|ABOVE_WVWAP|ENTRY_TRIGGER,2257.0,2255.0197,56.98,0.151,3.906,1.1,2255.3622,2278.2852,2249.4921,BULL,2256.6,2256.0595,48.44,0.338,10.83,True,False,False,False,False,False,False,False
2026-08-27T15:05:21,INDIGO,2026-08-27 15:00:00+05:30,BEAR,NO_SIGNAL,60.0,,BELOW_WVWAP|ENTRY_TRIGGER,5190.5,5198.1248,35.81,-0.019,2.975,1.1,5210.8877,5179.0766,5206.0989,BEAR,5189.5,5211.3916,36.94,-0.67,23.31,False,True,False,False,False,False,False,False
2026-08-27T15:05:22,BHARTIARTL,2026-08-27 15:00:00+05:30,BEAR,NO_SIGNAL,60.0,,RVOL|ENTRY_TRIGGER,1887.8,1888.7489,44.96,0.149,1.049,1.1,1895.0028,1915.1183,1894.7952,BEAR,1888.7,1895.7911,36.51,-0.595,39.85,False,False,False,False,False,False,False,False
2026-08-27T15:05:22,ETERNAL,2026-08-27 15:00:00+05:30,BULL,NEAR,80.0,,ENTRY_TRIGGER,330.05,329.5176,62.86,0.273,1.607,1.1,328.3093,328.2626,328.9329,BULL,330.15,328.5538,64.99,0.902,29.5,True,False,False,False,False,False,False,False
2026-08-27T15:05:23,LT,2026-08-27 15:00:00+05:30,BEAR,NO_SIGNAL,40.0,,MACRO_BEAR|RVOL|ENTRY_TRIGGER,4038.5,4047.1912,35.09,-0.294,0.915,1.1,4043.5056,4076.573,4055.4741,BEAR,4039.4,4047.828,42.2,0.012,27.78,False,True,False,False,False,False,False,False
2026-08-27T15:05:23,SHRIRAMFIN,2026-08-27 15:00:00+05:30,BULL,NO_SIGNAL,40.0,,MACRO_BULL|ABOVE_WVWAP|ENTRY_TRIGGER,1103.6,1102.2753,56.9,0.291,2.434,1.1,1101.5893,1116.0545,1098.833,BULL,1103.2,1103.2906,47.43,0.254,20.04,True,False,False,False,False,False,False,False
2026-08-27T15:05:24,GRASIM,2026-08-27 15:00:00+05:30,BULL,NO_SIGNAL,40.0,,MACRO_BULL|ABOVE_WVWAP|ENTRY_TRIGGER,3271.4,3271.5629,47.39,0.064,1.635,1.1,3278.3564,3275.7867,3266.7522,BULL,3269.0,3275.4289,43.03,-0.414,19.33,False,False,False,False,False,False,False,False
2026-08-27T15:05:24,AXISBANK,2026-08-27 15:00:00+05:30,BULL,NO_SIGNAL,20.0,,MACRO_BULL|ST_BULL|RVOL|ENTRY_TRIGGER,1256.7,1259.5609,36.43,-0.388,0.866,1.1,1259.5099,1247.7335,1262.0246,BEAR,1257.3,1258.8345,48.44,0.08,34.24,False,True,False,False,False,False,False,False
2026-08-27T15:05:25,POWERGRID,2026-08-27 15:00:00+05:30,BULL,NO_SIGNAL,60.0,,ABOVE_WVWAP|ENTRY_TRIGGER,265.75,264.8136,74.69,0.663,2.432,1.1,264.0209,267.9846,264.42,BULL,265.75,264.7839,57.18,0.283,27.36,True,False,False,False,False,False,False,False
2026-08-27T15:05:26,ADANIENT,2026-08-27 15:00:00+05:30,BULL,NO_SIGNAL,60.0,,ST_BULL|ENTRY_TRIGGER,3159.8,3157.1129,56.4,0.181,2.566,1.1,3150.9701,3090.4676,3164.7777,BEAR,3161.2,3150.4092,66.99,0.566,44.49,True,False,False,False,False,False,False,False
2026-08-27T15:05:26,TECHM,2026-08-27 15:00:00+05:30,BULL,NO_SIGNAL,60.0,,ST_BULL|ENTRY_TRIGGER,1588.2,1587.4888,51.84,0.044,2.672,1.1,1589.1929,1583.8418,1590.5977,BEAR,1588.2,1586.8832,53.67,0.019,26.86,False,False,False,False,False,False,False,False
2026-08-27T15:05:27,ICICIBANK,2026-08-27 15:00:00+05:30,BULL,NO_SIGNAL,60.0,,RVOL|ENTRY_TRIGGER,1449.7,1447.8817,61.16,0.27,0.695,1.1,1445.0114,1431.7721,1442.8242,BULL,1449.6,1444.6244,66.77,0.423,39.1,True,False,False,False,False,False,False,False
2026-08-27T15:05:27,JIOFIN,2026-08-27 15:00:00+05:30,BEAR,SIGNAL,100.0,TREND_CONTINUATION,,239.1,239.3758,37.41,-0.021,2.686,1.1,240.0587,241.936,239.7242,BEAR,239.25,239.893,35.59,-0.292,29.91,False,True,False,False,False,False,False,True
2026-08-27T15:05:28,TATASTEEL,2026-08-27 15:00:00+05:30,BEAR,NEAR,80.0,TREND_CONTINUATION,BELOW_WVWAP,187.01,187.4025,38.37,-0.176,2.001,1.1,188.3426,186.3486,187.9661,BEAR,187.36,187.6053,48.4,-0.287,28.86,False,True,False,False,False,False,False,True
2026-08-27T15:05:28,TITAN,2026-08-27 15:00:00+05:30,BULL,NO_SIGNAL,40.0,VWAP_PULLBACK,MACRO_BULL|ST_BULL|ENTRY_TRIGGER,5147.3,5155.7383,44.53,-0.512,2.289,1.1,5129.0882,5109.6496,5163.0171,BEAR,5138.5,5141.0008,51.44,0.146,38.67,False,True,True,False,False,False,False,False
2026-08-27T15:05:29,INFY,2026-08-27 15:00:00+05:30,BEAR,NO_SIGNAL,60.0,,MACRO_BEAR|ENTRY_TRIGGER,1108.3,1109.5259,42.23,-0.117,1.254,1.1,1112.7842,1125.3009,1112.1144,BEAR,1109.2,1112.1121,38.89,0.009,8.27,False,True,False,False,False,False,False,False
2026-08-27T15:05:29,TRENT,2026-08-27 15:00:00+05:30,BULL,NO_SIGNAL,40.0,,MACRO_BULL|ABOVE_WVWAP|ENTRY_TRIGGER,2879.4,2879.8551,47.89,0.244,1.669,1.1,2887.6196,2910.3194,2869.2138,BULL,2881.8,2887.3618,41.88,-0.456,20.32,False,False,False,False,False,False,False,False
2026-08-27T15:05:30,ASIANPAINT,2026-08-27 15:00:00+05:30,BULL,NO_SIGNAL,40.0,,MACRO_BULL|ST_BULL|ENTRY_TRIGGER,2636.3,2642.168,36.14,-0.261,1.664,1.1,2642.8859,2634.7888,2647.3863,BEAR,2638.6,2643.654,43.57,-0.212,15.32,False,True,False,False,False,False,False,False
2026-08-27T15:05:30,ULTRACEMCO,2026-08-27 15:00:00+05:30,BULL,NO_SIGNAL,40.0,,MACRO_BULL|ST_BULL|ENTRY_TRIGGER,11734.0,11734.6696,49.53,0.239,1.378,1.1,11741.6381,11625.673,11772.8044,BEAR,11743.0,11729.5527,54.26,-0.085,20.03,False,False,False,False,False,False,False,False
2026-08-27T15:05:31,HDFCBANK,2026-08-27 15:00:00+05:30,BULL,NO_SIGNAL,40.0,,MACRO_BULL|ABOVE_WVWAP|ENTRY_TRIGGER,715.3,714.4202,55.5,0.449,1.117,1.1,715.8877,721.5195,712.4434,BULL,715.4,716.5545,43.1,0.077,40.66,True,False,False,True,False,False,False,False
2026-08-27T15:05:31,RELIANCE,2026-08-27 15:00:00+05:30,BEAR,NO_SIGNAL,60.0,,MACRO_BEAR|ENTRY_TRIGGER,1288.7,1290.7624,35.14,-0.116,1.45,1.1,1293.0678,1301.8387,1294.0256,BEAR,1289.5,1293.6389,34.08,-0.217,19.59,False,True,False,False,False,False,False,False
2026-08-27T15:05:32,M&M,2026-08-27 15:00:00+05:30,BEAR,SIGNAL,100.0,BREAKOUT_CONTINUATION,,3339.0,3352.9661,30.76,-0.147,1.865,1.1,3365.4402,3399.258,3358.2828,BEAR,3350.6,3366.3411,32.88,-0.342,39.15,False,True,False,False,False,True,False,False
2026-08-27T15:05:32,SUNPHARMA,2026-08-27 15:00:00+05:30,BULL,NO_SIGNAL,60.0,,MACRO_BULL|ENTRY_TRIGGER,1914.3,1912.4402,56.92,0.12,2.938,1.1,1910.954,1912.3493,1908.3947,BULL,1916.2,1912.0381,58.25,0.214,9.04,True,False,False,False,False,False,False,False
2026-08-27T15:10:07,BEL,2026-08-27 15:05:00+05:30,BULL,NO_SIGNAL,60.0,,MACRO_BULL|ENTRY_TRIGGER,410.15,410.3527,45.17,-0.012,3.637,1.1,410.4491,409.33,409.8555,BULL,410.5,410.2584,54.15,0.037,21.28,False,False,False,False,False,False,False,False
2026-08-27T15:10:08,TATACONSUM,2026-08-27 15:05:00+05:30,BULL,NO_SIGNAL,60.0,,ABOVE_WVWAP|ENTRY_TRIGGER,1040.2,1039.2643,58.85,0.202,3.823,1.1,1039.6042,1048.2076,1037.1366,BULL,1040.4,1039.6334,50.12,0.01,24.23,True,False,False,False,False,False,False,False
2026-08-27T15:10:08,BAJAJ-AUTO,2026-08-27 15:05:00+05:30,BULL,NO_SIGNAL,40.0,,MACRO_BULL|ABOVE_WVWAP|ENTRY_TRIGGER,11701.0,11693.3239,56.12,0.137,1.329,1.1,11680.9886,11766.957,11673.7924,BULL,11700.0,11696.6144,49.14,0.429,17.21,True,False,False,False,False,False,False,False
2026-08-27T15:10:09,NESTLEIND,2026-08-27 15:05:00+05:30,BULL,NO_SIGNAL,40.0,,MACRO_BULL|ABOVE_WVWAP|ENTRY_TRIGGER,1448.9,1447.155,62.59,0.221,3.155,1.1,1449.2556,1461.7845,1444.608,BULL,1449.0,1447.2035,53.06,0.52,8.09,True,False,False,False,False,False,False,False
2026-08-27T15:10:09,BAJFINANCE,2026-08-27 15:05:00+05:30,BEAR,NO_SIGNAL,60.0,,MACRO_BEAR|ENTRY_TRIGGER,1085.6,1085.8944,47.64,-0.009,3.476,1.1,1091.3899,1086.5546,1089.5027,BEAR,1085.6,1087.0767,44.97,-0.312,20.29,False,False,False,False,False,False,False,False
2026-08-27T15:10:10,HINDALCO,2026-08-27 15:05:00+05:30,BEAR,NEAR,80.0,,ENTRY_TRIGGER,1023.1,1025.0891,37.7,0.103,2.343,1.1,1032.4609,1045.7931,1027.9049,BEAR,1024.05,1032.6551,21.61,-1.296,50.26,False,False,False,False,False,False,False,False
2026-08-27T15:10:10,NTPC,2026-08-27 15:05:00+05:30,BEAR,NEAR,80.0,VWAP_PULLBACK,ENTRY_TRIGGER,329.5,329.284,51.95,0.167,1.478,1.1,330.0848,335.0958,330.0875,BEAR,329.15,330.5662,32.89,-0.288,43.27,False,False,False,True,False,False,False,False
2026-08-27T15:10:11,HDFCLIFE,2026-08-27 15:05:00+05:30,BEAR,NO_SIGNAL,60.0,VWAP_PULLBACK,MACRO_BEAR|ST_BEAR,552.7,553.3993,43.76,-0.181,2.386,1.1,553.3564,554.4373,552.4862,BULL,553.6,553.5987,49.14,0.027,18.86,False,True,False,True,False,False,False,False
2026-08-27T15:10:12,SBILIFE,2026-08-27 15:05:00+05:30,BULL,NO_SIGNAL,40.0,,MACRO_BULL|ST_BULL|ENTRY_TRIGGER,1782.7,1782.1744,51.99,0.084,1.871,1.1,1783.4461,1771.4506,1786.5771,BEAR,1783.3,1781.9291,53.17,0.118,17.18,False,False,False,False,False,False,False,False
2026-08-27T15:10:12,HINDUNILVR,2026-08-27 15:05:00+05:30,BEAR,NO_SIGNAL,60.0,,MACRO_BEAR|ENTRY_TRIGGER,2013.1,2010.5377,63.94,0.259,2.481,1.1,2010.8974,2019.9944,2014.4341,BEAR,2012.9,2012.0689,49.15,0.045,28.43,True,False,False,False,False,False,False,False
2026-08-27T15:10:13,MARUTI,2026-08-27 15:05:00+05:30,BULL,NO_SIGNAL,40.0,,MACRO_BULL|ABOVE_WVWAP|ENTRY_TRIGGER,13450.0,13446.2811,51.56,0.268,2.159,1.1,13449.054,13529.2437,13417.3184,BULL,13457.0,13461.0209,47.03,-0.082,19.65,False,False,False,False,False,False,False,False
2026-08-27T15:10:13,ITC,2026-08-27 15:05:00+05:30,BEAR,SIGNAL,100.0,BREAKOUT_CONTINUATION,,268.3,268.8068,34.82,-0.167,2.57,1.1,269.2715,269.9276,269.5419,BEAR,268.9,269.2495,41.06,-0.186,32.2,False,True,False,False,False,True,False,True
2026-08-27T15:10:14,TMPV,2026-08-27 15:05:00+05:30,BULL,NO_SIGNAL,60.0,,MACRO_BULL|ENTRY_TRIGGER,316.55,316.3064,53.56,0.365,3.178,1.1,316.4469,314.7532,315.6296,BULL,317.2,316.0552,57.91,-0.58,31.44,False,False,False,False,False,False,False,False
2026-08-27T15:10:14,ADANIPORTS,2026-08-27 15:05:00+05:30,BULL,NEAR,80.0,,ENTRY_TRIGGER,1711.9,1708.5776,58.15,0.228,1.546,1.1,1705.2431,1695.2237,1701.8099,BULL,1708.2,1705.4387,56.07,0.642,36.93,True,False,False,False,False,False,False,False
2026-08-27T15:10:15,DRREDDY,2026-08-27 15:05:00+05:30,BULL,NO_SIGNAL,40.0,,MACRO_BULL|ABOVE_WVWAP|ENTRY_TRIGGER,1177.4,1176.9833,50.09,0.435,1.612,1.1,1179.2997,1185.6132,1172.4152,BULL,1177.3,1180.1598,43.98,-0.675,20.11,False,False,False,False,False,False,False,False
2026-08-27T15:10:15,WIPRO,2026-08-27 15:05:00+05:30,BULL,NO_SIGNAL,40.0,,MACRO_BULL|ABOVE_WVWAP|ENTRY_TRIGGER,177.71,177.498,63.36,0.226,3.79,1.1,177.3879,179.6392,177.2041,BULL,177.56,177.4496,51.09,0.305,10.77,True,False,False,False,False,False,False,False
2026-08-27T15:10:16,ONGC,2026-08-27 15:05:00+05:30,BEAR,NO_SIGNAL,60.0,,MACRO_BEAR|ENTRY_TRIGGER,232.0,232.4286,36.22,-0.185,7.31,1.1,232.6362,234.0277,232.8279,BEAR,232.2,232.8484,40.54,-0.39,20.54,False,True,False,False,False,False,False,False
2026-08-27T15:10:16,SBIN,2026-08-27 15:05:00+05:30,BULL,NEAR,80.0,VWAP_PULLBACK,MACRO_BULL,1047.7,1045.0744,64.15,0.393,9.857,1.1,1046.6201,1043.2433,1042.9458,BULL,1044.2,1046.4692,39.62,-0.334,31.44,True,False,True,False,True,False,True,False
2026-08-27T15:10:17,EICHERMOT,2026-08-27 15:05:00+05:30,BULL,NEAR,80.0,,ENTRY_TRIGGER,8101.5,8079.3512,66.35,0.39,4.751,1.1,8054.6304,8047.7337,8065.1645,BULL,8096.5,8060.991,63.09,0.684,23.8,True,False,False,False,False,False,False,False
2026-08-27T15:10:17,COALINDIA,2026-08-27 15:05:00+05:30,BEAR,NO_SIGNAL,40.0,,MACRO_BEAR|RVOL|ENTRY_TRIGGER,400.0,400.0315,46.57,0.313,0.922,1.1,400.8194,403.6501,400.1247,BEAR,399.95,401.0856,37.55,-0.584,19.3,False,False,False,False,False,False,False,False
2026-08-27T15:10:18,BAJAJFINSV,2026-08-27 15:05:00+05:30,BULL,NEAR,80.0,VWAP_PULLBACK,MACRO_BULL,2008.0,2003.1033,63.23,0.28,1.158,1.1,2005.5635,2007.2839,1997.9241,BULL,2003.0,2005.1303,44.82,-0.025,16.39,True,False,True,False,True,False,False,False
2026-08-27T15:10:18,MAXHEALTH,2026-08-27 15:05:00+05:30,BULL,NO_SIGNAL,60.0,,MACRO_BULL|ENTRY_TRIGGER,1006.5,1004.9599,61.23,0.289,1.796,1.1,1004.0932,1000.8744,1002.5913,BULL,1006.7,1005.1956,53.02,0.569,19.69,True,False,False,False,False,False,False,False
2026-08-27T15:10:19,KOTAKBANK,2026-08-27 15:05:00+05:30,BULL,NO_SIGNAL,60.0,,MACRO_BULL|ENTRY_TRIGGER,424.3,425.4788,36.13,-0.141,1.329,1.1,424.3547,413.7657,424.2586,BULL,425.35,424.1236,63.47,0.0,64.85,False,True,False,False,False,False,False,True
2026-08-27T15:10:19,APOLLOHOSP,2026-08-27 15:05:00+05:30,BULL,SIGNAL,100.0,TREND_CONTINUATION,,8817.0,8799.2326,67.3,0.37,2.662,1.1,8794.4034,8736.8692,8782.9872,BULL,8809.5,8791.0964,61.18,0.307,34.01,True,False,False,False,False,False,True,False
2026-08-27T15:10:20,CIPLA,2026-08-27 15:05:00+05:30,BULL,NO_SIGNAL,40.0,,MACRO_BULL|ABOVE_WVWAP|ENTRY_TRIGGER,1417.5,1415.109,62.81,0.205,1.983,1.1,1410.9728,1419.5294,1411.1391,BULL,1417.0,1412.0988,63.16,0.525,20.83,True,False,False,False,False,False,False,False
2026-08-27T15:10:20,JSWSTEEL,2026-08-27 15:05:00+05:30,BULL,NO_SIGNAL,60.0,,ST_BULL|ENTRY_TRIGGER,1334.3,1335.5817,41.43,-0.067,3.346,1.1,1337.9581,1322.4546,1338.1644,BEAR,1335.8,1335.5106,53.44,0.037,37.93,False,True,False,False,False,False,False,True
2026-08-27T15:10:21,HCLTECH,2026-08-27 15:05:00+05:30,BEAR,NO_SIGNAL,60.0,,MACRO_BEAR|ENTRY_TRIGGER,1284.3,1287.2169,35.93,-0.511,2.55,1.1,1287.261,1300.89,1289.4223,BEAR,1285.3,1289.219,37.91,-0.023,16.58,False,True,False,False,False,False,False,False
2026-08-27T15:10:22,TCS,2026-08-27 15:05:00+05:30,BULL,NO_SIGNAL,40.0,,MACRO_BULL|ABOVE_WVWAP|ENTRY_TRIGGER,2256.5,2255.1542,55.12,0.12,3.492,1.1,2255.4251,2278.1218,2249.4921,BULL,2256.6,2256.0595,48.44,0.338,10.83,True,False,False,False,False,False,False,False
2026-08-27T15:10:22,INDIGO,2026-08-27 15:05:00+05:30,BEAR,NO_SIGNAL,60.0,,BELOW_WVWAP|ENTRY_TRIGGER,5190.0,5197.3862,35.32,-0.048,2.488,1.1,5210.0472,5179.1607,5206.0989,BEAR,5189.5,5211.3916,36.94,-0.67,23.31,False,True,False,False,False,False,False,False
2026-08-27T15:10:23,BHARTIARTL,2026-08-27 15:05:00+05:30,BEAR,NEAR,80.0,,ENTRY_TRIGGER,1887.4,1888.6262,44.07,0.085,1.151,1.1,1894.8499,1914.873,1894.7952,BEAR,1888.7,1895.7911,36.51,-0.595,39.85,False,False,False,False,False,False,False,False
2026-08-27T15:10:23,ETERNAL,2026-08-27 15:05:00+05:30,BULL,NEAR,80.0,,ENTRY_TRIGGER,330.15,329.5751,64.14,0.365,2.799,1.1,328.3886,328.2847,328.9329,BULL,330.15,328.5538,64.99,0.902,29.5,True,False,False,False,False,False,False,False
2026-08-27T15:10:24,LT,2026-08-27 15:05:00+05:30,BEAR,NO_SIGNAL,60.0,,MACRO_BEAR|ENTRY_TRIGGER,4039.7,4046.5102,37.65,-0.259,1.382,1.1,4043.4127,4076.3775,4055.4741,BEAR,4039.4,4047.828,42.2,0.012,27.78,False,True,False,False,False,False,False,False
2026-08-27T15:10:24,SHRIRAMFIN,2026-08-27 15:05:00+05:30,BULL,NO_SIGNAL,40.0,,MACRO_BULL|ABOVE_WVWAP|ENTRY_TRIGGER,1102.7,1102.3139,52.58,0.173,3.415,1.1,1101.6367,1115.9165,1098.833,BULL,1103.2,1103.2906,47.43,0.254,20.04,False,False,False,False,False,False,False,False
2026-08-27T15:10:25,GRASIM,2026-08-27 15:05:00+05:30,BULL,NO_SIGNAL,40.0,,MACRO_BULL|ABOVE_WVWAP|ENTRY_TRIGGER,3267.5,3271.1936,38.11,-0.067,2.535,1.1,3278.0351,3275.7554,3266.7522,BULL,3269.0,3275.4289,43.03,-0.414,19.33,False,True,False,False,False,False,False,False
2026-08-27T15:10:25,AXISBANK,2026-08-27 15:05:00+05:30,BULL,NO_SIGNAL,40.0,,MACRO_BULL|ST_BULL|ENTRY_TRIGGER,1256.0,1259.2371,34.26,-0.357,1.425,1.1,1259.4589,1247.7858,1261.468,BEAR,1257.3,1258.8345,48.44,0.08,34.24,False,True,False,False,False,False,False,False
2026-08-27T15:10:26,POWERGRID,2026-08-27 15:05:00+05:30,BULL,NO_SIGNAL,60.0,,ABOVE_WVWAP|ENTRY_TRIGGER,265.5,264.876,66.63,0.549,2.212,1.1,264.0519,267.9712,264.42,BULL,265.75,264.7839,57.18,0.283,27.36,True,False,False,False,False,False,False,False
2026-08-27T15:10:26,ADANIENT,2026-08-27 15:05:00+05:30,BULL,NEAR,80.0,TREND_CONTINUATION,ST_BULL,3161.7,3157.5299,59.35,0.343,2.309,1.1,3151.3094,3091.0998,3164.7777,BEAR,3161.2,3150.4092,66.99,0.566,44.49,True,False,False,False,False,False,True,False
2026-08-27T15:10:27,TECHM,2026-08-27 15:05:00+05:30,BULL,SIGNAL,100.0,VWAP_PULLBACK,,1590.7,1587.7808,59.59,0.208,2.174,1.1,1589.2071,1583.882,1583.9264,BULL,1588.2,1586.8832,53.67,0.019,26.86,True,False,True,False,True,False,True,False
2026-08-27T15:10:27,ICICIBANK,2026-08-27 15:05:00+05:30,BULL,NEAR,80.0,,ENTRY_TRIGGER,1448.2,1447.9106,53.26,0.221,1.203,1.1,1445.0938,1431.9376,1442.8242,BULL,1449.6,1444.6244,66.77,0.423,39.1,False,False,False,False,False,False,False,False
2026-08-27T15:10:28,JIOFIN,2026-08-27 15:05:00+05:30,BEAR,SIGNAL,100.0,TREND_CONTINUATION,,239.05,239.3462,36.03,-0.063,3.627,1.1,240.0175,241.9075,239.7242,BEAR,239.25,239.893,35.59,-0.292,29.91,False,True,False,False,False,False,False,True
2026-08-27T15:10:28,TATASTEEL,2026-08-27 15:05:00+05:30,BEAR,NO_SIGNAL,60.0,,BELOW_WVWAP|ENTRY_TRIGGER,187.08,187.3732,40.4,0.059,2.821,1.1,188.3105,186.354,187.8745,BEAR,187.36,187.6053,48.4,-0.287,28.86,False,False,False,False,False,False,False,False
2026-08-27T15:10:29,TITAN,2026-08-27 15:05:00+05:30,BULL,NO_SIGNAL,40.0,,MACRO_BULL|ST_BULL|ENTRY_TRIGGER,5146.2,5154.8712,43.83,-0.468,2.337,1.1,5129.6566,5110.2728,5163.0171,BEAR,5138.5,5141.0008,51.44,0.146,38.67,False,True,False,False,False,False,False,False
2026-08-27T15:10:29,INFY,2026-08-27 15:05:00+05:30,BEAR,NO_SIGNAL,60.0,,MACRO_BEAR|ENTRY_TRIGGER,1108.1,1109.3962,41.41,-0.117,2.816,1.1,1112.5846,1125.1292,1112.1144,BEAR,1109.2,1112.1121,38.89,0.009,8.27,False,True,False,False,False,False,False,False
2026-08-27T15:10:30,TRENT,2026-08-27 15:05:00+05:30,BULL,NO_SIGNAL,40.0,,MACRO_BULL|ABOVE_WVWAP|ENTRY_TRIGGER,2881.0,2879.9592,50.59,0.167,1.386,1.1,2887.4163,2910.0984,2869.2138,BULL,2881.8,2887.3618,41.88,-0.456,20.32,False,False,False,False,False,False,False,False
2026-08-27T15:10:30,ASIANPAINT,2026-08-27 15:05:00+05:30,BULL,NO_SIGNAL,40.0,,MACRO_BULL|ST_BULL|ENTRY_TRIGGER,2639.5,2641.9255,43.96,-0.008,1.495,1.1,2642.7593,2634.8189,2647.3863,BEAR,2638.6,2643.654,43.57,-0.212,15.32,False,True,False,False,False,False,False,False
2026-08-27T15:10:31,ULTRACEMCO,2026-08-27 15:05:00+05:30,BULL,NO_SIGNAL,40.0,,MACRO_BULL|ST_BULL|ENTRY_TRIGGER,11730.0,11734.2451,47.72,0.111,1.295,1.1,11741.3848,11626.497,11772.8044,BEAR,11743.0,11729.5527,54.26,-0.085,20.03,False,False,False,False,False,False,False,False
2026-08-27T15:10:31,HDFCBANK,2026-08-27 15:05:00+05:30,BULL,NO_SIGNAL,40.0,,MACRO_BULL|ABOVE_WVWAP|ENTRY_TRIGGER,714.5,714.4274,49.75,0.422,1.46,1.1,715.8559,721.4407,712.4434,BULL,715.4,716.5545,43.1,0.077,40.66,False,False,False,True,False,False,False,False
2026-08-27T15:10:32,RELIANCE,2026-08-27 15:05:00+05:30,BEAR,NO_SIGNAL,60.0,,MACRO_BEAR|ENTRY_TRIGGER,1288.2,1290.5294,33.11,-0.186,2.064,1.1,1292.8712,1301.6452,1292.7648,BEAR,1289.5,1293.6389,34.08,-0.217,19.59,False,True,False,False,False,False,False,False
2026-08-27T15:10:32,M&M,2026-08-27 15:05:00+05:30,BEAR,NEAR,80.0,,ENTRY_TRIGGER,3339.8,3351.7692,32.12,-0.126,1.752,1.1,3364.7146,3398.6107,3357.1631,BEAR,3350.6,3366.3411,32.88,-0.342,39.15,False,True,False,False,False,False,False,False
2026-08-27T15:10:33,SUNPHARMA,2026-08-27 15:05:00+05:30,BULL,NO_SIGNAL,60.0,,MACRO_BULL|ENTRY_TRIGGER,1914.4,1912.6184,57.2,0.115,5.656,1.1,1911.1261,1912.3637,1908.3947,BULL,1916.2,1912.0381,58.25,0.214,9.04,True,False,False,False,False,False,False,False
2026-08-27T15:15:07,BEL,2026-08-27 15:10:00+05:30,BULL,NO_SIGNAL,60.0,,MACRO_BULL|ENTRY_TRIGGER,410.05,410.3252,43.15,-0.024,3.426,1.1,410.4402,409.3397,409.8555,BULL,410.05,410.2395,48.5,-0.122,21.13,False,True,False,False,False,False,False,False
2026-08-27T15:15:07,TATACONSUM,2026-08-27 15:10:00+05:30,BULL,NO_SIGNAL,60.0,,ABOVE_WVWAP|ENTRY_TRIGGER,1041.8,1039.4948,67.34,0.308,4.006,1.1,1039.6615,1048.1018,1037.1366,BULL,1041.8,1039.8303,54.65,0.318,22.81,True,False,False,False,False,False,False,False
2026-08-27T15:15:08,BAJAJ-AUTO,2026-08-27 15:10:00+05:30,BULL,NO_SIGNAL,40.0,,MACRO_BULL|ABOVE_WVWAP|ENTRY_TRIGGER,11714.0,11695.2036,62.9,0.265,2.451,1.1,11682.0311,11766.4337,11673.7924,BULL,11714.0,11698.1949,53.23,0.248,16.44,True,False,False,False,False,False,False,False
2026-08-27T15:15:09,NESTLEIND,2026-08-27 15:10:00+05:30,BULL,NO_SIGNAL,40.0,,MACRO_BULL|ABOVE_WVWAP|ENTRY_TRIGGER,1449.0,1447.3227,63.05,0.194,4.245,1.1,1449.186,1461.6733,1444.608,BULL,1449.0,1447.3668,53.06,0.513,7.78,True,False,False,False,False,False,False,False
2026-08-27T15:15:09,BAJFINANCE,2026-08-27 15:10:00+05:30,BEAR,NO_SIGNAL,60.0,,MACRO_BEAR|ENTRY_TRIGGER,1085.0,1085.8131,45.09,-0.11,2.302,1.1,1091.228,1086.5428,1089.5027,BEAR,1085.0,1086.8879,43.34,-0.331,18.99,False,False,False,False,False,False,False,False
2026-08-27T15:15:10,HINDALCO,2026-08-27 15:10:00+05:30,BEAR,SIGNAL,100.0,BREAKOUT_CONTINUATION,,1021.85,1024.7946,34.31,-0.093,2.259,1.1,1031.8896,1045.4475,1027.9049,BEAR,1021.85,1031.6728,19.36,-1.332,51.21,False,True,False,False,False,True,False,False
2026-08-27T15:15:10,NTPC,2026-08-27 15:10:00+05:30,BEAR,NEAR,80.0,VWAP_PULLBACK,ENTRY_TRIGGER,329.3,329.2854,48.49,0.046,1.525,1.1,330.0673,335.0355,330.0875,BEAR,329.3,330.4511,34.51,-0.212,42.1,False,False,False,True,False,False,False,False
2026-08-27T15:15:11,HDFCLIFE,2026-08-27 15:10:00+05:30,BEAR,NEAR,80.0,VWAP_PULLBACK,MACRO_BEAR,549.9,553.0812,27.83,-0.74,3.576,1.1,553.1315,554.3614,554.797,BEAR,549.9,553.2624,36.16,-0.371,19.62,False,True,False,True,False,True,False,False
2026-08-27T15:15:11,SBILIFE,2026-08-27 15:10:00+05:30,BULL,NO_SIGNAL,40.0,,MACRO_BULL|ST_BULL|ENTRY_TRIGGER,1773.0,1781.3404,29.22,-0.432,2.485,1.1,1783.1779,1771.4922,1786.5771,BEAR,1773.0,1781.1174,39.81,-0.494,17.05,False,True,False,False,False,False,False,False
2026-08-27T15:15:12,HINDUNILVR,2026-08-27 15:10:00+05:30,BEAR,NO_SIGNAL,60.0,,MACRO_BEAR|ENTRY_TRIGGER,2012.1,2010.6797,57.82,0.184,2.287,1.1,2010.9753,2019.9251,2014.4341,BEAR,2012.1,2012.0718,47.48,0.05,26.91,True,False,False,False,False,False,False,False
2026-08-27T15:15:12,MARUTI,2026-08-27 15:10:00+05:30,BULL,NO_SIGNAL,40.0,,MACRO_BULL|ABOVE_WVWAP|ENTRY_TRIGGER,13445.0,13446.1646,49.72,0.104,2.662,1.1,13449.6452,13528.4015,13417.3184,BULL,13445.0,13459.5644,44.85,-0.052,18.58,False,False,False,False,False,False,False,False
2026-08-27T15:15:13,ITC,2026-08-27 15:10:00+05:30,BEAR,NEAR,80.0,,ENTRY_TRIGGER,268.25,268.7562,33.9,-0.13,2.958,1.1,269.2297,269.9114,269.2216,BEAR,268.25,269.1586,33.47,-0.316,33.24,False,True,False,False,False,False,False,False
2026-08-27T15:15:13,TMPV,2026-08-27 15:10:00+05:30,BULL,NO_SIGNAL,60.0,,MACRO_BULL|ENTRY_TRIGGER,315.8,316.2603,44.56,0.127,2.895,1.1,316.4364,314.7644,315.6296,BULL,315.8,316.032,49.34,-0.441,31.76,False,False,False,False,False,False,False,False
2026-08-27T15:15:14,ADANIPORTS,2026-08-27 15:10:00+05:30,BULL,SIGNAL,100.0,TREND_CONTINUATION,,1714.0,1709.0706,61.87,0.287,2.181,1.1,1705.522,1695.4342,1701.9228,BULL,1714.0,1706.217,62.48,0.193,35.97,True,False,False,False,False,False,True,False
2026-08-27T15:15:14,DRREDDY,2026-08-27 15:10:00+05:30,BULL,NO_SIGNAL,40.0,,MACRO_BULL|ABOVE_WVWAP|ENTRY_TRIGGER,1176.0,1176.8939,45.48,0.196,1.837,1.1,1179.1994,1185.5636,1172.4152,BULL,1176.0,1179.7817,42.21,-0.718,20.09,False,False,False,True,False,False,False,False
2026-08-27T15:15:15,WIPRO,2026-08-27 15:10:00+05:30,BULL,NO_SIGNAL,40.0,,MACRO_BULL|ABOVE_WVWAP|ENTRY_TRIGGER,177.4,177.4891,46.76,-0.023,3.354,1.1,177.3934,179.6251,177.2041,BULL,177.4,177.4451,46.84,0.141,10.76,False,False,False,False,False,False,False,False
2026-08-27T15:15:15,ONGC,2026-08-27 15:10:00+05:30,BEAR,NO_SIGNAL,60.0,,RVOL|ENTRY_TRIGGER,231.99,232.3888,36.03,-0.211,0.977,1.1,232.6195,234.0132,232.8279,BEAR,231.99,232.7704,38.39,-0.369,22.0,False,True,False,False,False,False,False,False
2026-08-27T15:15:16,SBIN,2026-08-27 15:10:00+05:30,BULL,NO_SIGNAL,60.0,,MACRO_BULL|ENTRY_TRIGGER,1044.1,1044.9858,45.63,-0.048,3.43,1.1,1046.5278,1043.2625,1042.9458,BULL,1044.1,1046.2538,39.33,-0.306,29.87,False,False,False,False,False,False,False,False
2026-08-27T15:15:17,EICHERMOT,2026-08-27 15:10:00+05:30,BULL,NEAR,80.0,,ENTRY_TRIGGER,8100.0,8081.2284,65.15,0.167,4.722,1.1,8058.7036,8049.4915,8065.1645,BULL,8100.0,8064.5373,63.97,0.746,23.21,True,False,False,False,False,False,False,False
2026-08-27T15:15:17,COALINDIA,2026-08-27 15:10:00+05:30,BEAR,NO_SIGNAL,60.0,,MACRO_BEAR|ENTRY_TRIGGER,399.65,399.9968,41.22,0.088,1.125,1.1,400.7921,403.634,400.1247,BEAR,399.65,400.9551,35.67,-0.597,19.49,False,False,False,False,False,False,False,False
2026-08-27T15:15:18,BAJAJFINSV,2026-08-27 15:10:00+05:30,BULL,NEAR,80.0,VWAP_PULLBACK,MACRO_BULL,2009.0,2003.6393,65.22,0.495,1.152,1.1,2005.6389,2007.292,1998.6921,BULL,2009.0,2005.4821,54.94,0.16,15.55,True,False,True,False,False,False,False,False
2026-08-27T15:15:18,MAXHEALTH,2026-08-27 15:10:00+05:30,BULL,NEAR,80.0,VWAP_PULLBACK,MACRO_BULL,1007.0,1005.1453,63.59,0.189,1.756,1.1,1004.1606,1000.9096,1002.5913,BULL,1007.0,1005.3597,53.78,0.64,19.62,True,False,True,False,False,False,False,False
2026-08-27T15:15:19,KOTAKBANK,2026-08-27 15:10:00+05:30,BULL,NO_SIGNAL,60.0,,MACRO_BULL|ENTRY_TRIGGER,424.3,425.3716,36.13,-0.247,1.44,1.1,424.3502,413.8551,424.2586,BULL,424.3,424.1397,56.61,-0.212,61.42,False,True,False,False,False,False,False,False
2026-08-27T15:15:19,APOLLOHOSP,2026-08-27 15:10:00+05:30,BULL,SIGNAL,100.0,VWAP_PULLBACK,,8849.0,8803.7569,78.94,0.751,3.074,1.1,8796.6635,8738.4568,8782.9872,BULL,8849.0,8796.3604,73.32,0.809,35.72,True,False,True,False,True,False,False,False
2026-08-27T15:15:20,CIPLA,2026-08-27 15:10:00+05:30,BULL,NO_SIGNAL,40.0,,MACRO_BULL|ABOVE_WVWAP|ENTRY_TRIGGER,1413.5,1414.9627,46.83,-0.028,3.544,1.1,1411.2535,1419.4936,1411.1391,BULL,1413.5,1412.2262,53.66,0.398,20.5,False,False,False,False,False,True,False,False
2026-08-27T15:15:20,JSWSTEEL,2026-08-27 15:10:00+05:30,BEAR,NO_SIGNAL,60.0,,BELOW_WVWAP|ENTRY_TRIGGER,1333.5,1335.3925,37.94,-0.127,4.553,1.1,1337.573,1322.6846,1338.1644,BEAR,1333.5,1335.3279,47.29,-0.247,36.31,False,True,False,False,False,False,False,False
2026-08-27T15:15:21,HCLTECH,2026-08-27 15:10:00+05:30,BEAR,NO_SIGNAL,60.0,,MACRO_BEAR|ENTRY_TRIGGER,1285.7,1287.079,42.89,-0.426,3.482,1.1,1287.1631,1300.6001,1289.4223,BEAR,1285.7,1288.8991,39.11,-0.101,16.16,False,True,False,False,False,False,False,False
2026-08-27T15:15:21,TCS,2026-08-27 15:10:00+05:30,BULL,NO_SIGNAL,40.0,,MACRO_BULL|ABOVE_WVWAP|ENTRY_TRIGGER,2254.3,2255.0766,47.72,-0.018,3.627,1.1,2255.3991,2277.9127,2249.4921,BULL,2254.3,2255.8996,45.11,0.289,10.15,False,False,False,True,False,False,False,False
2026-08-27T15:15:22,INDIGO,2026-08-27 15:10:00+05:30,BEAR,NO_SIGNAL,60.0,,BELOW_WVWAP|ENTRY_TRIGGER,5189.0,5196.6238,34.32,-0.067,2.206,1.1,5209.1709,5179.2152,5206.0989,BEAR,5189.0,5209.356,36.73,-0.736,25.03,False,True,False,False,False,False,False,False
2026-08-27T15:15:22,BHARTIARTL,2026-08-27 15:10:00+05:30,BEAR,NEAR,80.0,,ENTRY_TRIGGER,1885.0,1888.2966,39.06,-0.106,4.475,1.1,1894.1496,1913.8945,1894.7952,BEAR,1885.0,1894.8101,33.12,-0.998,40.89,False,True,False,False,False,False,False,False
2026-08-27T15:15:23,ETERNAL,2026-08-27 15:10:00+05:30,BULL,NO_SIGNAL,60.0,,ST_BULL|ENTRY_TRIGGER,328.6,329.4865,40.71,-0.197,2.674,1.1,328.4292,328.2973,330.2218,BEAR,328.6,328.558,51.53,0.535,28.49,False,True,False,False,False,False,False,False
2026-08-27T15:15:23,LT,2026-08-27 15:10:00+05:30,BEAR,SIGNAL,100.0,VWAP_PULLBACK,,4035.6,4045.5183,32.88,-0.363,1.629,1.1,4043.2317,4076.1234,4054.0881,BEAR,4035.6,4046.7164,39.81,-0.257,28.39,False,True,False,True,False,False,False,False
2026-08-27T15:15:24,SHRIRAMFIN,2026-08-27 15:10:00+05:30,BULL,NO_SIGNAL,40.0,,MACRO_BULL|ABOVE_WVWAP|ENTRY_TRIGGER,1102.5,1102.3308,51.64,0.136,2.415,1.1,1101.6552,1115.8012,1098.833,BULL,1102.5,1103.2188,46.25,0.173,18.85,False,False,False,False,False,False,False,False
2026-08-27T15:15:24,GRASIM,2026-08-27 15:10:00+05:30,BEAR,NO_SIGNAL,60.0,VWAP_PULLBACK,MACRO_BEAR|ST_BEAR,3267.0,3270.8123,37.11,-0.061,5.383,1.1,3277.5586,3275.711,3266.7522,BULL,3267.0,3274.6626,41.4,-0.378,19.45,False,True,False,True,False,False,False,False
2026-08-27T15:15:25,AXISBANK,2026-08-27 15:10:00+05:30,BEAR,NO_SIGNAL,60.0,,BELOW_WVWAP|ENTRY_TRIGGER,1256.0,1258.9429,34.26,-0.349,1.994,1.1,1259.3893,1247.8598,1261.468,BEAR,1256.0,1258.5768,45.5,-0.215,32.0,False,True,False,False,False,False,False,False
2026-08-27T15:15:25,POWERGRID,2026-08-27 15:10:00+05:30,BULL,NO_SIGNAL,60.0,,ABOVE_WVWAP|ENTRY_TRIGGER,265.9,264.9691,71.86,0.663,4.495,1.1,264.1241,267.9466,264.42,BULL,265.9,264.8854,58.38,0.491,26.92,True,False,False,False,False,False,False,False
2026-08-27T15:15:26,ADANIENT,2026-08-27 15:10:00+05:30,BULL,NO_SIGNAL,60.0,,ST_BULL|ENTRY_TRIGGER,3159.3,3157.6908,54.35,0.209,4.264,1.1,3151.8687,3092.3241,3164.7777,BEAR,3159.3,3151.2175,64.19,0.241,44.59,False,False,False,False,False,False,False,False
2026-08-27T15:15:27,TECHM,2026-08-27 15:10:00+05:30,BULL,NEAR,80.0,VWAP_PULLBACK,MACRO_BULL,1591.0,1588.0734,60.41,0.22,2.295,1.1,1589.2185,1583.9221,1583.9264,BULL,1591.0,1587.2575,57.81,-0.031,26.66,True,False,True,False,False,False,True,False
2026-08-27T15:15:27,ICICIBANK,2026-08-27 15:10:00+05:30,BULL,NEAR,80.0,,ENTRY_TRIGGER,1447.2,1447.846,48.73,0.152,1.261,1.1,1445.1564,1432.0974,1442.8242,BULL,1447.2,1444.8585,59.1,0.215,39.02,False,False,False,False,False,False,False,False
2026-08-27T15:15:28,JIOFIN,2026-08-27 15:10:00+05:30,BEAR,SIGNAL,100.0,BREAKOUT_CONTINUATION,,238.45,239.2647,24.4,-0.314,4.409,1.1,239.9426,241.8628,239.6662,BEAR,238.45,239.7618,28.21,-0.418,31.02,False,True,False,False,False,True,False,False
2026-08-27T15:15:28,TATASTEEL,2026-08-27 15:10:00+05:30,BEAR,NO_SIGNAL,60.0,,BELOW_WVWAP|ENTRY_TRIGGER,186.8,187.3211,35.38,-0.182,2.264,1.1,188.2773,186.3569,187.726,BEAR,186.8,187.5321,42.68,-0.828,27.18,False,True,False,False,False,False,False,False
2026-08-27T15:15:29,TITAN,2026-08-27 15:10:00+05:30,BULL,NO_SIGNAL,60.0,,ST_BULL|ENTRY_TRIGGER,5145.5,5154.0192,43.36,-0.378,2.709,1.1,5130.2793,5110.9763,5163.0171,BEAR,5145.5,5141.4098,54.49,0.101,37.02,False,True,False,False,False,False,False,False
2026-08-27T15:15:29,INFY,2026-08-27 15:10:00+05:30,BEAR,NO_SIGNAL,60.0,,MACRO_BEAR|ENTRY_TRIGGER,1110.3,1109.4784,52.37,0.027,2.93,1.1,1112.463,1124.967,1112.1144,BEAR,1110.3,1111.9474,42.37,-0.108,8.17,False,False,False,False,False,False,False,False
2026-08-27T15:15:30,TRENT,2026-08-27 15:10:00+05:30,BULL,NO_SIGNAL,40.0,,MACRO_BULL|ABOVE_WVWAP|ENTRY_TRIGGER,2885.0,2880.4174,56.63,0.404,2.134,1.1,2887.2189,2909.7799,2869.2138,BULL,2885.0,2887.1471,45.09,-0.08,19.8,True,False,False,False,False,False,False,False
2026-08-27T15:15:30,ASIANPAINT,2026-08-27 15:10:00+05:30,BULL,NEAR,80.0,VWAP_PULLBACK,MACRO_BULL,2651.0,2642.7504,61.97,0.42,1.35,1.1,2642.8749,2634.9196,2633.7112,BULL,2651.0,2644.3218,57.63,0.0,14.71,True,False,True,False,True,False,False,False
2026-08-27T15:15:31,ULTRACEMCO,2026-08-27 15:10:00+05:30,BULL,NO_SIGNAL,40.0,,MACRO_BULL|ST_BULL|ENTRY_TRIGGER,11717.0,11732.6774,42.32,-0.026,3.019,1.1,11740.1999,11628.2216,11772.8044,BEAR,11717.0,11728.4116,48.88,0.0,19.09,False,True,False,False,False,False,False,False
2026-08-27T15:15:31,HDFCBANK,2026-08-27 15:10:00+05:30,BULL,NO_SIGNAL,40.0,,MACRO_BULL|ABOVE_WVWAP|ENTRY_TRIGGER,714.45,714.4295,49.41,0.309,1.337,1.1,715.8201,721.3661,712.4434,BULL,714.45,716.3632,40.62,0.429,40.2,False,False,False,False,False,False,False,False
2026-08-27T15:15:32,RELIANCE,2026-08-27 15:10:00+05:30,BEAR,NO_SIGNAL,60.0,,MACRO_BEAR|ENTRY_TRIGGER,1287.5,1290.254,30.46,-0.194,1.564,1.1,1292.7273,1301.502,1292.7055,BEAR,1287.5,1293.0808,30.45,-0.256,19.81,False,True,False,False,False,False,False,False
2026-08-27T15:15:32,M&M,2026-08-27 15:10:00+05:30,BEAR,NEAR,80.0,,ENTRY_TRIGGER,3342.1,3350.8902,35.99,-0.227,1.773,1.1,3364.0123,3397.9448,3357.1631,BEAR,3342.1,3364.1374,28.9,-0.81,39.77,False,True,False,False,False,False,False,False
2026-08-27T15:15:33,SUNPHARMA,2026-08-27 15:10:00+05:30,BEAR,NO_SIGNAL,60.0,VWAP_PULLBACK,MACRO_BEAR|ST_BEAR,1910.1,1912.3895,43.79,-0.073,3.043,1.1,1911.17,1912.3607,1908.3947,BULL,1910.1,1911.8619,46.74,0.005,9.54,False,True,False,True,False,False,False,False
