timestamp,symbol,candle_time,direction,decision,score_pct,model,blockers,close_5m,ema_5m,rsi_5m,roc_5m,rvol,rvol_required,vwap_session,vwap_weekly,supertrend,st_direction,close_15m,ema_15m,rsi_15m,roc_15m,adx_15m,bull_direction_ok,bear_direction_ok,vwap_bull,vwap_bear,breakout_bull,breakout_bear,trend_continuation_bull,trend_continuation_bear
2026-08-26T14:27:13,BEL,2026-08-26 14:20:00+05:30,BEAR,NO_SIGNAL,60.0,VWAP_PULLBACK,MACRO_BEAR|RVOL,408.85,409.3752,41.93,-0.098,0.98,1.1,409.1929,408.9738,410.3223,BEAR,409.3,409.3387,49.8,0.122,9.49,False,True,False,True,False,False,False,False
2026-08-26T14:27:14,TATACONSUM,2026-08-26 14:20:00+05:30,BEAR,NEAR,80.0,,ENTRY_TRIGGER,1042.1,1043.588,40.12,-0.048,1.39,1.1,1047.6361,1051.9986,1046.2406,BEAR,1042.5,1047.1045,34.36,-0.676,23.32,False,True,False,False,False,False,False,False
2026-08-26T14:27:14,BAJAJ-AUTO,2026-08-26 14:20:00+05:30,BULL,NO_SIGNAL,20.0,,MACRO_BULL|ABOVE_WVWAP|RVOL|ENTRY_TRIGGER,11798.0,11787.3328,54.78,0.306,0.857,1.1,11817.03,11803.0234,11758.8109,BULL,11796.0,11799.345,48.89,-0.623,21.61,False,False,False,True,False,False,False,False
2026-08-26T14:27:15,NESTLEIND,2026-08-26 14:20:00+05:30,BULL,NO_SIGNAL,20.0,,MACRO_BULL|ABOVE_WVWAP|RVOL|ENTRY_TRIGGER,1453.5,1454.3168,46.09,0.0,1.098,1.1,1459.9802,1464.2605,1450.1989,BULL,1454.3,1457.5745,40.11,-0.561,18.43,False,False,False,False,False,False,False,False
2026-08-26T14:27:15,BAJFINANCE,2026-08-26 14:20:00+05:30,BULL,NO_SIGNAL,60.0,VWAP_PULLBACK,MACRO_BULL|RVOL,1088.8,1087.4276,61.48,0.221,0.86,1.1,1088.1533,1083.8902,1084.4961,BULL,1087.7,1086.5845,54.45,-0.028,23.73,True,False,True,False,True,False,False,False
2026-08-26T14:27:16,HINDALCO,2026-08-26 14:20:00+05:30,BULL,NEAR,80.0,,ENTRY_TRIGGER,1050.85,1049.0614,64.97,0.349,2.429,1.1,1047.8454,1049.9761,1047.3739,BULL,1050.7,1047.9303,58.93,0.272,30.73,True,False,False,False,False,False,False,False
2026-08-26T14:27:17,NTPC,2026-08-26 14:20:00+05:30,BEAR,NO_SIGNAL,40.0,,MACRO_BEAR|RVOL|ENTRY_TRIGGER,336.3,336.8005,28.79,-0.178,0.652,1.1,340.885,339.2304,337.0577,BEAR,336.35,337.7947,38.33,-0.884,19.7,False,True,False,False,False,False,False,False
2026-08-26T14:27:17,HDFCLIFE,2026-08-26 14:20:00+05:30,BULL,NO_SIGNAL,60.0,,RVOL|ENTRY_TRIGGER,560.0,560.2328,50.0,-0.107,1.001,1.1,558.1343,554.4221,558.9717,BULL,560.15,557.7176,62.41,0.242,38.07,False,False,False,False,False,False,False,False
2026-08-26T14:27:18,SBILIFE,2026-08-26 14:20:00+05:30,BULL,NO_SIGNAL,20.0,,MACRO_BULL|ST_BULL|RVOL|ENTRY_TRIGGER,1774.6,1777.0051,41.73,-0.202,1.089,1.1,1776.8941,1767.4803,1782.6547,BEAR,1775.5,1775.3427,51.73,-0.465,27.81,False,True,False,False,False,False,False,False
2026-08-26T14:27:18,HINDUNILVR,2026-08-26 14:20:00+05:30,BULL,NO_SIGNAL,40.0,,MACRO_BULL|ST_BULL|ENTRY_TRIGGER,2024.8,2026.6212,34.9,-0.064,1.499,1.1,2035.3277,2023.2561,2029.1244,BEAR,2024.7,2028.9083,41.84,-0.692,21.78,False,True,False,False,False,False,False,False
2026-08-26T14:27:19,MARUTI,2026-08-26 14:20:00+05:30,BULL,NO_SIGNAL,40.0,,MACRO_BULL|ST_BULL|ENTRY_TRIGGER,13568.0,13600.2293,25.51,-0.301,1.449,1.1,13639.6527,13565.1777,13612.8144,BEAR,13583.0,13610.8708,42.6,-0.6,17.71,False,True,False,False,False,False,False,False
2026-08-26T14:27:20,ITC,2026-08-26 14:20:00+05:30,BULL,NO_SIGNAL,20.0,,MACRO_BULL|ST_BULL|RVOL|ENTRY_TRIGGER,271.4,271.349,51.04,0.111,1.003,1.1,272.1114,270.0565,271.6461,BEAR,271.35,271.2498,53.16,-0.312,26.47,False,False,False,False,False,False,False,False
2026-08-26T14:27:20,TMPV,2026-08-26 14:20:00+05:30,BULL,NO_SIGNAL,60.0,,MACRO_BULL|ENTRY_TRIGGER,314.95,315.2051,42.86,-0.127,2.421,1.1,315.3907,314.18,314.6033,BULL,315.1,314.9715,52.86,-0.032,26.23,False,True,False,False,False,False,False,True
2026-08-26T14:27:21,ADANIPORTS,2026-08-26 14:20:00+05:30,BULL,NO_SIGNAL,20.0,,MACRO_BULL|ST_BULL|RVOL|ENTRY_TRIGGER,1695.5,1695.3741,50.52,0.006,0.804,1.1,1700.7404,1689.4246,1698.8877,BEAR,1695.8,1694.6808,53.81,-0.1,24.36,False,False,False,False,False,False,False,False
2026-08-26T14:27:21,DRREDDY,2026-08-26 14:20:00+05:30,BULL,NEAR,80.0,BREAKOUT_CONTINUATION,MACRO_BULL,1192.5,1189.4695,66.22,0.21,5.776,1.1,1188.1847,1186.3911,1186.9872,BULL,1190.9,1187.5636,58.83,0.489,16.5,True,False,False,False,True,False,False,False
2026-08-26T14:27:22,WIPRO,2026-08-26 14:20:00+05:30,BEAR,NO_SIGNAL,60.0,,RVOL|ENTRY_TRIGGER,177.35,177.3823,43.73,0.0,0.222,1.1,178.4828,180.1668,177.3694,BEAR,177.34,178.2549,33.48,-1.038,36.35,False,False,False,False,False,False,False,False
2026-08-26T14:27:23,ONGC,2026-08-26 14:20:00+05:30,BULL,NO_SIGNAL,20.0,,MACRO_BULL|ABOVE_WVWAP|RVOL|ENTRY_TRIGGER,233.21,233.0931,56.14,0.198,0.721,1.1,232.6213,234.7273,232.632,BULL,233.21,233.1368,48.32,0.241,39.86,True,False,False,False,False,False,False,False
2026-08-26T14:27:23,SBIN,2026-08-26 14:20:00+05:30,BULL,NO_SIGNAL,20.0,,MACRO_BULL|ST_BULL|RVOL|ENTRY_TRIGGER,1055.0,1055.1829,47.73,0.028,0.853,1.1,1057.0032,1041.824,1057.4573,BEAR,1055.0,1053.8178,58.13,-0.114,36.09,False,False,False,False,False,False,False,False
2026-08-26T14:27:24,EICHERMOT,2026-08-26 14:20:00+05:30,BULL,NO_SIGNAL,60.0,,MACRO_BULL|ENTRY_TRIGGER,8091.0,8087.3668,55.46,0.124,1.234,1.1,8074.6789,8042.63,8074.676,BULL,8090.5,8073.5745,64.57,-0.006,46.93,True,False,False,False,False,False,False,False
2026-08-26T14:27:24,COALINDIA,2026-08-26 14:20:00+05:30,BEAR,NEAR,80.0,BREAKOUT_CONTINUATION,MACRO_BEAR,403.65,404.2584,42.86,-0.111,1.885,1.1,403.4791,404.2294,405.3528,BEAR,404.95,403.6353,63.5,0.434,23.01,False,True,False,False,False,True,False,False
2026-08-26T14:27:25,BAJAJFINSV,2026-08-26 14:20:00+05:30,BULL,NO_SIGNAL,20.0,,MACRO_BULL|ST_BULL|RVOL|ENTRY_TRIGGER,2011.1,2010.541,51.45,0.194,0.804,1.1,2013.4132,2007.3849,2014.3559,BEAR,2010.9,2010.1189,52.25,0.045,14.56,False,False,False,False,False,False,False,False
2026-08-26T14:27:26,MAXHEALTH,2026-08-26 14:20:00+05:30,BULL,NO_SIGNAL,40.0,,MACRO_BULL|RVOL|ENTRY_TRIGGER,1016.7,1017.0185,49.42,0.286,0.699,1.1,1015.6801,998.8846,1014.3276,BULL,1017.5,1014.3845,58.89,-0.411,47.3,False,False,False,False,False,False,False,False
2026-08-26T14:27:26,KOTAKBANK,2026-08-26 14:20:00+05:30,BULL,NO_SIGNAL,60.0,,RVOL|ENTRY_TRIGGER,415.8,415.283,60.57,0.35,0.499,1.1,412.194,405.3592,413.9666,BULL,415.9,412.1918,76.07,0.52,54.98,True,False,False,False,False,False,False,False
2026-08-26T14:27:27,APOLLOHOSP,2026-08-26 14:20:00+05:30,BULL,NO_SIGNAL,40.0,,MACRO_BULL|RVOL|ENTRY_TRIGGER,8800.5,8803.2404,46.78,0.063,0.524,1.1,8803.1362,8712.9061,8789.5719,BULL,8807.0,8799.0646,56.56,-0.3,39.72,False,False,False,False,False,False,False,False
2026-08-26T14:27:27,CIPLA,2026-08-26 14:20:00+05:30,BULL,NO_SIGNAL,60.0,,ABOVE_WVWAP|ENTRY_TRIGGER,1413.6,1409.5042,61.36,0.555,2.992,1.1,1410.5724,1421.5687,1405.8972,BULL,1415.5,1411.1363,56.07,0.085,35.05,True,False,False,False,False,False,False,False
2026-08-26T14:27:28,JSWSTEEL,2026-08-26 14:20:00+05:30,BULL,SIGNAL,100.0,BREAKOUT_CONTINUATION,,1332.4,1325.0173,76.29,0.604,4.579,1.1,1320.2436,1314.7658,1322.4133,BULL,1326.4,1320.4893,65.42,0.561,40.98,True,False,False,False,True,False,False,False
2026-08-26T14:27:29,HCLTECH,2026-08-26 14:20:00+05:30,BEAR,NO_SIGNAL,60.0,,MACRO_BEAR|ENTRY_TRIGGER,1300.0,1299.2493,52.13,0.1,1.526,1.1,1306.841,1309.7697,1301.021,BEAR,1299.9,1301.9993,42.64,-0.604,21.29,False,False,False,False,False,False,False,False
2026-08-26T14:27:29,TCS,2026-08-26 14:20:00+05:30,BEAR,NO_SIGNAL,60.0,,MACRO_BEAR|ENTRY_TRIGGER,2271.1,2270.5088,49.25,0.079,1.259,1.1,2279.3355,2284.9299,2274.5055,BEAR,2270.8,2275.3787,40.76,-0.626,18.3,False,False,False,False,False,False,False,False
2026-08-26T14:27:30,INDIGO,2026-08-26 14:20:00+05:30,BULL,NO_SIGNAL,40.0,,MACRO_BULL|RVOL|ENTRY_TRIGGER,5252.0,5251.715,51.65,0.029,0.274,1.1,5250.9343,5167.9961,5239.8656,BULL,5253.5,5233.4878,67.45,-0.048,34.41,False,False,False,False,False,False,False,False
2026-08-26T14:27:30,BHARTIARTL,2026-08-26 14:20:00+05:30,BEAR,NO_SIGNAL,60.0,,RVOL|ENTRY_TRIGGER,1913.4,1914.3897,43.28,0.047,0.798,1.1,1922.8658,1932.0957,1916.3315,BEAR,1914.8,1919.6753,36.38,-0.442,38.93,False,False,False,False,False,False,False,False
2026-08-26T14:27:31,ETERNAL,2026-08-26 14:20:00+05:30,BEAR,NEAR,80.0,,ENTRY_TRIGGER,325.8,326.0326,42.31,0.031,1.551,1.1,327.9599,328.3746,326.9126,BEAR,326.25,327.3016,38.54,-0.67,27.61,False,False,False,False,False,False,False,False
2026-08-26T14:27:32,LT,2026-08-26 14:20:00+05:30,BEAR,NO_SIGNAL,60.0,,RVOL|ENTRY_TRIGGER,4059.8,4056.739,52.58,0.202,0.763,1.1,4077.5774,4087.5444,4063.6584,BEAR,4057.0,4067.8996,36.86,-0.695,25.49,False,False,False,False,False,False,False,False
2026-08-26T14:27:32,SHRIRAMFIN,2026-08-26 14:20:00+05:30,BEAR,NO_SIGNAL,60.0,,RVOL|ENTRY_TRIGGER,1118.0,1117.8555,48.21,0.107,0.52,1.1,1123.338,1122.4823,1120.0588,BEAR,1118.4,1121.2182,44.67,-0.507,30.87,False,False,False,False,False,False,False,False
2026-08-26T14:27:33,GRASIM,2026-08-26 14:20:00+05:30,BULL,NO_SIGNAL,40.0,,MACRO_BULL|RVOL|ENTRY_TRIGGER,3283.2,3279.3762,55.63,0.306,0.769,1.1,3280.8613,3273.6349,3266.8801,BULL,3285.0,3274.9894,56.33,-0.037,27.29,True,False,False,False,False,False,False,False
2026-08-26T14:27:34,AXISBANK,2026-08-26 14:20:00+05:30,BULL,NEAR,80.0,,ENTRY_TRIGGER,1254.0,1254.7221,48.95,-0.104,3.432,1.1,1250.5378,1238.9277,1252.3842,BULL,1255.1,1250.0617,66.91,0.176,43.65,False,False,False,False,False,False,False,False
2026-08-26T14:27:34,POWERGRID,2026-08-26 14:20:00+05:30,BEAR,NO_SIGNAL,60.0,,RVOL|ENTRY_TRIGGER,266.75,267.082,34.99,-0.037,0.797,1.1,268.9285,269.7369,267.3692,BEAR,266.95,267.999,34.07,-0.781,22.76,False,True,False,False,False,False,False,False
2026-08-26T14:27:35,ADANIENT,2026-08-26 14:20:00+05:30,BULL,NO_SIGNAL,40.0,,MACRO_BULL|RVOL|ENTRY_TRIGGER,3133.5,3133.2992,51.91,0.016,0.909,1.1,3134.099,3065.6339,3122.7939,BULL,3135.3,3119.844,69.13,-0.026,54.96,False,False,False,False,False,False,False,False
2026-08-26T14:27:35,TECHM,2026-08-26 14:20:00+05:30,BULL,NO_SIGNAL,40.0,,MACRO_BULL|ABOVE_WVWAP|ENTRY_TRIGGER,1572.0,1569.2938,57.9,0.306,1.125,1.1,1582.8743,1582.5966,1565.2931,BULL,1569.1,1573.3852,40.93,-0.677,17.77,True,False,False,False,False,False,False,False
2026-08-26T14:27:36,ICICIBANK,2026-08-26 14:20:00+05:30,BULL,NO_SIGNAL,60.0,,MACRO_BULL|ENTRY_TRIGGER,1436.4,1437.0245,44.53,-0.007,1.267,1.1,1438.973,1422.4816,1435.3182,BULL,1436.2,1435.3307,56.36,-0.229,28.8,False,True,False,False,False,False,False,False
2026-08-26T14:27:36,JIOFIN,2026-08-26 14:20:00+05:30,BEAR,NO_SIGNAL,40.0,,MACRO_BEAR|RVOL|ENTRY_TRIGGER,242.1,242.2585,41.09,-0.041,0.667,1.1,243.4184,242.5189,242.6666,BEAR,242.15,242.5542,43.75,-0.514,21.64,False,True,False,False,False,False,False,False
2026-08-26T14:27:37,TATASTEEL,2026-08-26 14:20:00+05:30,BULL,NEAR,80.0,BREAKOUT_CONTINUATION,MACRO_BULL,186.28,185.7393,68.7,0.366,1.929,1.1,185.4279,185.0224,185.399,BULL,186.09,185.2938,61.85,0.178,20.25,True,False,False,False,True,False,False,False
2026-08-26T14:27:38,TITAN,2026-08-26 14:20:00+05:30,BULL,NO_SIGNAL,20.0,,MACRO_BULL|ST_BULL|RVOL|ENTRY_TRIGGER,5099.1,5098.2683,51.93,0.082,1.092,1.1,5108.1742,5086.4719,5109.0046,BEAR,5098.7,5097.1895,52.78,-0.164,30.05,False,False,False,False,False,False,False,False
2026-08-26T14:27:38,INFY,2026-08-26 14:20:00+05:30,BEAR,NO_SIGNAL,40.0,,MACRO_BEAR|RVOL|ENTRY_TRIGGER,1121.5,1120.8651,52.45,0.143,0.886,1.1,1126.4885,1128.9793,1122.071,BEAR,1121.1,1123.0823,40.9,-0.435,15.1,False,False,False,False,False,False,False,False
2026-08-26T14:27:39,TRENT,2026-08-26 14:20:00+05:30,BEAR,NO_SIGNAL,40.0,,MACRO_BEAR|RVOL|ENTRY_TRIGGER,2911.3,2912.5382,42.35,-0.051,0.336,1.1,2926.8595,2918.5199,2918.9506,BEAR,2913.2,2918.6451,43.57,-0.912,18.77,False,True,False,False,False,False,False,False
2026-08-26T14:27:40,ASIANPAINT,2026-08-26 14:20:00+05:30,BULL,NO_SIGNAL,40.0,,MACRO_BULL|ST_BULL|ENTRY_TRIGGER,2640.0,2644.4781,30.66,-0.246,1.863,1.1,2656.2749,2630.5786,2647.9458,BEAR,2642.9,2643.6119,51.62,-0.23,26.89,False,True,False,False,False,False,False,False
2026-08-26T14:27:40,ULTRACEMCO,2026-08-26 14:20:00+05:30,BULL,NEAR,80.0,,ENTRY_TRIGGER,11707.0,11683.0966,67.3,0.231,1.646,1.1,11672.4835,11554.4991,11660.752,BULL,11694.0,11647.7072,65.75,0.24,30.71,True,False,False,False,False,False,False,False
2026-08-26T14:27:41,HDFCBANK,2026-08-26 14:20:00+05:30,BULL,NO_SIGNAL,40.0,,MACRO_BULL|RVOL|ENTRY_TRIGGER,728.2,728.1343,51.79,0.055,0.607,1.1,727.5362,726.6331,727.0144,BULL,728.35,727.4518,57.22,0.241,18.88,False,False,False,False,False,False,False,False
2026-08-26T14:27:41,RELIANCE,2026-08-26 14:20:00+05:30,BEAR,NO_SIGNAL,60.0,,MACRO_BEAR|ENTRY_TRIGGER,1303.8,1304.4807,38.94,-0.046,4.28,1.1,1308.4551,1306.8645,1305.5592,BEAR,1302.9,1306.5638,34.83,-0.694,20.72,False,True,False,False,False,False,False,False
2026-08-26T14:27:42,M&M,2026-08-26 14:20:00+05:30,BULL,NO_SIGNAL,40.0,,MACRO_BULL|RVOL|ENTRY_TRIGGER,3424.4,3424.0896,49.71,0.082,0.968,1.1,3431.0664,3420.2011,3419.7444,BULL,3423.8,3425.4874,47.83,-0.288,14.32,False,False,False,False,False,False,False,False
2026-08-26T14:27:42,SUNPHARMA,2026-08-26 14:20:00+05:30,BULL,NO_SIGNAL,20.0,,MACRO_BULL|ST_BULL|RVOL|ENTRY_TRIGGER,1913.8,1915.5086,43.65,-0.271,0.988,1.1,1915.8921,1912.7321,1919.8603,BEAR,1914.2,1915.8266,47.26,-0.104,12.47,False,True,False,False,False,False,False,False
2026-08-26T14:30:07,BEL,2026-08-26 14:25:00+05:30,BEAR,NO_SIGNAL,40.0,,MACRO_BEAR|RVOL|ENTRY_TRIGGER,408.9,409.332,42.84,-0.183,0.856,1.1,409.1892,408.9735,410.0227,BEAR,408.9,409.2988,46.13,-0.073,9.15,False,True,False,False,False,False,False,False
2026-08-26T14:30:08,TATACONSUM,2026-08-26 14:25:00+05:30,BEAR,NO_SIGNAL,60.0,,RVOL|ENTRY_TRIGGER,1042.6,1043.4982,42.89,0.019,0.695,1.1,1047.5618,1051.9623,1046.2406,BEAR,1042.6,1046.695,34.72,-0.515,23.73,False,False,False,False,False,False,False,False
2026-08-26T14:30:09,BAJAJ-AUTO,2026-08-26 14:25:00+05:30,BULL,NO_SIGNAL,20.0,,MACRO_BULL|ABOVE_WVWAP|RVOL|ENTRY_TRIGGER,11799.0,11788.3934,55.22,0.221,0.838,1.1,11816.8103,11803.0129,11760.0522,BULL,11799.0,11799.3136,49.58,-0.38,20.24,True,False,False,False,False,False,False,False
2026-08-26T14:30:09,NESTLEIND,2026-08-26 14:25:00+05:30,BEAR,NO_SIGNAL,60.0,BREAKOUT_CONTINUATION,MACRO_BEAR|ST_BEAR,1452.0,1454.1062,41.99,-0.151,1.798,1.1,1459.7966,1464.2242,1450.1989,BULL,1452.0,1457.0677,36.32,-0.343,18.24,False,True,False,False,False,True,False,False
2026-08-26T14:30:10,BAJFINANCE,2026-08-26 14:25:00+05:30,BULL,NEAR,80.0,VWAP_PULLBACK,RVOL,1088.9,1087.5615,62.1,0.083,0.874,1.1,1088.1591,1083.9008,1085.2522,BULL,1088.9,1086.795,57.29,0.304,24.08,True,False,True,False,False,False,False,False
2026-08-26T14:30:10,HINDALCO,2026-08-26 14:25:00+05:30,BULL,NEAR,80.0,,ENTRY_TRIGGER,1052.45,1049.3695,71.3,0.348,3.31,1.1,1048.0679,1049.9958,1047.3739,BULL,1052.45,1048.3412,63.06,0.578,29.86,True,False,False,False,False,False,False,False
2026-08-26T14:30:11,NTPC,2026-08-26 14:25:00+05:30,BEAR,NO_SIGNAL,60.0,,MACRO_BEAR|ENTRY_TRIGGER,336.4,336.7641,32.82,-0.163,1.148,1.1,340.8527,339.2241,337.0102,BEAR,336.4,337.6679,38.78,-0.679,20.08,False,True,False,False,False,False,False,False
2026-08-26T14:30:12,HDFCLIFE,2026-08-26 14:25:00+05:30,BULL,NO_SIGNAL,40.0,,MACRO_BULL|RVOL|ENTRY_TRIGGER,560.1,560.2207,50.96,-0.071,0.893,1.1,558.1514,554.4431,558.9717,BULL,560.1,557.9342,62.18,-0.258,38.22,False,False,False,False,False,False,False,False
2026-08-26T14:30:12,SBILIFE,2026-08-26 14:25:00+05:30,BEAR,NEAR,80.0,TREND_CONTINUATION,BELOW_WVWAP,1773.0,1776.641,37.77,-0.382,1.584,1.1,1776.8582,1767.5021,1782.0683,BEAR,1773.0,1775.1297,48.36,-0.672,26.55,False,True,False,False,False,False,False,True
2026-08-26T14:30:13,HINDUNILVR,2026-08-26 14:25:00+05:30,BULL,NO_SIGNAL,20.0,,MACRO_BULL|ST_BULL|RVOL|ENTRY_TRIGGER,2024.2,2026.4011,32.62,-0.064,0.615,1.1,2035.2497,2023.2581,2029.1244,BEAR,2024.2,2028.4803,40.97,-0.701,20.53,False,True,False,False,False,False,False,False
2026-08-26T14:30:13,MARUTI,2026-08-26 14:25:00+05:30,BULL,NO_SIGNAL,20.0,,MACRO_BULL|ST_BULL|RVOL|ENTRY_TRIGGER,13570.0,13597.4812,27.47,-0.257,0.678,1.1,13638.8946,13565.1909,13607.7695,BEAR,13570.0,13607.1553,39.48,-0.557,17.83,False,True,False,False,False,False,False,False
2026-08-26T14:30:14,ITC,2026-08-26 14:25:00+05:30,BULL,NO_SIGNAL,20.0,,MACRO_BULL|ST_BULL|RVOL|ENTRY_TRIGGER,271.35,271.3491,48.96,0.111,0.796,1.1,272.105,270.0605,271.6461,BEAR,271.35,271.2589,53.16,-0.129,25.47,False,False,False,False,False,False,False,False
2026-08-26T14:30:15,TMPV,2026-08-26 14:25:00+05:30,BULL,NO_SIGNAL,60.0,,MACRO_BULL|ENTRY_TRIGGER,314.65,315.1546,36.94,-0.285,2.353,1.1,315.3724,314.1824,314.6033,BULL,314.65,314.9423,48.51,-0.364,24.97,False,True,False,False,False,False,False,False
2026-08-26T14:30:15,ADANIPORTS,2026-08-26 14:25:00+05:30,BULL,NO_SIGNAL,40.0,,MACRO_BULL|ST_BULL|ENTRY_TRIGGER,1694.6,1695.3037,46.65,-0.071,1.21,1.1,1700.6561,1689.4526,1698.8877,BEAR,1694.6,1694.6734,51.37,-0.218,24.27,False,False,False,False,False,False,False,False
2026-08-26T14:30:16,DRREDDY,2026-08-26 14:25:00+05:30,BULL,NO_SIGNAL,60.0,,MACRO_BULL|ENTRY_TRIGGER,1191.9,1189.6905,62.71,0.16,1.19,1.1,1188.267,1186.4258,1186.9872,BULL,1191.9,1187.9578,60.72,0.574,15.84,True,False,False,False,False,False,False,False
2026-08-26T14:30:16,WIPRO,2026-08-26 14:25:00+05:30,BEAR,NO_SIGNAL,40.0,,ST_BEAR|RVOL|ENTRY_TRIGGER,177.67,177.4084,54.17,0.294,0.374,1.1,178.4746,180.16,176.6319,BULL,177.67,178.2018,39.2,-0.437,35.75,False,False,False,False,False,False,False,False
2026-08-26T14:30:17,ONGC,2026-08-26 14:25:00+05:30,BULL,NO_SIGNAL,40.0,,MACRO_BULL|ABOVE_WVWAP|ENTRY_TRIGGER,233.24,233.1064,57.19,0.107,1.435,1.1,232.6274,234.7239,232.632,BULL,233.24,233.1462,48.97,0.254,38.04,True,False,False,False,False,False,False,False
2026-08-26T14:30:18,SBIN,2026-08-26 14:25:00+05:30,BULL,NO_SIGNAL,40.0,,MACRO_BULL|ST_BULL|ENTRY_TRIGGER,1055.0,1055.1663,47.73,-0.028,1.112,1.1,1056.983,1041.8509,1057.4573,BEAR,1055.0,1053.9253,58.13,-0.057,34.85,False,False,False,False,False,False,False,False
2026-08-26T14:30:18,EICHERMOT,2026-08-26 14:25:00+05:30,BULL,NO_SIGNAL,60.0,,RVOL|ENTRY_TRIGGER,8091.0,8087.6971,55.46,0.031,0.46,1.1,8074.7516,8042.6866,8074.676,BULL,8091.0,8075.1587,64.8,0.049,47.17,True,False,False,False,False,False,False,False
2026-08-26T14:30:19,COALINDIA,2026-08-26 14:25:00+05:30,BULL,NEAR,80.0,VWAP_PULLBACK,ST_BULL,404.9,404.3167,58.62,0.186,3.149,1.1,403.5211,404.2311,405.3528,BEAR,404.9,403.7503,62.89,0.721,22.26,True,False,True,False,False,False,False,False
2026-08-26T14:30:19,BAJAJFINSV,2026-08-26 14:25:00+05:30,BULL,NO_SIGNAL,20.0,,MACRO_BULL|ST_BULL|RVOL|ENTRY_TRIGGER,2010.5,2010.5372,49.1,0.105,0.479,1.1,2013.4073,2007.3877,2014.3559,BEAR,2010.5,2010.1535,51.63,0.03,14.14,False,False,False,False,False,False,False,False
2026-08-26T14:30:20,MAXHEALTH,2026-08-26 14:25:00+05:30,BULL,NO_SIGNAL,40.0,,MACRO_BULL|RVOL|ENTRY_TRIGGER,1016.4,1016.9623,48.28,0.059,0.756,1.1,1015.6872,998.9153,1014.3276,BULL,1016.4,1014.5677,56.62,-0.363,46.83,False,False,False,False,False,False,False,False
2026-08-26T14:30:21,KOTAKBANK,2026-08-26 14:25:00+05:30,BULL,NO_SIGNAL,60.0,,RVOL|ENTRY_TRIGGER,415.55,415.3073,56.95,0.193,0.641,1.1,412.225,405.3966,414.1071,BULL,415.55,412.4971,73.38,0.703,55.3,True,False,False,False,False,False,False,False
2026-08-26T14:30:21,APOLLOHOSP,2026-08-26 14:25:00+05:30,BULL,NO_SIGNAL,40.0,,MACRO_BULL|RVOL|ENTRY_TRIGGER,8803.0,8803.2186,49.49,0.057,0.799,1.1,8803.131,8713.0403,8789.5719,BULL,8803.0,8799.4224,54.64,-0.232,38.94,False,False,False,False,False,False,False,False
2026-08-26T14:30:22,CIPLA,2026-08-26 14:25:00+05:30,BULL,NO_SIGNAL,40.0,,ABOVE_WVWAP|RVOL|ENTRY_TRIGGER,1416.0,1410.0947,65.71,0.833,0.827,1.1,1410.6601,1421.5393,1405.9647,BULL,1416.0,1411.5785,56.87,0.219,33.02,True,False,False,False,False,False,False,False
2026-08-26T14:30:22,JSWSTEEL,2026-08-26 14:25:00+05:30,BULL,NEAR,80.0,,ENTRY_TRIGGER,1330.7,1325.534,68.82,0.339,1.144,1.1,1320.4562,1314.8335,1323.3971,BULL,1330.7,1321.4175,70.96,0.964,42.49,True,False,False,False,False,False,False,False
2026-08-26T14:30:23,HCLTECH,2026-08-26 14:25:00+05:30,BEAR,NO_SIGNAL,60.0,,MACRO_BEAR|ENTRY_TRIGGER,1300.4,1299.3539,54.65,0.1,1.287,1.1,1306.7369,1309.739,1301.021,BEAR,1300.4,1301.8539,44.07,-0.238,20.62,False,False,False,False,False,False,False,False
2026-08-26T14:30:24,TCS,2026-08-26 14:25:00+05:30,BEAR,NO_SIGNAL,40.0,,MACRO_BEAR|RVOL|ENTRY_TRIGGER,2270.9,2270.5444,48.29,0.084,0.757,1.1,2279.2431,2284.8952,2274.5055,BEAR,2270.9,2274.9716,40.94,-0.193,17.35,False,False,False,False,False,False,False,False
2026-08-26T14:30:24,INDIGO,2026-08-26 14:25:00+05:30,BULL,NO_SIGNAL,40.0,,MACRO_BULL|RVOL|ENTRY_TRIGGER,5252.0,5251.7409,51.65,-0.029,0.521,1.1,5250.952,5168.1937,5240.4562,BULL,5252.0,5235.1708,66.33,-0.076,34.02,False,False,False,False,False,False,False,False
2026-08-26T14:30:25,BHARTIARTL,2026-08-26 14:25:00+05:30,BEAR,NO_SIGNAL,60.0,,RVOL|ENTRY_TRIGGER,1914.2,1914.3724,46.85,0.094,0.71,1.1,1922.8076,1932.0508,1916.3315,BEAR,1914.2,1919.1776,35.53,-0.224,38.32,False,False,False,False,False,False,False,False
2026-08-26T14:30:25,ETERNAL,2026-08-26 14:25:00+05:30,BEAR,NO_SIGNAL,60.0,,RVOL|ENTRY_TRIGGER,325.95,326.0251,45.37,0.031,1.051,1.1,327.9298,328.3609,326.9126,BEAR,325.95,327.1788,36.65,-0.806,27.98,False,False,False,False,False,False,False,False
2026-08-26T14:30:26,LT,2026-08-26 14:25:00+05:30,BEAR,NO_SIGNAL,60.0,,RVOL|ENTRY_TRIGGER,4062.0,4057.2173,55.64,0.2,0.521,1.1,4077.4698,4087.4947,4063.6584,BEAR,4062.0,4067.3633,42.28,-0.429,24.79,True,False,False,False,False,False,False,False
2026-08-26T14:30:27,SHRIRAMFIN,2026-08-26 14:25:00+05:30,BEAR,NO_SIGNAL,60.0,,RVOL|ENTRY_TRIGGER,1118.5,1117.9141,50.57,0.045,0.781,1.1,1123.3045,1122.4717,1120.0588,BEAR,1118.5,1120.9711,44.84,-0.339,30.53,False,False,False,False,False,False,False,False
2026-08-26T14:30:27,GRASIM,2026-08-26 14:25:00+05:30,BULL,SIGNAL,100.0,VWAP_PULLBACK,,3291.4,3280.4693,63.37,0.231,2.421,1.1,3281.0183,3273.6919,3267.1401,BULL,3291.4,3276.4813,59.19,0.403,27.56,True,False,True,False,True,False,True,False
2026-08-26T14:30:28,AXISBANK,2026-08-26 14:25:00+05:30,BULL,NEAR,80.0,,ENTRY_TRIGGER,1254.1,1254.6655,49.47,-0.119,1.395,1.1,1250.5942,1238.9928,1252.3842,BULL,1254.1,1250.4288,63.72,0.152,42.91,False,False,False,False,False,False,False,False
2026-08-26T14:30:29,POWERGRID,2026-08-26 14:25:00+05:30,BEAR,NEAR,80.0,,ENTRY_TRIGGER,266.95,267.07,42.35,0.056,1.66,1.1,268.8994,269.7285,267.3692,BEAR,266.95,267.9036,34.07,-0.54,23.61,False,False,False,False,False,False,False,False
2026-08-26T14:30:29,ADANIENT,2026-08-26 14:25:00+05:30,BULL,NO_SIGNAL,40.0,VWAP_PULLBACK,MACRO_BULL|RVOL|ENTRY_TRIGGER,3134.4,3133.3993,53.61,-0.022,1.054,1.1,3134.096,3065.8442,3122.7939,BULL,3134.4,3121.1673,68.16,-0.127,54.48,False,False,True,False,False,False,False,False
2026-08-26T14:30:30,TECHM,2026-08-26 14:25:00+05:30,BULL,NO_SIGNAL,20.0,,MACRO_BULL|ABOVE_WVWAP|RVOL|ENTRY_TRIGGER,1573.0,1569.6308,60.96,0.338,0.827,1.1,1582.7453,1582.5654,1566.7298,BULL,1573.0,1573.3502,47.99,-0.089,17.34,True,False,False,False,False,False,False,False
2026-08-26T14:30:30,ICICIBANK,2026-08-26 14:25:00+05:30,BULL,NO_SIGNAL,60.0,,MACRO_BULL|ENTRY_TRIGGER,1435.7,1436.9041,40.02,-0.056,1.776,1.1,1438.9201,1422.5265,1435.3182,BULL,1435.7,1435.3643,54.8,-0.215,27.01,False,True,False,False,False,False,False,True
2026-08-26T14:30:31,JIOFIN,2026-08-26 14:25:00+05:30,BEAR,NO_SIGNAL,40.0,,MACRO_BEAR|RVOL|ENTRY_TRIGGER,242.1,242.2441,41.09,-0.083,0.556,1.1,243.4103,242.5183,242.6666,BEAR,242.1,242.5129,43.06,-0.473,20.26,False,True,False,False,False,False,False,False
2026-08-26T14:30:32,TATASTEEL,2026-08-26 14:25:00+05:30,BULL,NO_SIGNAL,60.0,,MACRO_BULL|ENTRY_TRIGGER,186.4,185.7993,70.79,0.42,3.259,1.1,185.4614,185.0337,185.6119,BULL,186.4,185.3944,64.74,0.757,21.38,True,False,False,False,False,False,False,False
2026-08-26T14:30:32,TITAN,2026-08-26 14:25:00+05:30,BULL,NO_SIGNAL,40.0,,ST_BULL|RVOL|ENTRY_TRIGGER,5099.6,5098.3893,53.14,0.078,1.005,1.1,5108.1175,5086.4988,5108.7525,BEAR,5099.6,5097.4087,53.5,0.022,29.5,False,False,False,False,False,False,False,False
2026-08-26T14:30:33,INFY,2026-08-26 14:25:00+05:30,BULL,NO_SIGNAL,20.0,,MACRO_BULL|ABOVE_WVWAP|RVOL|ENTRY_TRIGGER,1122.3,1120.9956,57.84,0.205,0.927,1.1,1126.4481,1128.9636,1118.7446,BULL,1122.3,1123.0112,45.4,-0.142,14.46,True,False,False,False,False,False,False,False
2026-08-26T14:30:33,TRENT,2026-08-26 14:25:00+05:30,BEAR,NO_SIGNAL,40.0,,MACRO_BEAR|RVOL|ENTRY_TRIGGER,2911.0,2912.3983,41.57,0.014,0.308,1.1,2926.8002,2918.5129,2918.9506,BEAR,2911.0,2917.9501,41.67,-0.696,18.47,False,False,False,False,False,False,False,False
2026-08-26T14:30:34,ASIANPAINT,2026-08-26 14:25:00+05:30,BEAR,NO_SIGNAL,60.0,,BELOW_WVWAP|ENTRY_TRIGGER,2640.1,2644.0801,31.2,-0.261,2.106,1.1,2656.0137,2630.6159,2647.9458,BEAR,2640.1,2643.2926,47.49,-0.283,25.37,False,True,False,False,False,False,False,False
2026-08-26T14:30:35,ULTRACEMCO,2026-08-26 14:25:00+05:30,BULL,NO_SIGNAL,60.0,,RVOL|ENTRY_TRIGGER,11710.0,11685.5423,68.49,0.257,0.899,1.1,11672.8531,11554.8183,11660.752,BULL,11710.0,11653.3702,68.39,0.429,31.7,True,False,False,False,False,False,False,False
2026-08-26T14:30:35,HDFCBANK,2026-08-26 14:25:00+05:30,BULL,NO_SIGNAL,40.0,,MACRO_BULL|RVOL|ENTRY_TRIGGER,727.9,728.113,47.53,0.014,0.815,1.1,727.5397,726.6378,727.0144,BULL,727.9,727.4926,54.08,0.055,18.67,False,False,False,False,False,False,False,False
2026-08-26T14:30:36,RELIANCE,2026-08-26 14:25:00+05:30,BEAR,NO_SIGNAL,60.0,,MACRO_BEAR|ENTRY_TRIGGER,1302.1,1304.2642,29.5,-0.146,1.449,1.1,1308.3218,1306.8444,1305.5592,BEAR,1302.1,1306.158,32.74,-0.641,20.06,False,True,False,False,False,False,False,False
2026-08-26T14:30:37,M&M,2026-08-26 14:25:00+05:30,BULL,NO_SIGNAL,40.0,,MACRO_BULL|RVOL|ENTRY_TRIGGER,3424.4,3424.1178,49.71,0.038,0.6,1.1,3431.0274,3420.2062,3419.7444,BULL,3424.4,3425.3886,48.81,-0.181,13.63,False,False,False,False,False,False,False,False
2026-08-26T14:30:37,SUNPHARMA,2026-08-26 14:25:00+05:30,BULL,NO_SIGNAL,20.0,,MACRO_BULL|ST_BULL|RVOL|ENTRY_TRIGGER,1913.6,1915.3351,43.06,-0.271,0.919,1.1,1915.8595,1912.7329,1918.9589,BEAR,1913.6,1915.6242,46.05,-0.099,12.75,False,True,False,False,False,False,False,False
2026-08-26T14:35:07,BEL,2026-08-26 14:30:00+05:30,BEAR,NO_SIGNAL,40.0,,MACRO_BEAR|RVOL|ENTRY_TRIGGER,408.95,409.2973,43.79,-0.11,1.083,1.1,409.1855,408.9733,410.0123,BEAR,408.9,409.2988,46.13,-0.073,9.15,False,True,False,False,False,False,False,False
2026-08-26T14:35:08,TATACONSUM,2026-08-26 14:30:00+05:30,BEAR,NO_SIGNAL,60.0,,RVOL|ENTRY_TRIGGER,1042.8,1043.4347,44.0,-0.038,0.963,1.1,1047.4654,1051.9128,1046.2406,BEAR,1042.6,1046.695,34.72,-0.515,23.73,False,True,False,False,False,False,False,False
2026-08-26T14:35:09,BAJAJ-AUTO,2026-08-26 14:30:00+05:30,BULL,NO_SIGNAL,40.0,,MACRO_BULL|ABOVE_WVWAP|ENTRY_TRIGGER,11793.0,11788.8122,51.98,-0.085,1.35,1.1,11816.3906,11802.9696,11760.0522,BULL,11799.0,11799.3136,49.58,-0.38,20.24,False,False,False,True,False,False,False,False
2026-08-26T14:35:09,NESTLEIND,2026-08-26 14:30:00+05:30,BULL,NO_SIGNAL,20.0,,MACRO_BULL|ABOVE_WVWAP|RVOL|ENTRY_TRIGGER,1452.0,1453.9147,41.99,0.014,1.037,1.1,1459.6752,1464.2003,1450.1989,BULL,1452.0,1457.0677,36.32,-0.343,18.24,False,False,False,False,False,False,False,False
2026-08-26T14:35:10,BAJFINANCE,2026-08-26 14:30:00+05:30,BULL,NEAR,80.0,,ENTRY_TRIGGER,1089.0,1087.6923,62.74,0.138,2.329,1.1,1088.1851,1083.9322,1085.8804,BULL,1088.9,1086.795,57.29,0.304,24.08,True,False,False,False,False,False,False,False
2026-08-26T14:35:10,HINDALCO,2026-08-26 14:30:00+05:30,BULL,NEAR,80.0,,ENTRY_TRIGGER,1053.6,1049.7541,74.83,0.424,2.095,1.1,1048.2449,1050.0148,1047.9834,BULL,1052.45,1048.3412,63.06,0.578,29.86,True,False,False,False,False,False,False,False
2026-08-26T14:35:11,NTPC,2026-08-26 14:30:00+05:30,BEAR,NO_SIGNAL,60.0,,MACRO_BEAR|ENTRY_TRIGGER,336.4,336.731,32.82,-0.089,1.242,1.1,340.8184,339.2174,337.0102,BEAR,336.4,337.6679,38.78,-0.679,20.08,False,True,False,False,False,False,False,False
2026-08-26T14:35:11,HDFCLIFE,2026-08-26 14:30:00+05:30,BULL,NO_SIGNAL,60.0,,MACRO_BULL|ENTRY_TRIGGER,560.0,560.2007,49.92,-0.267,2.991,1.1,558.2013,554.5098,558.9717,BULL,560.1,557.9342,62.18,-0.258,38.22,False,False,False,False,False,False,False,False
2026-08-26T14:35:12,SBILIFE,2026-08-26 14:30:00+05:30,BEAR,NO_SIGNAL,60.0,,BELOW_WVWAP|ENTRY_TRIGGER,1772.5,1776.2645,36.6,-0.393,1.531,1.1,1776.8161,1767.5217,1781.3443,BEAR,1773.0,1775.1297,48.36,-0.672,26.55,False,True,False,False,False,False,False,False
2026-08-26T14:35:13,HINDUNILVR,2026-08-26 14:30:00+05:30,BEAR,NEAR,80.0,BREAKOUT_CONTINUATION,MACRO_BEAR,2022.1,2026.01,26.19,-0.178,3.663,1.1,2034.7281,2023.2495,2028.4702,BEAR,2024.2,2028.4803,40.97,-0.701,20.53,False,True,False,False,False,True,False,False
2026-08-26T14:35:13,MARUTI,2026-08-26 14:30:00+05:30,BULL,NO_SIGNAL,20.0,,MACRO_BULL|ST_BULL|RVOL|ENTRY_TRIGGER,13566.0,13594.6193,26.0,-0.353,0.758,1.1,13638.0313,13565.1989,13604.4453,BEAR,13570.0,13607.1553,39.48,-0.557,17.83,False,True,False,False,False,False,False,False
2026-08-26T14:35:14,ITC,2026-08-26 14:30:00+05:30,BULL,NO_SIGNAL,20.0,,MACRO_BULL|ST_BULL|RVOL|ENTRY_TRIGGER,270.65,271.2855,30.33,-0.221,0.823,1.1,272.0946,270.0631,271.6461,BEAR,271.35,271.2589,53.16,-0.129,25.47,False,True,False,False,False,False,False,False
2026-08-26T14:35:14,TMPV,2026-08-26 14:30:00+05:30,BULL,NO_SIGNAL,60.0,,MACRO_BULL|ENTRY_TRIGGER,314.65,315.1088,36.94,-0.285,2.09,1.1,315.3526,314.1842,314.6033,BULL,314.65,314.9423,48.51,-0.364,24.97,False,True,False,False,False,False,False,False
2026-08-26T14:35:15,ADANIPORTS,2026-08-26 14:30:00+05:30,BULL,NO_SIGNAL,40.0,,MACRO_BULL|ST_BULL|ENTRY_TRIGGER,1696.8,1695.4397,55.6,0.065,2.257,1.1,1700.5406,1689.5169,1698.8877,BEAR,1694.6,1694.6734,51.37,-0.218,24.27,True,False,False,False,False,False,False,False
2026-08-26T14:35:16,DRREDDY,2026-08-26 14:30:00+05:30,BULL,NO_SIGNAL,40.0,,MACRO_BULL|RVOL|ENTRY_TRIGGER,1191.7,1189.8732,61.54,0.143,1.075,1.1,1188.3342,1186.4558,1186.9872,BULL,1191.9,1187.9578,60.72,0.574,15.84,True,False,False,False,False,False,False,False
2026-08-26T14:35:16,WIPRO,2026-08-26 14:30:00+05:30,BULL,NO_SIGNAL,40.0,TREND_CONTINUATION,MACRO_BULL|ABOVE_WVWAP|RVOL,177.76,177.4404,56.61,0.429,0.441,1.1,178.4674,180.1529,176.8866,BULL,177.67,178.2018,39.2,-0.437,35.75,True,False,False,False,False,False,True,False
2026-08-26T14:35:17,ONGC,2026-08-26 14:30:00+05:30,BEAR,NO_SIGNAL,60.0,BREAKOUT_CONTINUATION,MACRO_BEAR|ST_BEAR,232.84,233.0822,42.53,-0.176,3.402,1.1,232.6359,234.7146,232.632,BULL,233.24,233.1462,48.97,0.254,38.04,False,True,False,False,False,True,False,True
2026-08-26T14:35:17,SBIN,2026-08-26 14:30:00+05:30,BULL,NO_SIGNAL,20.0,,MACRO_BULL|ST_BULL|RVOL|ENTRY_TRIGGER,1055.2,1055.1693,49.87,-0.066,1.046,1.1,1056.9642,1041.876,1057.4573,BEAR,1055.0,1053.9253,58.13,-0.057,34.85,False,False,False,False,False,False,False,False
2026-08-26T14:35:18,EICHERMOT,2026-08-26 14:30:00+05:30,BULL,NEAR,80.0,VWAP_PULLBACK,ENTRY_TRIGGER,8092.0,8088.0883,56.44,-0.037,1.122,1.1,8074.9217,8042.8221,8074.676,BULL,8091.0,8075.1587,64.8,0.049,47.17,False,False,True,False,False,False,False,False
2026-08-26T14:35:19,COALINDIA,2026-08-26 14:30:00+05:30,BULL,NO_SIGNAL,60.0,,ST_BULL|ENTRY_TRIGGER,404.55,404.3379,54.12,0.087,2.168,1.1,403.5537,404.2331,405.3528,BEAR,404.9,403.7503,62.89,0.721,22.26,False,False,False,False,False,False,False,False
2026-08-26T14:35:19,BAJAJFINSV,2026-08-26 14:30:00+05:30,BULL,NO_SIGNAL,40.0,,MACRO_BULL|ST_BULL|ENTRY_TRIGGER,2010.6,2010.5429,49.51,0.134,1.543,1.1,2013.3924,2007.3969,2014.3559,BEAR,2010.5,2010.1535,51.63,0.03,14.14,False,False,False,False,False,False,False,False
2026-08-26T14:35:20,MAXHEALTH,2026-08-26 14:30:00+05:30,BULL,NO_SIGNAL,60.0,,MACRO_BULL|ENTRY_TRIGGER,1016.0,1016.8748,46.73,-0.187,4.958,1.1,1015.6932,999.1081,1014.3276,BULL,1016.4,1014.5677,56.62,-0.363,46.83,False,False,False,False,False,False,False,False
2026-08-26T14:35:20,KOTAKBANK,2026-08-26 14:30:00+05:30,BULL,NO_SIGNAL,60.0,,RVOL|ENTRY_TRIGGER,415.6,415.3339,57.49,0.217,0.546,1.1,412.2514,405.4283,414.2132,BULL,415.55,412.4971,73.38,0.703,55.3,True,False,False,False,False,False,False,False
2026-08-26T14:35:21,APOLLOHOSP,2026-08-26 14:30:00+05:30,BULL,NO_SIGNAL,60.0,VWAP_PULLBACK,MACRO_BULL|RVOL,8811.5,8803.9714,57.4,0.108,1.052,1.1,8803.1845,8713.2277,8789.5719,BULL,8803.0,8799.4224,54.64,-0.232,38.94,True,False,True,False,False,False,True,False
2026-08-26T14:35:22,CIPLA,2026-08-26 14:30:00+05:30,BULL,NO_SIGNAL,40.0,,ABOVE_WVWAP|RVOL|ENTRY_TRIGGER,1415.0,1410.5407,62.55,0.705,0.998,1.1,1410.7687,1421.5056,1407.034,BULL,1416.0,1411.5785,56.87,0.219,33.02,True,False,False,False,False,False,False,False
2026-08-26T14:35:22,JSWSTEEL,2026-08-26 14:30:00+05:30,BULL,NEAR,80.0,,ENTRY_TRIGGER,1334.9,1326.3854,75.27,0.671,3.477,1.1,1321.2125,1315.0723,1324.3118,BULL,1330.7,1321.4175,70.96,0.964,42.49,True,False,False,False,False,False,False,False
2026-08-26T14:35:23,HCLTECH,2026-08-26 14:30:00+05:30,BEAR,NO_SIGNAL,60.0,,MACRO_BEAR|ENTRY_TRIGGER,1300.4,1299.449,54.65,0.139,1.589,1.1,1306.6179,1309.7026,1301.021,BEAR,1300.4,1301.8539,44.07,-0.238,20.62,False,False,False,False,False,False,False,False
2026-08-26T14:35:23,TCS,2026-08-26 14:30:00+05:30,BEAR,NO_SIGNAL,60.0,,MACRO_BEAR|ENTRY_TRIGGER,2271.5,2270.6312,51.36,0.11,1.777,1.1,2279.0518,2284.8197,2274.5055,BEAR,2270.9,2274.9716,40.94,-0.193,17.35,False,False,False,False,False,False,False,False
2026-08-26T14:35:24,INDIGO,2026-08-26 14:30:00+05:30,BULL,NO_SIGNAL,60.0,VWAP_PULLBACK,MACRO_BULL|RVOL,5256.0,5252.1281,57.28,0.029,0.244,1.1,5250.9644,5168.2889,5240.4562,BULL,5252.0,5235.1708,66.33,-0.076,34.02,True,False,True,False,False,False,True,False
2026-08-26T14:35:24,BHARTIARTL,2026-08-26 14:30:00+05:30,BEAR,NEAR,80.0,,ENTRY_TRIGGER,1915.6,1914.484,52.48,0.167,1.933,1.1,1922.6829,1931.9451,1916.3315,BEAR,1914.2,1919.1776,35.53,-0.224,38.32,False,False,False,False,False,False,False,False
2026-08-26T14:35:25,ETERNAL,2026-08-26 14:30:00+05:30,BEAR,NEAR,80.0,,ENTRY_TRIGGER,326.1,326.0319,48.33,0.2,1.387,1.1,327.8971,328.3451,326.9126,BEAR,325.95,327.1788,36.65,-0.806,27.98,False,False,False,False,False,False,False,False
2026-08-26T14:35:26,LT,2026-08-26 14:30:00+05:30,BEAR,NO_SIGNAL,60.0,,ST_BEAR|ENTRY_TRIGGER,4066.6,4058.0703,61.25,0.341,3.105,1.1,4077.0527,4087.2684,4049.2976,BULL,4062.0,4067.3633,42.28,-0.429,24.79,True,False,False,False,False,False,False,False
2026-08-26T14:35:26,SHRIRAMFIN,2026-08-26 14:30:00+05:30,BEAR,NO_SIGNAL,60.0,,RVOL|ENTRY_TRIGGER,1118.9,1118.0038,52.43,0.116,0.527,1.1,1123.2878,1122.4665,1120.0588,BEAR,1118.5,1120.9711,44.84,-0.339,30.53,False,False,False,False,False,False,False,False
2026-08-26T14:35:27,GRASIM,2026-08-26 14:30:00+05:30,BULL,NO_SIGNAL,60.0,,RVOL|ENTRY_TRIGGER,3288.1,3281.163,58.92,-0.058,0.479,1.1,3281.052,3273.7039,3270.9272,BULL,3291.4,3276.4813,59.19,0.403,27.56,False,False,False,False,False,False,False,False
2026-08-26T14:35:27,AXISBANK,2026-08-26 14:30:00+05:30,BULL,NEAR,80.0,,ENTRY_TRIGGER,1255.2,1254.7141,54.97,-0.056,2.88,1.1,1250.7399,1239.1391,1252.3842,BULL,1254.1,1250.4288,63.72,0.152,42.91,False,False,False,False,False,False,False,False
2026-08-26T14:35:28,POWERGRID,2026-08-26 14:30:00+05:30,BEAR,NO_SIGNAL,60.0,,RVOL|ENTRY_TRIGGER,266.9,267.0545,41.1,0.019,0.676,1.1,268.8882,269.7252,267.3692,BEAR,266.95,267.9036,34.07,-0.54,23.61,False,False,False,False,False,False,False,False
2026-08-26T14:35:29,ADANIENT,2026-08-26 14:30:00+05:30,BULL,NO_SIGNAL,60.0,,MACRO_BULL|ENTRY_TRIGGER,3134.0,3133.4539,52.71,-0.092,1.652,1.1,3134.096,3066.171,3122.7939,BULL,3134.4,3121.1673,68.16,-0.127,54.48,False,False,False,False,False,False,False,False
2026-08-26T14:35:29,TECHM,2026-08-26 14:30:00+05:30,BULL,NO_SIGNAL,20.0,,MACRO_BULL|ABOVE_WVWAP|RVOL|ENTRY_TRIGGER,1573.2,1569.9552,61.56,0.37,0.688,1.1,1582.6398,1582.5395,1566.9041,BULL,1573.0,1573.3502,47.99,-0.089,17.34,True,False,False,False,False,False,False,False
2026-08-26T14:35:30,ICICIBANK,2026-08-26 14:30:00+05:30,BULL,NO_SIGNAL,60.0,,MACRO_BULL|ENTRY_TRIGGER,1436.4,1436.8582,45.92,-0.035,3.051,1.1,1438.837,1422.6084,1435.3182,BULL,1435.7,1435.3643,54.8,-0.215,27.01,False,False,False,False,False,False,False,False
2026-08-26T14:35:30,JIOFIN,2026-08-26 14:30:00+05:30,BEAR,NO_SIGNAL,60.0,,MACRO_BEAR|ENTRY_TRIGGER,242.15,242.2356,43.32,-0.083,1.152,1.1,243.3946,242.5171,242.6666,BEAR,242.1,242.5129,43.06,-0.473,20.26,False,True,False,False,False,False,False,False
2026-08-26T14:35:31,TATASTEEL,2026-08-26 14:30:00+05:30,BULL,NEAR,80.0,BREAKOUT_CONTINUATION,MACRO_BULL,186.88,185.8976,77.32,0.684,2.429,1.1,185.4961,185.045,185.6702,BULL,186.4,185.3944,64.74,0.757,21.38,True,False,False,False,True,False,False,False
2026-08-26T14:35:32,TITAN,2026-08-26 14:30:00+05:30,BULL,NO_SIGNAL,60.0,,ST_BULL|ENTRY_TRIGGER,5099.9,5098.5267,53.88,0.027,1.994,1.1,5108.0038,5086.5502,5108.0522,BEAR,5099.6,5097.4087,53.5,0.022,29.5,False,False,False,False,False,False,False,False
2026-08-26T14:35:32,INFY,2026-08-26 14:30:00+05:30,BULL,NO_SIGNAL,20.0,,MACRO_BULL|ABOVE_WVWAP|RVOL|ENTRY_TRIGGER,1122.4,1121.1232,58.47,0.241,0.992,1.1,1126.4066,1128.947,1118.7446,BULL,1122.3,1123.0112,45.4,-0.142,14.46,True,False,False,False,False,False,False,False
2026-08-26T14:35:33,TRENT,2026-08-26 14:30:00+05:30,BEAR,NO_SIGNAL,40.0,,MACRO_BEAR|RVOL|ENTRY_TRIGGER,2910.0,2912.1803,38.98,0.052,0.649,1.1,2926.6771,2918.4978,2918.9506,BEAR,2911.0,2917.9501,41.67,-0.696,18.47,False,False,False,False,False,False,False,False
2026-08-26T14:35:33,ASIANPAINT,2026-08-26 14:30:00+05:30,BEAR,NO_SIGNAL,60.0,,BELOW_WVWAP|ENTRY_TRIGGER,2639.8,2643.691,30.43,-0.215,1.761,1.1,2655.774,2630.6457,2646.8357,BEAR,2640.1,2643.2926,47.49,-0.283,25.37,False,True,False,False,False,False,False,False
2026-08-26T14:35:34,ULTRACEMCO,2026-08-26 14:30:00+05:30,BULL,NEAR,80.0,,ENTRY_TRIGGER,11717.0,11688.4021,71.13,0.231,2.217,1.1,11673.9707,11555.6603,11667.0321,BULL,11710.0,11653.3702,68.39,0.429,31.7,True,False,False,False,False,False,False,False
2026-08-26T14:35:35,HDFCBANK,2026-08-26 14:30:00+05:30,BULL,NO_SIGNAL,60.0,,MACRO_BULL|ENTRY_TRIGGER,727.9,728.0937,47.53,0.021,1.175,1.1,727.5454,726.6447,727.0144,BULL,727.9,727.4926,54.08,0.055,18.67,False,False,False,False,False,False,False,False
2026-08-26T14:35:35,RELIANCE,2026-08-26 14:30:00+05:30,BEAR,NO_SIGNAL,60.0,,MACRO_BEAR|ENTRY_TRIGGER,1302.3,1304.0857,31.6,-0.123,2.395,1.1,1308.1057,1306.8103,1305.5592,BEAR,1302.1,1306.158,32.74,-0.641,20.06,False,True,False,False,False,False,False,False
2026-08-26T14:35:36,M&M,2026-08-26 14:30:00+05:30,BULL,NO_SIGNAL,60.0,,MACRO_BULL|ENTRY_TRIGGER,3423.7,3424.0799,47.59,0.026,4.22,1.1,3430.6685,3420.2207,3419.7444,BULL,3424.4,3425.3886,48.81,-0.181,13.63,False,False,False,False,False,False,False,False
2026-08-26T14:35:36,SUNPHARMA,2026-08-26 14:30:00+05:30,BULL,NO_SIGNAL,20.0,,MACRO_BULL|ST_BULL|RVOL|ENTRY_TRIGGER,1913.2,1915.141,41.83,-0.292,0.735,1.1,1915.8304,1912.7333,1918.6647,BEAR,1913.6,1915.6242,46.05,-0.099,12.75,False,True,False,False,False,False,False,False
2026-08-26T14:40:07,BEL,2026-08-26 14:35:00+05:30,BULL,NO_SIGNAL,20.0,,MACRO_BULL|ST_BULL|RVOL|ENTRY_TRIGGER,409.1,409.2793,46.66,-0.195,0.843,1.1,409.1835,408.9733,410.0123,BEAR,408.9,409.2988,46.13,-0.073,9.15,False,False,False,False,False,False,False,False
2026-08-26T14:40:08,TATACONSUM,2026-08-26 14:35:00+05:30,BEAR,NO_SIGNAL,60.0,,RVOL|ENTRY_TRIGGER,1044.2,1043.5043,51.17,0.125,0.682,1.1,1047.4106,1051.8805,1046.2406,BEAR,1042.6,1046.695,34.72,-0.515,23.73,False,False,False,False,False,False,False,False
2026-08-26T14:40:09,BAJAJ-AUTO,2026-08-26 14:35:00+05:30,BULL,NO_SIGNAL,20.0,,MACRO_BULL|ABOVE_WVWAP|RVOL|ENTRY_TRIGGER,11784.0,11788.3748,47.48,-0.059,0.762,1.1,11816.0951,11802.9286,11760.0522,BULL,11799.0,11799.3136,49.58,-0.38,20.24,False,False,False,True,False,True,False,False
2026-08-26T14:40:09,NESTLEIND,2026-08-26 14:35:00+05:30,BULL,NO_SIGNAL,40.0,,MACRO_BULL|ABOVE_WVWAP|ENTRY_TRIGGER,1454.8,1453.9952,51.36,0.186,2.18,1.1,1459.4999,1464.1586,1450.1989,BULL,1452.0,1457.0677,36.32,-0.343,18.24,False,False,False,False,False,False,False,False
2026-08-26T14:40:10,BAJFINANCE,2026-08-26 14:35:00+05:30,BULL,NO_SIGNAL,60.0,,RVOL|ENTRY_TRIGGER,1088.4,1087.7566,56.56,0.083,0.695,1.1,1088.1876,1083.9407,1085.8804,BULL,1088.9,1086.795,57.29,0.304,24.08,True,False,False,False,False,False,False,False
2026-08-26T14:40:10,HINDALCO,2026-08-26 14:35:00+05:30,BULL,SIGNAL,100.0,BREAKOUT_CONTINUATION,,1055.65,1050.2901,79.63,0.624,2.578,1.1,1048.5497,1050.0554,1049.4608,BULL,1052.45,1048.3412,63.06,0.578,29.86,True,False,False,False,True,False,False,False
2026-08-26T14:40:11,NTPC,2026-08-26 14:35:00+05:30,BEAR,NO_SIGNAL,40.0,,MACRO_BEAR|RVOL|ENTRY_TRIGGER,336.35,336.6964,31.78,-0.104,1.081,1.1,340.789,339.2116,337.0102,BEAR,336.4,337.6679,38.78,-0.679,20.08,False,True,False,False,False,False,False,False
2026-08-26T14:40:12,HDFCLIFE,2026-08-26 14:35:00+05:30,BULL,NO_SIGNAL,60.0,,MACRO_BULL|ENTRY_TRIGGER,559.0,560.0915,40.97,-0.285,1.321,1.1,558.2163,554.5379,558.9717,BULL,560.1,557.9342,62.18,-0.258,38.22,False,True,False,False,False,False,False,True
2026-08-26T14:40:12,SBILIFE,2026-08-26 14:35:00+05:30,BEAR,NO_SIGNAL,60.0,,BELOW_WVWAP|ENTRY_TRIGGER,1769.2,1775.6223,30.01,-0.59,2.006,1.1,1776.7213,1767.5368,1780.3022,BEAR,1773.0,1775.1297,48.36,-0.672,26.55,False,True,False,False,False,False,False,False
2026-08-26T14:40:13,HINDUNILVR,2026-08-26 14:35:00+05:30,BEAR,NO_SIGNAL,40.0,,MACRO_BEAR|RVOL|ENTRY_TRIGGER,2022.4,2025.6819,28.36,-0.192,0.516,1.1,2034.6503,2023.2491,2028.4702,BEAR,2024.2,2028.4803,40.97,-0.701,20.53,False,True,False,False,False,False,False,False
2026-08-26T14:40:14,MARUTI,2026-08-26 14:35:00+05:30,BEAR,NO_SIGNAL,60.0,BREAKOUT_CONTINUATION,MACRO_BEAR|RVOL,13552.0,13590.7448,21.64,-0.412,1.014,1.1,13636.7529,13565.1768,13600.5245,BEAR,13570.0,13607.1553,39.48,-0.557,17.83,False,True,False,False,False,True,False,False
2026-08-26T14:40:14,ITC,2026-08-26 14:35:00+05:30,BULL,NO_SIGNAL,20.0,,MACRO_BULL|ST_BULL|RVOL|ENTRY_TRIGGER,270.8,271.2414,35.95,-0.221,0.789,1.1,272.0834,270.0653,271.6461,BEAR,271.35,271.2589,53.16,-0.129,25.47,False,True,False,False,False,False,False,False
2026-08-26T14:40:15,TMPV,2026-08-26 14:35:00+05:30,BULL,NO_SIGNAL,60.0,,MACRO_BULL|ENTRY_TRIGGER,315.1,315.108,49.16,-0.048,2.457,1.1,315.342,314.1887,314.6033,BULL,314.65,314.9423,48.51,-0.364,24.97,False,False,False,False,False,False,False,False
2026-08-26T14:40:15,ADANIPORTS,2026-08-26 14:35:00+05:30,BULL,NO_SIGNAL,40.0,,MACRO_BULL|ST_BULL|ENTRY_TRIGGER,1696.5,1695.5361,54.26,0.0,1.574,1.1,1700.4623,1689.5659,1698.8877,BEAR,1694.6,1694.6734,51.37,-0.218,24.27,False,False,False,False,False,False,False,False
2026-08-26T14:40:16,DRREDDY,2026-08-26 14:35:00+05:30,BULL,NO_SIGNAL,60.0,,MACRO_BULL|ENTRY_TRIGGER,1188.9,1189.7847,48.03,0.067,3.441,1.1,1188.4326,1186.5187,1186.9872,BULL,1191.9,1187.9578,60.72,0.574,15.84,False,False,False,False,False,False,False,False
2026-08-26T14:40:17,WIPRO,2026-08-26 14:35:00+05:30,BULL,NO_SIGNAL,40.0,TREND_CONTINUATION,MACRO_BULL|ABOVE_WVWAP|RVOL,177.87,177.4794,59.45,0.497,1.041,1.1,178.4585,180.1427,177.0893,BULL,177.67,178.2018,39.2,-0.437,35.75,True,False,False,False,False,False,True,False
2026-08-26T14:40:17,ONGC,2026-08-26 14:35:00+05:30,BEAR,NO_SIGNAL,60.0,TREND_CONTINUATION,MACRO_BEAR|ST_BEAR,232.76,233.0529,40.31,-0.154,2.51,1.1,232.6395,234.7063,232.632,BULL,233.24,233.1462,48.97,0.254,38.04,False,True,False,False,False,False,False,True
2026-08-26T14:40:18,SBIN,2026-08-26 14:35:00+05:30,BULL,NO_SIGNAL,20.0,,MACRO_BULL|ST_BULL|RVOL|ENTRY_TRIGGER,1055.5,1055.1994,52.97,0.019,0.949,1.1,1056.9492,1041.8985,1057.4573,BEAR,1055.0,1053.9253,58.13,-0.057,34.85,False,False,False,False,False,False,False,False
2026-08-26T14:40:18,EICHERMOT,2026-08-26 14:35:00+05:30,BULL,NEAR,80.0,,ENTRY_TRIGGER,8081.5,8087.4893,45.19,-0.111,1.247,1.1,8075.025,8042.9376,8074.676,BULL,8091.0,8075.1587,64.8,0.049,47.17,False,False,False,False,False,False,False,False
2026-08-26T14:40:19,COALINDIA,2026-08-26 14:35:00+05:30,BULL,NO_SIGNAL,60.0,,ST_BULL|ENTRY_TRIGGER,404.55,404.3572,54.12,0.111,1.94,1.1,403.5825,404.2348,405.3528,BEAR,404.9,403.7503,62.89,0.721,22.26,False,False,False,False,False,False,False,False
2026-08-26T14:40:20,BAJAJFINSV,2026-08-26 14:35:00+05:30,BULL,NO_SIGNAL,20.0,,MACRO_BULL|ST_BULL|RVOL|ENTRY_TRIGGER,2010.7,2010.5572,49.95,0.154,0.47,1.1,2013.3875,2007.3996,2014.3559,BEAR,2010.5,2010.1535,51.63,0.03,14.14,False,False,False,False,False,False,False,False
2026-08-26T14:40:20,MAXHEALTH,2026-08-26 14:35:00+05:30,BULL,NO_SIGNAL,60.0,,MACRO_BULL|ENTRY_TRIGGER,1015.2,1016.7225,43.7,-0.314,1.619,1.1,1015.6899,999.1822,1014.3276,BULL,1016.4,1014.5677,56.62,-0.363,46.83,False,True,False,False,False,False,False,True
2026-08-26T14:40:21,KOTAKBANK,2026-08-26 14:35:00+05:30,BULL,NEAR,80.0,TREND_CONTINUATION,RVOL,415.8,415.3763,59.7,0.157,0.736,1.1,412.2862,405.4704,414.2132,BULL,415.55,412.4971,73.38,0.703,55.3,True,False,False,False,False,False,True,False
2026-08-26T14:40:22,APOLLOHOSP,2026-08-26 14:35:00+05:30,BULL,NO_SIGNAL,60.0,VWAP_PULLBACK,MACRO_BULL|RVOL,8813.0,8804.7922,58.64,0.074,0.659,1.1,8803.2368,8713.3472,8789.5719,BULL,8803.0,8799.4224,54.64,-0.232,38.94,True,False,True,False,False,False,False,False
2026-08-26T14:40:22,CIPLA,2026-08-26 14:35:00+05:30,BULL,NO_SIGNAL,40.0,,ABOVE_WVWAP|RVOL|ENTRY_TRIGGER,1415.9,1411.0279,64.22,0.999,0.638,1.1,1410.8404,1421.4858,1407.4077,BULL,1416.0,1411.5785,56.87,0.219,33.02,True,False,False,False,False,False,False,False
2026-08-26T14:40:23,JSWSTEEL,2026-08-26 14:35:00+05:30,BULL,NEAR,80.0,,ENTRY_TRIGGER,1339.5,1327.5776,80.12,0.988,5.568,1.1,1322.812,1315.5899,1327.9387,BULL,1330.7,1321.4175,70.96,0.964,42.49,True,False,False,False,False,False,False,False
2026-08-26T14:40:23,HCLTECH,2026-08-26 14:35:00+05:30,BULL,NO_SIGNAL,40.0,,MACRO_BULL|ABOVE_WVWAP|ENTRY_TRIGGER,1301.9,1299.6718,63.13,0.293,7.313,1.1,1306.2209,1309.5638,1297.3005,BULL,1300.4,1301.8539,44.07,-0.238,20.62,True,False,False,False,False,False,False,False
2026-08-26T14:40:24,TCS,2026-08-26 14:35:00+05:30,BEAR,NO_SIGNAL,40.0,,MACRO_BEAR|RVOL|ENTRY_TRIGGER,2271.4,2270.7011,50.82,0.123,0.422,1.1,2279.0074,2284.8015,2274.5055,BEAR,2270.9,2274.9716,40.94,-0.193,17.35,False,False,False,False,False,False,False,False
2026-08-26T14:40:25,INDIGO,2026-08-26 14:35:00+05:30,BULL,NO_SIGNAL,40.0,,MACRO_BULL|RVOL|ENTRY_TRIGGER,5254.5,5252.3437,54.71,0.048,0.321,1.1,5250.9819,5168.4137,5241.2383,BULL,5252.0,5235.1708,66.33,-0.076,34.02,False,False,False,False,False,False,False,False
2026-08-26T14:40:25,BHARTIARTL,2026-08-26 14:35:00+05:30,BEAR,NO_SIGNAL,60.0,,RVOL|ENTRY_TRIGGER,1914.4,1914.4764,47.81,0.01,0.787,1.1,1922.6275,1931.899,1916.3315,BEAR,1914.2,1919.1776,35.53,-0.224,38.32,False,False,False,False,False,False,False,False
2026-08-26T14:40:26,ETERNAL,2026-08-26 14:35:00+05:30,BEAR,NO_SIGNAL,60.0,,RVOL|ENTRY_TRIGGER,326.45,326.0699,54.51,0.246,1.067,1.1,327.8735,328.3333,326.9126,BEAR,325.95,327.1788,36.65,-0.806,27.98,False,False,False,False,False,False,False,False
2026-08-26T14:40:26,LT,2026-08-26 14:35:00+05:30,BEAR,NO_SIGNAL,40.0,,ST_BEAR|RVOL|ENTRY_TRIGGER,4063.0,4058.5184,55.35,0.299,1.013,1.1,4076.8844,4087.1803,4049.2976,BULL,4062.0,4067.3633,42.28,-0.429,24.79,True,False,False,False,False,False,False,False
2026-08-26T14:40:27,SHRIRAMFIN,2026-08-26 14:35:00+05:30,BEAR,NEAR,80.0,,ENTRY_TRIGGER,1120.0,1118.1852,57.21,0.215,1.84,1.1,1123.2472,1122.4548,1120.0588,BEAR,1118.5,1120.9711,44.84,-0.339,30.53,True,False,False,False,False,False,False,False
2026-08-26T14:40:28,GRASIM,2026-08-26 14:35:00+05:30,BULL,NO_SIGNAL,60.0,,RVOL|ENTRY_TRIGGER,3286.0,3281.6027,56.21,0.067,0.832,1.1,3281.0923,3273.7201,3270.9272,BULL,3291.4,3276.4813,59.19,0.403,27.56,True,False,False,False,False,False,False,False
2026-08-26T14:40:28,AXISBANK,2026-08-26 14:35:00+05:30,BULL,NEAR,80.0,,ENTRY_TRIGGER,1253.6,1254.6128,46.97,-0.263,1.708,1.1,1250.8162,1239.2311,1252.3842,BULL,1254.1,1250.4288,63.72,0.152,42.91,False,False,False,False,False,False,False,False
2026-08-26T14:40:29,POWERGRID,2026-08-26 14:35:00+05:30,BEAR,NEAR,80.0,,ENTRY_TRIGGER,267.1,267.0587,47.75,0.112,1.827,1.1,268.8614,269.7168,267.3692,BEAR,266.95,267.9036,34.07,-0.54,23.61,False,False,False,False,False,False,False,False
2026-08-26T14:40:29,ADANIENT,2026-08-26 14:35:00+05:30,BULL,NO_SIGNAL,60.0,,MACRO_BULL|ENTRY_TRIGGER,3134.2,3133.5217,53.14,-0.073,1.24,1.1,3134.0996,3066.4207,3123.1848,BULL,3134.4,3121.1673,68.16,-0.127,54.48,False,False,False,False,False,False,False,False
2026-08-26T14:40:30,TECHM,2026-08-26 14:35:00+05:30,BULL,NO_SIGNAL,20.0,,MACRO_BULL|ABOVE_WVWAP|RVOL|ENTRY_TRIGGER,1574.0,1570.3229,63.95,0.319,0.609,1.1,1582.5547,1582.5183,1567.5821,BULL,1573.0,1573.3502,47.99,-0.089,17.34,True,False,False,False,False,False,False,False
2026-08-26T14:40:31,ICICIBANK,2026-08-26 14:35:00+05:30,BULL,NO_SIGNAL,40.0,,MACRO_BULL|RVOL|ENTRY_TRIGGER,1435.4,1436.7257,39.88,-0.09,1.058,1.1,1438.8,1422.639,1435.3182,BULL,1435.7,1435.3643,54.8,-0.215,27.01,False,True,False,False,False,False,False,True
2026-08-26T14:40:31,JIOFIN,2026-08-26 14:35:00+05:30,BEAR,NO_SIGNAL,40.0,,MACRO_BEAR|RVOL|ENTRY_TRIGGER,242.15,242.2278,43.32,0.062,0.494,1.1,243.3877,242.5166,242.6666,BEAR,242.1,242.5129,43.06,-0.473,20.26,False,False,False,False,False,False,False,False
2026-08-26T14:40:32,TATASTEEL,2026-08-26 14:35:00+05:30,BULL,NEAR,80.0,BREAKOUT_CONTINUATION,MACRO_BULL,187.57,186.0496,83.15,1.127,8.215,1.1,185.6719,185.1016,185.9902,BULL,186.4,185.3944,64.74,0.757,21.38,True,False,False,False,True,False,False,False
2026-08-26T14:40:32,TITAN,2026-08-26 14:35:00+05:30,BULL,NO_SIGNAL,40.0,,ST_BULL|RVOL|ENTRY_TRIGGER,5098.6,5098.5333,50.16,-0.006,1.022,1.1,5107.9445,5086.579,5108.0522,BEAR,5099.6,5097.4087,53.5,0.022,29.5,False,False,False,False,False,False,False,False
2026-08-26T14:40:33,INFY,2026-08-26 14:35:00+05:30,BULL,NO_SIGNAL,20.0,,MACRO_BULL|ABOVE_WVWAP|RVOL|ENTRY_TRIGGER,1122.4,1121.2393,58.47,0.286,0.93,1.1,1126.3702,1128.9322,1118.9566,BULL,1122.3,1123.0112,45.4,-0.142,14.46,True,False,False,False,False,False,False,False
2026-08-26T14:40:34,TRENT,2026-08-26 14:35:00+05:30,BEAR,NO_SIGNAL,40.0,,MACRO_BEAR|RVOL|ENTRY_TRIGGER,2911.9,2912.1548,45.88,0.124,0.421,1.1,2926.604,2918.4893,2918.9506,BEAR,2911.0,2917.9501,41.67,-0.696,18.47,False,False,False,False,False,False,False,False
2026-08-26T14:40:34,ASIANPAINT,2026-08-26 14:35:00+05:30,BEAR,NO_SIGNAL,40.0,,BELOW_WVWAP|RVOL|ENTRY_TRIGGER,2640.6,2643.41,35.01,-0.166,0.611,1.1,2655.6924,2630.6568,2646.8357,BEAR,2640.1,2643.2926,47.49,-0.283,25.37,False,True,False,False,False,False,False,False
2026-08-26T14:40:35,ULTRACEMCO,2026-08-26 14:35:00+05:30,BULL,SIGNAL,100.0,BREAKOUT_CONTINUATION,,11732.0,11692.3656,75.81,0.368,2.098,1.1,11675.366,11556.5675,11676.2418,BULL,11710.0,11653.3702,68.39,0.429,31.7,True,False,False,False,True,False,False,False
2026-08-26T14:40:35,HDFCBANK,2026-08-26 14:35:00+05:30,BULL,NO_SIGNAL,40.0,VWAP_PULLBACK,MACRO_BULL|RVOL|ENTRY_TRIGGER,728.2,728.1033,52.1,0.089,0.508,1.1,727.5485,726.6479,727.0144,BULL,727.9,727.4926,54.08,0.055,18.67,False,False,True,False,False,False,False,False
2026-08-26T14:40:36,RELIANCE,2026-08-26 14:35:00+05:30,BEAR,NO_SIGNAL,40.0,,MACRO_BEAR|RVOL|ENTRY_TRIGGER,1302.6,1303.9506,34.74,-0.092,0.96,1.1,1308.0165,1306.7956,1305.5592,BEAR,1302.1,1306.158,32.74,-0.641,20.06,False,True,False,False,False,False,False,False
2026-08-26T14:40:37,M&M,2026-08-26 14:35:00+05:30,BULL,NO_SIGNAL,40.0,,MACRO_BULL|RVOL|ENTRY_TRIGGER,3422.4,3423.9271,43.85,-0.029,0.525,1.1,3430.6207,3420.2234,3419.7444,BULL,3424.4,3425.3886,48.81,-0.181,13.63,False,True,False,False,False,False,False,False
2026-08-26T14:40:37,SUNPHARMA,2026-08-26 14:35:00+05:30,BULL,NO_SIGNAL,20.0,,MACRO_BULL|ST_BULL|RVOL|ENTRY_TRIGGER,1914.0,1915.0373,45.2,-0.073,1.068,1.1,1915.7951,1912.7344,1918.6647,BEAR,1913.6,1915.6242,46.05,-0.099,12.75,False,False,False,False,False,False,False,False
2026-08-26T14:45:07,BEL,2026-08-26 14:40:00+05:30,BEAR,NO_SIGNAL,60.0,VWAP_PULLBACK,MACRO_BEAR|RVOL,408.85,409.2403,42.75,-0.317,0.982,1.1,409.1807,408.9733,410.0123,BEAR,408.85,409.258,45.68,-0.024,8.84,False,True,False,True,False,False,False,False
2026-08-26T14:45:08,TATACONSUM,2026-08-26 14:40:00+05:30,BEAR,NO_SIGNAL,60.0,,RVOL|ENTRY_TRIGGER,1043.0,1043.4585,45.76,-0.029,0.958,1.1,1047.3325,1051.835,1046.2406,BEAR,1043.0,1046.3591,36.25,-0.487,24.12,False,False,False,False,False,False,False,False
2026-08-26T14:45:09,BAJAJ-AUTO,2026-08-26 14:40:00+05:30,BULL,NO_SIGNAL,20.0,,MACRO_BULL|ABOVE_WVWAP|RVOL|ENTRY_TRIGGER,11785.0,11788.068,48.01,-0.153,0.907,1.1,11815.6965,11802.8657,11760.0522,BULL,11785.0,11798.0124,46.46,-0.229,19.47,False,False,False,False,False,False,False,False
2026-08-26T14:45:09,NESTLEIND,2026-08-26 14:40:00+05:30,BULL,NO_SIGNAL,40.0,,MACRO_BULL|ABOVE_WVWAP|ENTRY_TRIGGER,1454.6,1454.0502,50.73,0.124,1.56,1.1,1459.3862,1464.1286,1450.1989,BULL,1454.6,1456.8434,42.89,-0.22,17.54,False,False,False,False,False,False,False,False
2026-08-26T14:45:10,BAJFINANCE,2026-08-26 14:40:00+05:30,BULL,NO_SIGNAL,40.0,,MACRO_BULL|RVOL|ENTRY_TRIGGER,1087.8,1087.7606,51.14,0.064,0.82,1.1,1088.1862,1083.9492,1085.8804,BULL,1087.8,1086.8864,53.97,-0.092,24.8,False,False,False,False,False,False,False,False
2026-08-26T14:45:10,HINDALCO,2026-08-26 14:40:00+05:30,BULL,NO_SIGNAL,60.0,,RVOL|ENTRY_TRIGGER,1055.05,1050.7228,75.11,0.553,0.717,1.1,1048.6386,1050.0678,1050.3021,BULL,1055.05,1048.9511,68.18,0.923,29.97,True,False,False,False,False,False,False,False
2026-08-26T14:45:11,NTPC,2026-08-26 14:40:00+05:30,BEAR,NO_SIGNAL,40.0,,MACRO_BEAR|RVOL|ENTRY_TRIGGER,336.3,336.6603,30.73,-0.03,0.953,1.1,340.7625,339.2062,337.0102,BEAR,336.3,337.5435,38.18,-0.547,20.28,False,True,False,False,False,False,False,False
2026-08-26T14:45:11,HDFCLIFE,2026-08-26 14:40:00+05:30,BULL,NO_SIGNAL,40.0,,MACRO_BULL|ST_BULL|ENTRY_TRIGGER,558.95,559.9877,40.58,-0.357,1.101,1.1,558.2253,554.5605,561.2096,BEAR,558.95,558.0265,56.97,-0.401,37.28,False,True,False,False,False,False,False,False
2026-08-26T14:45:12,SBILIFE,2026-08-26 14:40:00+05:30,BEAR,NO_SIGNAL,60.0,,BELOW_WVWAP|ENTRY_TRIGGER,1769.8,1775.093,32.39,-0.573,1.402,1.1,1776.6397,1767.5443,1778.0591,BEAR,1769.8,1774.6452,44.37,-0.517,24.95,False,True,False,False,False,False,False,False
2026-08-26T14:45:13,HINDUNILVR,2026-08-26 14:40:00+05:30,BEAR,NO_SIGNAL,40.0,,MACRO_BEAR|RVOL|ENTRY_TRIGGER,2022.6,2025.4017,29.85,-0.153,0.52,1.1,2034.5718,2023.2486,2028.4702,BEAR,2022.6,2027.9457,38.22,-0.77,20.18,False,True,False,False,False,False,False,False
2026-08-26T14:45:13,MARUTI,2026-08-26 14:40:00+05:30,BEAR,NO_SIGNAL,60.0,,MACRO_BEAR|ENTRY_TRIGGER,13550.0,13587.0407,21.1,-0.448,1.615,1.1,13634.514,13565.0927,13586.4496,BEAR,13550.0,13601.9593,35.21,-0.602,18.6,False,True,False,False,False,False,False,False
2026-08-26T14:45:14,ITC,2026-08-26 14:40:00+05:30,BEAR,NO_SIGNAL,40.0,,BELOW_WVWAP|RVOL|ENTRY_TRIGGER,270.9,271.2104,39.46,-0.184,0.602,1.1,272.0755,270.0673,271.6461,BEAR,270.9,271.2263,47.64,-0.386,24.03,False,True,False,False,False,False,False,False
2026-08-26T14:45:14,TMPV,2026-08-26 14:40:00+05:30,BULL,NO_SIGNAL,60.0,,MACRO_BULL|ENTRY_TRIGGER,315.1,315.1072,49.16,-0.016,1.312,1.1,315.3387,314.1918,314.6033,BULL,315.1,314.9566,52.7,-0.301,23.34,False,False,False,False,False,False,False,False
2026-08-26T14:45:15,ADANIPORTS,2026-08-26 14:40:00+05:30,BULL,NO_SIGNAL,40.0,,MACRO_BULL|ST_BULL|ENTRY_TRIGGER,1696.0,1695.5783,52.02,0.059,1.408,1.1,1700.384,1689.6073,1698.8877,BEAR,1696.0,1694.794,53.99,-0.135,24.37,False,False,False,False,False,False,False,False
2026-08-26T14:45:16,DRREDDY,2026-08-26 14:40:00+05:30,BULL,NO_SIGNAL,40.0,VWAP_PULLBACK,MACRO_BULL|RVOL|ENTRY_TRIGGER,1188.5,1189.6679,46.46,-0.126,0.447,1.1,1188.4326,1186.5235,1186.9872,BULL,1188.5,1188.0071,51.97,0.627,15.07,False,False,True,False,False,False,False,False
2026-08-26T14:45:16,WIPRO,2026-08-26 14:40:00+05:30,BEAR,NO_SIGNAL,60.0,,ST_BEAR|ENTRY_TRIGGER,177.85,177.5131,58.7,0.531,1.251,1.1,178.4477,180.1301,177.1508,BULL,177.85,178.1698,42.13,-0.431,34.57,True,False,False,False,False,False,False,False
2026-08-26T14:45:17,ONGC,2026-08-26 14:40:00+05:30,BULL,NO_SIGNAL,40.0,,MACRO_BULL|ABOVE_WVWAP|ENTRY_TRIGGER,232.77,233.0272,40.73,-0.184,2.355,1.1,232.642,234.6976,232.632,BULL,232.77,233.112,40.39,0.077,37.19,False,True,False,False,False,False,False,False
2026-08-26T14:45:17,SBIN,2026-08-26 14:40:00+05:30,BULL,NO_SIGNAL,40.0,,MACRO_BULL|ST_BULL|ENTRY_TRIGGER,1054.9,1055.1722,46.73,-0.009,1.127,1.1,1056.93,1041.9253,1057.4573,BEAR,1054.9,1054.0139,57.71,-0.265,33.71,False,False,False,False,False,False,False,False
2026-08-26T14:45:18,EICHERMOT,2026-08-26 14:40:00+05:30,BULL,NO_SIGNAL,40.0,VWAP_PULLBACK,MACRO_BULL|RVOL|ENTRY_TRIGGER,8091.0,8087.8085,54.11,0.0,0.577,1.1,8075.082,8042.9941,8074.676,BULL,8091.0,8076.5988,64.8,-0.006,46.36,False,False,True,False,False,False,False,False
2026-08-26T14:45:19,COALINDIA,2026-08-26 14:40:00+05:30,BEAR,NO_SIGNAL,60.0,,MACRO_BEAR|ENTRY_TRIGGER,404.0,404.3247,47.48,-0.124,5.091,1.1,403.6267,404.2344,405.3528,BEAR,404.0,403.773,53.04,0.51,21.56,False,False,False,False,False,False,False,False
2026-08-26T14:45:19,BAJAJFINSV,2026-08-26 14:40:00+05:30,BULL,NO_SIGNAL,40.0,,MACRO_BULL|ST_BULL|ENTRY_TRIGGER,2010.7,2010.5702,49.95,0.12,1.51,1.1,2013.3691,2007.4071,2014.3559,BEAR,2010.7,2010.2032,51.94,-0.144,13.55,False,False,False,False,False,False,False,False
2026-08-26T14:45:20,MAXHEALTH,2026-08-26 14:40:00+05:30,BULL,NO_SIGNAL,40.0,,MACRO_BULL|RVOL|ENTRY_TRIGGER,1015.0,1016.5659,42.95,-0.597,0.331,1.1,1015.688,999.1979,1014.3276,BULL,1015.0,1014.607,53.78,-0.51,45.43,False,True,False,False,False,False,False,True
2026-08-26T14:45:20,KOTAKBANK,2026-08-26 14:40:00+05:30,BULL,NEAR,80.0,,ENTRY_TRIGGER,415.6,415.3966,56.54,-0.036,1.204,1.1,412.3401,405.5383,414.2132,BULL,415.6,412.7792,73.52,0.788,55.54,False,False,False,False,False,False,False,False
2026-08-26T14:45:21,APOLLOHOSP,2026-08-26 14:40:00+05:30,BULL,NO_SIGNAL,60.0,VWAP_PULLBACK,MACRO_BULL|RVOL,8810.5,8805.3111,55.74,0.028,0.971,1.1,8803.3039,8713.5196,8789.5719,BULL,8810.5,8800.4295,57.55,-0.062,38.54,True,False,True,False,False,False,False,False
2026-08-26T14:45:22,CIPLA,2026-08-26 14:40:00+05:30,BULL,NO_SIGNAL,40.0,,ABOVE_WVWAP|RVOL|ENTRY_TRIGGER,1415.9,1411.4708,64.22,0.625,0.873,1.1,1410.9368,1421.4581,1407.6352,BULL,1415.9,1411.9714,56.64,0.411,30.93,True,False,False,False,False,False,False,False
2026-08-26T14:45:22,JSWSTEEL,2026-08-26 14:40:00+05:30,BULL,NEAR,80.0,,ENTRY_TRIGGER,1337.0,1328.4342,71.87,0.974,2.701,1.1,1323.547,1315.8565,1328.8117,BULL,1337.0,1322.8341,76.82,1.372,44.64,True,False,False,False,False,False,False,False
2026-08-26T14:45:23,HCLTECH,2026-08-26 14:40:00+05:30,BULL,NO_SIGNAL,20.0,,MACRO_BULL|ABOVE_WVWAP|RVOL|ENTRY_TRIGGER,1301.2,1299.8107,57.71,0.301,0.835,1.1,1306.1684,1309.5439,1297.9362,BULL,1301.2,1301.7944,46.37,-0.161,19.39,True,False,False,False,False,False,False,False
2026-08-26T14:45:23,TCS,2026-08-26 14:40:00+05:30,BEAR,NO_SIGNAL,40.0,,MACRO_BEAR|RVOL|ENTRY_TRIGGER,2270.0,2270.6374,43.84,0.071,0.649,1.1,2278.9349,2284.773,2274.5055,BEAR,2270.0,2274.5196,39.75,-0.303,16.48,False,False,False,False,False,False,False,False
2026-08-26T14:45:24,INDIGO,2026-08-26 14:40:00+05:30,BULL,NO_SIGNAL,60.0,VWAP_PULLBACK,MACRO_BULL|RVOL,5256.5,5252.7216,57.45,0.124,0.319,1.1,5251.0013,5168.5397,5241.3471,BULL,5256.5,5237.1098,68.05,-0.067,33.77,True,False,True,False,False,False,True,False
2026-08-26T14:45:25,BHARTIARTL,2026-08-26 14:40:00+05:30,BEAR,NO_SIGNAL,60.0,,RVOL|ENTRY_TRIGGER,1914.2,1914.4512,47.05,0.037,1.044,1.1,1922.5498,1931.8357,1916.3315,BEAR,1914.2,1918.7251,35.53,-0.214,37.42,False,False,False,False,False,False,False,False
2026-08-26T14:45:25,ETERNAL,2026-08-26 14:40:00+05:30,BEAR,NEAR,80.0,,ENTRY_TRIGGER,326.8,326.1363,59.7,0.399,1.376,1.1,327.852,328.3215,326.9126,BEAR,326.8,327.1443,44.89,-0.518,27.56,True,False,False,False,False,False,True,False
2026-08-26T14:45:26,LT,2026-08-26 14:40:00+05:30,BEAR,NO_SIGNAL,40.0,,ST_BEAR|RVOL|ENTRY_TRIGGER,4064.2,4059.0349,56.84,0.363,1.044,1.1,4076.7282,4087.0958,4049.2976,BULL,4064.2,4067.0757,44.54,-0.314,23.04,True,False,False,False,False,False,False,False
2026-08-26T14:45:26,SHRIRAMFIN,2026-08-26 14:40:00+05:30,BEAR,NO_SIGNAL,40.0,,ST_BEAR|RVOL|ENTRY_TRIGGER,1120.2,1118.3684,58.03,0.313,0.834,1.1,1123.2313,1122.4503,1116.3435,BULL,1120.2,1120.901,47.83,-0.559,29.56,True,False,False,False,False,False,False,False
2026-08-26T14:45:27,GRASIM,2026-08-26 14:40:00+05:30,BULL,SIGNAL,100.0,VWAP_PULLBACK,,3289.9,3282.357,59.89,0.342,1.227,1.1,3281.1617,3273.7456,3271.4425,BULL,3289.9,3277.7012,58.23,0.232,27.82,True,False,True,False,False,False,False,False
2026-08-26T14:45:28,AXISBANK,2026-08-26 14:40:00+05:30,BULL,NEAR,80.0,,ENTRY_TRIGGER,1255.2,1254.6662,54.15,0.0,1.355,1.1,1250.8898,1239.3115,1252.3842,BULL,1255.2,1250.8626,65.66,0.184,42.24,False,False,False,False,False,False,False,False
2026-08-26T14:45:28,POWERGRID,2026-08-26 14:40:00+05:30,BEAR,NO_SIGNAL,60.0,,RVOL|ENTRY_TRIGGER,267.1,267.0624,47.75,0.112,1.047,1.1,268.8452,269.7116,267.3692,BEAR,267.1,267.8306,36.59,-0.354,23.53,False,False,False,False,False,False,False,False
2026-08-26T14:45:29,ADANIENT,2026-08-26 14:40:00+05:30,BULL,NO_SIGNAL,60.0,,MACRO_BULL|ENTRY_TRIGGER,3133.1,3133.4834,50.48,0.01,1.309,1.1,3134.0901,3066.68,3123.1848,BULL,3133.1,3122.2521,66.7,-0.185,54.06,False,False,False,False,False,False,False,False
2026-08-26T14:45:29,TECHM,2026-08-26 14:40:00+05:30,BULL,NO_SIGNAL,20.0,,MACRO_BULL|ABOVE_WVWAP|RVOL|ENTRY_TRIGGER,1573.4,1570.6027,60.89,0.344,0.484,1.1,1582.4831,1582.5002,1567.5821,BULL,1573.4,1573.3547,48.67,-0.266,17.07,True,False,False,False,False,False,False,False
2026-08-26T14:45:30,ICICIBANK,2026-08-26 14:40:00+05:30,BULL,NO_SIGNAL,60.0,,MACRO_BULL|ENTRY_TRIGGER,1436.0,1436.6597,44.59,-0.042,1.93,1.1,1438.7334,1422.6956,1435.3182,BULL,1436.0,1435.4221,55.59,-0.202,25.21,False,True,False,False,False,False,False,False
2026-08-26T14:45:31,JIOFIN,2026-08-26 14:40:00+05:30,BEAR,NO_SIGNAL,40.0,,MACRO_BEAR|RVOL|ENTRY_TRIGGER,242.1,242.2162,41.5,0.041,0.616,1.1,243.3791,242.5159,242.6666,BEAR,242.1,242.4754,43.06,-0.534,19.1,False,False,False,False,False,False,False,False
2026-08-26T14:45:31,TATASTEEL,2026-08-26 14:40:00+05:30,BULL,NEAR,80.0,,ENTRY_TRIGGER,187.4,186.1724,77.84,1.079,4.619,1.1,185.7952,185.1459,186.2252,BULL,187.4,185.5767,72.08,1.325,23.66,True,False,False,False,False,False,False,False
2026-08-26T14:45:32,TITAN,2026-08-26 14:40:00+05:30,BEAR,NO_SIGNAL,40.0,TREND_CONTINUATION,MACRO_BEAR|BELOW_WVWAP|RVOL,5096.4,5098.3394,44.54,-0.004,1.015,1.1,5107.8742,5086.6038,5107.7679,BEAR,5096.4,5097.317,50.58,-0.049,28.51,False,True,False,False,False,False,False,True
2026-08-26T14:45:32,INFY,2026-08-26 14:40:00+05:30,BULL,NO_SIGNAL,20.0,,MACRO_BULL|ABOVE_WVWAP|RVOL|ENTRY_TRIGGER,1122.3,1121.3357,57.47,0.259,0.733,1.1,1126.3427,1128.9208,1119.4343,BULL,1122.3,1122.9465,45.4,-0.196,13.86,True,False,False,False,False,False,False,False
2026-08-26T14:45:33,TRENT,2026-08-26 14:40:00+05:30,BEAR,NO_SIGNAL,40.0,,MACRO_BEAR|RVOL|ENTRY_TRIGGER,2912.0,2912.1407,46.23,0.151,0.591,1.1,2926.5109,2918.4789,2918.9506,BEAR,2912.0,2917.4091,42.89,-0.397,18.35,False,False,False,False,False,False,False,False
2026-08-26T14:45:34,ASIANPAINT,2026-08-26 14:40:00+05:30,BEAR,NO_SIGNAL,40.0,,BELOW_WVWAP|RVOL|ENTRY_TRIGGER,2641.2,2643.2091,38.3,-0.132,0.782,1.1,2655.593,2630.6725,2646.8357,BEAR,2641.2,2643.1024,49.21,-0.313,23.59,False,True,False,False,False,False,False,False
2026-08-26T14:45:34,ULTRACEMCO,2026-08-26 14:40:00+05:30,BULL,SIGNAL,100.0,BREAKOUT_CONTINUATION,,11776.0,11699.9687,84.0,0.831,6.094,1.1,11681.2895,11559.6732,11686.9216,BULL,11776.0,11664.5183,76.45,0.934,33.69,True,False,False,False,True,False,False,False
2026-08-26T14:45:35,HDFCBANK,2026-08-26 14:40:00+05:30,BULL,NO_SIGNAL,40.0,,MACRO_BULL|RVOL|ENTRY_TRIGGER,728.0,728.0939,49.03,0.048,0.496,1.1,727.5508,726.6508,727.0144,BULL,728.0,727.5387,54.67,0.014,18.47,False,False,False,False,False,False,False,False
2026-08-26T14:45:35,RELIANCE,2026-08-26 14:40:00+05:30,BEAR,NO_SIGNAL,40.0,,MACRO_BEAR|RVOL|ENTRY_TRIGGER,1302.8,1303.846,36.83,-0.038,0.799,1.1,1307.9431,1306.7833,1305.5592,BEAR,1302.8,1305.8527,36.33,-0.542,19.44,False,True,False,False,False,False,False,False
2026-08-26T14:45:36,M&M,2026-08-26 14:40:00+05:30,BULL,NO_SIGNAL,40.0,,MACRO_BULL|RVOL|ENTRY_TRIGGER,3420.8,3423.6429,39.72,-0.035,0.879,1.1,3430.5254,3420.2246,3419.7444,BULL,3420.8,3424.9714,43.53,-0.175,13.56,False,True,False,False,False,False,False,False
2026-08-26T14:45:37,SUNPHARMA,2026-08-26 14:40:00+05:30,BEAR,NEAR,80.0,VWAP_PULLBACK,MACRO_BEAR,1912.1,1914.7702,39.36,-0.193,1.222,1.1,1915.7423,1912.7344,1918.6647,BEAR,1912.1,1915.3038,43.08,-0.099,13.19,False,True,False,True,False,False,False,False
2026-08-26T14:50:07,BEL,2026-08-26 14:45:00+05:30,BEAR,NO_SIGNAL,60.0,VWAP_PULLBACK,MACRO_BEAR|RVOL,408.85,409.2048,42.75,-0.28,0.881,1.1,409.1772,408.973,409.8444,BEAR,408.85,409.258,45.68,-0.024,8.84,False,True,False,True,False,False,False,False
2026-08-26T14:50:07,TATACONSUM,2026-08-26 14:45:00+05:30,BEAR,NO_SIGNAL,60.0,,RVOL|ENTRY_TRIGGER,1044.3,1043.535,51.72,0.086,0.676,1.1,1047.2831,1051.8038,1046.2406,BEAR,1043.0,1046.3591,36.25,-0.487,24.12,False,False,False,False,False,False,False,False
2026-08-26T14:50:08,BAJAJ-AUTO,2026-08-26 14:45:00+05:30,BULL,NO_SIGNAL,40.0,,MACRO_BULL|ABOVE_WVWAP|ENTRY_TRIGGER,11779.0,11787.2436,45.03,-0.17,1.113,1.1,11815.1472,11802.7699,11760.0522,BULL,11785.0,11798.0124,46.46,-0.229,19.47,False,False,False,False,False,False,False,False
2026-08-26T14:50:08,NESTLEIND,2026-08-26 14:45:00+05:30,BULL,NO_SIGNAL,40.0,,MACRO_BULL|ABOVE_WVWAP|ENTRY_TRIGGER,1455.5,1454.182,53.49,0.186,1.468,1.1,1459.2937,1464.1015,1450.1989,BULL,1454.6,1456.8434,42.89,-0.22,17.54,False,False,False,False,False,False,False,False
2026-08-26T14:50:09,BAJFINANCE,2026-08-26 14:45:00+05:30,BULL,NEAR,80.0,VWAP_PULLBACK,MACRO_BULL,1089.2,1087.8914,60.62,0.193,2.939,1.1,1088.2034,1083.9862,1085.8804,BULL,1087.8,1086.8864,53.97,-0.092,24.8,True,False,True,False,False,False,False,False
2026-08-26T14:50:10,HINDALCO,2026-08-26 14:45:00+05:30,BULL,NEAR,80.0,,ENTRY_TRIGGER,1056.15,1051.2162,77.62,0.571,1.82,1.1,1048.8843,1050.1047,1050.7232,BULL,1055.05,1048.9511,68.18,0.923,29.97,True,False,False,False,False,False,False,False
2026-08-26T14:50:10,NTPC,2026-08-26 14:45:00+05:30,BEAR,NO_SIGNAL,60.0,,MACRO_BEAR|ENTRY_TRIGGER,336.6,336.6548,42.92,0.089,5.571,1.1,340.6209,339.1778,337.0102,BEAR,336.3,337.5435,38.18,-0.547,20.28,False,False,False,False,False,False,False,False
2026-08-26T14:50:11,HDFCLIFE,2026-08-26 14:45:00+05:30,BULL,NO_SIGNAL,20.0,VWAP_PULLBACK,MACRO_BULL|ST_BULL|RVOL|ENTRY_TRIGGER,559.35,559.9298,45.1,-0.205,0.797,1.1,558.2329,554.5773,561.2096,BEAR,558.95,558.0265,56.97,-0.401,37.28,False,False,True,False,False,False,False,False
2026-08-26T14:50:11,SBILIFE,2026-08-26 14:45:00+05:30,BEAR,NO_SIGNAL,60.0,,BELOW_WVWAP|ENTRY_TRIGGER,1773.4,1774.9391,44.59,-0.079,2.384,1.1,1776.5462,1767.57,1778.0591,BEAR,1769.8,1774.6452,44.37,-0.517,24.95,False,True,False,False,False,False,False,False
2026-08-26T14:50:12,HINDUNILVR,2026-08-26 14:45:00+05:30,BULL,NO_SIGNAL,20.0,,MACRO_BULL|ST_BULL|RVOL|ENTRY_TRIGGER,2024.8,2025.347,43.67,-0.025,1.067,1.1,2034.4289,2023.2515,2028.4702,BEAR,2022.6,2027.9457,38.22,-0.77,20.18,False,True,False,False,False,False,False,False
2026-08-26T14:50:13,MARUTI,2026-08-26 14:45:00+05:30,BEAR,NO_SIGNAL,60.0,,MACRO_BEAR|ENTRY_TRIGGER,13550.0,13583.6734,21.1,-0.404,3.445,1.1,13629.8577,13564.9097,13584.7425,BEAR,13550.0,13601.9593,35.21,-0.602,18.6,False,True,False,False,False,False,False,False
2026-08-26T14:50:13,ITC,2026-08-26 14:45:00+05:30,BEAR,NO_SIGNAL,60.0,,BELOW_WVWAP|ENTRY_TRIGGER,271.25,271.214,49.82,0.0,2.72,1.1,272.048,270.079,271.6461,BEAR,270.9,271.2263,47.64,-0.386,24.03,False,False,False,False,False,False,False,False
2026-08-26T14:50:14,TMPV,2026-08-26 14:45:00+05:30,BULL,NEAR,80.0,VWAP_PULLBACK,MACRO_BULL,315.5,315.1429,57.62,0.127,1.592,1.1,315.34,314.1966,314.6033,BULL,315.1,314.9566,52.7,-0.301,23.34,True,False,True,False,False,False,False,False
2026-08-26T14:50:14,ADANIPORTS,2026-08-26 14:45:00+05:30,BULL,NEAR,80.0,BREAKOUT_CONTINUATION,MACRO_BULL,1699.0,1695.8894,62.14,0.289,7.074,1.1,1700.2583,1689.9107,1690.3632,BULL,1696.0,1694.794,53.99,-0.135,24.37,True,False,False,False,True,False,False,False
2026-08-26T14:50:15,DRREDDY,2026-08-26 14:45:00+05:30,BULL,NO_SIGNAL,40.0,,MACRO_BULL|RVOL|ENTRY_TRIGGER,1189.0,1189.6072,48.71,-0.101,0.896,1.1,1188.4502,1186.5384,1186.9872,BULL,1188.5,1188.0071,51.97,0.627,15.07,False,False,False,False,False,False,False,False
2026-08-26T14:50:16,WIPRO,2026-08-26 14:45:00+05:30,BEAR,NO_SIGNAL,40.0,,ST_BEAR|RVOL|ENTRY_TRIGGER,177.85,177.5438,58.7,0.548,1.062,1.1,178.4392,180.1197,177.2207,BULL,177.85,178.1698,42.13,-0.431,34.57,True,False,False,False,False,False,False,False
2026-08-26T14:50:16,ONGC,2026-08-26 14:45:00+05:30,BULL,NO_SIGNAL,40.0,,MACRO_BULL|ABOVE_WVWAP|ENTRY_TRIGGER,232.84,233.0102,43.69,-0.223,2.706,1.1,232.6473,234.6876,232.632,BULL,232.77,233.112,40.39,0.077,37.19,False,True,False,False,False,False,False,False
2026-08-26T14:50:17,SBIN,2026-08-26 14:45:00+05:30,BULL,NO_SIGNAL,60.0,BREAKOUT_CONTINUATION,MACRO_BULL|ST_BULL,1056.8,1055.3202,62.0,0.266,2.899,1.1,1056.9083,1041.9999,1057.4573,BEAR,1054.9,1054.0139,57.71,-0.265,33.71,True,False,False,False,True,False,True,False
2026-08-26T14:50:18,EICHERMOT,2026-08-26 14:45:00+05:30,BULL,NO_SIGNAL,40.0,,MACRO_BULL|RVOL|ENTRY_TRIGGER,8089.5,8087.9622,52.65,-0.074,0.952,1.1,8075.1891,8043.0887,8074.676,BULL,8091.0,8076.5988,64.8,-0.006,46.36,False,False,False,False,False,False,False,False
2026-08-26T14:50:18,COALINDIA,2026-08-26 14:45:00+05:30,BEAR,NO_SIGNAL,60.0,,MACRO_BEAR|ENTRY_TRIGGER,404.0,404.2952,47.48,-0.222,2.714,1.1,403.6436,404.2324,405.3528,BEAR,404.0,403.773,53.04,0.51,21.56,False,False,False,False,False,False,False,False
2026-08-26T14:50:19,BAJAJFINSV,2026-08-26 14:45:00+05:30,BULL,NO_SIGNAL,40.0,,MACRO_BULL|ST_BULL|ENTRY_TRIGGER,2012.7,2010.7638,58.34,0.239,1.841,1.1,2013.3579,2007.4207,2014.3559,BEAR,2010.7,2010.2032,51.94,-0.144,13.55,True,False,False,False,False,False,False,False
2026-08-26T14:50:19,MAXHEALTH,2026-08-26 14:45:00+05:30,BULL,NO_SIGNAL,60.0,VWAP_PULLBACK,MACRO_BULL|ENTRY_TRIGGER,1016.5,1016.5599,49.89,-0.382,1.963,1.1,1015.7028,999.2957,1014.3276,BULL,1015.0,1014.607,53.78,-0.51,45.43,False,False,True,False,False,False,False,False
2026-08-26T14:50:20,KOTAKBANK,2026-08-26 14:45:00+05:30,BULL,NEAR,80.0,TREND_CONTINUATION,RVOL,415.85,415.4378,59.43,0.012,0.953,1.1,412.3844,405.5937,414.2537,BULL,415.6,412.7792,73.52,0.788,55.54,True,False,False,False,False,False,True,False
2026-08-26T14:50:21,APOLLOHOSP,2026-08-26 14:45:00+05:30,BULL,NO_SIGNAL,40.0,,MACRO_BULL|RVOL|ENTRY_TRIGGER,8809.0,8805.6464,54.02,-0.011,0.441,1.1,8803.3322,8713.5984,8789.8262,BULL,8810.5,8800.4295,57.55,-0.062,38.54,False,False,False,False,False,False,False,False
2026-08-26T14:50:21,CIPLA,2026-08-26 14:45:00+05:30,BULL,NO_SIGNAL,40.0,,ABOVE_WVWAP|RVOL|ENTRY_TRIGGER,1415.0,1411.7916,61.06,0.355,1.006,1.1,1411.0302,1421.4212,1407.6352,BULL,1415.9,1411.9714,56.64,0.411,30.93,True,False,False,False,False,False,False,False
2026-08-26T14:50:22,JSWSTEEL,2026-08-26 14:45:00+05:30,BULL,NO_SIGNAL,60.0,,RVOL|ENTRY_TRIGGER,1337.1,1329.222,71.99,0.913,0.959,1.1,1323.8088,1315.958,1328.8117,BULL,1337.0,1322.8341,76.82,1.372,44.64,True,False,False,False,False,False,False,False
2026-08-26T14:50:22,HCLTECH,2026-08-26 14:45:00+05:30,BULL,NO_SIGNAL,40.0,,MACRO_BULL|ABOVE_WVWAP|ENTRY_TRIGGER,1301.5,1299.9643,59.32,0.316,1.303,1.1,1306.0913,1309.5137,1298.1524,BULL,1301.2,1301.7944,46.37,-0.161,19.39,True,False,False,False,False,False,False,False
2026-08-26T14:50:23,TCS,2026-08-26 14:45:00+05:30,BEAR,NO_SIGNAL,40.0,,MACRO_BEAR|RVOL|ENTRY_TRIGGER,2271.5,2270.7158,51.52,0.132,0.786,1.1,2278.8547,2284.7401,2274.5055,BEAR,2270.0,2274.5196,39.75,-0.303,16.48,False,False,False,False,False,False,False,False
2026-08-26T14:50:24,INDIGO,2026-08-26 14:45:00+05:30,BULL,NO_SIGNAL,40.0,,MACRO_BULL|RVOL|ENTRY_TRIGGER,5255.0,5252.9287,54.77,0.019,0.43,1.1,5251.0209,5168.7055,5241.3471,BULL,5256.5,5237.1098,68.05,-0.067,33.77,False,False,False,False,False,False,False,False
2026-08-26T14:50:24,BHARTIARTL,2026-08-26 14:45:00+05:30,BEAR,NEAR,80.0,,ENTRY_TRIGGER,1913.7,1914.383,45.14,0.058,1.188,1.1,1922.4555,1931.7603,1916.3315,BEAR,1914.2,1918.7251,35.53,-0.214,37.42,False,False,False,False,False,False,False,False
2026-08-26T14:50:25,ETERNAL,2026-08-26 14:45:00+05:30,BEAR,NO_SIGNAL,60.0,,ST_BEAR|ENTRY_TRIGGER,326.95,326.2102,61.72,0.445,1.681,1.1,327.831,328.3087,325.3147,BULL,326.8,327.1443,44.89,-0.518,27.56,True,False,False,False,False,False,False,False
2026-08-26T14:50:26,LT,2026-08-26 14:45:00+05:30,BEAR,NO_SIGNAL,60.0,,ST_BEAR|ENTRY_TRIGGER,4066.8,4059.7409,59.97,0.323,2.404,1.1,4076.4275,4086.9161,4050.0482,BULL,4064.2,4067.0757,44.54,-0.314,23.04,True,False,False,False,False,False,False,False
2026-08-26T14:50:26,SHRIRAMFIN,2026-08-26 14:45:00+05:30,BEAR,NO_SIGNAL,60.0,,ST_BEAR|ENTRY_TRIGGER,1121.0,1118.6076,61.25,0.349,1.283,1.1,1123.2133,1122.4458,1116.7944,BULL,1120.2,1120.901,47.83,-0.559,29.56,True,False,False,False,False,False,False,False
2026-08-26T14:50:27,GRASIM,2026-08-26 14:45:00+05:30,BULL,NEAR,80.0,,ENTRY_TRIGGER,3286.1,3282.6973,55.04,0.223,1.178,1.1,3281.2187,3273.7685,3271.7293,BULL,3289.9,3277.7012,58.23,0.232,27.82,True,False,False,False,False,False,False,False
2026-08-26T14:50:27,AXISBANK,2026-08-26 14:45:00+05:30,BULL,SIGNAL,100.0,BREAKOUT_CONTINUATION,,1256.3,1254.8147,58.33,0.104,2.654,1.1,1251.0825,1239.4874,1252.3842,BULL,1255.2,1250.8626,65.66,0.184,42.24,True,False,False,False,True,False,True,False
2026-08-26T14:50:28,POWERGRID,2026-08-26 14:45:00+05:30,BEAR,NEAR,80.0,,ENTRY_TRIGGER,267.2,267.0749,50.96,0.169,1.383,1.1,268.8243,269.7048,267.3692,BEAR,267.1,267.8306,36.59,-0.354,23.53,False,False,False,False,False,False,False,False
2026-08-26T14:50:29,ADANIENT,2026-08-26 14:45:00+05:30,BULL,NEAR,80.0,VWAP_PULLBACK,MACRO_BULL,3135.2,3133.6394,55.1,0.041,1.471,1.1,3134.0975,3066.9811,3123.5787,BULL,3133.1,3122.2521,66.7,-0.185,54.06,True,False,True,False,False,False,True,False
2026-08-26T14:50:29,TECHM,2026-08-26 14:45:00+05:30,BULL,NO_SIGNAL,20.0,,MACRO_BULL|ABOVE_WVWAP|RVOL|ENTRY_TRIGGER,1573.9,1570.9024,62.5,0.421,0.758,1.1,1582.378,1582.4733,1568.3767,BULL,1573.4,1573.3547,48.67,-0.266,17.07,True,False,False,False,False,False,False,False
2026-08-26T14:50:30,ICICIBANK,2026-08-26 14:45:00+05:30,BULL,NO_SIGNAL,60.0,,MACRO_BULL|ENTRY_TRIGGER,1436.7,1436.6634,49.55,0.021,2.196,1.1,1438.6816,1422.7692,1435.3182,BULL,1436.0,1435.4221,55.59,-0.202,25.21,False,False,False,False,False,False,False,False
2026-08-26T14:50:30,JIOFIN,2026-08-26 14:45:00+05:30,BEAR,NO_SIGNAL,60.0,,MACRO_BEAR|ENTRY_TRIGGER,242.35,242.2283,52.32,0.186,1.103,1.1,243.3661,242.5152,242.6666,BEAR,242.1,242.4754,43.06,-0.534,19.1,False,False,False,False,False,False,False,False
2026-08-26T14:50:31,TATASTEEL,2026-08-26 14:45:00+05:30,BULL,NEAR,80.0,,ENTRY_TRIGGER,187.77,186.3176,80.73,1.306,1.692,1.1,185.848,185.1659,186.2252,BULL,187.4,185.5767,72.08,1.325,23.66,True,False,False,False,False,False,False,False
2026-08-26T14:50:32,TITAN,2026-08-26 14:45:00+05:30,BULL,NO_SIGNAL,40.0,,MACRO_BULL|ST_BULL|ENTRY_TRIGGER,5100.5,5098.5358,54.71,0.053,5.964,1.1,5107.5755,5086.788,5107.7679,BEAR,5096.4,5097.317,50.58,-0.049,28.51,False,False,False,False,False,False,False,False
2026-08-26T14:50:32,INFY,2026-08-26 14:45:00+05:30,BULL,NO_SIGNAL,40.0,,MACRO_BULL|ABOVE_WVWAP|ENTRY_TRIGGER,1123.0,1121.487,62.34,0.34,1.67,1.1,1126.2904,1128.8972,1119.8365,BULL,1122.3,1122.9465,45.4,-0.196,13.86,True,False,False,False,False,False,False,False
2026-08-26T14:50:33,TRENT,2026-08-26 14:45:00+05:30,BEAR,NO_SIGNAL,60.0,,MACRO_BEAR|ENTRY_TRIGGER,2914.4,2912.3461,53.83,0.179,3.364,1.1,2926.0859,2918.4395,2918.9506,BEAR,2912.0,2917.4091,42.89,-0.397,18.35,False,False,False,False,False,False,False,False
2026-08-26T14:50:34,ASIANPAINT,2026-08-26 14:45:00+05:30,BEAR,NO_SIGNAL,60.0,,BELOW_WVWAP|ENTRY_TRIGGER,2642.9,2643.181,46.54,-0.087,1.901,1.1,2655.3744,2630.7142,2646.8357,BEAR,2641.2,2643.1024,49.21,-0.313,23.59,False,False,False,False,False,False,False,False
2026-08-26T14:50:34,ULTRACEMCO,2026-08-26 14:45:00+05:30,BULL,NEAR,80.0,,ENTRY_TRIGGER,11790.0,11708.1533,85.66,0.959,2.766,1.1,11685.3186,11561.6389,11717.2899,BULL,11776.0,11664.5183,76.45,0.934,33.69,True,False,False,False,False,False,False,False
2026-08-26T14:50:35,HDFCBANK,2026-08-26 14:45:00+05:30,BULL,NO_SIGNAL,40.0,VWAP_PULLBACK,MACRO_BULL|RVOL|ENTRY_TRIGGER,728.3,728.1127,53.46,0.041,0.78,1.1,727.5556,726.6558,727.0144,BULL,728.0,727.5387,54.67,0.014,18.47,False,False,True,False,False,False,False,False
2026-08-26T14:50:35,RELIANCE,2026-08-26 14:45:00+05:30,BEAR,NO_SIGNAL,60.0,,MACRO_BEAR|ENTRY_TRIGGER,1302.3,1303.7055,33.91,-0.069,1.671,1.1,1307.7877,1306.756,1305.5592,BEAR,1302.8,1305.8527,36.33,-0.542,19.44,False,True,False,False,False,False,False,False
2026-08-26T14:50:36,M&M,2026-08-26 14:45:00+05:30,BULL,NO_SIGNAL,40.0,,MACRO_BULL|RVOL|ENTRY_TRIGGER,3422.6,3423.5481,45.9,-0.003,0.918,1.1,3430.4406,3420.2275,3419.7444,BULL,3420.8,3424.9714,43.53,-0.175,13.56,False,False,False,False,False,False,False,False
2026-08-26T14:50:37,SUNPHARMA,2026-08-26 14:45:00+05:30,BEAR,NEAR,80.0,VWAP_PULLBACK,MACRO_BEAR,1912.0,1914.5184,39.08,-0.266,1.572,1.1,1915.6609,1912.733,1918.1743,BEAR,1912.1,1915.3038,43.08,-0.099,13.19,False,True,False,True,False,False,False,False
2026-08-26T14:55:06,BEL,2026-08-26 14:50:00+05:30,BEAR,NO_SIGNAL,40.0,,MACRO_BEAR|RVOL|ENTRY_TRIGGER,408.85,409.1726,42.75,-0.305,1.098,1.1,409.1723,408.9725,409.6774,BEAR,408.85,409.258,45.68,-0.024,8.84,False,True,False,False,False,False,False,False
2026-08-26T14:55:07,TATACONSUM,2026-08-26 14:50:00+05:30,BEAR,NEAR,80.0,,ENTRY_TRIGGER,1045.9,1043.75,57.85,0.326,6.166,1.1,1047.0752,1051.5839,1046.2406,BEAR,1043.0,1046.3591,36.25,-0.487,24.12,True,False,False,False,False,False,False,False
2026-08-26T14:55:08,BAJAJ-AUTO,2026-08-26 14:50:00+05:30,BEAR,NO_SIGNAL,40.0,BREAKOUT_CONTINUATION,MACRO_BEAR|ST_BEAR|RVOL,11765.0,11785.2215,38.95,-0.271,1.048,1.1,11814.4469,11802.626,11760.0522,BULL,11785.0,11798.0124,46.46,-0.229,19.47,False,True,False,False,False,True,False,False
2026-08-26T14:55:08,NESTLEIND,2026-08-26 14:50:00+05:30,BULL,NO_SIGNAL,40.0,,MACRO_BULL|ABOVE_WVWAP|ENTRY_TRIGGER,1455.5,1454.3018,53.49,-0.219,1.572,1.1,1459.1967,1464.0716,1450.1989,BULL,1454.6,1456.8434,42.89,-0.22,17.54,False,False,False,False,False,False,False,False
2026-08-26T14:55:09,BAJFINANCE,2026-08-26 14:50:00+05:30,BULL,NO_SIGNAL,60.0,,MACRO_BULL|ENTRY_TRIGGER,1088.8,1087.974,57.21,0.11,1.119,1.1,1088.2109,1084.0021,1085.8804,BULL,1087.8,1086.8864,53.97,-0.092,24.8,True,False,False,False,False,False,False,False
2026-08-26T14:55:10,HINDALCO,2026-08-26 14:50:00+05:30,BULL,NEAR,80.0,,ENTRY_TRIGGER,1057.5,1051.7874,80.25,0.628,1.419,1.1,1049.0981,1050.139,1051.3699,BULL,1055.05,1048.9511,68.18,0.923,29.97,True,False,False,False,False,False,False,False
2026-08-26T14:55:10,NTPC,2026-08-26 14:50:00+05:30,BEAR,NO_SIGNAL,40.0,,MACRO_BEAR|RVOL|ENTRY_TRIGGER,336.45,336.6362,39.2,0.074,1.065,1.1,340.5883,339.171,337.0102,BEAR,336.3,337.5435,38.18,-0.547,20.28,False,False,False,False,False,False,False,False
2026-08-26T14:55:11,HDFCLIFE,2026-08-26 14:50:00+05:30,BULL,NO_SIGNAL,40.0,,MACRO_BULL|ST_BULL|ENTRY_TRIGGER,559.15,559.8589,43.33,-0.25,1.312,1.1,558.244,554.6036,561.1693,BEAR,558.95,558.0265,56.97,-0.401,37.28,False,True,False,False,False,False,False,False
2026-08-26T14:55:11,SBILIFE,2026-08-26 14:50:00+05:30,BEAR,NO_SIGNAL,60.0,,BELOW_WVWAP|ENTRY_TRIGGER,1773.6,1774.8174,45.18,-0.208,1.733,1.1,1776.4981,1767.5974,1778.0591,BEAR,1769.8,1774.6452,44.37,-0.517,24.95,False,False,False,False,False,False,False,False
2026-08-26T14:55:12,HINDUNILVR,2026-08-26 14:50:00+05:30,BULL,NO_SIGNAL,20.0,,MACRO_BULL|ST_BULL|RVOL|ENTRY_TRIGGER,2024.8,2025.2973,43.67,-0.015,0.916,1.1,2034.3215,2023.2558,2028.4702,BEAR,2022.6,2027.9457,38.22,-0.77,20.18,False,True,False,False,False,False,False,False
2026-08-26T14:55:13,MARUTI,2026-08-26 14:50:00+05:30,BEAR,NO_SIGNAL,60.0,,MACRO_BEAR|ENTRY_TRIGGER,13545.0,13580.1576,19.66,-0.426,1.834,1.1,13627.1433,13564.7747,13581.6364,BEAR,13550.0,13601.9593,35.21,-0.602,18.6,False,True,False,False,False,False,False,False
2026-08-26T14:55:13,ITC,2026-08-26 14:50:00+05:30,BEAR,NO_SIGNAL,60.0,,BELOW_WVWAP|ENTRY_TRIGGER,271.15,271.2082,47.33,0.018,1.396,1.1,272.0332,270.0858,271.6461,BEAR,270.9,271.2263,47.64,-0.386,24.03,False,False,False,False,False,False,False,False
2026-08-26T14:55:14,TMPV,2026-08-26 14:50:00+05:30,BULL,NEAR,80.0,VWAP_PULLBACK,MACRO_BULL,315.9,315.2118,64.07,0.254,2.01,1.1,315.3504,314.2045,314.6033,BULL,315.1,314.9566,52.7,-0.301,23.34,True,False,True,False,False,False,False,False
2026-08-26T14:55:14,ADANIPORTS,2026-08-26 14:50:00+05:30,BULL,NO_SIGNAL,60.0,,MACRO_BULL|ENTRY_TRIGGER,1700.0,1696.2631,64.8,0.194,2.815,1.1,1700.2355,1690.077,1690.3632,BULL,1696.0,1694.794,53.99,-0.135,24.37,True,False,False,False,False,False,False,False
2026-08-26T14:55:15,DRREDDY,2026-08-26 14:50:00+05:30,BULL,NO_SIGNAL,60.0,,MACRO_BULL|ENTRY_TRIGGER,1190.8,1189.7156,55.92,0.076,3.078,1.1,1188.6434,1186.6331,1186.9872,BULL,1188.5,1188.0071,51.97,0.627,15.07,True,False,False,False,False,False,False,False
2026-08-26T14:55:16,WIPRO,2026-08-26 14:50:00+05:30,BEAR,NO_SIGNAL,60.0,,ST_BEAR|ENTRY_TRIGGER,177.81,177.568,57.02,0.514,3.782,1.1,178.4072,180.0825,177.2207,BULL,177.85,178.1698,42.13,-0.431,34.57,True,False,False,False,False,False,False,False
2026-08-26T14:55:16,ONGC,2026-08-26 14:50:00+05:30,BULL,NO_SIGNAL,40.0,,MACRO_BULL|ABOVE_WVWAP|ENTRY_TRIGGER,232.92,233.002,46.96,-0.12,2.354,1.1,232.653,234.6787,232.632,BULL,232.77,233.112,40.39,0.077,37.19,False,False,False,False,False,False,False,False
2026-08-26T14:55:17,SBIN,2026-08-26 14:50:00+05:30,BULL,NO_SIGNAL,40.0,,MACRO_BULL|ST_BULL|ENTRY_TRIGGER,1056.2,1055.4002,56.49,0.19,4.811,1.1,1056.9063,1042.1429,1057.4573,BEAR,1054.9,1054.0139,57.71,-0.265,33.71,True,False,False,False,False,False,False,False
2026-08-26T14:55:17,EICHERMOT,2026-08-26 14:50:00+05:30,BULL,NO_SIGNAL,60.0,,MACRO_BULL|ENTRY_TRIGGER,8084.5,8087.6475,48.01,-0.136,1.123,1.1,8075.2768,8043.1902,8074.676,BULL,8091.0,8076.5988,64.8,-0.006,46.36,False,False,False,False,False,False,False,False
2026-08-26T14:55:18,COALINDIA,2026-08-26 14:50:00+05:30,BEAR,NO_SIGNAL,60.0,,MACRO_BEAR|ENTRY_TRIGGER,403.95,404.2638,46.87,-0.333,2.305,1.1,403.6577,404.2304,405.2955,BEAR,404.0,403.773,53.04,0.51,21.56,False,False,False,False,False,False,False,False
2026-08-26T14:55:19,BAJAJFINSV,2026-08-26 14:50:00+05:30,BULL,NEAR,80.0,VWAP_PULLBACK,MACRO_BULL,2015.2,2011.1671,66.01,0.299,4.22,1.1,2013.3707,2007.4686,2006.5383,BULL,2010.7,2010.2032,51.94,-0.144,13.55,True,False,True,False,True,False,False,False
2026-08-26T14:55:19,MAXHEALTH,2026-08-26 14:50:00+05:30,BULL,NO_SIGNAL,60.0,VWAP_PULLBACK,MACRO_BULL|ENTRY_TRIGGER,1017.6,1016.6545,54.28,-0.177,1.118,1.1,1015.7272,999.3592,1014.3276,BULL,1015.0,1014.607,53.78,-0.51,45.43,False,False,True,False,False,False,False,False
2026-08-26T14:55:20,KOTAKBANK,2026-08-26 14:50:00+05:30,BULL,SIGNAL,100.0,BREAKOUT_CONTINUATION,,416.6,415.5435,66.62,0.18,2.632,1.1,412.5271,405.7574,414.5388,BULL,415.6,412.7792,73.52,0.788,55.54,True,False,False,False,True,False,False,False
2026-08-26T14:55:20,APOLLOHOSP,2026-08-26 14:50:00+05:30,BULL,NEAR,80.0,VWAP_PULLBACK,MACRO_BULL,8815.0,8806.4968,59.42,0.102,1.385,1.1,8803.4539,8713.8445,8789.8262,BULL,8810.5,8800.4295,57.55,-0.062,38.54,True,False,True,False,False,False,False,False
2026-08-26T14:55:21,CIPLA,2026-08-26 14:50:00+05:30,BULL,NO_SIGNAL,60.0,,ABOVE_WVWAP|ENTRY_TRIGGER,1415.4,1412.1197,61.96,0.362,1.827,1.1,1411.1981,1421.3538,1407.6352,BULL,1415.9,1411.9714,56.64,0.411,30.93,True,False,False,False,False,False,False,False
2026-08-26T14:55:21,JSWSTEEL,2026-08-26 14:50:00+05:30,BULL,NEAR,80.0,,ENTRY_TRIGGER,1339.9,1330.1927,75.28,1.041,1.983,1.1,1324.3952,1316.187,1328.8148,BULL,1337.0,1322.8341,76.82,1.372,44.64,True,False,False,False,False,False,False,False
2026-08-26T14:55:22,HCLTECH,2026-08-26 14:50:00+05:30,BULL,NO_SIGNAL,40.0,,MACRO_BULL|ABOVE_WVWAP|ENTRY_TRIGGER,1302.3,1300.1766,63.33,0.37,3.979,1.1,1305.8891,1309.4262,1298.295,BULL,1301.2,1301.7944,46.37,-0.161,19.39,True,False,False,False,False,False,False,False
2026-08-26T14:55:23,TCS,2026-08-26 14:50:00+05:30,BEAR,NO_SIGNAL,60.0,,MACRO_BEAR|ENTRY_TRIGGER,2271.5,2270.7871,51.52,0.119,1.341,1.1,2278.731,2284.6878,2274.5055,BEAR,2270.0,2274.5196,39.75,-0.303,16.48,False,False,False,False,False,False,False,False
2026-08-26T14:55:23,INDIGO,2026-08-26 14:50:00+05:30,BULL,NO_SIGNAL,40.0,,MACRO_BULL|RVOL|ENTRY_TRIGGER,5253.0,5252.9352,51.33,0.029,0.262,1.1,5251.0289,5168.805,5241.3471,BULL,5256.5,5237.1098,68.05,-0.067,33.77,False,False,False,False,False,False,False,False
2026-08-26T14:55:24,BHARTIARTL,2026-08-26 14:50:00+05:30,BEAR,NEAR,80.0,,ENTRY_TRIGGER,1915.4,1914.4754,52.25,0.183,3.467,1.1,1922.2218,1931.5545,1916.3315,BEAR,1914.2,1918.7251,35.53,-0.214,37.42,False,False,False,False,False,False,False,False
2026-08-26T14:55:24,ETERNAL,2026-08-26 14:50:00+05:30,BEAR,NO_SIGNAL,60.0,,ST_BEAR|ENTRY_TRIGGER,326.85,326.2684,59.58,0.368,2.529,1.1,327.8002,328.2895,325.3376,BULL,326.8,327.1443,44.89,-0.518,27.56,True,False,False,False,False,False,False,False
2026-08-26T14:55:25,LT,2026-08-26 14:50:00+05:30,BEAR,NO_SIGNAL,40.0,,ST_BEAR|RVOL|ENTRY_TRIGGER,4061.9,4059.9371,52.28,0.205,0.825,1.1,4076.2926,4086.8416,4050.0482,BULL,4064.2,4067.0757,44.54,-0.314,23.04,False,False,False,False,False,False,False,False
2026-08-26T14:55:26,SHRIRAMFIN,2026-08-26 14:50:00+05:30,BULL,NEAR,80.0,BREAKOUT_CONTINUATION,MACRO_BULL,1122.5,1118.9615,66.44,0.447,2.481,1.1,1123.1953,1122.4433,1117.5095,BULL,1120.2,1120.901,47.83,-0.559,29.56,True,False,False,False,True,False,False,False
2026-08-26T14:55:26,GRASIM,2026-08-26 14:50:00+05:30,BULL,SIGNAL,100.0,VWAP_PULLBACK,,3291.0,3283.4521,59.59,0.366,3.281,1.1,3281.4226,3273.8428,3271.7293,BULL,3289.9,3277.7012,58.23,0.232,27.82,True,False,True,False,False,False,False,False
2026-08-26T14:55:27,AXISBANK,2026-08-26 14:50:00+05:30,BULL,NO_SIGNAL,60.0,,RVOL|ENTRY_TRIGGER,1256.6,1254.977,59.42,0.088,1.028,1.1,1251.165,1239.5589,1252.3842,BULL,1255.2,1250.8626,65.66,0.184,42.24,True,False,False,False,False,False,False,False
2026-08-26T14:55:27,POWERGRID,2026-08-26 14:50:00+05:30,BEAR,NEAR,80.0,,ENTRY_TRIGGER,267.1,267.0772,47.8,0.15,12.055,1.1,268.6621,269.6461,267.3692,BEAR,267.1,267.8306,36.59,-0.354,23.53,False,False,False,False,False,False,False,False
2026-08-26T14:55:28,ADANIENT,2026-08-26 14:50:00+05:30,BULL,NEAR,80.0,VWAP_PULLBACK,MACRO_BULL,3138.0,3134.0358,60.4,0.121,2.851,1.1,3134.1367,3067.5873,3123.5787,BULL,3133.1,3122.2521,66.7,-0.185,54.06,True,False,True,False,False,False,True,False
2026-08-26T14:55:29,TECHM,2026-08-26 14:50:00+05:30,BULL,NO_SIGNAL,20.0,,MACRO_BULL|ABOVE_WVWAP|RVOL|ENTRY_TRIGGER,1573.9,1571.1749,62.5,0.44,0.941,1.1,1582.2432,1582.438,1568.3767,BULL,1573.4,1573.3547,48.67,-0.266,17.07,True,False,False,False,False,False,False,False
2026-08-26T14:55:29,ICICIBANK,2026-08-26 14:50:00+05:30,BULL,NO_SIGNAL,40.0,,MACRO_BULL|RVOL|ENTRY_TRIGGER,1436.3,1436.6303,46.96,-0.007,0.886,1.1,1438.6592,1422.8008,1435.3182,BULL,1436.0,1435.4221,55.59,-0.202,25.21,False,False,False,False,False,False,False,False
2026-08-26T14:55:30,JIOFIN,2026-08-26 14:50:00+05:30,BULL,NO_SIGNAL,60.0,BREAKOUT_CONTINUATION,MACRO_BULL|ST_BULL,242.6,242.2621,60.25,0.248,3.366,1.1,243.3356,242.5152,242.6666,BEAR,242.1,242.4754,43.06,-0.534,19.1,True,False,False,False,True,False,False,False
2026-08-26T14:55:30,TATASTEEL,2026-08-26 14:50:00+05:30,BULL,NEAR,80.0,,ENTRY_TRIGGER,189.22,186.5815,87.56,1.677,5.491,1.1,186.1068,185.2616,186.5995,BULL,187.4,185.5767,72.08,1.325,23.66,True,False,False,False,False,False,False,False
2026-08-26T14:55:31,TITAN,2026-08-26 14:50:00+05:30,BULL,NEAR,80.0,VWAP_PULLBACK,MACRO_BULL,5113.1,5099.8598,71.82,0.28,8.84,1.1,5107.7159,5087.3522,5091.5276,BULL,5096.4,5097.317,50.58,-0.049,28.51,True,False,True,False,True,False,False,False
2026-08-26T14:55:32,INFY,2026-08-26 14:50:00+05:30,BULL,NO_SIGNAL,40.0,,MACRO_BULL|ABOVE_WVWAP|ENTRY_TRIGGER,1122.9,1121.6155,61.26,0.34,1.22,1.1,1126.2502,1128.8793,1119.8365,BULL,1122.3,1122.9465,45.4,-0.196,13.86,True,False,False,False,False,False,False,False
2026-08-26T14:55:32,TRENT,2026-08-26 14:50:00+05:30,BEAR,NO_SIGNAL,60.0,,MACRO_BEAR|ENTRY_TRIGGER,2918.0,2912.8601,62.42,0.275,3.66,1.1,2925.8081,2918.4469,2918.9506,BEAR,2912.0,2917.4091,42.89,-0.397,18.35,True,False,False,False,False,False,False,False
2026-08-26T14:55:33,ASIANPAINT,2026-08-26 14:50:00+05:30,BEAR,NO_SIGNAL,60.0,,BELOW_WVWAP|ENTRY_TRIGGER,2644.6,2643.31,53.26,0.011,4.243,1.1,2654.9536,2630.8288,2646.8357,BEAR,2641.2,2643.1024,49.21,-0.313,23.59,False,False,False,False,True,False,False,False
2026-08-26T14:55:33,ULTRACEMCO,2026-08-26 14:50:00+05:30,BULL,NEAR,80.0,,ENTRY_TRIGGER,11800.0,11716.503,86.72,1.036,7.455,1.1,11697.3488,11567.7479,11729.9628,BULL,11776.0,11664.5183,76.45,0.934,33.69,True,False,False,False,False,False,False,False
2026-08-26T14:55:34,HDFCBANK,2026-08-26 14:50:00+05:30,BULL,NO_SIGNAL,60.0,,MACRO_BULL|ENTRY_TRIGGER,727.95,728.0979,48.2,0.007,1.443,1.1,727.5621,726.664,727.0144,BULL,728.0,727.5387,54.67,0.014,18.47,False,False,False,False,False,False,False,False
2026-08-26T14:55:34,RELIANCE,2026-08-26 14:50:00+05:30,BEAR,NEAR,80.0,BREAKOUT_CONTINUATION,MACRO_BEAR,1300.8,1303.4413,27.0,-0.192,5.659,1.1,1307.1669,1306.6299,1305.2671,BEAR,1302.8,1305.8527,36.33,-0.542,19.44,False,True,False,False,False,True,False,False
2026-08-26T14:55:35,M&M,2026-08-26 14:50:00+05:30,BULL,NO_SIGNAL,60.0,,MACRO_BULL|ENTRY_TRIGGER,3424.0,3423.5891,50.17,0.018,3.334,1.1,3430.1927,3420.2481,3419.7444,BULL,3420.8,3424.9714,43.53,-0.175,13.56,False,False,False,False,False,False,False,False
2026-08-26T14:55:36,SUNPHARMA,2026-08-26 14:50:00+05:30,BEAR,NEAR,80.0,VWAP_PULLBACK,MACRO_BEAR,1911.3,1914.2258,37.05,-0.167,1.709,1.1,1915.5655,1912.7304,1917.8923,BEAR,1912.1,1915.3038,43.08,-0.099,13.19,False,True,False,True,False,False,False,False
2026-08-26T15:00:03,BEL,2026-08-26 14:55:00+05:30,BEAR,NO_SIGNAL,60.0,,MACRO_BEAR|ENTRY_TRIGGER,408.85,409.1432,42.75,-0.195,7.5,1.1,409.1405,408.9688,409.6163,BEAR,408.85,409.2209,45.68,0.024,8.71,False,True,False,False,False,False,False,False
2026-08-26T15:00:03,TATACONSUM,2026-08-26 14:55:00+05:30,BEAR,NO_SIGNAL,60.0,VWAP_PULLBACK,RVOL|ENTRY_TRIGGER,1044.8,1043.8454,52.88,0.375,0.955,1.1,1047.0316,1051.5392,1046.2406,BEAR,1044.8,1046.2173,42.72,-0.201,23.02,False,False,False,True,False,False,False,False
2026-08-26T15:00:04,BAJAJ-AUTO,2026-08-26 14:55:00+05:30,BULL,NO_SIGNAL,40.0,,MACRO_BULL|ABOVE_WVWAP|ENTRY_TRIGGER,11764.0,11783.2922,38.55,-0.212,1.206,1.1,11813.5287,11802.4231,11760.0522,BULL,11764.0,11794.9203,42.17,-0.263,19.48,False,True,False,False,False,False,False,False
2026-08-26T15:00:05,NESTLEIND,2026-08-26 14:55:00+05:30,BULL,NO_SIGNAL,40.0,,MACRO_BULL|ABOVE_WVWAP|ENTRY_TRIGGER,1455.4,1454.4016,53.11,0.089,2.449,1.1,1459.0407,1464.0217,1450.1989,BULL,1455.4,1456.7122,44.78,0.027,16.89,False,False,False,False,False,False,False,False
2026-08-26T15:00:05,BAJFINANCE,2026-08-26 14:55:00+05:30,BULL,NEAR,80.0,,ENTRY_TRIGGER,1088.0,1087.9764,51.02,0.092,2.268,1.1,1088.2161,1084.0324,1085.8804,BULL,1088.0,1086.9876,54.49,0.009,25.46,False,False,False,False,False,False,False,False
2026-08-26T15:00:06,HINDALCO,2026-08-26 14:55:00+05:30,BULL,NEAR,80.0,,ENTRY_TRIGGER,1056.0,1052.1704,70.36,0.567,1.682,1.1,1049.3284,1050.1773,1051.3699,BULL,1056.0,1049.5919,69.83,1.053,30.39,True,False,False,False,False,False,False,False
2026-08-26T15:00:07,NTPC,2026-08-26 14:55:00+05:30,BEAR,NO_SIGNAL,60.0,,MACRO_BEAR|ENTRY_TRIGGER,336.4,336.6147,38.02,0.074,1.684,1.1,340.5349,339.1596,337.0102,BEAR,336.4,337.4396,39.19,-0.459,20.13,False,False,False,False,False,False,False,False
2026-08-26T15:00:07,HDFCLIFE,2026-08-26 14:55:00+05:30,BEAR,NO_SIGNAL,60.0,TREND_CONTINUATION,MACRO_BEAR|BELOW_WVWAP,558.9,559.7717,41.15,-0.196,1.498,1.1,558.2553,554.6339,561.1201,BEAR,558.9,558.1059,56.75,-0.188,36.4,False,True,False,False,False,False,False,True
2026-08-26T15:00:08,SBILIFE,2026-08-26 14:55:00+05:30,BULL,NO_SIGNAL,40.0,,MACRO_BULL|ST_BULL|ENTRY_TRIGGER,1774.6,1774.7976,48.17,0.023,2.261,1.1,1776.4502,1767.6399,1778.0591,BEAR,1774.6,1774.6411,50.91,-0.141,23.39,False,False,False,False,False,False,False,False
2026-08-26T15:00:08,HINDUNILVR,2026-08-26 14:55:00+05:30,BULL,NO_SIGNAL,40.0,,MACRO_BULL|ST_BULL|ENTRY_TRIGGER,2024.3,2025.2066,41.51,0.015,1.686,1.1,2034.1276,2023.2634,2028.4702,BEAR,2024.3,2027.6143,42.63,-0.565,19.22,False,False,False,False,False,False,False,False
2026-08-26T15:00:09,MARUTI,2026-08-26 14:55:00+05:30,BEAR,NO_SIGNAL,60.0,,MACRO_BEAR|ENTRY_TRIGGER,13542.0,13576.6887,18.84,-0.346,1.975,1.1,13624.0072,13564.5719,13574.9741,BEAR,13542.0,13596.5085,33.64,-0.609,19.66,False,True,False,False,False,False,False,False
2026-08-26T15:00:10,ITC,2026-08-26 14:55:00+05:30,BULL,NO_SIGNAL,40.0,,MACRO_BULL|ST_BULL|ENTRY_TRIGGER,271.15,271.2029,47.33,0.018,1.222,1.1,272.0204,270.092,271.6461,BEAR,271.15,271.2193,50.7,-0.202,22.69,False,False,False,False,False,False,False,False
2026-08-26T15:00:10,TMPV,2026-08-26 14:55:00+05:30,BULL,NEAR,80.0,,ENTRY_TRIGGER,315.9,315.2743,64.07,0.254,2.211,1.1,315.3681,314.2149,314.6033,BULL,315.9,315.0424,59.07,0.238,22.89,True,False,False,False,False,False,False,False
2026-08-26T15:00:11,ADANIPORTS,2026-08-26 14:55:00+05:30,BULL,NEAR,80.0,,ENTRY_TRIGGER,1699.6,1696.5664,62.89,0.2,2.034,1.1,1700.1994,1690.1984,1690.3632,BULL,1699.6,1695.2309,59.96,0.195,25.44,True,False,False,False,False,False,False,False
2026-08-26T15:00:11,DRREDDY,2026-08-26 14:55:00+05:30,BULL,NO_SIGNAL,40.0,,MACRO_BULL|RVOL|ENTRY_TRIGGER,1189.8,1189.7233,51.58,0.101,0.58,1.1,1188.6641,1186.6472,1186.9872,BULL,1189.8,1188.1701,54.66,0.566,15.11,False,False,False,False,False,False,False,False
2026-08-26T15:00:12,WIPRO,2026-08-26 14:55:00+05:30,BEAR,NO_SIGNAL,60.0,BREAKOUT_CONTINUATION,ST_BEAR|ENTRY_TRIGGER,177.57,177.5681,48.15,0.362,1.469,1.1,178.3904,180.0649,177.2207,BULL,177.57,178.1152,38.99,-0.449,33.6,False,False,False,False,False,True,False,False
2026-08-26T15:00:13,ONGC,2026-08-26 14:55:00+05:30,BULL,NO_SIGNAL,40.0,,MACRO_BULL|ABOVE_WVWAP|ENTRY_TRIGGER,233.06,233.0072,52.19,-0.004,2.187,1.1,232.661,234.6705,232.632,BULL,233.06,233.1073,46.61,0.189,36.41,False,False,False,False,False,False,False,False
2026-08-26T15:00:13,SBIN,2026-08-26 14:55:00+05:30,BULL,NO_SIGNAL,60.0,,ST_BULL|ENTRY_TRIGGER,1056.4,1055.4911,57.84,0.161,2.981,1.1,1056.8904,1042.2458,1057.4573,BEAR,1056.4,1054.2308,62.17,0.019,33.64,True,False,False,False,False,False,False,False
2026-08-26T15:00:14,EICHERMOT,2026-08-26 14:55:00+05:30,BULL,NO_SIGNAL,60.0,,MACRO_BULL|ENTRY_TRIGGER,8078.5,8086.8159,43.1,-0.124,1.937,1.1,8075.3383,8043.3386,8074.676,BULL,8078.5,8076.7716,54.54,-0.087,45.26,False,True,False,False,False,False,False,True
2026-08-26T15:00:14,COALINDIA,2026-08-26 14:55:00+05:30,BEAR,NO_SIGNAL,60.0,,MACRO_BEAR|ENTRY_TRIGGER,403.9,404.2307,46.23,-0.272,1.665,1.1,403.6661,404.2283,405.0998,BEAR,403.9,403.7845,52.06,0.473,20.76,False,False,False,False,False,False,False,False
2026-08-26T15:00:15,BAJAJFINSV,2026-08-26 14:55:00+05:30,BULL,NO_SIGNAL,60.0,,MACRO_BULL|ENTRY_TRIGGER,2015.0,2011.5156,64.98,0.319,4.669,1.1,2013.4112,2007.5391,2007.3971,BULL,2015.0,2010.6393,58.08,0.074,14.03,True,False,False,False,False,False,False,False
2026-08-26T15:00:16,MAXHEALTH,2026-08-26 14:55:00+05:30,BULL,NO_SIGNAL,40.0,,MACRO_BULL|RVOL|ENTRY_TRIGGER,1016.9,1016.6768,51.21,0.049,0.645,1.1,1015.7408,999.397,1014.3276,BULL,1016.9,1014.8155,56.94,-0.186,44.28,False,False,False,False,False,False,False,False
2026-08-26T15:00:16,KOTAKBANK,2026-08-26 14:55:00+05:30,BULL,NEAR,80.0,,ENTRY_TRIGGER,416.65,415.6441,67.04,0.277,1.243,1.1,412.6004,405.8402,415.0583,BULL,416.65,413.1311,76.41,1.031,56.06,True,False,False,False,False,False,False,False
2026-08-26T15:00:17,APOLLOHOSP,2026-08-26 14:55:00+05:30,BULL,NEAR,80.0,VWAP_PULLBACK,RVOL,8818.0,8807.5425,61.84,0.205,1.016,1.1,8803.5721,8714.0362,8791.6223,BULL,8818.0,8802.0268,60.3,0.085,38.42,True,False,True,False,False,False,True,False
2026-08-26T15:00:18,CIPLA,2026-08-26 14:55:00+05:30,BULL,NO_SIGNAL,60.0,,ABOVE_WVWAP|ENTRY_TRIGGER,1415.1,1412.3906,60.83,0.291,1.392,1.1,1411.3221,1421.2982,1407.6352,BULL,1415.1,1412.2558,54.8,0.597,29.13,True,False,False,False,False,False,False,False
2026-08-26T15:00:18,JSWSTEEL,2026-08-26 14:55:00+05:30,BULL,NEAR,80.0,,ENTRY_TRIGGER,1339.1,1331.0025,72.66,1.041,1.259,1.1,1324.7717,1316.3415,1329.2412,BULL,1339.1,1324.3128,78.39,1.609,46.63,True,False,False,False,False,False,False,False
2026-08-26T15:00:19,HCLTECH,2026-08-26 14:55:00+05:30,BULL,NO_SIGNAL,40.0,,MACRO_BULL|ABOVE_WVWAP|ENTRY_TRIGGER,1301.0,1300.2515,54.01,0.254,1.522,1.1,1305.7904,1309.3841,1298.295,BULL,1301.0,1301.7222,45.87,-0.008,18.01,False,False,False,False,False,False,False,False
2026-08-26T15:00:20,TCS,2026-08-26 14:55:00+05:30,BEAR,NO_SIGNAL,60.0,,MACRO_BEAR|ENTRY_TRIGGER,2271.7,2270.8701,52.52,0.115,1.822,1.1,2278.5786,2284.6204,2274.5055,BEAR,2271.7,2274.2633,43.13,-0.163,15.66,False,False,False,False,False,False,False,False
2026-08-26T15:00:20,INDIGO,2026-08-26 14:55:00+05:30,BULL,NO_SIGNAL,40.0,VWAP_PULLBACK,MACRO_BULL|RVOL|ENTRY_TRIGGER,5255.0,5253.1229,54.41,0.086,0.744,1.1,5251.0622,5169.0909,5241.3471,BULL,5255.0,5238.7362,66.83,0.0,33.54,False,False,True,False,False,False,False,False
2026-08-26T15:00:21,BHARTIARTL,2026-08-26 14:55:00+05:30,BEAR,NEAR,80.0,,ENTRY_TRIGGER,1916.0,1914.614,54.49,0.183,1.661,1.1,1922.1178,1931.4559,1916.3315,BEAR,1916.0,1918.4773,40.39,-0.099,36.71,False,False,False,False,False,False,False,False
2026-08-26T15:00:21,ETERNAL,2026-08-26 14:55:00+05:30,BULL,NO_SIGNAL,60.0,TREND_CONTINUATION,MACRO_BULL|ABOVE_WVWAP,327.0,326.3349,61.73,0.415,1.997,1.1,327.7764,328.2739,325.3376,BULL,327.0,327.1312,46.65,-0.092,26.77,True,False,False,False,False,False,True,False
2026-08-26T15:00:22,LT,2026-08-26 14:55:00+05:30,BULL,NO_SIGNAL,40.0,,MACRO_BULL|ABOVE_WVWAP|ENTRY_TRIGGER,4063.5,4060.261,54.34,0.16,1.854,1.1,4075.9854,4086.6702,4050.0482,BULL,4063.5,4066.7507,43.95,-0.16,21.69,False,False,False,False,False,False,False,False
2026-08-26T15:00:23,SHRIRAMFIN,2026-08-26 14:55:00+05:30,BULL,NO_SIGNAL,40.0,,MACRO_BULL|ABOVE_WVWAP|ENTRY_TRIGGER,1121.1,1119.1559,58.55,0.349,2.63,1.1,1123.1647,1122.4364,1117.5095,BULL,1121.1,1120.9191,49.39,-0.382,28.16,True,False,False,True,False,False,False,False
2026-08-26T15:00:23,GRASIM,2026-08-26 14:55:00+05:30,BULL,NEAR,80.0,,ENTRY_TRIGGER,3288.4,3283.9019,56.33,0.366,2.459,1.1,3281.5894,3273.9057,3273.0031,BULL,3288.4,3278.6738,57.23,0.446,28.23,True,False,False,False,False,False,False,False
2026-08-26T15:00:24,AXISBANK,2026-08-26 14:55:00+05:30,BULL,NEAR,80.0,,ENTRY_TRIGGER,1256.8,1255.1428,60.17,0.151,2.05,1.1,1251.3306,1239.7039,1252.3842,BULL,1256.8,1251.4023,68.31,0.44,42.2,True,False,False,False,False,False,False,False
2026-08-26T15:00:25,POWERGRID,2026-08-26 14:55:00+05:30,BEAR,NEAR,80.0,,ENTRY_TRIGGER,266.95,267.0656,43.44,0.019,1.604,1.1,268.6273,269.633,267.3692,BEAR,266.95,267.7505,35.14,-0.317,23.11,False,False,False,False,False,False,False,False
2026-08-26T15:00:25,ADANIENT,2026-08-26 14:55:00+05:30,BULL,NO_SIGNAL,60.0,,MACRO_BULL|ENTRY_TRIGGER,3137.3,3134.3326,58.54,0.105,3.52,1.1,3134.258,3068.4314,3126.217,BULL,3137.3,3123.6201,69.01,-0.089,53.95,True,False,False,False,False,False,False,False
2026-08-26T15:00:26,TECHM,2026-08-26 14:55:00+05:30,BULL,NO_SIGNAL,20.0,,MACRO_BULL|ABOVE_WVWAP|RVOL|ENTRY_TRIGGER,1574.5,1571.4772,64.53,0.466,0.923,1.1,1582.1208,1582.4052,1568.7767,BULL,1574.5,1573.4588,50.57,0.21,16.81,True,False,False,False,False,False,False,False
2026-08-26T15:00:26,ICICIBANK,2026-08-26 14:55:00+05:30,BULL,NO_SIGNAL,60.0,,MACRO_BULL|ENTRY_TRIGGER,1436.4,1436.6094,47.7,-0.042,1.646,1.1,1438.6141,1422.8593,1435.3182,BULL,1436.4,1435.511,56.68,-0.146,23.57,False,False,False,False,False,False,False,False
2026-08-26T15:00:27,JIOFIN,2026-08-26 14:55:00+05:30,BEAR,NO_SIGNAL,60.0,,MACRO_BEAR|ENTRY_TRIGGER,242.5,242.2837,56.22,0.227,2.127,1.1,243.3151,242.5152,242.6666,BEAR,242.5,242.4776,50.29,-0.267,18.36,True,False,False,False,False,False,False,False
2026-08-26T15:00:28,TATASTEEL,2026-08-26 14:55:00+05:30,BULL,NEAR,80.0,,ENTRY_TRIGGER,188.72,186.7759,77.37,1.446,2.46,1.1,186.2381,185.3149,186.9424,BULL,188.72,185.8625,78.46,2.171,26.54,True,False,False,False,False,False,False,False
2026-08-26T15:00:28,TITAN,2026-08-26 14:55:00+05:30,BULL,NEAR,80.0,,ENTRY_TRIGGER,5105.6,5100.3817,57.82,0.149,3.327,1.1,5107.7753,5087.64,5092.3808,BULL,5105.6,5098.07,57.72,0.234,29.44,True,False,False,False,False,False,False,False
2026-08-26T15:00:29,INFY,2026-08-26 14:55:00+05:30,BULL,NO_SIGNAL,20.0,,MACRO_BULL|ABOVE_WVWAP|RVOL|ENTRY_TRIGGER,1122.5,1121.6959,57.01,0.259,1.069,1.1,1126.2129,1128.8627,1119.8365,BULL,1122.5,1122.9059,46.2,-0.062,12.92,True,False,False,False,False,False,False,False
2026-08-26T15:00:30,TRENT,2026-08-26 14:55:00+05:30,BEAR,NO_SIGNAL,60.0,,MACRO_BEAR|ENTRY_TRIGGER,2914.0,2912.9637,51.06,0.134,2.437,1.1,2925.5115,2918.4255,2918.9506,BEAR,2914.0,2917.0992,45.35,-0.205,17.82,False,False,False,False,False,False,False,False
2026-08-26T15:00:30,ASIANPAINT,2026-08-26 14:55:00+05:30,BULL,NO_SIGNAL,40.0,,MACRO_BULL|ST_BULL|ENTRY_TRIGGER,2642.8,2643.2636,46.58,-0.034,3.41,1.1,2654.5706,2630.9296,2646.8357,BEAR,2642.8,2643.0749,51.69,-0.283,22.83,False,False,False,False,False,False,False,False
2026-08-26T15:00:31,ULTRACEMCO,2026-08-26 14:55:00+05:30,BULL,NEAR,80.0,,ENTRY_TRIGGER,11772.0,11721.5482,70.9,0.831,3.903,1.1,11702.9663,11571.5061,11729.9628,BULL,11772.0,11674.2894,75.2,0.978,35.99,True,False,False,False,False,False,False,False
2026-08-26T15:00:31,HDFCBANK,2026-08-26 14:55:00+05:30,BULL,NO_SIGNAL,40.0,VWAP_PULLBACK,MACRO_BULL|RVOL|ENTRY_TRIGGER,728.2,728.1072,51.84,0.041,0.926,1.1,727.566,726.6692,727.0144,BULL,728.2,727.5988,55.91,-0.048,18.01,False,False,True,False,False,False,False,False
2026-08-26T15:00:32,RELIANCE,2026-08-26 14:55:00+05:30,BEAR,NO_SIGNAL,60.0,,MACRO_BEAR|ENTRY_TRIGGER,1301.0,1303.2194,29.08,-0.215,2.651,1.1,1306.8404,1306.5551,1305.1647,BEAR,1301.0,1305.4116,31.65,-0.543,19.83,False,True,False,False,False,False,False,False
2026-08-26T15:00:33,M&M,2026-08-26 14:55:00+05:30,BULL,NO_SIGNAL,60.0,,MACRO_BULL|ENTRY_TRIGGER,3423.0,3423.5356,47.3,0.032,3.056,1.1,3429.9269,3420.2647,3419.7444,BULL,3423.0,3424.7922,47.28,-0.073,13.49,False,False,False,False,False,False,False,False
2026-08-26T15:00:33,SUNPHARMA,2026-08-26 14:55:00+05:30,BEAR,NO_SIGNAL,60.0,,MACRO_BEAR|ENTRY_TRIGGER,1912.7,1914.0871,43.38,-0.172,2.409,1.1,1915.4565,1912.7293,1917.8923,BEAR,1912.7,1915.0671,44.62,-0.01,13.87,False,True,False,False,False,False,False,False
2026-08-26T15:05:07,BEL,2026-08-26 15:00:00+05:30,BEAR,NEAR,80.0,VWAP_PULLBACK,MACRO_BEAR,408.65,409.0984,39.21,-0.268,1.85,1.1,409.1263,408.9663,409.5211,BEAR,408.85,409.2209,45.68,0.024,8.71,False,True,False,True,False,False,False,False
2026-08-26T15:05:08,TATACONSUM,2026-08-26 15:00:00+05:30,BEAR,NEAR,80.0,,ENTRY_TRIGGER,1045.8,1044.0231,56.54,0.336,1.741,1.1,1046.9755,1051.4641,1046.2406,BEAR,1044.8,1046.2173,42.72,-0.201,23.02,True,False,False,False,False,False,False,False
2026-08-26T15:05:08,BAJAJ-AUTO,2026-08-26 15:00:00+05:30,BULL,NO_SIGNAL,40.0,,MACRO_BULL|ABOVE_WVWAP|ENTRY_TRIGGER,11767.0,11781.8111,40.52,-0.28,1.609,1.1,11812.3771,11802.1635,11760.0522,BULL,11764.0,11794.9203,42.17,-0.263,19.48,False,True,False,False,False,False,False,False
2026-08-26T15:05:09,NESTLEIND,2026-08-26 15:00:00+05:30,BULL,NO_SIGNAL,40.0,,MACRO_BULL|ABOVE_WVWAP|ENTRY_TRIGGER,1454.8,1454.4379,50.75,-0.007,1.733,1.1,1458.9194,1463.9818,1450.1989,BULL,1455.4,1456.7122,44.78,0.027,16.89,False,False,False,False,False,False,False,False
2026-08-26T15:05:10,BAJFINANCE,2026-08-26 15:00:00+05:30,BULL,NEAR,80.0,,ENTRY_TRIGGER,1088.0,1087.9785,51.02,0.101,1.211,1.1,1088.2145,1084.0484,1085.8804,BULL,1088.0,1086.9876,54.49,0.009,25.46,False,False,False,False,False,False,False,False
2026-08-26T15:05:10,HINDALCO,2026-08-26 15:00:00+05:30,BULL,NEAR,80.0,,ENTRY_TRIGGER,1057.15,1052.6231,73.1,0.619,1.946,1.1,1049.5908,1050.2236,1051.3699,BULL,1056.0,1049.5919,69.83,1.053,30.39,True,False,False,False,False,False,False,False
2026-08-26T15:05:11,NTPC,2026-08-26 15:00:00+05:30,BEAR,NO_SIGNAL,60.0,,MACRO_BEAR|ENTRY_TRIGGER,336.45,336.5998,39.97,0.015,2.44,1.1,340.4614,339.1437,337.0102,BEAR,336.4,337.4396,39.19,-0.459,20.13,False,False,False,False,False,False,False,False
2026-08-26T15:05:11,HDFCLIFE,2026-08-26 15:00:00+05:30,BULL,NO_SIGNAL,40.0,,MACRO_BULL|ST_BULL|ENTRY_TRIGGER,558.55,559.6606,38.24,-0.286,2.015,1.1,558.2621,554.6712,560.7815,BEAR,558.9,558.1059,56.75,-0.188,36.4,False,True,False,False,False,False,False,False
2026-08-26T15:05:12,SBILIFE,2026-08-26 15:00:00+05:30,BULL,NO_SIGNAL,40.0,,MACRO_BULL|ST_BULL|ENTRY_TRIGGER,1775.0,1774.816,49.35,0.045,2.566,1.1,1776.4,1767.6932,1778.0591,BEAR,1774.6,1774.6411,50.91,-0.141,23.39,False,False,False,False,False,False,False,False
2026-08-26T15:05:13,HINDUNILVR,2026-08-26 15:00:00+05:30,BEAR,NO_SIGNAL,60.0,,MACRO_BEAR|ENTRY_TRIGGER,2023.2,2025.0242,37.16,-0.059,1.378,1.1,2033.9593,2023.2658,2028.4702,BEAR,2024.3,2027.6143,42.63,-0.565,19.22,False,True,False,False,False,False,False,False
2026-08-26T15:05:13,MARUTI,2026-08-26 15:00:00+05:30,BEAR,NO_SIGNAL,60.0,,MACRO_BEAR|ENTRY_TRIGGER,13539.0,13573.2625,18.02,-0.375,2.751,1.1,13619.4856,13564.2245,13572.1207,BEAR,13542.0,13596.5085,33.64,-0.609,19.66,False,True,False,False,False,False,False,False
2026-08-26T15:05:14,ITC,2026-08-26 15:00:00+05:30,BULL,NO_SIGNAL,40.0,,MACRO_BULL|ST_BULL|ENTRY_TRIGGER,271.1,271.1935,46.0,-0.018,2.014,1.1,272.0017,270.1022,271.6461,BEAR,271.15,271.2193,50.7,-0.202,22.69,False,False,False,False,False,False,False,False
2026-08-26T15:05:14,TMPV,2026-08-26 15:00:00+05:30,BULL,NEAR,80.0,,ENTRY_TRIGGER,314.85,315.2358,43.79,-0.048,3.253,1.1,315.3619,314.2245,314.6033,BULL,315.9,315.0424,59.07,0.238,22.89,False,True,False,False,False,False,False,False
2026-08-26T15:05:15,ADANIPORTS,2026-08-26 15:00:00+05:30,BULL,NEAR,80.0,,ENTRY_TRIGGER,1699.0,1696.7876,60.04,0.183,2.005,1.1,1700.1636,1690.3239,1690.3632,BULL,1699.6,1695.2309,59.96,0.195,25.44,True,False,False,False,False,False,False,False
2026-08-26T15:05:16,DRREDDY,2026-08-26 15:00:00+05:30,BULL,NO_SIGNAL,60.0,,MACRO_BULL|ENTRY_TRIGGER,1189.4,1189.6939,49.92,0.0,1.373,1.1,1188.7013,1186.677,1186.9872,BULL,1189.8,1188.1701,54.66,0.566,15.11,False,False,False,False,False,False,False,False
2026-08-26T15:05:16,WIPRO,2026-08-26 15:00:00+05:30,BEAR,NO_SIGNAL,60.0,BREAKOUT_CONTINUATION,ST_BEAR|ENTRY_TRIGGER,177.42,177.5547,43.59,0.379,1.641,1.1,178.3678,180.0431,177.2207,BULL,177.57,178.1152,38.99,-0.449,33.6,False,False,False,False,False,True,False,False
2026-08-26T15:05:17,ONGC,2026-08-26 15:00:00+05:30,BULL,NO_SIGNAL,60.0,TREND_CONTINUATION,MACRO_BULL|ABOVE_WVWAP,233.28,233.032,59.03,0.064,3.52,1.1,232.6815,234.6584,232.632,BULL,233.06,233.1073,46.61,0.189,36.41,True,False,False,False,False,False,True,False
2026-08-26T15:05:17,SBIN,2026-08-26 15:00:00+05:30,BULL,NO_SIGNAL,60.0,,ST_BULL|ENTRY_TRIGGER,1056.3,1055.5646,56.89,0.152,2.951,1.1,1056.8593,1042.3472,1057.4573,BEAR,1056.4,1054.2308,62.17,0.019,33.64,True,False,False,False,False,False,False,False
2026-08-26T15:05:18,EICHERMOT,2026-08-26 15:00:00+05:30,BEAR,NO_SIGNAL,60.0,TREND_CONTINUATION,MACRO_BEAR|BELOW_WVWAP,8074.0,8085.6508,39.82,-0.235,2.995,1.1,8075.3186,8043.5474,8099.0184,BEAR,8078.5,8076.7716,54.54,-0.087,45.26,False,True,False,False,False,False,False,True
2026-08-26T15:05:19,COALINDIA,2026-08-26 15:00:00+05:30,BEAR,NO_SIGNAL,60.0,,MACRO_BEAR|ENTRY_TRIGGER,403.7,404.1825,43.68,-0.321,3.738,1.1,403.6746,404.2215,404.9819,BEAR,403.9,403.7845,52.06,0.473,20.76,False,True,False,False,False,False,False,False
2026-08-26T15:05:19,BAJAJFINSV,2026-08-26 15:00:00+05:30,BULL,NEAR,80.0,VWAP_PULLBACK,MACRO_BULL,2017.0,2012.0141,70.02,0.403,3.347,1.1,2013.4742,2007.6082,2008.6975,BULL,2015.0,2010.6393,58.08,0.074,14.03,True,False,True,False,False,False,False,False
2026-08-26T15:05:20,MAXHEALTH,2026-08-26 15:00:00+05:30,BULL,NO_SIGNAL,60.0,,MACRO_BULL|ENTRY_TRIGGER,1016.0,1016.6153,47.48,-0.059,2.087,1.1,1015.7494,999.5112,1014.3276,BULL,1016.9,1014.8155,56.94,-0.186,44.28,False,False,False,False,False,False,False,False
2026-08-26T15:05:21,KOTAKBANK,2026-08-26 15:00:00+05:30,BULL,NEAR,80.0,,ENTRY_TRIGGER,416.9,415.7583,69.13,0.277,1.373,1.1,412.6808,405.9327,415.0583,BULL,416.65,413.1311,76.41,1.031,56.06,True,False,False,False,False,False,False,False
2026-08-26T15:05:21,APOLLOHOSP,2026-08-26 15:00:00+05:30,BULL,NEAR,80.0,,ENTRY_TRIGGER,8812.0,8807.9477,54.81,0.114,2.21,1.1,8803.7657,8714.4465,8791.6223,BULL,8818.0,8802.0268,60.3,0.085,38.42,False,False,False,False,False,False,False,False
2026-08-26T15:05:22,CIPLA,2026-08-26 15:00:00+05:30,BULL,NO_SIGNAL,60.0,,ABOVE_WVWAP|ENTRY_TRIGGER,1413.8,1412.5187,56.07,0.156,2.026,1.1,1411.4579,1421.203,1407.6352,BULL,1415.1,1412.2558,54.8,0.597,29.13,True,False,False,False,False,False,False,False
2026-08-26T15:05:22,JSWSTEEL,2026-08-26 15:00:00+05:30,BULL,NEAR,80.0,,ENTRY_TRIGGER,1340.0,1331.8205,73.77,1.079,1.493,1.1,1325.2244,1316.5333,1329.2412,BULL,1339.1,1324.3128,78.39,1.609,46.63,True,False,False,False,False,False,False,False
2026-08-26T15:05:23,HCLTECH,2026-08-26 15:00:00+05:30,BULL,NO_SIGNAL,40.0,,MACRO_BULL|ABOVE_WVWAP|ENTRY_TRIGGER,1301.5,1300.365,56.65,0.239,1.94,1.1,1305.6633,1309.328,1298.295,BULL,1301.0,1301.7222,45.87,-0.008,18.01,True,False,False,False,False,False,False,False
2026-08-26T15:05:24,TCS,2026-08-26 15:00:00+05:30,BEAR,NO_SIGNAL,60.0,,MACRO_BEAR|ENTRY_TRIGGER,2270.7,2270.8546,47.26,0.11,3.292,1.1,2278.2789,2284.4878,2274.5055,BEAR,2271.7,2274.2633,43.13,-0.163,15.66,False,False,False,False,False,False,False,False
2026-08-26T15:05:24,INDIGO,2026-08-26 15:00:00+05:30,BULL,NEAR,80.0,VWAP_PULLBACK,MACRO_BULL,5257.0,5253.4754,57.32,0.086,3.166,1.1,5251.1435,5169.5845,5242.7867,BULL,5255.0,5238.7362,66.83,0.0,33.54,True,False,True,False,False,False,True,False
2026-08-26T15:05:25,BHARTIARTL,2026-08-26 15:00:00+05:30,BEAR,NEAR,80.0,,ENTRY_TRIGGER,1915.7,1914.7127,53.15,0.12,2.404,1.1,1921.9788,1931.3147,1916.3315,BEAR,1916.0,1918.4773,40.39,-0.099,36.71,False,False,False,False,False,False,False,False
2026-08-26T15:05:25,ETERNAL,2026-08-26 15:00:00+05:30,BULL,NO_SIGNAL,60.0,TREND_CONTINUATION,MACRO_BULL|ABOVE_WVWAP,327.25,326.4181,65.05,0.445,1.825,1.1,327.7586,328.2608,325.449,BULL,327.0,327.1312,46.65,-0.092,26.77,True,False,False,False,False,False,True,False
2026-08-26T15:05:26,LT,2026-08-26 15:00:00+05:30,BULL,NO_SIGNAL,40.0,,MACRO_BULL|ABOVE_WVWAP|ENTRY_TRIGGER,4058.3,4060.0828,47.21,0.0,2.12,1.1,4075.5677,4086.4479,4050.0482,BULL,4063.5,4066.7507,43.95,-0.16,21.69,False,False,False,False,False,False,False,False
2026-08-26T15:05:27,SHRIRAMFIN,2026-08-26 15:00:00+05:30,BULL,NEAR,80.0,VWAP_PULLBACK,MACRO_BULL,1123.7,1119.569,66.51,0.537,3.325,1.1,1123.1609,1122.4415,1117.5095,BULL,1121.1,1120.9191,49.39,-0.382,28.16,True,False,True,False,True,False,False,False
2026-08-26T15:05:27,GRASIM,2026-08-26 15:00:00+05:30,BULL,NEAR,80.0,,ENTRY_TRIGGER,3289.5,3284.4108,57.39,0.329,4.71,1.1,3281.9615,3274.0448,3274.1812,BULL,3288.4,3278.6738,57.23,0.446,28.23,True,False,False,False,False,False,False,False
2026-08-26T15:05:28,AXISBANK,2026-08-26 15:00:00+05:30,BULL,NEAR,80.0,,ENTRY_TRIGGER,1256.0,1255.2207,55.75,0.024,1.727,1.1,1251.4475,1239.8233,1252.3842,BULL,1256.8,1251.4023,68.31,0.44,42.2,True,False,False,False,False,False,False,False
2026-08-26T15:05:28,POWERGRID,2026-08-26 15:00:00+05:30,BEAR,NEAR,80.0,,ENTRY_TRIGGER,266.95,267.0551,43.44,-0.019,2.444,1.1,268.5841,269.6159,267.3692,BEAR,266.95,267.7505,35.14,-0.317,23.11,False,True,False,False,False,False,False,False
2026-08-26T15:05:29,ADANIENT,2026-08-26 15:00:00+05:30,BULL,NO_SIGNAL,60.0,,MACRO_BULL|ENTRY_TRIGGER,3134.1,3134.3114,50.83,-0.083,2.479,1.1,3134.2806,3069.0555,3126.217,BULL,3137.3,3123.6201,69.01,-0.089,53.95,False,False,False,False,False,False,False,False
2026-08-26T15:05:30,TECHM,2026-08-26 15:00:00+05:30,BULL,NO_SIGNAL,40.0,,MACRO_BULL|ABOVE_WVWAP|ENTRY_TRIGGER,1572.4,1571.5611,53.59,0.396,2.834,1.1,1581.7041,1582.2888,1568.7767,BULL,1574.5,1573.4588,50.57,0.21,16.81,False,False,False,False,False,False,False,False
2026-08-26T15:05:30,ICICIBANK,2026-08-26 15:00:00+05:30,BULL,NO_SIGNAL,40.0,,MACRO_BULL|ST_BULL|ENTRY_TRIGGER,1434.9,1436.454,38.97,-0.174,1.614,1.1,1438.545,1422.9136,1439.9658,BEAR,1436.4,1435.511,56.68,-0.146,23.57,False,True,False,False,False,False,False,False
2026-08-26T15:05:31,JIOFIN,2026-08-26 15:00:00+05:30,BEAR,NO_SIGNAL,60.0,,MACRO_BEAR|ENTRY_TRIGGER,242.35,242.2898,50.74,0.145,2.304,1.1,243.2886,242.5141,242.6666,BEAR,242.5,242.4776,50.29,-0.267,18.36,False,False,False,False,False,False,False,False
2026-08-26T15:05:32,TATASTEEL,2026-08-26 15:00:00+05:30,BULL,NEAR,80.0,,ENTRY_TRIGGER,189.24,186.9999,79.98,1.72,2.457,1.1,186.3792,185.3752,186.9424,BULL,188.72,185.8625,78.46,2.171,26.54,True,False,False,False,False,False,False,False
2026-08-26T15:05:32,TITAN,2026-08-26 15:00:00+05:30,BULL,SIGNAL,100.0,VWAP_PULLBACK,,5108.4,5101.1106,60.88,0.198,1.752,1.1,5107.7824,5087.7936,5092.3808,BULL,5105.6,5098.07,57.72,0.234,29.44,True,False,True,False,False,False,False,False
2026-08-26T15:05:33,INFY,2026-08-26 15:00:00+05:30,BULL,NO_SIGNAL,40.0,,MACRO_BULL|ABOVE_WVWAP|ENTRY_TRIGGER,1122.4,1121.7599,55.97,0.17,2.401,1.1,1126.1205,1128.8228,1119.8365,BULL,1122.5,1122.9059,46.2,-0.062,12.92,True,False,False,False,False,False,False,False
2026-08-26T15:05:33,TRENT,2026-08-26 15:00:00+05:30,BEAR,NO_SIGNAL,60.0,,MACRO_BEAR|ENTRY_TRIGGER,2913.9,2913.0489,50.81,0.113,1.738,1.1,2925.2745,2918.4017,2918.9506,BEAR,2914.0,2917.0992,45.35,-0.205,17.82,False,False,False,False,False,False,False,False
2026-08-26T15:05:34,ASIANPAINT,2026-08-26 15:00:00+05:30,BULL,NO_SIGNAL,40.0,,MACRO_BULL|ST_BULL|ENTRY_TRIGGER,2639.5,2642.9215,37.34,-0.114,5.31,1.1,2653.7617,2631.0632,2646.8357,BEAR,2642.8,2643.0749,51.69,-0.283,22.83,False,True,False,False,False,False,False,False
2026-08-26T15:05:35,ULTRACEMCO,2026-08-26 15:00:00+05:30,BULL,NO_SIGNAL,60.0,,RVOL|ENTRY_TRIGGER,11765.0,11725.4984,67.58,0.693,1.021,1.1,11704.3245,11572.5817,11729.9628,BULL,11772.0,11674.2894,75.2,0.978,35.99,True,False,False,False,False,False,False,False
2026-08-26T15:05:35,HDFCBANK,2026-08-26 15:00:00+05:30,BULL,NO_SIGNAL,60.0,VWAP_PULLBACK,MACRO_BULL|ENTRY_TRIGGER,728.1,728.1065,50.32,0.0,1.993,1.1,727.5735,726.679,727.0144,BULL,728.2,727.5988,55.91,-0.048,18.01,False,False,True,False,False,False,False,False
2026-08-26T15:05:36,RELIANCE,2026-08-26 15:00:00+05:30,BEAR,NO_SIGNAL,60.0,,MACRO_BEAR|ENTRY_TRIGGER,1301.9,1303.0994,37.66,-0.092,2.198,1.1,1306.5961,1306.4951,1305.1647,BEAR,1301.0,1305.4116,31.65,-0.543,19.83,False,True,False,False,False,False,False,False
2026-08-26T15:05:36,M&M,2026-08-26 15:00:00+05:30,BULL,NO_SIGNAL,40.0,,MACRO_BULL|ABOVE_WVWAP|ENTRY_TRIGGER,3420.0,3423.2142,39.91,-0.175,2.128,1.1,3429.6827,3420.2672,3419.7444,BULL,3423.0,3424.7922,47.28,-0.073,13.49,False,True,False,False,False,False,False,False
2026-08-26T15:05:37,SUNPHARMA,2026-08-26 15:00:00+05:30,BEAR,NO_SIGNAL,60.0,,MACRO_BEAR|ENTRY_TRIGGER,1911.8,1913.8792,40.56,-0.058,5.187,1.1,1915.1608,1912.7187,1917.7025,BEAR,1912.7,1915.0671,44.62,-0.01,13.87,False,True,False,False,False,False,False,False
2026-08-26T15:10:07,BEL,2026-08-26 15:05:00+05:30,BEAR,NO_SIGNAL,60.0,,MACRO_BEAR|ENTRY_TRIGGER,408.75,409.0667,41.8,-0.073,1.794,1.1,409.1143,408.9643,409.4895,BEAR,408.85,409.2209,45.68,0.024,8.71,False,True,False,False,False,False,False,False
2026-08-26T15:10:08,TATACONSUM,2026-08-26 15:05:00+05:30,BEAR,NO_SIGNAL,60.0,,ST_BEAR|ENTRY_TRIGGER,1046.3,1044.2301,58.28,0.403,8.083,1.1,1046.9078,1051.1745,1040.6658,BULL,1044.8,1046.2173,42.72,-0.201,23.02,True,False,False,False,False,False,False,False
2026-08-26T15:10:08,BAJAJ-AUTO,2026-08-26 15:05:00+05:30,BULL,NO_SIGNAL,40.0,,MACRO_BULL|ABOVE_WVWAP|ENTRY_TRIGGER,11771.0,11780.8283,43.15,-0.195,2.06,1.1,11811.0382,11801.8563,11760.0522,BULL,11764.0,11794.9203,42.17,-0.263,19.48,False,True,False,False,False,False,False,False
2026-08-26T15:10:09,NESTLEIND,2026-08-26 15:05:00+05:30,BULL,NO_SIGNAL,40.0,,MACRO_BULL|ABOVE_WVWAP|ENTRY_TRIGGER,1456.0,1454.5799,55.05,0.138,4.661,1.1,1458.68,1463.881,1450.4231,BULL,1455.4,1456.7122,44.78,0.027,16.89,True,False,False,False,False,False,False,False
2026-08-26T15:10:09,BAJFINANCE,2026-08-26 15:05:00+05:30,BULL,NEAR,80.0,,ENTRY_TRIGGER,1087.1,1087.8987,44.7,-0.046,4.285,1.1,1088.1667,1084.0939,1085.8804,BULL,1088.0,1086.9876,54.49,0.009,25.46,False,True,False,False,False,False,False,False
2026-08-26T15:10:10,HINDALCO,2026-08-26 15:05:00+05:30,BULL,NEAR,80.0,,ENTRY_TRIGGER,1056.5,1052.9755,69.21,0.547,7.253,1.1,1050.5125,1050.4106,1051.3699,BULL,1056.0,1049.5919,69.83,1.053,30.39,True,False,False,False,False,False,False,False
2026-08-26T15:10:11,NTPC,2026-08-26 15:05:00+05:30,BEAR,NO_SIGNAL,60.0,,MACRO_BEAR|ENTRY_TRIGGER,336.5,336.5907,41.94,0.045,3.422,1.1,340.354,339.1199,337.0102,BEAR,336.4,337.4396,39.19,-0.459,20.13,False,False,False,False,False,False,False,False
2026-08-26T15:10:11,HDFCLIFE,2026-08-26 15:05:00+05:30,BULL,NO_SIGNAL,40.0,,MACRO_BULL|ST_BULL|ENTRY_TRIGGER,557.6,559.4733,31.7,-0.473,2.8,1.1,558.2527,554.7171,560.5306,BEAR,558.9,558.1059,56.75,-0.188,36.4,False,True,False,False,False,False,False,False
2026-08-26T15:10:12,SBILIFE,2026-08-26 15:05:00+05:30,BULL,NO_SIGNAL,40.0,,MACRO_BULL|ST_BULL|ENTRY_TRIGGER,1773.8,1774.7236,45.95,-0.051,5.52,1.1,1776.3001,1767.819,1778.0591,BEAR,1774.6,1774.6411,50.91,-0.141,23.39,False,False,False,False,False,False,False,False
2026-08-26T15:10:13,HINDUNILVR,2026-08-26 15:05:00+05:30,BULL,NO_SIGNAL,40.0,,MACRO_BULL|ST_BULL|ENTRY_TRIGGER,2024.5,2024.9765,44.55,-0.025,1.613,1.1,2033.7709,2023.2705,2028.4702,BEAR,2024.3,2027.6143,42.63,-0.565,19.22,False,True,False,False,False,False,False,False
2026-08-26T15:10:13,MARUTI,2026-08-26 15:05:00+05:30,BEAR,NO_SIGNAL,60.0,,MACRO_BEAR|ENTRY_TRIGGER,13527.0,13569.0568,15.19,-0.427,2.866,1.1,13614.2147,13563.6923,13567.7463,BEAR,13542.0,13596.5085,33.64,-0.609,19.66,False,True,False,False,False,False,False,False
2026-08-26T15:10:14,ITC,2026-08-26 15:05:00+05:30,BULL,NO_SIGNAL,40.0,,MACRO_BULL|ST_BULL|ENTRY_TRIGGER,271.0,271.1759,43.36,-0.129,2.164,1.1,271.9779,270.1123,271.6461,BEAR,271.15,271.2193,50.7,-0.202,22.69,False,True,False,False,False,False,False,False
2026-08-26T15:10:14,TMPV,2026-08-26 15:05:00+05:30,BULL,NO_SIGNAL,60.0,,ST_BULL|ENTRY_TRIGGER,314.6,315.178,40.51,-0.111,4.513,1.1,315.3157,314.2309,316.5105,BEAR,315.9,315.0424,59.07,0.238,22.89,False,True,False,False,False,False,False,False
2026-08-26T15:10:15,ADANIPORTS,2026-08-26 15:05:00+05:30,BULL,NEAR,80.0,,ENTRY_TRIGGER,1699.0,1696.9888,60.04,0.224,2.462,1.1,1700.1281,1690.4867,1690.3632,BULL,1699.6,1695.2309,59.96,0.195,25.44,True,False,False,False,False,False,False,False
2026-08-26T15:10:16,DRREDDY,2026-08-26 15:05:00+05:30,BULL,NO_SIGNAL,40.0,,MACRO_BULL|RVOL|ENTRY_TRIGGER,1189.2,1189.649,49.06,-0.042,1.086,1.1,1188.7222,1186.6987,1186.9872,BULL,1189.8,1188.1701,54.66,0.566,15.11,False,False,False,False,False,False,False,False
2026-08-26T15:10:16,WIPRO,2026-08-26 15:05:00+05:30,BEAR,NO_SIGNAL,60.0,,ST_BEAR|ENTRY_TRIGGER,177.41,177.5415,43.29,0.119,1.432,1.1,178.3453,180.0223,177.2207,BULL,177.57,178.1152,38.99,-0.449,33.6,False,False,False,False,False,False,False,False
2026-08-26T15:10:17,ONGC,2026-08-26 15:05:00+05:30,BULL,NO_SIGNAL,40.0,,MACRO_BULL|ABOVE_WVWAP|ENTRY_TRIGGER,233.22,233.0491,56.65,0.021,3.725,1.1,232.7045,234.644,232.632,BULL,233.06,233.1073,46.61,0.189,36.41,True,False,False,False,False,False,False,False
2026-08-26T15:10:17,SBIN,2026-08-26 15:05:00+05:30,BULL,NO_SIGNAL,60.0,,ST_BULL|ENTRY_TRIGGER,1055.4,1055.5496,49.1,0.047,3.466,1.1,1056.804,1042.472,1057.4573,BEAR,1056.4,1054.2308,62.17,0.019,33.64,False,False,False,False,False,False,False,False
2026-08-26T15:10:18,EICHERMOT,2026-08-26 15:05:00+05:30,BULL,NO_SIGNAL,40.0,,MACRO_BULL|ST_BULL|ENTRY_TRIGGER,8068.0,8084.0462,35.89,-0.247,4.195,1.1,8075.0653,8043.8029,8093.9801,BEAR,8078.5,8076.7716,54.54,-0.087,45.26,False,True,False,False,False,False,False,False
2026-08-26T15:10:19,COALINDIA,2026-08-26 15:05:00+05:30,BEAR,NEAR,80.0,VWAP_PULLBACK,MACRO_BEAR,403.65,404.1341,43.04,-0.333,2.257,1.1,403.6734,404.2153,404.7702,BEAR,403.9,403.7845,52.06,0.473,20.76,False,True,False,True,False,False,False,False
2026-08-26T15:10:19,BAJAJFINSV,2026-08-26 15:05:00+05:30,BULL,NO_SIGNAL,60.0,,MACRO_BULL|ENTRY_TRIGGER,2016.8,2012.4492,68.95,0.273,9.556,1.1,2013.7121,2007.8433,2009.7907,BULL,2015.0,2010.6393,58.08,0.074,14.03,True,False,False,False,False,False,False,False
2026-08-26T15:10:20,MAXHEALTH,2026-08-26 15:05:00+05:30,BULL,NO_SIGNAL,60.0,VWAP_PULLBACK,MACRO_BULL|ENTRY_TRIGGER,1016.2,1016.5775,48.38,-0.079,5.26,1.1,1015.7482,999.8109,1014.3276,BULL,1016.9,1014.8155,56.94,-0.186,44.28,False,False,True,False,False,False,False,False
2026-08-26T15:10:20,KOTAKBANK,2026-08-26 15:05:00+05:30,BULL,NEAR,80.0,,ENTRY_TRIGGER,416.85,415.8575,68.2,0.228,2.271,1.1,412.8154,406.0911,415.0583,BULL,416.65,413.1311,76.41,1.031,56.06,True,False,False,False,False,False,False,False
2026-08-26T15:10:21,APOLLOHOSP,2026-08-26 15:05:00+05:30,BULL,NEAR,80.0,,ENTRY_TRIGGER,8810.0,8808.1343,52.66,0.062,3.627,1.1,8803.9204,8715.1096,8791.6223,BULL,8818.0,8802.0268,60.3,0.085,38.42,False,False,False,False,False,False,False,False
2026-08-26T15:10:22,CIPLA,2026-08-26 15:05:00+05:30,BULL,NO_SIGNAL,60.0,,ABOVE_WVWAP|ENTRY_TRIGGER,1411.8,1412.4534,49.63,-0.014,1.502,1.1,1411.5065,1421.1126,1407.6352,BULL,1415.1,1412.2558,54.8,0.597,29.13,False,False,False,False,False,True,False,False
2026-08-26T15:10:22,JSWSTEEL,2026-08-26 15:05:00+05:30,BULL,NEAR,80.0,,ENTRY_TRIGGER,1339.1,1332.4822,70.68,1.057,1.608,1.1,1325.7093,1316.7484,1330.1497,BULL,1339.1,1324.3128,78.39,1.609,46.63,True,False,False,False,False,False,False,False
2026-08-26T15:10:23,HCLTECH,2026-08-26 15:05:00+05:30,BULL,NO_SIGNAL,40.0,,MACRO_BULL|ABOVE_WVWAP|ENTRY_TRIGGER,1299.5,1300.2863,45.41,0.092,2.177,1.1,1305.4837,1309.2527,1298.295,BULL,1301.0,1301.7222,45.87,-0.008,18.01,False,False,False,False,False,True,False,False
2026-08-26T15:10:23,TCS,2026-08-26 15:05:00+05:30,BEAR,NO_SIGNAL,60.0,,MACRO_BEAR|ENTRY_TRIGGER,2270.0,2270.7769,43.93,0.013,4.88,1.1,2277.782,2284.2649,2274.5055,BEAR,2271.7,2274.2633,43.13,-0.163,15.66,False,False,False,False,False,False,False,False
2026-08-26T15:10:24,INDIGO,2026-08-26 15:05:00+05:30,BULL,NO_SIGNAL,60.0,,MACRO_BULL|ENTRY_TRIGGER,5252.5,5253.3867,49.64,0.048,12.648,1.1,5251.2908,5171.4565,5242.7867,BULL,5255.0,5238.7362,66.83,0.0,33.54,False,False,False,False,False,False,False,False
2026-08-26T15:10:25,BHARTIARTL,2026-08-26 15:05:00+05:30,BEAR,NEAR,80.0,,ENTRY_TRIGGER,1914.5,1914.6934,48.04,-0.005,2.72,1.1,1921.7905,1931.1332,1916.3315,BEAR,1916.0,1918.4773,40.39,-0.099,36.71,False,False,False,False,False,False,False,False
2026-08-26T15:10:25,ETERNAL,2026-08-26 15:05:00+05:30,BEAR,NO_SIGNAL,60.0,,ST_BEAR|ENTRY_TRIGGER,328.15,326.5755,73.86,0.675,2.739,1.1,327.7652,328.2546,325.9563,BULL,327.0,327.1312,46.65,-0.092,26.77,True,False,False,False,False,False,False,False
2026-08-26T15:10:26,LT,2026-08-26 15:05:00+05:30,BEAR,NO_SIGNAL,60.0,BREAKOUT_CONTINUATION,MACRO_BEAR|ST_BEAR,4053.2,4059.4571,41.47,-0.015,3.046,1.1,4074.7204,4086.0324,4050.0482,BULL,4063.5,4066.7507,43.95,-0.16,21.69,False,True,False,False,False,True,False,False
2026-08-26T15:10:26,SHRIRAMFIN,2026-08-26 15:05:00+05:30,BULL,NO_SIGNAL,60.0,,MACRO_BULL|ENTRY_TRIGGER,1124.2,1119.99,67.79,0.627,3.466,1.1,1123.1916,1122.4613,1118.5478,BULL,1121.1,1120.9191,49.39,-0.382,28.16,True,False,False,False,False,False,False,False
2026-08-26T15:10:27,GRASIM,2026-08-26 15:05:00+05:30,BULL,SIGNAL,100.0,VWAP_PULLBACK,,3290.7,3284.9826,58.57,0.342,9.73,1.1,3282.7919,3274.388,3274.1812,BULL,3288.4,3278.6738,57.23,0.446,28.23,True,False,True,False,False,False,False,False
2026-08-26T15:10:28,AXISBANK,2026-08-26 15:05:00+05:30,BULL,NEAR,80.0,,ENTRY_TRIGGER,1256.1,1255.3006,56.18,0.064,2.649,1.1,1251.6223,1240.0143,1252.3842,BULL,1256.8,1251.4023,68.31,0.44,42.2,True,False,False,False,False,False,False,False
2026-08-26T15:10:28,POWERGRID,2026-08-26 15:05:00+05:30,BEAR,SIGNAL,100.0,BREAKOUT_CONTINUATION,,266.5,267.0047,32.98,-0.206,5.306,1.1,268.4684,269.5705,267.3692,BEAR,266.95,267.7505,35.14,-0.317,23.11,False,True,False,False,False,True,False,False
2026-08-26T15:10:29,ADANIENT,2026-08-26 15:05:00+05:30,BULL,NO_SIGNAL,60.0,,MACRO_BULL|ENTRY_TRIGGER,3133.0,3134.1922,48.46,-0.051,2.924,1.1,3134.2443,3069.8195,3126.217,BULL,3137.3,3123.6201,69.01,-0.089,53.95,False,False,False,False,False,False,False,False
2026-08-26T15:10:29,TECHM,2026-08-26 15:05:00+05:30,BULL,NO_SIGNAL,40.0,,MACRO_BULL|ABOVE_WVWAP|ENTRY_TRIGGER,1570.6,1571.4737,46.34,0.204,4.506,1.1,1580.892,1582.0432,1568.7767,BULL,1574.5,1573.4588,50.57,0.21,16.81,False,False,False,False,False,True,False,False
2026-08-26T15:10:30,ICICIBANK,2026-08-26 15:05:00+05:30,BULL,NO_SIGNAL,40.0,,MACRO_BULL|ST_BULL|ENTRY_TRIGGER,1433.9,1436.2218,34.44,-0.202,3.883,1.1,1438.3246,1423.0366,1439.1165,BEAR,1436.4,1435.511,56.68,-0.146,23.57,False,True,False,False,False,False,False,False
2026-08-26T15:10:31,JIOFIN,2026-08-26 15:05:00+05:30,BEAR,NO_SIGNAL,60.0,,MACRO_BEAR|ENTRY_TRIGGER,242.1,242.2725,43.19,0.062,3.661,1.1,243.2372,242.5095,242.6666,BEAR,242.5,242.4776,50.29,-0.267,18.36,False,False,False,False,False,False,False,False
2026-08-26T15:10:31,TATASTEEL,2026-08-26 15:05:00+05:30,BULL,NEAR,80.0,,ENTRY_TRIGGER,188.9,187.1726,73.98,1.515,2.165,1.1,186.5017,185.4316,186.9865,BULL,188.72,185.8625,78.46,2.171,26.54,True,False,False,False,False,False,False,False
2026-08-26T15:10:32,TITAN,2026-08-26 15:05:00+05:30,BULL,SIGNAL,100.0,VWAP_PULLBACK,,5109.6,5101.8824,62.15,0.247,3.89,1.1,5107.8677,5088.1693,5092.3808,BULL,5105.6,5098.07,57.72,0.234,29.44,True,False,True,False,False,False,False,False
2026-08-26T15:10:33,INFY,2026-08-26 15:05:00+05:30,BULL,NO_SIGNAL,40.0,,MACRO_BULL|ABOVE_WVWAP|ENTRY_TRIGGER,1121.5,1121.7363,47.53,0.089,3.177,1.1,1125.9841,1128.7642,1119.8365,BULL,1122.5,1122.9059,46.2,-0.062,12.92,False,False,False,False,False,False,False,False
2026-08-26T15:10:33,TRENT,2026-08-26 15:05:00+05:30,BEAR,NO_SIGNAL,60.0,,MACRO_BEAR|ENTRY_TRIGGER,2911.1,2912.8717,44.29,0.024,3.401,1.1,2924.6886,2918.3174,2918.9506,BEAR,2914.0,2917.0992,45.35,-0.205,17.82,False,False,False,False,False,False,False,False
2026-08-26T15:10:34,ASIANPAINT,2026-08-26 15:05:00+05:30,BULL,NO_SIGNAL,40.0,,MACRO_BULL|ST_BULL|ENTRY_TRIGGER,2632.4,2641.965,25.58,-0.36,4.696,1.1,2652.5968,2631.108,2646.8357,BEAR,2642.8,2643.0749,51.69,-0.283,22.83,False,True,False,False,False,False,False,False
2026-08-26T15:10:34,ULTRACEMCO,2026-08-26 15:05:00+05:30,BULL,NEAR,80.0,,ENTRY_TRIGGER,11740.0,11726.8167,57.26,0.445,2.837,1.1,11706.8738,11575.3228,11729.9628,BULL,11772.0,11674.2894,75.2,0.978,35.99,True,False,False,False,False,False,False,False
2026-08-26T15:10:35,HDFCBANK,2026-08-26 15:05:00+05:30,BULL,NO_SIGNAL,60.0,,MACRO_BULL|ENTRY_TRIGGER,727.9,728.0877,47.32,0.0,1.794,1.1,727.5786,726.6873,727.0144,BULL,728.2,727.5988,55.91,-0.048,18.01,False,False,False,False,False,False,False,False
2026-08-26T15:10:36,RELIANCE,2026-08-26 15:05:00+05:30,BEAR,NO_SIGNAL,60.0,,MACRO_BEAR|ENTRY_TRIGGER,1301.8,1302.9813,37.13,-0.077,1.613,1.1,1306.4263,1306.4509,1305.1647,BEAR,1301.0,1305.4116,31.65,-0.543,19.83,False,True,False,False,False,False,False,False
2026-08-26T15:10:36,M&M,2026-08-26 15:05:00+05:30,BEAR,NEAR,80.0,BREAKOUT_CONTINUATION,MACRO_BEAR,3412.8,3422.2674,28.42,-0.281,6.018,1.1,3428.5266,3420.1681,3431.145,BEAR,3423.0,3424.7922,47.28,-0.073,13.49,False,True,False,False,False,True,False,False
2026-08-26T15:10:37,SUNPHARMA,2026-08-26 15:05:00+05:30,BEAR,NO_SIGNAL,60.0,,MACRO_BEAR|ENTRY_TRIGGER,1910.7,1913.5902,37.36,-0.11,2.678,1.1,1914.9402,1912.7048,1916.8378,BEAR,1912.7,1915.0671,44.62,-0.01,13.87,False,True,False,False,False,False,False,False
2026-08-26T15:15:07,BEL,2026-08-26 15:10:00+05:30,BEAR,NO_SIGNAL,60.0,,MACRO_BEAR|ENTRY_TRIGGER,408.55,409.0197,38.29,-0.183,2.641,1.1,409.0873,408.9584,409.4895,BEAR,408.55,409.1599,42.76,-0.122,9.61,False,True,False,False,False,False,False,False
2026-08-26T15:15:08,TATACONSUM,2026-08-26 15:10:00+05:30,BULL,NO_SIGNAL,40.0,,MACRO_BULL|ABOVE_WVWAP|ENTRY_TRIGGER,1047.8,1044.5546,63.07,0.508,3.195,1.1,1046.9386,1051.0704,1041.1564,BULL,1047.8,1046.3612,51.55,0.258,21.47,True,False,False,False,False,False,False,False
2026-08-26T15:15:08,BAJAJ-AUTO,2026-08-26 15:10:00+05:30,BEAR,NO_SIGNAL,60.0,,MACRO_BEAR|ENTRY_TRIGGER,11750.0,11778.0257,34.53,-0.39,2.361,1.1,11809.2013,11801.3914,11804.4409,BEAR,11750.0,11790.8367,39.55,-0.077,19.73,False,True,False,False,False,False,False,False
2026-08-26T15:15:09,NESTLEIND,2026-08-26 15:10:00+05:30,BULL,NO_SIGNAL,40.0,,MACRO_BULL|ABOVE_WVWAP|ENTRY_TRIGGER,1457.0,1454.7999,58.31,0.186,3.262,1.1,1458.514,1463.7985,1450.4231,BULL,1457.0,1456.7383,48.45,0.179,15.83,True,False,False,False,False,False,False,False
2026-08-26T15:15:09,BAJFINANCE,2026-08-26 15:10:00+05:30,BULL,NO_SIGNAL,60.0,,MACRO_BULL|ENTRY_TRIGGER,1088.0,1087.9079,51.2,0.028,1.868,1.1,1088.153,1084.1202,1085.8804,BULL,1088.0,1087.0796,54.49,-0.092,24.83,False,False,False,False,False,False,False,False
2026-08-26T15:15:10,HINDALCO,2026-08-26 15:10:00+05:30,BULL,NEAR,80.0,,ENTRY_TRIGGER,1058.0,1053.4323,72.8,0.695,1.447,1.1,1050.7517,1050.4658,1051.3699,BULL,1058.0,1050.3562,73.0,1.263,31.29,True,False,False,False,False,False,False,False
2026-08-26T15:15:11,NTPC,2026-08-26 15:10:00+05:30,BEAR,NO_SIGNAL,60.0,,MACRO_BEAR|ENTRY_TRIGGER,336.5,336.5825,41.94,0.045,6.625,1.1,340.1415,339.0701,337.0102,BEAR,336.5,337.3542,40.24,-0.37,19.02,False,False,False,False,False,False,False,False
2026-08-26T15:15:11,HDFCLIFE,2026-08-26 15:10:00+05:30,BEAR,NO_SIGNAL,60.0,,BELOW_WVWAP|ENTRY_TRIGGER,555.8,559.1394,23.51,-0.777,1.838,1.1,558.2111,554.7332,559.6441,BEAR,555.8,557.8963,45.0,-0.803,34.23,False,True,False,False,False,False,False,False
2026-08-26T15:15:12,SBILIFE,2026-08-26 15:10:00+05:30,BEAR,NO_SIGNAL,60.0,,BELOW_WVWAP|ENTRY_TRIGGER,1772.7,1774.5397,43.03,-0.158,4.588,1.1,1776.2983,1767.9748,1778.0591,BEAR,1772.7,1774.4646,48.48,-0.365,23.16,False,True,False,False,False,False,False,False
2026-08-26T15:15:13,HINDUNILVR,2026-08-26 15:10:00+05:30,BULL,NO_SIGNAL,40.0,,MACRO_BULL|ST_BULL|ENTRY_TRIGGER,2025.0,2024.9787,47.13,0.015,2.902,1.1,2033.44,2023.281,2028.4702,BEAR,2025.0,2027.3766,44.39,-0.246,18.46,False,False,False,False,False,False,False,False
2026-08-26T15:15:13,MARUTI,2026-08-26 15:10:00+05:30,BEAR,NO_SIGNAL,60.0,,MACRO_BEAR|ENTRY_TRIGGER,13560.0,13568.2335,42.14,-0.169,1.871,1.1,13611.6518,13563.5584,13567.7463,BEAR,13560.0,13593.1895,40.1,-0.382,19.25,False,True,False,False,False,False,False,False
2026-08-26T15:15:14,ITC,2026-08-26 15:10:00+05:30,BULL,NO_SIGNAL,40.0,,MACRO_BULL|ST_BULL|ENTRY_TRIGGER,271.15,271.1736,48.16,-0.074,2.336,1.1,271.953,270.1245,271.6461,BEAR,271.15,271.213,50.7,-0.018,21.21,False,False,False,False,False,False,False,False
2026-08-26T15:15:14,TMPV,2026-08-26 15:10:00+05:30,BULL,NO_SIGNAL,40.0,,MACRO_BULL|ST_BULL|ENTRY_TRIGGER,315.0,315.1618,47.32,-0.032,3.061,1.1,315.2891,314.2376,316.509,BEAR,315.0,315.0385,50.78,-0.174,21.44,False,False,False,False,False,False,False,False
2026-08-26T15:15:15,ADANIPORTS,2026-08-26 15:10:00+05:30,BULL,NEAR,80.0,,ENTRY_TRIGGER,1696.8,1696.9716,50.33,0.059,1.866,1.1,1700.0379,1690.5897,1690.3632,BULL,1696.8,1695.3736,54.08,0.148,26.43,False,False,False,False,False,False,False,False
2026-08-26T15:15:16,DRREDDY,2026-08-26 15:10:00+05:30,BEAR,NEAR,80.0,VWAP_PULLBACK,MACRO_BEAR,1185.0,1189.2264,35.38,-0.495,2.467,1.1,1188.6382,1186.7037,1193.2349,BEAR,1185.0,1187.8819,44.7,0.161,14.14,False,True,False,True,False,False,False,False
2026-08-26T15:15:16,WIPRO,2026-08-26 15:10:00+05:30,BEAR,NO_SIGNAL,60.0,,ST_BEAR|ENTRY_TRIGGER,177.55,177.5423,48.54,0.118,2.11,1.1,178.3156,179.9924,177.2207,BULL,177.55,178.0639,38.76,-0.393,33.15,False,False,False,False,False,False,False,False
2026-08-26T15:15:17,ONGC,2026-08-26 15:10:00+05:30,BULL,NO_SIGNAL,40.0,,MACRO_BULL|ABOVE_WVWAP|ENTRY_TRIGGER,233.23,233.0656,56.96,0.009,4.619,1.1,232.7413,234.6254,232.632,BULL,233.23,233.1184,49.91,0.228,34.09,True,False,False,False,False,False,False,False
2026-08-26T15:15:17,SBIN,2026-08-26 15:10:00+05:30,BULL,NO_SIGNAL,40.0,,MACRO_BULL|ST_BULL|ENTRY_TRIGGER,1055.9,1055.5815,52.96,0.085,3.76,1.1,1056.7346,1042.623,1057.4573,BEAR,1055.9,1054.3825,59.9,-0.095,33.43,False,False,False,False,False,False,False,False
2026-08-26T15:15:18,EICHERMOT,2026-08-26 15:10:00+05:30,BEAR,NO_SIGNAL,60.0,,BELOW_WVWAP|ENTRY_TRIGGER,8057.0,8081.5875,30.03,-0.414,4.642,1.1,8074.3626,8044.0039,8090.6258,BEAR,8057.0,8074.9742,42.16,-0.26,42.29,False,True,False,False,False,False,False,False
2026-08-26T15:15:19,COALINDIA,2026-08-26 15:10:00+05:30,BEAR,NO_SIGNAL,60.0,,MACRO_BEAR|ENTRY_TRIGGER,403.5,404.0764,41.09,-0.358,4.014,1.1,403.6482,404.1982,404.5638,BEAR,403.5,403.7586,48.23,0.311,19.63,False,True,False,False,False,False,False,False
2026-08-26T15:15:19,BAJAJFINSV,2026-08-26 15:10:00+05:30,BULL,NEAR,80.0,VWAP_PULLBACK,MACRO_BULL,2018.0,2012.9538,71.74,0.353,2.503,1.1,2013.7493,2007.9113,2009.7907,BULL,2018.0,2011.3084,61.76,0.248,15.06,True,False,True,False,False,False,False,False
2026-08-26T15:15:20,MAXHEALTH,2026-08-26 15:10:00+05:30,BEAR,NO_SIGNAL,60.0,,BELOW_WVWAP|ENTRY_TRIGGER,1012.0,1016.1614,34.88,-0.541,2.925,1.1,1015.6622,999.9908,1020.5454,BEAR,1012.0,1014.5595,47.86,-0.296,41.25,False,True,False,False,False,False,False,False
2026-08-26T15:15:20,KOTAKBANK,2026-08-26 15:10:00+05:30,BULL,NEAR,80.0,,ENTRY_TRIGGER,416.45,415.9114,61.11,0.132,1.894,1.1,412.9207,406.2266,415.0583,BULL,416.45,413.4328,74.74,0.41,56.73,True,False,False,False,False,False,False,False
2026-08-26T15:15:21,APOLLOHOSP,2026-08-26 15:10:00+05:30,BULL,NO_SIGNAL,60.0,,MACRO_BULL|ENTRY_TRIGGER,8799.0,8807.3039,42.74,-0.091,3.278,1.1,8803.8758,8715.7545,8791.6223,BULL,8799.0,8801.7516,51.25,-0.079,37.63,False,True,False,False,False,False,False,True
2026-08-26T15:15:22,CIPLA,2026-08-26 15:10:00+05:30,BULL,NO_SIGNAL,40.0,,MACRO_BULL|ABOVE_WVWAP|ENTRY_TRIGGER,1410.6,1412.2849,46.2,-0.346,1.605,1.1,1411.5205,1421.0028,1407.6352,BULL,1410.6,1412.1053,45.8,0.334,28.66,False,False,False,False,False,True,False,False
2026-08-26T15:15:22,JSWSTEEL,2026-08-26 15:10:00+05:30,BULL,NO_SIGNAL,60.0,,RVOL|ENTRY_TRIGGER,1338.1,1332.9929,67.31,0.882,0.948,1.1,1325.9658,1316.8711,1330.1497,BULL,1338.1,1325.5662,75.76,1.494,48.51,True,False,False,False,False,False,False,False
2026-08-26T15:15:23,HCLTECH,2026-08-26 15:10:00+05:30,BULL,NO_SIGNAL,40.0,,MACRO_BULL|ABOVE_WVWAP|ENTRY_TRIGGER,1300.0,1300.2603,48.18,0.008,2.673,1.1,1305.2593,1309.1532,1298.295,BULL,1300.0,1301.5657,43.31,0.038,17.47,False,False,False,False,False,False,False,False
2026-08-26T15:15:24,TCS,2026-08-26 15:10:00+05:30,BEAR,NO_SIGNAL,60.0,,MACRO_BEAR|ENTRY_TRIGGER,2271.5,2270.8427,51.76,0.031,3.088,1.1,2277.495,2284.114,2274.5055,BEAR,2271.5,2274.0121,42.83,0.004,15.29,False,False,False,False,False,False,False,False
2026-08-26T15:15:24,INDIGO,2026-08-26 15:10:00+05:30,BULL,NO_SIGNAL,60.0,,MACRO_BULL|ENTRY_TRIGGER,5245.0,5252.6243,40.02,-0.162,3.744,1.1,5251.2478,5172.2593,5242.7867,BULL,5245.0,5239.3056,59.17,-0.067,32.37,False,True,False,False,False,False,False,False
2026-08-26T15:15:25,BHARTIARTL,2026-08-26 15:10:00+05:30,BEAR,NEAR,80.0,,ENTRY_TRIGGER,1913.9,1914.6213,45.68,-0.047,2.069,1.1,1921.6108,1930.971,1916.3315,BEAR,1913.9,1918.0612,36.9,-0.214,35.66,False,False,False,False,False,False,False,False
2026-08-26T15:15:25,ETERNAL,2026-08-26 15:10:00+05:30,BULL,NO_SIGNAL,40.0,,MACRO_BULL|ABOVE_WVWAP|ENTRY_TRIGGER,327.25,326.6369,58.09,0.307,1.589,1.1,327.7583,328.246,325.9563,BULL,327.25,327.142,48.85,0.291,25.22,True,False,False,True,False,False,False,False
2026-08-26T15:15:26,LT,2026-08-26 15:10:00+05:30,BULL,NO_SIGNAL,40.0,,MACRO_BULL|ABOVE_WVWAP|ENTRY_TRIGGER,4052.0,4058.7791,40.23,-0.123,2.76,1.1,4073.8707,4085.6039,4050.0482,BULL,4052.0,4065.4097,35.62,-0.295,21.58,False,True,False,False,False,False,False,False
2026-08-26T15:15:27,SHRIRAMFIN,2026-08-26 15:10:00+05:30,BULL,NO_SIGNAL,40.0,,MACRO_BULL|ABOVE_WVWAP|ENTRY_TRIGGER,1121.6,1120.1364,55.84,0.286,1.708,1.1,1123.1753,1122.4588,1118.5478,BULL,1121.6,1120.981,50.28,-0.187,26.33,True,False,False,True,False,False,False,False
2026-08-26T15:15:27,GRASIM,2026-08-26 15:10:00+05:30,BULL,SIGNAL,100.0,VWAP_PULLBACK,,3306.9,3286.9751,70.49,0.667,14.006,1.1,3285.5628,3275.4085,3274.1812,BULL,3306.9,3281.2398,65.17,1.039,29.74,True,False,True,False,True,False,False,False
2026-08-26T15:15:28,AXISBANK,2026-08-26 15:10:00+05:30,BULL,NEAR,80.0,,ENTRY_TRIGGER,1255.9,1255.3551,55.03,0.064,1.688,1.1,1251.7453,1240.1499,1252.3842,BULL,1255.9,1251.8112,65.26,0.255,42.17,True,False,False,False,False,False,False,False
2026-08-26T15:15:28,POWERGRID,2026-08-26 15:10:00+05:30,BEAR,SIGNAL,100.0,BREAKOUT_CONTINUATION,,266.15,266.927,27.45,-0.3,8.827,1.1,268.2247,269.4684,267.3692,BEAR,266.15,267.605,28.64,-0.505,23.81,False,True,False,False,False,True,False,False
2026-08-26T15:15:29,ADANIENT,2026-08-26 15:10:00+05:30,BULL,NO_SIGNAL,60.0,,MACRO_BULL|ENTRY_TRIGGER,3129.0,3133.7202,41.0,-0.201,3.178,1.1,3134.0582,3070.652,3126.217,BULL,3129.0,3124.1092,60.13,-0.105,52.05,False,True,False,False,False,False,False,False
2026-08-26T15:15:30,TECHM,2026-08-26 15:10:00+05:30,BULL,NO_SIGNAL,40.0,,MACRO_BULL|ABOVE_WVWAP|ENTRY_TRIGGER,1570.4,1571.3761,45.6,0.083,3.012,1.1,1580.3455,1581.8598,1568.7767,BULL,1570.4,1573.1807,44.01,0.019,15.86,False,False,False,False,False,False,False,False
2026-08-26T15:15:30,ICICIBANK,2026-08-26 15:10:00+05:30,BULL,NO_SIGNAL,20.0,,MACRO_BULL|ST_BULL|RVOL|ENTRY_TRIGGER,1434.4,1436.0562,38.3,-0.125,1.038,1.1,1438.2721,1423.0772,1439.1165,BEAR,1434.4,1435.41,50.06,-0.299,23.16,False,True,False,False,False,False,False,False
2026-08-26T15:15:31,JIOFIN,2026-08-26 15:10:00+05:30,BEAR,NO_SIGNAL,60.0,,MACRO_BEAR|ENTRY_TRIGGER,242.0,242.2477,40.59,-0.062,2.768,1.1,243.191,242.5042,242.6666,BEAR,242.0,242.4342,42.95,-0.309,17.25,False,True,False,False,False,False,False,False
2026-08-26T15:15:31,TATASTEEL,2026-08-26 15:10:00+05:30,BULL,NEAR,80.0,,ENTRY_TRIGGER,189.45,187.3797,76.99,1.806,2.442,1.1,186.6577,185.5057,186.9865,BULL,189.45,186.1886,81.04,2.683,29.5,True,False,False,False,False,False,False,False
2026-08-26T15:15:32,TITAN,2026-08-26 15:10:00+05:30,BULL,NEAR,80.0,,ENTRY_TRIGGER,5111.0,5102.7112,63.64,0.241,2.535,1.1,5107.9721,5088.4662,5092.3808,BULL,5111.0,5099.2454,61.26,0.171,30.31,True,False,False,False,False,False,False,False
2026-08-26T15:15:33,INFY,2026-08-26 15:10:00+05:30,BULL,NO_SIGNAL,40.0,,MACRO_BULL|ABOVE_WVWAP|ENTRY_TRIGGER,1122.9,1121.8421,58.11,0.161,3.205,1.1,1125.8653,1128.7061,1119.8365,BULL,1122.9,1122.9054,47.83,0.098,12.58,True,False,False,False,False,False,False,False
2026-08-26T15:15:33,TRENT,2026-08-26 15:10:00+05:30,BEAR,NO_SIGNAL,60.0,,MACRO_BEAR|ENTRY_TRIGGER,2910.0,2912.6106,42.02,-0.11,2.878,1.1,2924.1946,2918.2442,2918.9506,BEAR,2910.0,2916.4538,41.5,-0.237,16.77,False,True,False,False,False,False,False,False
2026-08-26T15:15:34,ASIANPAINT,2026-08-26 15:10:00+05:30,BEAR,NO_SIGNAL,60.0,,BELOW_WVWAP|ENTRY_TRIGGER,2636.0,2641.4227,36.5,-0.261,3.449,1.1,2651.6876,2631.1543,2646.8357,BEAR,2636.0,2642.4317,42.24,-0.397,22.36,False,True,False,False,False,False,False,False
2026-08-26T15:15:34,ULTRACEMCO,2026-08-26 15:10:00+05:30,BULL,SIGNAL,100.0,TREND_CONTINUATION,,11775.0,11731.197,65.26,0.693,2.662,1.1,11710.3397,11578.4471,11729.9628,BULL,11775.0,11683.4449,75.52,0.813,37.15,True,False,False,False,False,False,True,False
2026-08-26T15:15:35,HDFCBANK,2026-08-26 15:10:00+05:30,BULL,NO_SIGNAL,60.0,,MACRO_BULL|ENTRY_TRIGGER,727.35,728.0207,40.23,-0.137,6.982,1.1,727.5726,726.7091,727.0144,BULL,727.35,727.5762,49.72,-0.103,17.04,False,True,False,False,False,False,False,False
2026-08-26T15:15:36,RELIANCE,2026-08-26 15:10:00+05:30,BEAR,NO_SIGNAL,60.0,,MACRO_BEAR|ENTRY_TRIGGER,1302.5,1302.9376,43.23,-0.031,2.058,1.1,1306.2384,1306.3989,1305.1647,BEAR,1302.5,1305.1469,38.73,-0.299,20.19,False,True,False,False,False,False,False,False
2026-08-26T15:15:36,M&M,2026-08-26 15:10:00+05:30,BEAR,NO_SIGNAL,60.0,,MACRO_BEAR|ENTRY_TRIGGER,3411.7,3421.3067,27.14,-0.353,2.286,1.1,3427.9682,3420.1083,3430.2543,BEAR,3411.7,3423.602,34.57,-0.441,15.32,False,True,False,False,False,False,False,False
2026-08-26T15:15:37,SUNPHARMA,2026-08-26 15:10:00+05:30,BEAR,NO_SIGNAL,60.0,,MACRO_BEAR|ENTRY_TRIGGER,1910.0,1913.2638,35.44,-0.219,2.875,1.1,1914.6781,1912.6851,1916.461,BEAR,1910.0,1914.6065,39.46,-0.402,15.19,False,True,False,False,False,False,False,False
